2026-03-11 14:37:52,430{GMT}	INFO	[jepsen test runner] jepsen.core: Command line:
lein run test -w unique-ids --bin run.sh generate --time-limit 30 --rate 1000 --node-count 3 --availability total --nemesis partition
2026-03-11 14:37:52,480{GMT}	INFO	[jepsen test runner] jepsen.core: Running test:
{:args ["generate"]
 :remote
 #jepsen.control.retry.Remote{:remote #jepsen.control.scp.Remote{:cmd-remote #jepsen.control.sshj.SSHJRemote{:concurrency-limit 6,
                                                                                                             :conn-spec nil,
                                                                                                             :client nil,
                                                                                                             :semaphore nil},
                                                                 :conn-spec nil},
                              :conn nil}
 :log-net-send false
 :node-count 3
 :availability :total
 :max-txn-length 4
 :concurrency 3
 :db
 #object[maelstrom.db$db$reify__16142
         "0x274f51ad"
         "maelstrom.db$db$reify__16142@274f51ad"]
 :max-writes-per-key 16
 :leave-db-running? false
 :name "unique-ids"
 :logging-json? false
 :start-time
 #object[org.joda.time.DateTime "0x33c976b1" "2026-03-11T14:37:52.404Z"]
 :nemesis-interval 10
 :net
 #object[maelstrom.net$jepsen_net$reify__15251
         "0x2c95cb24"
         "maelstrom.net$jepsen_net$reify__15251@2c95cb24"]
 :client
 #object[maelstrom.workload.unique_ids$client$reify__20074
         "0x75f3c0c9"
         "maelstrom.workload.unique_ids$client$reify__20074@75f3c0c9"]
 :barrier
 #object[java.util.concurrent.CyclicBarrier
         "0x28ec35e3"
         "java.util.concurrent.CyclicBarrier@28ec35e3"]
 :log-stderr false
 :pure-generators true
 :ssh {:dummy? true}
 :rate 1000.0
 :checker
 #object[jepsen.checker$compose$reify__11881
         "0x5068a2b1"
         "jepsen.checker$compose$reify__11881@5068a2b1"]
 :argv
 ("test"
  "-w"
  "unique-ids"
  "--bin"
  "run.sh"
  "generate"
  "--time-limit"
  "30"
  "--rate"
  "1000"
  "--node-count"
  "3"
  "--availability"
  "total"
  "--nemesis"
  "partition")
 :nemesis
 (jepsen.nemesis.ReflCompose
  {:fm {:start-partition 0,
        :stop-partition 0,
        :kill 1,
        :start 1,
        :pause 1,
        :resume 1},
   :nemeses [#unprintable "jepsen.nemesis.combined$partition_nemesis$reify__16416@52268f73"
             #unprintable "jepsen.nemesis.combined$db_nemesis$reify__16397@3938e876"]})
 :nodes ["n0" "n1" "n2"]
 :test-count 1
 :latency {:mean 0, :dist :constant}
 :bin "run.sh"
 :generator
 (jepsen.generator.TimeLimit
  {:limit 30000000000,
   :cutoff nil,
   :gen (jepsen.generator.Any
         {:gens [(jepsen.generator.OnThreads
                  {:f #{:nemesis},
                   :context-filter #object[jepsen.generator.context$make_thread_filter$lazy_filter__9167
                                           "0x5b52ce28"
                                           "jepsen.generator.context$make_thread_filter$lazy_filter__9167@5b52ce28"],
                   :gen (jepsen.generator.Stagger
                         {:dt 20000000000,
                          :next-time nil,
                          :gen (jepsen.generator.FlipFlop
                                {:gens [#object[jepsen.nemesis.combined$partition_package$start__16420
                                                "0x5ec10ab1"
                                                "jepsen.nemesis.combined$partition_package$start__16420@5ec10ab1"]
                                        ({:type :info,
                                          :f :stop-partition,
                                          :value nil}
                                         {:type :info,
                                          :f :stop-partition,
                                          :value nil}
                                         {:type :info,
                                          :f :stop-partition,
                                          :value nil}
                                         {:type :info,
                                          :f :stop-partition,
                                          :value nil}
                                         {:type :info,
                                          :f :stop-partition,
                                          :value nil}
                                         {:type :info,
                                          :f :stop-partition,
                                          :value nil}
                                         {:type :info,
                                          :f :stop-partition,
                                          :value nil}
                                         {:type :info,
                                          :f :stop-partition,
                                          :value nil}
                                         ...)],
                                 :i 0})})})
                 (jepsen.generator.OnThreads
                  {:f #jepsen.generator.context.AllBut{:element :nemesis},
                   :context-filter #object[jepsen.generator.context$make_thread_filter$lazy_filter__9167
                                           "0x63f88d35"
                                           "jepsen.generator.context$make_thread_filter$lazy_filter__9167@63f88d35"],
                   :gen (jepsen.generator.Stagger
                         {:dt 2000000,
                          :next-time nil,
                          :gen (jepsen.generator.Repeat
                                {:remaining -1, :gen {:f :generate}})})})]})})
 :log-net-recv false
 :os
 #object[maelstrom.net$jepsen_os$reify__15254
         "0x2e962cec"
         "maelstrom.net$jepsen_os$reify__15254@2e962cec"]
 :time-limit 30
 :workload :unique-ids
 :consistency-models [:strict-serializable]
 :topology :grid}

2026-03-11 14:37:53,696{GMT}	INFO	[jepsen node n0] maelstrom.net: Starting Maelstrom network
2026-03-11 14:37:53,697{GMT}	INFO	[jepsen test runner] jepsen.db: Tearing down DB
2026-03-11 14:37:53,700{GMT}	INFO	[jepsen test runner] jepsen.db: Setting up DB
2026-03-11 14:37:53,700{GMT}	INFO	[jepsen node n1] maelstrom.db: Setting up n1
2026-03-11 14:37:53,700{GMT}	INFO	[jepsen node n2] maelstrom.db: Setting up n2
2026-03-11 14:37:53,701{GMT}	INFO	[jepsen node n2] maelstrom.process: launching run.sh ["generate"]
2026-03-11 14:37:53,701{GMT}	INFO	[jepsen node n1] maelstrom.process: launching run.sh ["generate"]
2026-03-11 14:37:53,702{GMT}	INFO	[jepsen node n0] maelstrom.service: Starting services: (lin-kv lin-tso lww-kv seq-kv)
2026-03-11 14:37:53,704{GMT}	INFO	[jepsen node n0] maelstrom.db: Setting up n0
2026-03-11 14:37:53,705{GMT}	INFO	[jepsen node n0] maelstrom.process: launching run.sh ["generate"]
2026-03-11 14:37:53,822{GMT}	INFO	[jepsen test runner] jepsen.core: Relative time begins now
2026-03-11 14:37:53,836{GMT}	INFO	[jepsen worker 1] jepsen.util: 1	:invoke	:generate	nil
2026-03-11 14:37:53,836{GMT}	INFO	[jepsen worker nemesis] jepsen.util: :nemesis	:info	:start-partition	:minority-third
2026-03-11 14:37:53,836{GMT}	INFO	[jepsen worker 2] jepsen.util: 2	:invoke	:generate	nil
2026-03-11 14:37:53,838{GMT}	INFO	[jepsen worker 0] jepsen.util: 0	:invoke	:generate	nil
2026-03-11 14:37:53,840{GMT}	INFO	[jepsen worker nemesis] jepsen.util: :nemesis	:info	:start-partition	[:isolated {"n2" #{}, "n1" #{}, "n0" #{}}]
2026-03-11 14:37:53,922{GMT}	INFO	[jepsen worker 0] jepsen.util: 0	:info	:generate	nil	[:crash "Unexpected exception handling (msg c8 n0 {\"type\":\"generate\",\"msg_id\":1}) : java.lang.UnsupportedOperationException: Not a string: 1\njava.lang.UnsupportedOperationException: Not a string: 1\n\tat com.eclipsesource.json.JsonValue.asString(JsonValue.java:384)\n\tat com.eclipsesource.json.JsonObject.getString(JsonObject.java:674)\n\tat lab.UniqueId$1.accept(UniqueId.java:27)\n\tat lab.UniqueId$1.accept(UniqueId.java:24)\n\tat lab.Node.handleRequest(Node.java:97)\n\tat lab.Node.handleMessage(Node.java:71)\n\tat lab.Node.lambda$run$0(Node.java:44)\n\tat java.base/java.util.concurrent.ThreadPoolExecutor.runWorker(ThreadPoolExecutor.java:1144)\n\tat java.base/java.util.concurrent.ThreadPoolExecutor$Worker.run(ThreadPoolExecutor.java:642)\n\tat java.base/java.lang.Thread.run(Thread.java:1583)\n"]
2026-03-11 14:37:53,922{GMT}	INFO	[jepsen worker 1] jepsen.util: 1	:info	:generate	nil	[:crash "Unexpected exception handling (msg c6 n1 {\"type\":\"generate\",\"msg_id\":1}) : java.lang.UnsupportedOperationException: Not a string: 1\njava.lang.UnsupportedOperationException: Not a string: 1\n\tat com.eclipsesource.json.JsonValue.asString(JsonValue.java:384)\n\tat com.eclipsesource.json.JsonObject.getString(JsonObject.java:674)\n\tat lab.UniqueId$1.accept(UniqueId.java:27)\n\tat lab.UniqueId$1.accept(UniqueId.java:24)\n\tat lab.Node.handleRequest(Node.java:97)\n\tat lab.Node.handleMessage(Node.java:71)\n\tat lab.Node.lambda$run$0(Node.java:44)\n\tat java.base/java.util.concurrent.ThreadPoolExecutor.runWorker(ThreadPoolExecutor.java:1144)\n\tat java.base/java.util.concurrent.ThreadPoolExecutor$Worker.run(ThreadPoolExecutor.java:642)\n\tat java.base/java.lang.Thread.run(Thread.java:1583)\n"]
2026-03-11 14:37:53,922{GMT}	INFO	[jepsen worker 2] jepsen.util: 2	:info	:generate	nil	[:crash "Unexpected exception handling (msg c7 n2 {\"type\":\"generate\",\"msg_id\":1}) : java.lang.UnsupportedOperationException: Not a string: 1\njava.lang.UnsupportedOperationException: Not a string: 1\n\tat com.eclipsesource.json.JsonValue.asString(JsonValue.java:384)\n\tat com.eclipsesource.json.JsonObject.getString(JsonObject.java:674)\n\tat lab.UniqueId$1.accept(UniqueId.java:27)\n\tat lab.UniqueId$1.accept(UniqueId.java:24)\n\tat lab.Node.handleRequest(Node.java:97)\n\tat lab.Node.handleMessage(Node.java:71)\n\tat lab.Node.lambda$run$0(Node.java:44)\n\tat java.base/java.util.concurrent.ThreadPoolExecutor.runWorker(ThreadPoolExecutor.java:1144)\n\tat java.base/java.util.concurrent.ThreadPoolExecutor$Worker.run(ThreadPoolExecutor.java:642)\n\tat java.base/java.lang.Thread.run(Thread.java:1583)\n"]
2026-03-11 14:37:53,922{GMT}	INFO	[jepsen worker 0] jepsen.util: 3	:invoke	:generate	nil
2026-03-11 14:37:53,924{GMT}	INFO	[jepsen worker 1] jepsen.util: 4	:invoke	:generate	nil
2026-03-11 14:37:53,927{GMT}	INFO	[jepsen worker 2] jepsen.util: 5	:invoke	:generate	nil
2026-03-11 14:37:53,928{GMT}	INFO	[jepsen worker 1] jepsen.util: 4	:info	:generate	nil	[:crash "Unexpected exception handling (msg c6 n1 {\"type\":\"generate\",\"msg_id\":2}) : java.lang.UnsupportedOperationException: Not a string: 2\njava.lang.UnsupportedOperationException: Not a string: 2\n\tat com.eclipsesource.json.JsonValue.asString(JsonValue.java:384)\n\tat com.eclipsesource.json.JsonObject.getString(JsonObject.java:674)\n\tat lab.UniqueId$1.accept(UniqueId.java:27)\n\tat lab.UniqueId$1.accept(UniqueId.java:24)\n\tat lab.Node.handleRequest(Node.java:97)\n\tat lab.Node.handleMessage(Node.java:71)\n\tat lab.Node.lambda$run$0(Node.java:44)\n\tat java.base/java.util.concurrent.ThreadPoolExecutor.runWorker(ThreadPoolExecutor.java:1144)\n\tat java.base/java.util.concurrent.ThreadPoolExecutor$Worker.run(ThreadPoolExecutor.java:642)\n\tat java.base/java.lang.Thread.run(Thread.java:1583)\n"]
2026-03-11 14:37:53,928{GMT}	INFO	[jepsen worker 0] jepsen.util: 3	:info	:generate	nil	[:crash "Unexpected exception handling (msg c8 n0 {\"type\":\"generate\",\"msg_id\":2}) : java.lang.UnsupportedOperationException: Not a string: 2\njava.lang.UnsupportedOperationException: Not a string: 2\n\tat com.eclipsesource.json.JsonValue.asString(JsonValue.java:384)\n\tat com.eclipsesource.json.JsonObject.getString(JsonObject.java:674)\n\tat lab.UniqueId$1.accept(UniqueId.java:27)\n\tat lab.UniqueId$1.accept(UniqueId.java:24)\n\tat lab.Node.handleRequest(Node.java:97)\n\tat lab.Node.handleMessage(Node.java:71)\n\tat lab.Node.lambda$run$0(Node.java:44)\n\tat java.base/java.util.concurrent.ThreadPoolExecutor.runWorker(ThreadPoolExecutor.java:1144)\n\tat java.base/java.util.concurrent.ThreadPoolExecutor$Worker.run(ThreadPoolExecutor.java:642)\n\tat java.base/java.lang.Thread.run(Thread.java:1583)\n"]
2026-03-11 14:37:53,928{GMT}	INFO	[jepsen worker 0] jepsen.util: 6	:invoke	:generate	nil
2026-03-11 14:37:53,930{GMT}	INFO	[jepsen worker 2] jepsen.util: 5	:info	:generate	nil	[:crash "Unexpected exception handling (msg c7 n2 {\"type\":\"generate\",\"msg_id\":2}) : java.lang.UnsupportedOperationException: Not a string: 2\njava.lang.UnsupportedOperationException: Not a string: 2\n\tat com.eclipsesource.json.JsonValue.asString(JsonValue.java:384)\n\tat com.eclipsesource.json.JsonObject.getString(JsonObject.java:674)\n\tat lab.UniqueId$1.accept(UniqueId.java:27)\n\tat lab.UniqueId$1.accept(UniqueId.java:24)\n\tat lab.Node.handleRequest(Node.java:97)\n\tat lab.Node.handleMessage(Node.java:71)\n\tat lab.Node.lambda$run$0(Node.java:44)\n\tat java.base/java.util.concurrent.ThreadPoolExecutor.runWorker(ThreadPoolExecutor.java:1144)\n\tat java.base/java.util.concurrent.ThreadPoolExecutor$Worker.run(ThreadPoolExecutor.java:642)\n\tat java.base/java.lang.Thread.run(Thread.java:1583)\n"]
2026-03-11 14:37:53,932{GMT}	INFO	[jepsen worker 1] jepsen.util: 7	:invoke	:generate	nil
2026-03-11 14:37:53,932{GMT}	INFO	[jepsen worker 0] jepsen.util: 6	:info	:generate	nil	[:crash "Unexpected exception handling (msg c8 n0 {\"type\":\"generate\",\"msg_id\":3}) : java.lang.UnsupportedOperationException: Not a string: 3\njava.lang.UnsupportedOperationException: Not a string: 3\n\tat com.eclipsesource.json.JsonValue.asString(JsonValue.java:384)\n\tat com.eclipsesource.json.JsonObject.getString(JsonObject.java:674)\n\tat lab.UniqueId$1.accept(UniqueId.java:27)\n\tat lab.UniqueId$1.accept(UniqueId.java:24)\n\tat lab.Node.handleRequest(Node.java:97)\n\tat lab.Node.handleMessage(Node.java:71)\n\tat lab.Node.lambda$run$0(Node.java:44)\n\tat java.base/java.util.concurrent.ThreadPoolExecutor.runWorker(ThreadPoolExecutor.java:1144)\n\tat java.base/java.util.concurrent.ThreadPoolExecutor$Worker.run(ThreadPoolExecutor.java:642)\n\tat java.base/java.lang.Thread.run(Thread.java:1583)\n"]
2026-03-11 14:37:53,933{GMT}	INFO	[jepsen worker 0] jepsen.util: 9	:invoke	:generate	nil
2026-03-11 14:37:53,932{GMT}	INFO	[jepsen worker 2] jepsen.util: 8	:invoke	:generate	nil
2026-03-11 14:37:53,938{GMT}	INFO	[jepsen worker 0] jepsen.util: 9	:info	:generate	nil	[:crash "Unexpected exception handling (msg c8 n0 {\"type\":\"generate\",\"msg_id\":4}) : java.lang.UnsupportedOperationException: Not a string: 4\njava.lang.UnsupportedOperationException: Not a string: 4\n\tat com.eclipsesource.json.JsonValue.asString(JsonValue.java:384)\n\tat com.eclipsesource.json.JsonObject.getString(JsonObject.java:674)\n\tat lab.UniqueId$1.accept(UniqueId.java:27)\n\tat lab.UniqueId$1.accept(UniqueId.java:24)\n\tat lab.Node.handleRequest(Node.java:97)\n\tat lab.Node.handleMessage(Node.java:71)\n\tat lab.Node.lambda$run$0(Node.java:44)\n\tat java.base/java.util.concurrent.ThreadPoolExecutor.runWorker(ThreadPoolExecutor.java:1144)\n\tat java.base/java.util.concurrent.ThreadPoolExecutor$Worker.run(ThreadPoolExecutor.java:642)\n\tat java.base/java.lang.Thread.run(Thread.java:1583)\n"]
2026-03-11 14:37:53,938{GMT}	INFO	[jepsen worker 0] jepsen.util: 12	:invoke	:generate	nil
2026-03-11 14:37:53,939{GMT}	INFO	[jepsen worker 1] jepsen.util: 7	:info	:generate	nil	[:crash "Unexpected exception handling (msg c6 n1 {\"type\":\"generate\",\"msg_id\":3}) : java.lang.UnsupportedOperationException: Not a string: 3\njava.lang.UnsupportedOperationException: Not a string: 3\n\tat com.eclipsesource.json.JsonValue.asString(JsonValue.java:384)\n\tat com.eclipsesource.json.JsonObject.getString(JsonObject.java:674)\n\tat lab.UniqueId$1.accept(UniqueId.java:27)\n\tat lab.UniqueId$1.accept(UniqueId.java:24)\n\tat lab.Node.handleRequest(Node.java:97)\n\tat lab.Node.handleMessage(Node.java:71)\n\tat lab.Node.lambda$run$0(Node.java:44)\n\tat java.base/java.util.concurrent.ThreadPoolExecutor.runWorker(ThreadPoolExecutor.java:1144)\n\tat java.base/java.util.concurrent.ThreadPoolExecutor$Worker.run(ThreadPoolExecutor.java:642)\n\tat java.base/java.lang.Thread.run(Thread.java:1583)\n"]
2026-03-11 14:37:53,940{GMT}	INFO	[jepsen worker 1] jepsen.util: 10	:invoke	:generate	nil
2026-03-11 14:37:53,941{GMT}	INFO	[jepsen worker 2] jepsen.util: 8	:info	:generate	nil	[:crash "Unexpected exception handling (msg c7 n2 {\"type\":\"generate\",\"msg_id\":3}) : java.lang.UnsupportedOperationException: Not a string: 3\njava.lang.UnsupportedOperationException: Not a string: 3\n\tat com.eclipsesource.json.JsonValue.asString(JsonValue.java:384)\n\tat com.eclipsesource.json.JsonObject.getString(JsonObject.java:674)\n\tat lab.UniqueId$1.accept(UniqueId.java:27)\n\tat lab.UniqueId$1.accept(UniqueId.java:24)\n\tat lab.Node.handleRequest(Node.java:97)\n\tat lab.Node.handleMessage(Node.java:71)\n\tat lab.Node.lambda$run$0(Node.java:44)\n\tat java.base/java.util.concurrent.ThreadPoolExecutor.runWorker(ThreadPoolExecutor.java:1144)\n\tat java.base/java.util.concurrent.ThreadPoolExecutor$Worker.run(ThreadPoolExecutor.java:642)\n\tat java.base/java.lang.Thread.run(Thread.java:1583)\n"]
2026-03-11 14:37:53,942{GMT}	INFO	[jepsen worker 2] jepsen.util: 11	:invoke	:generate	nil
2026-03-11 14:37:53,944{GMT}	INFO	[jepsen worker 0] jepsen.util: 12	:info	:generate	nil	[:crash "Unexpected exception handling (msg c8 n0 {\"type\":\"generate\",\"msg_id\":5}) : java.lang.UnsupportedOperationException: Not a string: 5\njava.lang.UnsupportedOperationException: Not a string: 5\n\tat com.eclipsesource.json.JsonValue.asString(JsonValue.java:384)\n\tat com.eclipsesource.json.JsonObject.getString(JsonObject.java:674)\n\tat lab.UniqueId$1.accept(UniqueId.java:27)\n\tat lab.UniqueId$1.accept(UniqueId.java:24)\n\tat lab.Node.handleRequest(Node.java:97)\n\tat lab.Node.handleMessage(Node.java:71)\n\tat lab.Node.lambda$run$0(Node.java:44)\n\tat java.base/java.util.concurrent.ThreadPoolExecutor.runWorker(ThreadPoolExecutor.java:1144)\n\tat java.base/java.util.concurrent.ThreadPoolExecutor$Worker.run(ThreadPoolExecutor.java:642)\n\tat java.base/java.lang.Thread.run(Thread.java:1583)\n"]
2026-03-11 14:37:53,945{GMT}	INFO	[jepsen worker 0] jepsen.util: 15	:invoke	:generate	nil
2026-03-11 14:37:53,946{GMT}	INFO	[jepsen worker 1] jepsen.util: 10	:info	:generate	nil	[:crash "Unexpected exception handling (msg c6 n1 {\"type\":\"generate\",\"msg_id\":4}) : java.lang.UnsupportedOperationException: Not a string: 4\njava.lang.UnsupportedOperationException: Not a string: 4\n\tat com.eclipsesource.json.JsonValue.asString(JsonValue.java:384)\n\tat com.eclipsesource.json.JsonObject.getString(JsonObject.java:674)\n\tat lab.UniqueId$1.accept(UniqueId.java:27)\n\tat lab.UniqueId$1.accept(UniqueId.java:24)\n\tat lab.Node.handleRequest(Node.java:97)\n\tat lab.Node.handleMessage(Node.java:71)\n\tat lab.Node.lambda$run$0(Node.java:44)\n\tat java.base/java.util.concurrent.ThreadPoolExecutor.runWorker(ThreadPoolExecutor.java:1144)\n\tat java.base/java.util.concurrent.ThreadPoolExecutor$Worker.run(ThreadPoolExecutor.java:642)\n\tat java.base/java.lang.Thread.run(Thread.java:1583)\n"]
2026-03-11 14:37:53,947{GMT}	INFO	[jepsen worker 1] jepsen.util: 13	:invoke	:generate	nil
2026-03-11 14:37:53,948{GMT}	INFO	[jepsen worker 2] jepsen.util: 11	:info	:generate	nil	[:crash "Unexpected exception handling (msg c7 n2 {\"type\":\"generate\",\"msg_id\":4}) : java.lang.UnsupportedOperationException: Not a string: 4\njava.lang.UnsupportedOperationException: Not a string: 4\n\tat com.eclipsesource.json.JsonValue.asString(JsonValue.java:384)\n\tat com.eclipsesource.json.JsonObject.getString(JsonObject.java:674)\n\tat lab.UniqueId$1.accept(UniqueId.java:27)\n\tat lab.UniqueId$1.accept(UniqueId.java:24)\n\tat lab.Node.handleRequest(Node.java:97)\n\tat lab.Node.handleMessage(Node.java:71)\n\tat lab.Node.lambda$run$0(Node.java:44)\n\tat java.base/java.util.concurrent.ThreadPoolExecutor.runWorker(ThreadPoolExecutor.java:1144)\n\tat java.base/java.util.concurrent.ThreadPoolExecutor$Worker.run(ThreadPoolExecutor.java:642)\n\tat java.base/java.lang.Thread.run(Thread.java:1583)\n"]
2026-03-11 14:37:53,950{GMT}	INFO	[jepsen worker 2] jepsen.util: 14	:invoke	:generate	nil
2026-03-11 14:37:53,951{GMT}	INFO	[jepsen worker 0] jepsen.util: 15	:info	:generate	nil	[:crash "Unexpected exception handling (msg c8 n0 {\"type\":\"generate\",\"msg_id\":6}) : java.lang.UnsupportedOperationException: Not a string: 6\njava.lang.UnsupportedOperationException: Not a string: 6\n\tat com.eclipsesource.json.JsonValue.asString(JsonValue.java:384)\n\tat com.eclipsesource.json.JsonObject.getString(JsonObject.java:674)\n\tat lab.UniqueId$1.accept(UniqueId.java:27)\n\tat lab.UniqueId$1.accept(UniqueId.java:24)\n\tat lab.Node.handleRequest(Node.java:97)\n\tat lab.Node.handleMessage(Node.java:71)\n\tat lab.Node.lambda$run$0(Node.java:44)\n\tat java.base/java.util.concurrent.ThreadPoolExecutor.runWorker(ThreadPoolExecutor.java:1144)\n\tat java.base/java.util.concurrent.ThreadPoolExecutor$Worker.run(ThreadPoolExecutor.java:642)\n\tat java.base/java.lang.Thread.run(Thread.java:1583)\n"]
2026-03-11 14:37:53,952{GMT}	INFO	[jepsen worker 1] jepsen.util: 13	:info	:generate	nil	[:crash "Unexpected exception handling (msg c6 n1 {\"type\":\"generate\",\"msg_id\":5}) : java.lang.UnsupportedOperationException: Not a string: 5\njava.lang.UnsupportedOperationException: Not a string: 5\n\tat com.eclipsesource.json.JsonValue.asString(JsonValue.java:384)\n\tat com.eclipsesource.json.JsonObject.getString(JsonObject.java:674)\n\tat lab.UniqueId$1.accept(UniqueId.java:27)\n\tat lab.UniqueId$1.accept(UniqueId.java:24)\n\tat lab.Node.handleRequest(Node.java:97)\n\tat lab.Node.handleMessage(Node.java:71)\n\tat lab.Node.lambda$run$0(Node.java:44)\n\tat java.base/java.util.concurrent.ThreadPoolExecutor.runWorker(ThreadPoolExecutor.java:1144)\n\tat java.base/java.util.concurrent.ThreadPoolExecutor$Worker.run(ThreadPoolExecutor.java:642)\n\tat java.base/java.lang.Thread.run(Thread.java:1583)\n"]
2026-03-11 14:37:53,952{GMT}	INFO	[jepsen worker 0] jepsen.util: 18	:invoke	:generate	nil
2026-03-11 14:37:53,955{GMT}	INFO	[jepsen worker 2] jepsen.util: 14	:info	:generate	nil	[:crash "Unexpected exception handling (msg c7 n2 {\"type\":\"generate\",\"msg_id\":5}) : java.lang.UnsupportedOperationException: Not a string: 5\njava.lang.UnsupportedOperationException: Not a string: 5\n\tat com.eclipsesource.json.JsonValue.asString(JsonValue.java:384)\n\tat com.eclipsesource.json.JsonObject.getString(JsonObject.java:674)\n\tat lab.UniqueId$1.accept(UniqueId.java:27)\n\tat lab.UniqueId$1.accept(UniqueId.java:24)\n\tat lab.Node.handleRequest(Node.java:97)\n\tat lab.Node.handleMessage(Node.java:71)\n\tat lab.Node.lambda$run$0(Node.java:44)\n\tat java.base/java.util.concurrent.ThreadPoolExecutor.runWorker(ThreadPoolExecutor.java:1144)\n\tat java.base/java.util.concurrent.ThreadPoolExecutor$Worker.run(ThreadPoolExecutor.java:642)\n\tat java.base/java.lang.Thread.run(Thread.java:1583)\n"]
2026-03-11 14:37:53,956{GMT}	INFO	[jepsen worker 1] jepsen.util: 16	:invoke	:generate	nil
2026-03-11 14:37:53,957{GMT}	INFO	[jepsen worker 2] jepsen.util: 17	:invoke	:generate	nil
2026-03-11 14:37:53,957{GMT}	INFO	[jepsen worker 0] jepsen.util: 18	:info	:generate	nil	[:crash "Unexpected exception handling (msg c8 n0 {\"type\":\"generate\",\"msg_id\":7}) : java.lang.UnsupportedOperationException: Not a string: 7\njava.lang.UnsupportedOperationException: Not a string: 7\n\tat com.eclipsesource.json.JsonValue.asString(JsonValue.java:384)\n\tat com.eclipsesource.json.JsonObject.getString(JsonObject.java:674)\n\tat lab.UniqueId$1.accept(UniqueId.java:27)\n\tat lab.UniqueId$1.accept(UniqueId.java:24)\n\tat lab.Node.handleRequest(Node.java:97)\n\tat lab.Node.handleMessage(Node.java:71)\n\tat lab.Node.lambda$run$0(Node.java:44)\n\tat java.base/java.util.concurrent.ThreadPoolExecutor.runWorker(ThreadPoolExecutor.java:1144)\n\tat java.base/java.util.concurrent.ThreadPoolExecutor$Worker.run(ThreadPoolExecutor.java:642)\n\tat java.base/java.lang.Thread.run(Thread.java:1583)\n"]
2026-03-11 14:37:53,959{GMT}	INFO	[jepsen worker 0] jepsen.util: 21	:invoke	:generate	nil
2026-03-11 14:37:53,961{GMT}	INFO	[jepsen worker 1] jepsen.util: 16	:info	:generate	nil	[:crash "Unexpected exception handling (msg c6 n1 {\"type\":\"generate\",\"msg_id\":6}) : java.lang.UnsupportedOperationException: Not a string: 6\njava.lang.UnsupportedOperationException: Not a string: 6\n\tat com.eclipsesource.json.JsonValue.asString(JsonValue.java:384)\n\tat com.eclipsesource.json.JsonObject.getString(JsonObject.java:674)\n\tat lab.UniqueId$1.accept(UniqueId.java:27)\n\tat lab.UniqueId$1.accept(UniqueId.java:24)\n\tat lab.Node.handleRequest(Node.java:97)\n\tat lab.Node.handleMessage(Node.java:71)\n\tat lab.Node.lambda$run$0(Node.java:44)\n\tat java.base/java.util.concurrent.ThreadPoolExecutor.runWorker(ThreadPoolExecutor.java:1144)\n\tat java.base/java.util.concurrent.ThreadPoolExecutor$Worker.run(ThreadPoolExecutor.java:642)\n\tat java.base/java.lang.Thread.run(Thread.java:1583)\n"]
2026-03-11 14:37:53,961{GMT}	INFO	[jepsen worker 2] jepsen.util: 17	:info	:generate	nil	[:crash "Unexpected exception handling (msg c7 n2 {\"type\":\"generate\",\"msg_id\":6}) : java.lang.UnsupportedOperationException: Not a string: 6\njava.lang.UnsupportedOperationException: Not a string: 6\n\tat com.eclipsesource.json.JsonValue.asString(JsonValue.java:384)\n\tat com.eclipsesource.json.JsonObject.getString(JsonObject.java:674)\n\tat lab.UniqueId$1.accept(UniqueId.java:27)\n\tat lab.UniqueId$1.accept(UniqueId.java:24)\n\tat lab.Node.handleRequest(Node.java:97)\n\tat lab.Node.handleMessage(Node.java:71)\n\tat lab.Node.lambda$run$0(Node.java:44)\n\tat java.base/java.util.concurrent.ThreadPoolExecutor.runWorker(ThreadPoolExecutor.java:1144)\n\tat java.base/java.util.concurrent.ThreadPoolExecutor$Worker.run(ThreadPoolExecutor.java:642)\n\tat java.base/java.lang.Thread.run(Thread.java:1583)\n"]
2026-03-11 14:37:53,961{GMT}	INFO	[jepsen worker 1] jepsen.util: 19	:invoke	:generate	nil
2026-03-11 14:37:53,962{GMT}	INFO	[jepsen worker 0] jepsen.util: 21	:info	:generate	nil	[:crash "Unexpected exception handling (msg c8 n0 {\"type\":\"generate\",\"msg_id\":8}) : java.lang.UnsupportedOperationException: Not a string: 8\njava.lang.UnsupportedOperationException: Not a string: 8\n\tat com.eclipsesource.json.JsonValue.asString(JsonValue.java:384)\n\tat com.eclipsesource.json.JsonObject.getString(JsonObject.java:674)\n\tat lab.UniqueId$1.accept(UniqueId.java:27)\n\tat lab.UniqueId$1.accept(UniqueId.java:24)\n\tat lab.Node.handleRequest(Node.java:97)\n\tat lab.Node.handleMessage(Node.java:71)\n\tat lab.Node.lambda$run$0(Node.java:44)\n\tat java.base/java.util.concurrent.ThreadPoolExecutor.runWorker(ThreadPoolExecutor.java:1144)\n\tat java.base/java.util.concurrent.ThreadPoolExecutor$Worker.run(ThreadPoolExecutor.java:642)\n\tat java.base/java.lang.Thread.run(Thread.java:1583)\n"]
2026-03-11 14:37:53,963{GMT}	INFO	[jepsen worker 2] jepsen.util: 20	:invoke	:generate	nil
2026-03-11 14:37:53,965{GMT}	INFO	[jepsen worker 0] jepsen.util: 24	:invoke	:generate	nil
2026-03-11 14:37:53,965{GMT}	INFO	[jepsen worker 1] jepsen.util: 19	:info	:generate	nil	[:crash "Unexpected exception handling (msg c6 n1 {\"type\":\"generate\",\"msg_id\":7}) : java.lang.UnsupportedOperationException: Not a string: 7\njava.lang.UnsupportedOperationException: Not a string: 7\n\tat com.eclipsesource.json.JsonValue.asString(JsonValue.java:384)\n\tat com.eclipsesource.json.JsonObject.getString(JsonObject.java:674)\n\tat lab.UniqueId$1.accept(UniqueId.java:27)\n\tat lab.UniqueId$1.accept(UniqueId.java:24)\n\tat lab.Node.handleRequest(Node.java:97)\n\tat lab.Node.handleMessage(Node.java:71)\n\tat lab.Node.lambda$run$0(Node.java:44)\n\tat java.base/java.util.concurrent.ThreadPoolExecutor.runWorker(ThreadPoolExecutor.java:1144)\n\tat java.base/java.util.concurrent.ThreadPoolExecutor$Worker.run(ThreadPoolExecutor.java:642)\n\tat java.base/java.lang.Thread.run(Thread.java:1583)\n"]
2026-03-11 14:37:53,966{GMT}	INFO	[jepsen worker 1] jepsen.util: 22	:invoke	:generate	nil
2026-03-11 14:37:53,971{GMT}	INFO	[jepsen worker 2] jepsen.util: 20	:info	:generate	nil	[:crash "Unexpected exception handling (msg c7 n2 {\"type\":\"generate\",\"msg_id\":7}) : java.lang.UnsupportedOperationException: Not a string: 7\njava.lang.UnsupportedOperationException: Not a string: 7\n\tat com.eclipsesource.json.JsonValue.asString(JsonValue.java:384)\n\tat com.eclipsesource.json.JsonObject.getString(JsonObject.java:674)\n\tat lab.UniqueId$1.accept(UniqueId.java:27)\n\tat lab.UniqueId$1.accept(UniqueId.java:24)\n\tat lab.Node.handleRequest(Node.java:97)\n\tat lab.Node.handleMessage(Node.java:71)\n\tat lab.Node.lambda$run$0(Node.java:44)\n\tat java.base/java.util.concurrent.ThreadPoolExecutor.runWorker(ThreadPoolExecutor.java:1144)\n\tat java.base/java.util.concurrent.ThreadPoolExecutor$Worker.run(ThreadPoolExecutor.java:642)\n\tat java.base/java.lang.Thread.run(Thread.java:1583)\n"]
2026-03-11 14:37:53,971{GMT}	INFO	[jepsen worker 0] jepsen.util: 24	:info	:generate	nil	[:crash "Unexpected exception handling (msg c8 n0 {\"type\":\"generate\",\"msg_id\":9}) : java.lang.UnsupportedOperationException: Not a string: 9\njava.lang.UnsupportedOperationException: Not a string: 9\n\tat com.eclipsesource.json.JsonValue.asString(JsonValue.java:384)\n\tat com.eclipsesource.json.JsonObject.getString(JsonObject.java:674)\n\tat lab.UniqueId$1.accept(UniqueId.java:27)\n\tat lab.UniqueId$1.accept(UniqueId.java:24)\n\tat lab.Node.handleRequest(Node.java:97)\n\tat lab.Node.handleMessage(Node.java:71)\n\tat lab.Node.lambda$run$0(Node.java:44)\n\tat java.base/java.util.concurrent.ThreadPoolExecutor.runWorker(ThreadPoolExecutor.java:1144)\n\tat java.base/java.util.concurrent.ThreadPoolExecutor$Worker.run(ThreadPoolExecutor.java:642)\n\tat java.base/java.lang.Thread.run(Thread.java:1583)\n"]
2026-03-11 14:37:53,971{GMT}	INFO	[jepsen worker 2] jepsen.util: 23	:invoke	:generate	nil
2026-03-11 14:37:53,972{GMT}	INFO	[jepsen worker 0] jepsen.util: 27	:invoke	:generate	nil
2026-03-11 14:37:53,973{GMT}	INFO	[jepsen worker 1] jepsen.util: 22	:info	:generate	nil	[:crash "Unexpected exception handling (msg c6 n1 {\"type\":\"generate\",\"msg_id\":8}) : java.lang.UnsupportedOperationException: Not a string: 8\njava.lang.UnsupportedOperationException: Not a string: 8\n\tat com.eclipsesource.json.JsonValue.asString(JsonValue.java:384)\n\tat com.eclipsesource.json.JsonObject.getString(JsonObject.java:674)\n\tat lab.UniqueId$1.accept(UniqueId.java:27)\n\tat lab.UniqueId$1.accept(UniqueId.java:24)\n\tat lab.Node.handleRequest(Node.java:97)\n\tat lab.Node.handleMessage(Node.java:71)\n\tat lab.Node.lambda$run$0(Node.java:44)\n\tat java.base/java.util.concurrent.ThreadPoolExecutor.runWorker(ThreadPoolExecutor.java:1144)\n\tat java.base/java.util.concurrent.ThreadPoolExecutor$Worker.run(ThreadPoolExecutor.java:642)\n\tat java.base/java.lang.Thread.run(Thread.java:1583)\n"]
2026-03-11 14:37:53,975{GMT}	INFO	[jepsen worker 1] jepsen.util: 25	:invoke	:generate	nil
2026-03-11 14:37:53,976{GMT}	INFO	[jepsen worker 0] jepsen.util: 27	:info	:generate	nil	[:crash "Unexpected exception handling (msg c8 n0 {\"type\":\"generate\",\"msg_id\":10}) : java.lang.UnsupportedOperationException: Not a string: 10\njava.lang.UnsupportedOperationException: Not a string: 10\n\tat com.eclipsesource.json.JsonValue.asString(JsonValue.java:384)\n\tat com.eclipsesource.json.JsonObject.getString(JsonObject.java:674)\n\tat lab.UniqueId$1.accept(UniqueId.java:27)\n\tat lab.UniqueId$1.accept(UniqueId.java:24)\n\tat lab.Node.handleRequest(Node.java:97)\n\tat lab.Node.handleMessage(Node.java:71)\n\tat lab.Node.lambda$run$0(Node.java:44)\n\tat java.base/java.util.concurrent.ThreadPoolExecutor.runWorker(ThreadPoolExecutor.java:1144)\n\tat java.base/java.util.concurrent.ThreadPoolExecutor$Worker.run(ThreadPoolExecutor.java:642)\n\tat java.base/java.lang.Thread.run(Thread.java:1583)\n"]
2026-03-11 14:37:53,977{GMT}	INFO	[jepsen worker 0] jepsen.util: 30	:invoke	:generate	nil
2026-03-11 14:37:53,978{GMT}	INFO	[jepsen worker 2] jepsen.util: 23	:info	:generate	nil	[:crash "Unexpected exception handling (msg c7 n2 {\"type\":\"generate\",\"msg_id\":8}) : java.lang.UnsupportedOperationException: Not a string: 8\njava.lang.UnsupportedOperationException: Not a string: 8\n\tat com.eclipsesource.json.JsonValue.asString(JsonValue.java:384)\n\tat com.eclipsesource.json.JsonObject.getString(JsonObject.java:674)\n\tat lab.UniqueId$1.accept(UniqueId.java:27)\n\tat lab.UniqueId$1.accept(UniqueId.java:24)\n\tat lab.Node.handleRequest(Node.java:97)\n\tat lab.Node.handleMessage(Node.java:71)\n\tat lab.Node.lambda$run$0(Node.java:44)\n\tat java.base/java.util.concurrent.ThreadPoolExecutor.runWorker(ThreadPoolExecutor.java:1144)\n\tat java.base/java.util.concurrent.ThreadPoolExecutor$Worker.run(ThreadPoolExecutor.java:642)\n\tat java.base/java.lang.Thread.run(Thread.java:1583)\n"]
2026-03-11 14:37:53,980{GMT}	INFO	[jepsen worker nemesis] jepsen.util: :nemesis	:info	:stop-partition	nil
2026-03-11 14:37:53,980{GMT}	INFO	[jepsen worker 0] jepsen.util: 30	:info	:generate	nil	[:crash "Unexpected exception handling (msg c8 n0 {\"type\":\"generate\",\"msg_id\":11}) : java.lang.UnsupportedOperationException: Not a string: 11\njava.lang.UnsupportedOperationException: Not a string: 11\n\tat com.eclipsesource.json.JsonValue.asString(JsonValue.java:384)\n\tat com.eclipsesource.json.JsonObject.getString(JsonObject.java:674)\n\tat lab.UniqueId$1.accept(UniqueId.java:27)\n\tat lab.UniqueId$1.accept(UniqueId.java:24)\n\tat lab.Node.handleRequest(Node.java:97)\n\tat lab.Node.handleMessage(Node.java:71)\n\tat lab.Node.lambda$run$0(Node.java:44)\n\tat java.base/java.util.concurrent.ThreadPoolExecutor.runWorker(ThreadPoolExecutor.java:1144)\n\tat java.base/java.util.concurrent.ThreadPoolExecutor$Worker.run(ThreadPoolExecutor.java:642)\n\tat java.base/java.lang.Thread.run(Thread.java:1583)\n"]
2026-03-11 14:37:53,980{GMT}	INFO	[jepsen worker 2] jepsen.util: 26	:invoke	:generate	nil
2026-03-11 14:37:53,981{GMT}	INFO	[jepsen worker nemesis] jepsen.util: :nemesis	:info	:stop-partition	:network-healed
2026-03-11 14:37:53,981{GMT}	INFO	[jepsen worker 0] jepsen.util: 33	:invoke	:generate	nil
2026-03-11 14:37:53,984{GMT}	INFO	[jepsen worker 1] jepsen.util: 25	:info	:generate	nil	[:crash "Unexpected exception handling (msg c6 n1 {\"type\":\"generate\",\"msg_id\":9}) : java.lang.UnsupportedOperationException: Not a string: 9\njava.lang.UnsupportedOperationException: Not a string: 9\n\tat com.eclipsesource.json.JsonValue.asString(JsonValue.java:384)\n\tat com.eclipsesource.json.JsonObject.getString(JsonObject.java:674)\n\tat lab.UniqueId$1.accept(UniqueId.java:27)\n\tat lab.UniqueId$1.accept(UniqueId.java:24)\n\tat lab.Node.handleRequest(Node.java:97)\n\tat lab.Node.handleMessage(Node.java:71)\n\tat lab.Node.lambda$run$0(Node.java:44)\n\tat java.base/java.util.concurrent.ThreadPoolExecutor.runWorker(ThreadPoolExecutor.java:1144)\n\tat java.base/java.util.concurrent.ThreadPoolExecutor$Worker.run(ThreadPoolExecutor.java:642)\n\tat java.base/java.lang.Thread.run(Thread.java:1583)\n"]
2026-03-11 14:37:53,985{GMT}	INFO	[jepsen worker 1] jepsen.util: 28	:invoke	:generate	nil
2026-03-11 14:37:53,985{GMT}	INFO	[jepsen worker 2] jepsen.util: 26	:info	:generate	nil	[:crash "Unexpected exception handling (msg c7 n2 {\"type\":\"generate\",\"msg_id\":9}) : java.lang.UnsupportedOperationException: Not a string: 9\njava.lang.UnsupportedOperationException: Not a string: 9\n\tat com.eclipsesource.json.JsonValue.asString(JsonValue.java:384)\n\tat com.eclipsesource.json.JsonObject.getString(JsonObject.java:674)\n\tat lab.UniqueId$1.accept(UniqueId.java:27)\n\tat lab.UniqueId$1.accept(UniqueId.java:24)\n\tat lab.Node.handleRequest(Node.java:97)\n\tat lab.Node.handleMessage(Node.java:71)\n\tat lab.Node.lambda$run$0(Node.java:44)\n\tat java.base/java.util.concurrent.ThreadPoolExecutor.runWorker(ThreadPoolExecutor.java:1144)\n\tat java.base/java.util.concurrent.ThreadPoolExecutor$Worker.run(ThreadPoolExecutor.java:642)\n\tat java.base/java.lang.Thread.run(Thread.java:1583)\n"]
2026-03-11 14:37:53,986{GMT}	INFO	[jepsen worker 2] jepsen.util: 29	:invoke	:generate	nil
2026-03-11 14:37:53,989{GMT}	INFO	[jepsen worker 0] jepsen.util: 33	:info	:generate	nil	[:crash "Unexpected exception handling (msg c8 n0 {\"type\":\"generate\",\"msg_id\":12}) : java.lang.UnsupportedOperationException: Not a string: 12\njava.lang.UnsupportedOperationException: Not a string: 12\n\tat com.eclipsesource.json.JsonValue.asString(JsonValue.java:384)\n\tat com.eclipsesource.json.JsonObject.getString(JsonObject.java:674)\n\tat lab.UniqueId$1.accept(UniqueId.java:27)\n\tat lab.UniqueId$1.accept(UniqueId.java:24)\n\tat lab.Node.handleRequest(Node.java:97)\n\tat lab.Node.handleMessage(Node.java:71)\n\tat lab.Node.lambda$run$0(Node.java:44)\n\tat java.base/java.util.concurrent.ThreadPoolExecutor.runWorker(ThreadPoolExecutor.java:1144)\n\tat java.base/java.util.concurrent.ThreadPoolExecutor$Worker.run(ThreadPoolExecutor.java:642)\n\tat java.base/java.lang.Thread.run(Thread.java:1583)\n"]
2026-03-11 14:37:53,993{GMT}	INFO	[jepsen worker 0] jepsen.util: 36	:invoke	:generate	nil
2026-03-11 14:37:53,993{GMT}	INFO	[jepsen worker 1] jepsen.util: 28	:info	:generate	nil	[:crash "Unexpected exception handling (msg c6 n1 {\"type\":\"generate\",\"msg_id\":10}) : java.lang.UnsupportedOperationException: Not a string: 10\njava.lang.UnsupportedOperationException: Not a string: 10\n\tat com.eclipsesource.json.JsonValue.asString(JsonValue.java:384)\n\tat com.eclipsesource.json.JsonObject.getString(JsonObject.java:674)\n\tat lab.UniqueId$1.accept(UniqueId.java:27)\n\tat lab.UniqueId$1.accept(UniqueId.java:24)\n\tat lab.Node.handleRequest(Node.java:97)\n\tat lab.Node.handleMessage(Node.java:71)\n\tat lab.Node.lambda$run$0(Node.java:44)\n\tat java.base/java.util.concurrent.ThreadPoolExecutor.runWorker(ThreadPoolExecutor.java:1144)\n\tat java.base/java.util.concurrent.ThreadPoolExecutor$Worker.run(ThreadPoolExecutor.java:642)\n\tat java.base/java.lang.Thread.run(Thread.java:1583)\n"]
2026-03-11 14:37:53,994{GMT}	INFO	[jepsen worker 1] jepsen.util: 31	:invoke	:generate	nil
2026-03-11 14:37:53,996{GMT}	INFO	[jepsen worker 2] jepsen.util: 29	:info	:generate	nil	[:crash "Unexpected exception handling (msg c7 n2 {\"type\":\"generate\",\"msg_id\":10}) : java.lang.UnsupportedOperationException: Not a string: 10\njava.lang.UnsupportedOperationException: Not a string: 10\n\tat com.eclipsesource.json.JsonValue.asString(JsonValue.java:384)\n\tat com.eclipsesource.json.JsonObject.getString(JsonObject.java:674)\n\tat lab.UniqueId$1.accept(UniqueId.java:27)\n\tat lab.UniqueId$1.accept(UniqueId.java:24)\n\tat lab.Node.handleRequest(Node.java:97)\n\tat lab.Node.handleMessage(Node.java:71)\n\tat lab.Node.lambda$run$0(Node.java:44)\n\tat java.base/java.util.concurrent.ThreadPoolExecutor.runWorker(ThreadPoolExecutor.java:1144)\n\tat java.base/java.util.concurrent.ThreadPoolExecutor$Worker.run(ThreadPoolExecutor.java:642)\n\tat java.base/java.lang.Thread.run(Thread.java:1583)\n"]
2026-03-11 14:37:53,996{GMT}	INFO	[jepsen worker 2] jepsen.util: 32	:invoke	:generate	nil
2026-03-11 14:37:53,998{GMT}	INFO	[jepsen worker 1] jepsen.util: 31	:info	:generate	nil	[:crash "Unexpected exception handling (msg c6 n1 {\"type\":\"generate\",\"msg_id\":11}) : java.lang.UnsupportedOperationException: Not a string: 11\njava.lang.UnsupportedOperationException: Not a string: 11\n\tat com.eclipsesource.json.JsonValue.asString(JsonValue.java:384)\n\tat com.eclipsesource.json.JsonObject.getString(JsonObject.java:674)\n\tat lab.UniqueId$1.accept(UniqueId.java:27)\n\tat lab.UniqueId$1.accept(UniqueId.java:24)\n\tat lab.Node.handleRequest(Node.java:97)\n\tat lab.Node.handleMessage(Node.java:71)\n\tat lab.Node.lambda$run$0(Node.java:44)\n\tat java.base/java.util.concurrent.ThreadPoolExecutor.runWorker(ThreadPoolExecutor.java:1144)\n\tat java.base/java.util.concurrent.ThreadPoolExecutor$Worker.run(ThreadPoolExecutor.java:642)\n\tat java.base/java.lang.Thread.run(Thread.java:1583)\n"]
2026-03-11 14:37:53,999{GMT}	INFO	[jepsen worker 1] jepsen.util: 34	:invoke	:generate	nil
2026-03-11 14:37:54,000{GMT}	INFO	[jepsen worker 0] jepsen.util: 36	:info	:generate	nil	[:crash "Unexpected exception handling (msg c8 n0 {\"type\":\"generate\",\"msg_id\":13}) : java.lang.UnsupportedOperationException: Not a string: 13\njava.lang.UnsupportedOperationException: Not a string: 13\n\tat com.eclipsesource.json.JsonValue.asString(JsonValue.java:384)\n\tat com.eclipsesource.json.JsonObject.getString(JsonObject.java:674)\n\tat lab.UniqueId$1.accept(UniqueId.java:27)\n\tat lab.UniqueId$1.accept(UniqueId.java:24)\n\tat lab.Node.handleRequest(Node.java:97)\n\tat lab.Node.handleMessage(Node.java:71)\n\tat lab.Node.lambda$run$0(Node.java:44)\n\tat java.base/java.util.concurrent.ThreadPoolExecutor.runWorker(ThreadPoolExecutor.java:1144)\n\tat java.base/java.util.concurrent.ThreadPoolExecutor$Worker.run(ThreadPoolExecutor.java:642)\n\tat java.base/java.lang.Thread.run(Thread.java:1583)\n"]
2026-03-11 14:37:54,001{GMT}	INFO	[jepsen worker 0] jepsen.util: 39	:invoke	:generate	nil
2026-03-11 14:37:54,002{GMT}	INFO	[jepsen worker 2] jepsen.util: 32	:info	:generate	nil	[:crash "Unexpected exception handling (msg c7 n2 {\"type\":\"generate\",\"msg_id\":11}) : java.lang.UnsupportedOperationException: Not a string: 11\njava.lang.UnsupportedOperationException: Not a string: 11\n\tat com.eclipsesource.json.JsonValue.asString(JsonValue.java:384)\n\tat com.eclipsesource.json.JsonObject.getString(JsonObject.java:674)\n\tat lab.UniqueId$1.accept(UniqueId.java:27)\n\tat lab.UniqueId$1.accept(UniqueId.java:24)\n\tat lab.Node.handleRequest(Node.java:97)\n\tat lab.Node.handleMessage(Node.java:71)\n\tat lab.Node.lambda$run$0(Node.java:44)\n\tat java.base/java.util.concurrent.ThreadPoolExecutor.runWorker(ThreadPoolExecutor.java:1144)\n\tat java.base/java.util.concurrent.ThreadPoolExecutor$Worker.run(ThreadPoolExecutor.java:642)\n\tat java.base/java.lang.Thread.run(Thread.java:1583)\n"]
2026-03-11 14:37:54,003{GMT}	INFO	[jepsen worker 1] jepsen.util: 34	:info	:generate	nil	[:crash "Unexpected exception handling (msg c6 n1 {\"type\":\"generate\",\"msg_id\":12}) : java.lang.UnsupportedOperationException: Not a string: 12\njava.lang.UnsupportedOperationException: Not a string: 12\n\tat com.eclipsesource.json.JsonValue.asString(JsonValue.java:384)\n\tat com.eclipsesource.json.JsonObject.getString(JsonObject.java:674)\n\tat lab.UniqueId$1.accept(UniqueId.java:27)\n\tat lab.UniqueId$1.accept(UniqueId.java:24)\n\tat lab.Node.handleRequest(Node.java:97)\n\tat lab.Node.handleMessage(Node.java:71)\n\tat lab.Node.lambda$run$0(Node.java:44)\n\tat java.base/java.util.concurrent.ThreadPoolExecutor.runWorker(ThreadPoolExecutor.java:1144)\n\tat java.base/java.util.concurrent.ThreadPoolExecutor$Worker.run(ThreadPoolExecutor.java:642)\n\tat java.base/java.lang.Thread.run(Thread.java:1583)\n"]
2026-03-11 14:37:54,004{GMT}	INFO	[jepsen worker 1] jepsen.util: 37	:invoke	:generate	nil
2026-03-11 14:37:54,005{GMT}	INFO	[jepsen worker 2] jepsen.util: 35	:invoke	:generate	nil
2026-03-11 14:37:54,013{GMT}	INFO	[jepsen worker 0] jepsen.util: 39	:info	:generate	nil	[:crash "Unexpected exception handling (msg c8 n0 {\"type\":\"generate\",\"msg_id\":14}) : java.lang.UnsupportedOperationException: Not a string: 14\njava.lang.UnsupportedOperationException: Not a string: 14\n\tat com.eclipsesource.json.JsonValue.asString(JsonValue.java:384)\n\tat com.eclipsesource.json.JsonObject.getString(JsonObject.java:674)\n\tat lab.UniqueId$1.accept(UniqueId.java:27)\n\tat lab.UniqueId$1.accept(UniqueId.java:24)\n\tat lab.Node.handleRequest(Node.java:97)\n\tat lab.Node.handleMessage(Node.java:71)\n\tat lab.Node.lambda$run$0(Node.java:44)\n\tat java.base/java.util.concurrent.ThreadPoolExecutor.runWorker(ThreadPoolExecutor.java:1144)\n\tat java.base/java.util.concurrent.ThreadPoolExecutor$Worker.run(ThreadPoolExecutor.java:642)\n\tat java.base/java.lang.Thread.run(Thread.java:1583)\n"]
2026-03-11 14:37:54,008{GMT}	INFO	[jepsen worker 1] jepsen.util: 37	:info	:generate	nil	[:crash "Unexpected exception handling (msg c6 n1 {\"type\":\"generate\",\"msg_id\":13}) : java.lang.UnsupportedOperationException: Not a string: 13\njava.lang.UnsupportedOperationException: Not a string: 13\n\tat com.eclipsesource.json.JsonValue.asString(JsonValue.java:384)\n\tat com.eclipsesource.json.JsonObject.getString(JsonObject.java:674)\n\tat lab.UniqueId$1.accept(UniqueId.java:27)\n\tat lab.UniqueId$1.accept(UniqueId.java:24)\n\tat lab.Node.handleRequest(Node.java:97)\n\tat lab.Node.handleMessage(Node.java:71)\n\tat lab.Node.lambda$run$0(Node.java:44)\n\tat java.base/java.util.concurrent.ThreadPoolExecutor.runWorker(ThreadPoolExecutor.java:1144)\n\tat java.base/java.util.concurrent.ThreadPoolExecutor$Worker.run(ThreadPoolExecutor.java:642)\n\tat java.base/java.lang.Thread.run(Thread.java:1583)\n"]
2026-03-11 14:37:54,024{GMT}	INFO	[jepsen worker 0] jepsen.util: 42	:invoke	:generate	nil
2026-03-11 14:37:54,014{GMT}	INFO	[jepsen worker 2] jepsen.util: 35	:info	:generate	nil	[:crash "Unexpected exception handling (msg c7 n2 {\"type\":\"generate\",\"msg_id\":12}) : java.lang.UnsupportedOperationException: Not a string: 12\njava.lang.UnsupportedOperationException: Not a string: 12\n\tat com.eclipsesource.json.JsonValue.asString(JsonValue.java:384)\n\tat com.eclipsesource.json.JsonObject.getString(JsonObject.java:674)\n\tat lab.UniqueId$1.accept(UniqueId.java:27)\n\tat lab.UniqueId$1.accept(UniqueId.java:24)\n\tat lab.Node.handleRequest(Node.java:97)\n\tat lab.Node.handleMessage(Node.java:71)\n\tat lab.Node.lambda$run$0(Node.java:44)\n\tat java.base/java.util.concurrent.ThreadPoolExecutor.runWorker(ThreadPoolExecutor.java:1144)\n\tat java.base/java.util.concurrent.ThreadPoolExecutor$Worker.run(ThreadPoolExecutor.java:642)\n\tat java.base/java.lang.Thread.run(Thread.java:1583)\n"]
2026-03-11 14:37:54,024{GMT}	INFO	[jepsen worker 1] jepsen.util: 40	:invoke	:generate	nil
2026-03-11 14:37:54,025{GMT}	INFO	[jepsen worker 2] jepsen.util: 38	:invoke	:generate	nil
2026-03-11 14:37:54,028{GMT}	INFO	[jepsen worker 0] jepsen.util: 42	:info	:generate	nil	[:crash "Unexpected exception handling (msg c8 n0 {\"type\":\"generate\",\"msg_id\":15}) : java.lang.UnsupportedOperationException: Not a string: 15\njava.lang.UnsupportedOperationException: Not a string: 15\n\tat com.eclipsesource.json.JsonValue.asString(JsonValue.java:384)\n\tat com.eclipsesource.json.JsonObject.getString(JsonObject.java:674)\n\tat lab.UniqueId$1.accept(UniqueId.java:27)\n\tat lab.UniqueId$1.accept(UniqueId.java:24)\n\tat lab.Node.handleRequest(Node.java:97)\n\tat lab.Node.handleMessage(Node.java:71)\n\tat lab.Node.lambda$run$0(Node.java:44)\n\tat java.base/java.util.concurrent.ThreadPoolExecutor.runWorker(ThreadPoolExecutor.java:1144)\n\tat java.base/java.util.concurrent.ThreadPoolExecutor$Worker.run(ThreadPoolExecutor.java:642)\n\tat java.base/java.lang.Thread.run(Thread.java:1583)\n"]
2026-03-11 14:37:54,028{GMT}	INFO	[jepsen worker 0] jepsen.util: 45	:invoke	:generate	nil
2026-03-11 14:37:54,031{GMT}	INFO	[jepsen worker 2] jepsen.util: 38	:info	:generate	nil	[:crash "Unexpected exception handling (msg c7 n2 {\"type\":\"generate\",\"msg_id\":13}) : java.lang.UnsupportedOperationException: Not a string: 13\njava.lang.UnsupportedOperationException: Not a string: 13\n\tat com.eclipsesource.json.JsonValue.asString(JsonValue.java:384)\n\tat com.eclipsesource.json.JsonObject.getString(JsonObject.java:674)\n\tat lab.UniqueId$1.accept(UniqueId.java:27)\n\tat lab.UniqueId$1.accept(UniqueId.java:24)\n\tat lab.Node.handleRequest(Node.java:97)\n\tat lab.Node.handleMessage(Node.java:71)\n\tat lab.Node.lambda$run$0(Node.java:44)\n\tat java.base/java.util.concurrent.ThreadPoolExecutor.runWorker(ThreadPoolExecutor.java:1144)\n\tat java.base/java.util.concurrent.ThreadPoolExecutor$Worker.run(ThreadPoolExecutor.java:642)\n\tat java.base/java.lang.Thread.run(Thread.java:1583)\n"]
2026-03-11 14:37:54,033{GMT}	INFO	[jepsen worker 0] jepsen.util: 45	:info	:generate	nil	[:crash "Unexpected exception handling (msg c8 n0 {\"type\":\"generate\",\"msg_id\":16}) : java.lang.UnsupportedOperationException: Not a string: 16\njava.lang.UnsupportedOperationException: Not a string: 16\n\tat com.eclipsesource.json.JsonValue.asString(JsonValue.java:384)\n\tat com.eclipsesource.json.JsonObject.getString(JsonObject.java:674)\n\tat lab.UniqueId$1.accept(UniqueId.java:27)\n\tat lab.UniqueId$1.accept(UniqueId.java:24)\n\tat lab.Node.handleRequest(Node.java:97)\n\tat lab.Node.handleMessage(Node.java:71)\n\tat lab.Node.lambda$run$0(Node.java:44)\n\tat java.base/java.util.concurrent.ThreadPoolExecutor.runWorker(ThreadPoolExecutor.java:1144)\n\tat java.base/java.util.concurrent.ThreadPoolExecutor$Worker.run(ThreadPoolExecutor.java:642)\n\tat java.base/java.lang.Thread.run(Thread.java:1583)\n"]
2026-03-11 14:37:54,034{GMT}	INFO	[jepsen worker 1] jepsen.util: 40	:info	:generate	nil	[:crash "Unexpected exception handling (msg c6 n1 {\"type\":\"generate\",\"msg_id\":14}) : java.lang.UnsupportedOperationException: Not a string: 14\njava.lang.UnsupportedOperationException: Not a string: 14\n\tat com.eclipsesource.json.JsonValue.asString(JsonValue.java:384)\n\tat com.eclipsesource.json.JsonObject.getString(JsonObject.java:674)\n\tat lab.UniqueId$1.accept(UniqueId.java:27)\n\tat lab.UniqueId$1.accept(UniqueId.java:24)\n\tat lab.Node.handleRequest(Node.java:97)\n\tat lab.Node.handleMessage(Node.java:71)\n\tat lab.Node.lambda$run$0(Node.java:44)\n\tat java.base/java.util.concurrent.ThreadPoolExecutor.runWorker(ThreadPoolExecutor.java:1144)\n\tat java.base/java.util.concurrent.ThreadPoolExecutor$Worker.run(ThreadPoolExecutor.java:642)\n\tat java.base/java.lang.Thread.run(Thread.java:1583)\n"]
2026-03-11 14:37:54,034{GMT}	INFO	[jepsen worker 1] jepsen.util: 43	:invoke	:generate	nil
2026-03-11 14:37:54,036{GMT}	INFO	[jepsen worker 2] jepsen.util: 41	:invoke	:generate	nil
2026-03-11 14:37:54,037{GMT}	INFO	[jepsen worker 0] jepsen.util: 48	:invoke	:generate	nil
2026-03-11 14:37:54,040{GMT}	INFO	[jepsen worker 1] jepsen.util: 43	:info	:generate	nil	[:crash "Unexpected exception handling (msg c6 n1 {\"type\":\"generate\",\"msg_id\":15}) : java.lang.UnsupportedOperationException: Not a string: 15\njava.lang.UnsupportedOperationException: Not a string: 15\n\tat com.eclipsesource.json.JsonValue.asString(JsonValue.java:384)\n\tat com.eclipsesource.json.JsonObject.getString(JsonObject.java:674)\n\tat lab.UniqueId$1.accept(UniqueId.java:27)\n\tat lab.UniqueId$1.accept(UniqueId.java:24)\n\tat lab.Node.handleRequest(Node.java:97)\n\tat lab.Node.handleMessage(Node.java:71)\n\tat lab.Node.lambda$run$0(Node.java:44)\n\tat java.base/java.util.concurrent.ThreadPoolExecutor.runWorker(ThreadPoolExecutor.java:1144)\n\tat java.base/java.util.concurrent.ThreadPoolExecutor$Worker.run(ThreadPoolExecutor.java:642)\n\tat java.base/java.lang.Thread.run(Thread.java:1583)\n"]
2026-03-11 14:37:54,040{GMT}	INFO	[jepsen worker 1] jepsen.util: 46	:invoke	:generate	nil
2026-03-11 14:37:54,042{GMT}	INFO	[jepsen worker 2] jepsen.util: 41	:info	:generate	nil	[:crash "Unexpected exception handling (msg c7 n2 {\"type\":\"generate\",\"msg_id\":14}) : java.lang.UnsupportedOperationException: Not a string: 14\njava.lang.UnsupportedOperationException: Not a string: 14\n\tat com.eclipsesource.json.JsonValue.asString(JsonValue.java:384)\n\tat com.eclipsesource.json.JsonObject.getString(JsonObject.java:674)\n\tat lab.UniqueId$1.accept(UniqueId.java:27)\n\tat lab.UniqueId$1.accept(UniqueId.java:24)\n\tat lab.Node.handleRequest(Node.java:97)\n\tat lab.Node.handleMessage(Node.java:71)\n\tat lab.Node.lambda$run$0(Node.java:44)\n\tat java.base/java.util.concurrent.ThreadPoolExecutor.runWorker(ThreadPoolExecutor.java:1144)\n\tat java.base/java.util.concurrent.ThreadPoolExecutor$Worker.run(ThreadPoolExecutor.java:642)\n\tat java.base/java.lang.Thread.run(Thread.java:1583)\n"]
2026-03-11 14:37:54,042{GMT}	INFO	[jepsen worker 2] jepsen.util: 44	:invoke	:generate	nil
2026-03-11 14:37:54,045{GMT}	INFO	[jepsen worker 0] jepsen.util: 48	:info	:generate	nil	[:crash "Unexpected exception handling (msg c8 n0 {\"type\":\"generate\",\"msg_id\":17}) : java.lang.UnsupportedOperationException: Not a string: 17\njava.lang.UnsupportedOperationException: Not a string: 17\n\tat com.eclipsesource.json.JsonValue.asString(JsonValue.java:384)\n\tat com.eclipsesource.json.JsonObject.getString(JsonObject.java:674)\n\tat lab.UniqueId$1.accept(UniqueId.java:27)\n\tat lab.UniqueId$1.accept(UniqueId.java:24)\n\tat lab.Node.handleRequest(Node.java:97)\n\tat lab.Node.handleMessage(Node.java:71)\n\tat lab.Node.lambda$run$0(Node.java:44)\n\tat java.base/java.util.concurrent.ThreadPoolExecutor.runWorker(ThreadPoolExecutor.java:1144)\n\tat java.base/java.util.concurrent.ThreadPoolExecutor$Worker.run(ThreadPoolExecutor.java:642)\n\tat java.base/java.lang.Thread.run(Thread.java:1583)\n"]
2026-03-11 14:37:54,046{GMT}	INFO	[jepsen worker 0] jepsen.util: 51	:invoke	:generate	nil
2026-03-11 14:37:54,050{GMT}	INFO	[jepsen worker 1] jepsen.util: 46	:info	:generate	nil	[:crash "Unexpected exception handling (msg c6 n1 {\"type\":\"generate\",\"msg_id\":16}) : java.lang.UnsupportedOperationException: Not a string: 16\njava.lang.UnsupportedOperationException: Not a string: 16\n\tat com.eclipsesource.json.JsonValue.asString(JsonValue.java:384)\n\tat com.eclipsesource.json.JsonObject.getString(JsonObject.java:674)\n\tat lab.UniqueId$1.accept(UniqueId.java:27)\n\tat lab.UniqueId$1.accept(UniqueId.java:24)\n\tat lab.Node.handleRequest(Node.java:97)\n\tat lab.Node.handleMessage(Node.java:71)\n\tat lab.Node.lambda$run$0(Node.java:44)\n\tat java.base/java.util.concurrent.ThreadPoolExecutor.runWorker(ThreadPoolExecutor.java:1144)\n\tat java.base/java.util.concurrent.ThreadPoolExecutor$Worker.run(ThreadPoolExecutor.java:642)\n\tat java.base/java.lang.Thread.run(Thread.java:1583)\n"]
2026-03-11 14:37:54,053{GMT}	INFO	[jepsen worker 0] jepsen.util: 51	:info	:generate	nil	[:crash "Unexpected exception handling (msg c8 n0 {\"type\":\"generate\",\"msg_id\":18}) : java.lang.UnsupportedOperationException: Not a string: 18\njava.lang.UnsupportedOperationException: Not a string: 18\n\tat com.eclipsesource.json.JsonValue.asString(JsonValue.java:384)\n\tat com.eclipsesource.json.JsonObject.getString(JsonObject.java:674)\n\tat lab.UniqueId$1.accept(UniqueId.java:27)\n\tat lab.UniqueId$1.accept(UniqueId.java:24)\n\tat lab.Node.handleRequest(Node.java:97)\n\tat lab.Node.handleMessage(Node.java:71)\n\tat lab.Node.lambda$run$0(Node.java:44)\n\tat java.base/java.util.concurrent.ThreadPoolExecutor.runWorker(ThreadPoolExecutor.java:1144)\n\tat java.base/java.util.concurrent.ThreadPoolExecutor$Worker.run(ThreadPoolExecutor.java:642)\n\tat java.base/java.lang.Thread.run(Thread.java:1583)\n"]
2026-03-11 14:37:54,053{GMT}	INFO	[jepsen worker 1] jepsen.util: 49	:invoke	:generate	nil
2026-03-11 14:37:54,054{GMT}	INFO	[jepsen worker 0] jepsen.util: 54	:invoke	:generate	nil
2026-03-11 14:37:54,057{GMT}	INFO	[jepsen worker 1] jepsen.util: 49	:info	:generate	nil	[:crash "Unexpected exception handling (msg c6 n1 {\"type\":\"generate\",\"msg_id\":17}) : java.lang.UnsupportedOperationException: Not a string: 17\njava.lang.UnsupportedOperationException: Not a string: 17\n\tat com.eclipsesource.json.JsonValue.asString(JsonValue.java:384)\n\tat com.eclipsesource.json.JsonObject.getString(JsonObject.java:674)\n\tat lab.UniqueId$1.accept(UniqueId.java:27)\n\tat lab.UniqueId$1.accept(UniqueId.java:24)\n\tat lab.Node.handleRequest(Node.java:97)\n\tat lab.Node.handleMessage(Node.java:71)\n\tat lab.Node.lambda$run$0(Node.java:44)\n\tat java.base/java.util.concurrent.ThreadPoolExecutor.runWorker(ThreadPoolExecutor.java:1144)\n\tat java.base/java.util.concurrent.ThreadPoolExecutor$Worker.run(ThreadPoolExecutor.java:642)\n\tat java.base/java.lang.Thread.run(Thread.java:1583)\n"]
2026-03-11 14:37:54,059{GMT}	INFO	[jepsen worker 2] jepsen.util: 44	:info	:generate	nil	[:crash "Unexpected exception handling (msg c7 n2 {\"type\":\"generate\",\"msg_id\":15}) : java.lang.UnsupportedOperationException: Not a string: 15\njava.lang.UnsupportedOperationException: Not a string: 15\n\tat com.eclipsesource.json.JsonValue.asString(JsonValue.java:384)\n\tat com.eclipsesource.json.JsonObject.getString(JsonObject.java:674)\n\tat lab.UniqueId$1.accept(UniqueId.java:27)\n\tat lab.UniqueId$1.accept(UniqueId.java:24)\n\tat lab.Node.handleRequest(Node.java:97)\n\tat lab.Node.handleMessage(Node.java:71)\n\tat lab.Node.lambda$run$0(Node.java:44)\n\tat java.base/java.util.concurrent.ThreadPoolExecutor.runWorker(ThreadPoolExecutor.java:1144)\n\tat java.base/java.util.concurrent.ThreadPoolExecutor$Worker.run(ThreadPoolExecutor.java:642)\n\tat java.base/java.lang.Thread.run(Thread.java:1583)\n"]
2026-03-11 14:37:54,061{GMT}	INFO	[jepsen worker 0] jepsen.util: 54	:info	:generate	nil	[:crash "Unexpected exception handling (msg c8 n0 {\"type\":\"generate\",\"msg_id\":19}) : java.lang.UnsupportedOperationException: Not a string: 19\njava.lang.UnsupportedOperationException: Not a string: 19\n\tat com.eclipsesource.json.JsonValue.asString(JsonValue.java:384)\n\tat com.eclipsesource.json.JsonObject.getString(JsonObject.java:674)\n\tat lab.UniqueId$1.accept(UniqueId.java:27)\n\tat lab.UniqueId$1.accept(UniqueId.java:24)\n\tat lab.Node.handleRequest(Node.java:97)\n\tat lab.Node.handleMessage(Node.java:71)\n\tat lab.Node.lambda$run$0(Node.java:44)\n\tat java.base/java.util.concurrent.ThreadPoolExecutor.runWorker(ThreadPoolExecutor.java:1144)\n\tat java.base/java.util.concurrent.ThreadPoolExecutor$Worker.run(ThreadPoolExecutor.java:642)\n\tat java.base/java.lang.Thread.run(Thread.java:1583)\n"]
2026-03-11 14:37:54,068{GMT}	INFO	[jepsen worker 0] jepsen.util: 57	:invoke	:generate	nil
2026-03-11 14:37:54,068{GMT}	INFO	[jepsen worker 1] jepsen.util: 52	:invoke	:generate	nil
2026-03-11 14:37:54,068{GMT}	INFO	[jepsen worker 2] jepsen.util: 47	:invoke	:generate	nil
2026-03-11 14:37:54,074{GMT}	INFO	[jepsen worker 2] jepsen.util: 47	:info	:generate	nil	[:crash "Unexpected exception handling (msg c7 n2 {\"type\":\"generate\",\"msg_id\":16}) : java.lang.UnsupportedOperationException: Not a string: 16\njava.lang.UnsupportedOperationException: Not a string: 16\n\tat com.eclipsesource.json.JsonValue.asString(JsonValue.java:384)\n\tat com.eclipsesource.json.JsonObject.getString(JsonObject.java:674)\n\tat lab.UniqueId$1.accept(UniqueId.java:27)\n\tat lab.UniqueId$1.accept(UniqueId.java:24)\n\tat lab.Node.handleRequest(Node.java:97)\n\tat lab.Node.handleMessage(Node.java:71)\n\tat lab.Node.lambda$run$0(Node.java:44)\n\tat java.base/java.util.concurrent.ThreadPoolExecutor.runWorker(ThreadPoolExecutor.java:1144)\n\tat java.base/java.util.concurrent.ThreadPoolExecutor$Worker.run(ThreadPoolExecutor.java:642)\n\tat java.base/java.lang.Thread.run(Thread.java:1583)\n"]
2026-03-11 14:37:54,074{GMT}	INFO	[jepsen worker 1] jepsen.util: 52	:info	:generate	nil	[:crash "Unexpected exception handling (msg c6 n1 {\"type\":\"generate\",\"msg_id\":18}) : java.lang.UnsupportedOperationException: Not a string: 18\njava.lang.UnsupportedOperationException: Not a string: 18\n\tat com.eclipsesource.json.JsonValue.asString(JsonValue.java:384)\n\tat com.eclipsesource.json.JsonObject.getString(JsonObject.java:674)\n\tat lab.UniqueId$1.accept(UniqueId.java:27)\n\tat lab.UniqueId$1.accept(UniqueId.java:24)\n\tat lab.Node.handleRequest(Node.java:97)\n\tat lab.Node.handleMessage(Node.java:71)\n\tat lab.Node.lambda$run$0(Node.java:44)\n\tat java.base/java.util.concurrent.ThreadPoolExecutor.runWorker(ThreadPoolExecutor.java:1144)\n\tat java.base/java.util.concurrent.ThreadPoolExecutor$Worker.run(ThreadPoolExecutor.java:642)\n\tat java.base/java.lang.Thread.run(Thread.java:1583)\n"]
2026-03-11 14:37:54,074{GMT}	INFO	[jepsen worker 0] jepsen.util: 57	:info	:generate	nil	[:crash "Unexpected exception handling (msg c8 n0 {\"type\":\"generate\",\"msg_id\":20}) : java.lang.UnsupportedOperationException: Not a string: 20\njava.lang.UnsupportedOperationException: Not a string: 20\n\tat com.eclipsesource.json.JsonValue.asString(JsonValue.java:384)\n\tat com.eclipsesource.json.JsonObject.getString(JsonObject.java:674)\n\tat lab.UniqueId$1.accept(UniqueId.java:27)\n\tat lab.UniqueId$1.accept(UniqueId.java:24)\n\tat lab.Node.handleRequest(Node.java:97)\n\tat lab.Node.handleMessage(Node.java:71)\n\tat lab.Node.lambda$run$0(Node.java:44)\n\tat java.base/java.util.concurrent.ThreadPoolExecutor.runWorker(ThreadPoolExecutor.java:1144)\n\tat java.base/java.util.concurrent.ThreadPoolExecutor$Worker.run(ThreadPoolExecutor.java:642)\n\tat java.base/java.lang.Thread.run(Thread.java:1583)\n"]
2026-03-11 14:37:54,078{GMT}	INFO	[jepsen worker 2] jepsen.util: 50	:invoke	:generate	nil
2026-03-11 14:37:54,083{GMT}	INFO	[jepsen worker 1] jepsen.util: 55	:invoke	:generate	nil
2026-03-11 14:37:54,083{GMT}	INFO	[jepsen worker 0] jepsen.util: 60	:invoke	:generate	nil
2026-03-11 14:37:54,088{GMT}	INFO	[jepsen worker 1] jepsen.util: 55	:info	:generate	nil	[:crash "Unexpected exception handling (msg c6 n1 {\"type\":\"generate\",\"msg_id\":19}) : java.lang.UnsupportedOperationException: Not a string: 19\njava.lang.UnsupportedOperationException: Not a string: 19\n\tat com.eclipsesource.json.JsonValue.asString(JsonValue.java:384)\n\tat com.eclipsesource.json.JsonObject.getString(JsonObject.java:674)\n\tat lab.UniqueId$1.accept(UniqueId.java:27)\n\tat lab.UniqueId$1.accept(UniqueId.java:24)\n\tat lab.Node.handleRequest(Node.java:97)\n\tat lab.Node.handleMessage(Node.java:71)\n\tat lab.Node.lambda$run$0(Node.java:44)\n\tat java.base/java.util.concurrent.ThreadPoolExecutor.runWorker(ThreadPoolExecutor.java:1144)\n\tat java.base/java.util.concurrent.ThreadPoolExecutor$Worker.run(ThreadPoolExecutor.java:642)\n\tat java.base/java.lang.Thread.run(Thread.java:1583)\n"]
2026-03-11 14:37:54,087{GMT}	INFO	[jepsen worker 0] jepsen.util: 60	:info	:generate	nil	[:crash "Unexpected exception handling (msg c8 n0 {\"type\":\"generate\",\"msg_id\":21}) : java.lang.UnsupportedOperationException: Not a string: 21\njava.lang.UnsupportedOperationException: Not a string: 21\n\tat com.eclipsesource.json.JsonValue.asString(JsonValue.java:384)\n\tat com.eclipsesource.json.JsonObject.getString(JsonObject.java:674)\n\tat lab.UniqueId$1.accept(UniqueId.java:27)\n\tat lab.UniqueId$1.accept(UniqueId.java:24)\n\tat lab.Node.handleRequest(Node.java:97)\n\tat lab.Node.handleMessage(Node.java:71)\n\tat lab.Node.lambda$run$0(Node.java:44)\n\tat java.base/java.util.concurrent.ThreadPoolExecutor.runWorker(ThreadPoolExecutor.java:1144)\n\tat java.base/java.util.concurrent.ThreadPoolExecutor$Worker.run(ThreadPoolExecutor.java:642)\n\tat java.base/java.lang.Thread.run(Thread.java:1583)\n"]
2026-03-11 14:37:54,088{GMT}	INFO	[jepsen worker 2] jepsen.util: 50	:info	:generate	nil	[:crash "Unexpected exception handling (msg c7 n2 {\"type\":\"generate\",\"msg_id\":17}) : java.lang.UnsupportedOperationException: Not a string: 17\njava.lang.UnsupportedOperationException: Not a string: 17\n\tat com.eclipsesource.json.JsonValue.asString(JsonValue.java:384)\n\tat com.eclipsesource.json.JsonObject.getString(JsonObject.java:674)\n\tat lab.UniqueId$1.accept(UniqueId.java:27)\n\tat lab.UniqueId$1.accept(UniqueId.java:24)\n\tat lab.Node.handleRequest(Node.java:97)\n\tat lab.Node.handleMessage(Node.java:71)\n\tat lab.Node.lambda$run$0(Node.java:44)\n\tat java.base/java.util.concurrent.ThreadPoolExecutor.runWorker(ThreadPoolExecutor.java:1144)\n\tat java.base/java.util.concurrent.ThreadPoolExecutor$Worker.run(ThreadPoolExecutor.java:642)\n\tat java.base/java.lang.Thread.run(Thread.java:1583)\n"]
2026-03-11 14:37:54,093{GMT}	INFO	[jepsen worker 2] jepsen.util: 53	:invoke	:generate	nil
2026-03-11 14:37:54,093{GMT}	INFO	[jepsen worker 0] jepsen.util: 63	:invoke	:generate	nil
2026-03-11 14:37:54,093{GMT}	INFO	[jepsen worker 1] jepsen.util: 58	:invoke	:generate	nil
2026-03-11 14:37:54,099{GMT}	INFO	[jepsen worker 1] jepsen.util: 58	:info	:generate	nil	[:crash "Unexpected exception handling (msg c6 n1 {\"type\":\"generate\",\"msg_id\":20}) : java.lang.UnsupportedOperationException: Not a string: 20\njava.lang.UnsupportedOperationException: Not a string: 20\n\tat com.eclipsesource.json.JsonValue.asString(JsonValue.java:384)\n\tat com.eclipsesource.json.JsonObject.getString(JsonObject.java:674)\n\tat lab.UniqueId$1.accept(UniqueId.java:27)\n\tat lab.UniqueId$1.accept(UniqueId.java:24)\n\tat lab.Node.handleRequest(Node.java:97)\n\tat lab.Node.handleMessage(Node.java:71)\n\tat lab.Node.lambda$run$0(Node.java:44)\n\tat java.base/java.util.concurrent.ThreadPoolExecutor.runWorker(ThreadPoolExecutor.java:1144)\n\tat java.base/java.util.concurrent.ThreadPoolExecutor$Worker.run(ThreadPoolExecutor.java:642)\n\tat java.base/java.lang.Thread.run(Thread.java:1583)\n"]
2026-03-11 14:37:54,099{GMT}	INFO	[jepsen worker 2] jepsen.util: 53	:info	:generate	nil	[:crash "Unexpected exception handling (msg c7 n2 {\"type\":\"generate\",\"msg_id\":18}) : java.lang.UnsupportedOperationException: Not a string: 18\njava.lang.UnsupportedOperationException: Not a string: 18\n\tat com.eclipsesource.json.JsonValue.asString(JsonValue.java:384)\n\tat com.eclipsesource.json.JsonObject.getString(JsonObject.java:674)\n\tat lab.UniqueId$1.accept(UniqueId.java:27)\n\tat lab.UniqueId$1.accept(UniqueId.java:24)\n\tat lab.Node.handleRequest(Node.java:97)\n\tat lab.Node.handleMessage(Node.java:71)\n\tat lab.Node.lambda$run$0(Node.java:44)\n\tat java.base/java.util.concurrent.ThreadPoolExecutor.runWorker(ThreadPoolExecutor.java:1144)\n\tat java.base/java.util.concurrent.ThreadPoolExecutor$Worker.run(ThreadPoolExecutor.java:642)\n\tat java.base/java.lang.Thread.run(Thread.java:1583)\n"]
2026-03-11 14:37:54,104{GMT}	INFO	[jepsen worker 1] jepsen.util: 61	:invoke	:generate	nil
2026-03-11 14:37:54,100{GMT}	INFO	[jepsen worker 0] jepsen.util: 63	:info	:generate	nil	[:crash "Unexpected exception handling (msg c8 n0 {\"type\":\"generate\",\"msg_id\":22}) : java.lang.UnsupportedOperationException: Not a string: 22\njava.lang.UnsupportedOperationException: Not a string: 22\n\tat com.eclipsesource.json.JsonValue.asString(JsonValue.java:384)\n\tat com.eclipsesource.json.JsonObject.getString(JsonObject.java:674)\n\tat lab.UniqueId$1.accept(UniqueId.java:27)\n\tat lab.UniqueId$1.accept(UniqueId.java:24)\n\tat lab.Node.handleRequest(Node.java:97)\n\tat lab.Node.handleMessage(Node.java:71)\n\tat lab.Node.lambda$run$0(Node.java:44)\n\tat java.base/java.util.concurrent.ThreadPoolExecutor.runWorker(ThreadPoolExecutor.java:1144)\n\tat java.base/java.util.concurrent.ThreadPoolExecutor$Worker.run(ThreadPoolExecutor.java:642)\n\tat java.base/java.lang.Thread.run(Thread.java:1583)\n"]
2026-03-11 14:37:54,111{GMT}	INFO	[jepsen worker 0] jepsen.util: 66	:invoke	:generate	nil
2026-03-11 14:37:54,111{GMT}	INFO	[jepsen worker 2] jepsen.util: 56	:invoke	:generate	nil
2026-03-11 14:37:54,117{GMT}	INFO	[jepsen worker 2] jepsen.util: 56	:info	:generate	nil	[:crash "Unexpected exception handling (msg c7 n2 {\"type\":\"generate\",\"msg_id\":19}) : java.lang.UnsupportedOperationException: Not a string: 19\njava.lang.UnsupportedOperationException: Not a string: 19\n\tat com.eclipsesource.json.JsonValue.asString(JsonValue.java:384)\n\tat com.eclipsesource.json.JsonObject.getString(JsonObject.java:674)\n\tat lab.UniqueId$1.accept(UniqueId.java:27)\n\tat lab.UniqueId$1.accept(UniqueId.java:24)\n\tat lab.Node.handleRequest(Node.java:97)\n\tat lab.Node.handleMessage(Node.java:71)\n\tat lab.Node.lambda$run$0(Node.java:44)\n\tat java.base/java.util.concurrent.ThreadPoolExecutor.runWorker(ThreadPoolExecutor.java:1144)\n\tat java.base/java.util.concurrent.ThreadPoolExecutor$Worker.run(ThreadPoolExecutor.java:642)\n\tat java.base/java.lang.Thread.run(Thread.java:1583)\n"]
2026-03-11 14:37:54,118{GMT}	INFO	[jepsen worker 2] jepsen.util: 59	:invoke	:generate	nil
2026-03-11 14:37:54,118{GMT}	INFO	[jepsen worker 1] jepsen.util: 61	:info	:generate	nil	[:crash "Unexpected exception handling (msg c6 n1 {\"type\":\"generate\",\"msg_id\":21}) : java.lang.UnsupportedOperationException: Not a string: 21\njava.lang.UnsupportedOperationException: Not a string: 21\n\tat com.eclipsesource.json.JsonValue.asString(JsonValue.java:384)\n\tat com.eclipsesource.json.JsonObject.getString(JsonObject.java:674)\n\tat lab.UniqueId$1.accept(UniqueId.java:27)\n\tat lab.UniqueId$1.accept(UniqueId.java:24)\n\tat lab.Node.handleRequest(Node.java:97)\n\tat lab.Node.handleMessage(Node.java:71)\n\tat lab.Node.lambda$run$0(Node.java:44)\n\tat java.base/java.util.concurrent.ThreadPoolExecutor.runWorker(ThreadPoolExecutor.java:1144)\n\tat java.base/java.util.concurrent.ThreadPoolExecutor$Worker.run(ThreadPoolExecutor.java:642)\n\tat java.base/java.lang.Thread.run(Thread.java:1583)\n"]
2026-03-11 14:37:54,117{GMT}	INFO	[jepsen worker 0] jepsen.util: 66	:info	:generate	nil	[:crash "Unexpected exception handling (msg c8 n0 {\"type\":\"generate\",\"msg_id\":23}) : java.lang.UnsupportedOperationException: Not a string: 23\njava.lang.UnsupportedOperationException: Not a string: 23\n\tat com.eclipsesource.json.JsonValue.asString(JsonValue.java:384)\n\tat com.eclipsesource.json.JsonObject.getString(JsonObject.java:674)\n\tat lab.UniqueId$1.accept(UniqueId.java:27)\n\tat lab.UniqueId$1.accept(UniqueId.java:24)\n\tat lab.Node.handleRequest(Node.java:97)\n\tat lab.Node.handleMessage(Node.java:71)\n\tat lab.Node.lambda$run$0(Node.java:44)\n\tat java.base/java.util.concurrent.ThreadPoolExecutor.runWorker(ThreadPoolExecutor.java:1144)\n\tat java.base/java.util.concurrent.ThreadPoolExecutor$Worker.run(ThreadPoolExecutor.java:642)\n\tat java.base/java.lang.Thread.run(Thread.java:1583)\n"]
2026-03-11 14:37:54,119{GMT}	INFO	[jepsen worker 0] jepsen.util: 69	:invoke	:generate	nil
2026-03-11 14:37:54,120{GMT}	INFO	[jepsen worker 1] jepsen.util: 64	:invoke	:generate	nil
2026-03-11 14:37:54,123{GMT}	INFO	[jepsen worker 0] jepsen.util: 69	:info	:generate	nil	[:crash "Unexpected exception handling (msg c8 n0 {\"type\":\"generate\",\"msg_id\":24}) : java.lang.UnsupportedOperationException: Not a string: 24\njava.lang.UnsupportedOperationException: Not a string: 24\n\tat com.eclipsesource.json.JsonValue.asString(JsonValue.java:384)\n\tat com.eclipsesource.json.JsonObject.getString(JsonObject.java:674)\n\tat lab.UniqueId$1.accept(UniqueId.java:27)\n\tat lab.UniqueId$1.accept(UniqueId.java:24)\n\tat lab.Node.handleRequest(Node.java:97)\n\tat lab.Node.handleMessage(Node.java:71)\n\tat lab.Node.lambda$run$0(Node.java:44)\n\tat java.base/java.util.concurrent.ThreadPoolExecutor.runWorker(ThreadPoolExecutor.java:1144)\n\tat java.base/java.util.concurrent.ThreadPoolExecutor$Worker.run(ThreadPoolExecutor.java:642)\n\tat java.base/java.lang.Thread.run(Thread.java:1583)\n"]
2026-03-11 14:37:54,124{GMT}	INFO	[jepsen worker 0] jepsen.util: 72	:invoke	:generate	nil
2026-03-11 14:37:54,124{GMT}	INFO	[jepsen worker 2] jepsen.util: 59	:info	:generate	nil	[:crash "Unexpected exception handling (msg c7 n2 {\"type\":\"generate\",\"msg_id\":20}) : java.lang.UnsupportedOperationException: Not a string: 20\njava.lang.UnsupportedOperationException: Not a string: 20\n\tat com.eclipsesource.json.JsonValue.asString(JsonValue.java:384)\n\tat com.eclipsesource.json.JsonObject.getString(JsonObject.java:674)\n\tat lab.UniqueId$1.accept(UniqueId.java:27)\n\tat lab.UniqueId$1.accept(UniqueId.java:24)\n\tat lab.Node.handleRequest(Node.java:97)\n\tat lab.Node.handleMessage(Node.java:71)\n\tat lab.Node.lambda$run$0(Node.java:44)\n\tat java.base/java.util.concurrent.ThreadPoolExecutor.runWorker(ThreadPoolExecutor.java:1144)\n\tat java.base/java.util.concurrent.ThreadPoolExecutor$Worker.run(ThreadPoolExecutor.java:642)\n\tat java.base/java.lang.Thread.run(Thread.java:1583)\n"]
2026-03-11 14:37:54,124{GMT}	INFO	[jepsen worker 1] jepsen.util: 64	:info	:generate	nil	[:crash "Unexpected exception handling (msg c6 n1 {\"type\":\"generate\",\"msg_id\":22}) : java.lang.UnsupportedOperationException: Not a string: 22\njava.lang.UnsupportedOperationException: Not a string: 22\n\tat com.eclipsesource.json.JsonValue.asString(JsonValue.java:384)\n\tat com.eclipsesource.json.JsonObject.getString(JsonObject.java:674)\n\tat lab.UniqueId$1.accept(UniqueId.java:27)\n\tat lab.UniqueId$1.accept(UniqueId.java:24)\n\tat lab.Node.handleRequest(Node.java:97)\n\tat lab.Node.handleMessage(Node.java:71)\n\tat lab.Node.lambda$run$0(Node.java:44)\n\tat java.base/java.util.concurrent.ThreadPoolExecutor.runWorker(ThreadPoolExecutor.java:1144)\n\tat java.base/java.util.concurrent.ThreadPoolExecutor$Worker.run(ThreadPoolExecutor.java:642)\n\tat java.base/java.lang.Thread.run(Thread.java:1583)\n"]
2026-03-11 14:37:54,126{GMT}	INFO	[jepsen worker 2] jepsen.util: 62	:invoke	:generate	nil
2026-03-11 14:37:54,127{GMT}	INFO	[jepsen worker 1] jepsen.util: 67	:invoke	:generate	nil
2026-03-11 14:37:54,127{GMT}	INFO	[jepsen worker 0] jepsen.util: 72	:info	:generate	nil	[:crash "Unexpected exception handling (msg c8 n0 {\"type\":\"generate\",\"msg_id\":25}) : java.lang.UnsupportedOperationException: Not a string: 25\njava.lang.UnsupportedOperationException: Not a string: 25\n\tat com.eclipsesource.json.JsonValue.asString(JsonValue.java:384)\n\tat com.eclipsesource.json.JsonObject.getString(JsonObject.java:674)\n\tat lab.UniqueId$1.accept(UniqueId.java:27)\n\tat lab.UniqueId$1.accept(UniqueId.java:24)\n\tat lab.Node.handleRequest(Node.java:97)\n\tat lab.Node.handleMessage(Node.java:71)\n\tat lab.Node.lambda$run$0(Node.java:44)\n\tat java.base/java.util.concurrent.ThreadPoolExecutor.runWorker(ThreadPoolExecutor.java:1144)\n\tat java.base/java.util.concurrent.ThreadPoolExecutor$Worker.run(ThreadPoolExecutor.java:642)\n\tat java.base/java.lang.Thread.run(Thread.java:1583)\n"]
2026-03-11 14:37:54,128{GMT}	INFO	[jepsen worker 0] jepsen.util: 75	:invoke	:generate	nil
2026-03-11 14:37:54,130{GMT}	INFO	[jepsen worker 1] jepsen.util: 67	:info	:generate	nil	[:crash "Unexpected exception handling (msg c6 n1 {\"type\":\"generate\",\"msg_id\":23}) : java.lang.UnsupportedOperationException: Not a string: 23\njava.lang.UnsupportedOperationException: Not a string: 23\n\tat com.eclipsesource.json.JsonValue.asString(JsonValue.java:384)\n\tat com.eclipsesource.json.JsonObject.getString(JsonObject.java:674)\n\tat lab.UniqueId$1.accept(UniqueId.java:27)\n\tat lab.UniqueId$1.accept(UniqueId.java:24)\n\tat lab.Node.handleRequest(Node.java:97)\n\tat lab.Node.handleMessage(Node.java:71)\n\tat lab.Node.lambda$run$0(Node.java:44)\n\tat java.base/java.util.concurrent.ThreadPoolExecutor.runWorker(ThreadPoolExecutor.java:1144)\n\tat java.base/java.util.concurrent.ThreadPoolExecutor$Worker.run(ThreadPoolExecutor.java:642)\n\tat java.base/java.lang.Thread.run(Thread.java:1583)\n"]
2026-03-11 14:37:54,132{GMT}	INFO	[jepsen worker 1] jepsen.util: 70	:invoke	:generate	nil
2026-03-11 14:37:54,131{GMT}	INFO	[jepsen worker 0] jepsen.util: 75	:info	:generate	nil	[:crash "Unexpected exception handling (msg c8 n0 {\"type\":\"generate\",\"msg_id\":26}) : java.lang.UnsupportedOperationException: Not a string: 26\njava.lang.UnsupportedOperationException: Not a string: 26\n\tat com.eclipsesource.json.JsonValue.asString(JsonValue.java:384)\n\tat com.eclipsesource.json.JsonObject.getString(JsonObject.java:674)\n\tat lab.UniqueId$1.accept(UniqueId.java:27)\n\tat lab.UniqueId$1.accept(UniqueId.java:24)\n\tat lab.Node.handleRequest(Node.java:97)\n\tat lab.Node.handleMessage(Node.java:71)\n\tat lab.Node.lambda$run$0(Node.java:44)\n\tat java.base/java.util.concurrent.ThreadPoolExecutor.runWorker(ThreadPoolExecutor.java:1144)\n\tat java.base/java.util.concurrent.ThreadPoolExecutor$Worker.run(ThreadPoolExecutor.java:642)\n\tat java.base/java.lang.Thread.run(Thread.java:1583)\n"]
2026-03-11 14:37:54,131{GMT}	INFO	[jepsen worker 2] jepsen.util: 62	:info	:generate	nil	[:crash "Unexpected exception handling (msg c7 n2 {\"type\":\"generate\",\"msg_id\":21}) : java.lang.UnsupportedOperationException: Not a string: 21\njava.lang.UnsupportedOperationException: Not a string: 21\n\tat com.eclipsesource.json.JsonValue.asString(JsonValue.java:384)\n\tat com.eclipsesource.json.JsonObject.getString(JsonObject.java:674)\n\tat lab.UniqueId$1.accept(UniqueId.java:27)\n\tat lab.UniqueId$1.accept(UniqueId.java:24)\n\tat lab.Node.handleRequest(Node.java:97)\n\tat lab.Node.handleMessage(Node.java:71)\n\tat lab.Node.lambda$run$0(Node.java:44)\n\tat java.base/java.util.concurrent.ThreadPoolExecutor.runWorker(ThreadPoolExecutor.java:1144)\n\tat java.base/java.util.concurrent.ThreadPoolExecutor$Worker.run(ThreadPoolExecutor.java:642)\n\tat java.base/java.lang.Thread.run(Thread.java:1583)\n"]
2026-03-11 14:37:54,133{GMT}	INFO	[jepsen worker 2] jepsen.util: 65	:invoke	:generate	nil
2026-03-11 14:37:54,134{GMT}	INFO	[jepsen worker 0] jepsen.util: 78	:invoke	:generate	nil
2026-03-11 14:37:54,135{GMT}	INFO	[jepsen worker 1] jepsen.util: 70	:info	:generate	nil	[:crash "Unexpected exception handling (msg c6 n1 {\"type\":\"generate\",\"msg_id\":24}) : java.lang.UnsupportedOperationException: Not a string: 24\njava.lang.UnsupportedOperationException: Not a string: 24\n\tat com.eclipsesource.json.JsonValue.asString(JsonValue.java:384)\n\tat com.eclipsesource.json.JsonObject.getString(JsonObject.java:674)\n\tat lab.UniqueId$1.accept(UniqueId.java:27)\n\tat lab.UniqueId$1.accept(UniqueId.java:24)\n\tat lab.Node.handleRequest(Node.java:97)\n\tat lab.Node.handleMessage(Node.java:71)\n\tat lab.Node.lambda$run$0(Node.java:44)\n\tat java.base/java.util.concurrent.ThreadPoolExecutor.runWorker(ThreadPoolExecutor.java:1144)\n\tat java.base/java.util.concurrent.ThreadPoolExecutor$Worker.run(ThreadPoolExecutor.java:642)\n\tat java.base/java.lang.Thread.run(Thread.java:1583)\n"]
2026-03-11 14:37:54,136{GMT}	INFO	[jepsen worker 1] jepsen.util: 73	:invoke	:generate	nil
2026-03-11 14:37:54,137{GMT}	INFO	[jepsen worker 2] jepsen.util: 65	:info	:generate	nil	[:crash "Unexpected exception handling (msg c7 n2 {\"type\":\"generate\",\"msg_id\":22}) : java.lang.UnsupportedOperationException: Not a string: 22\njava.lang.UnsupportedOperationException: Not a string: 22\n\tat com.eclipsesource.json.JsonValue.asString(JsonValue.java:384)\n\tat com.eclipsesource.json.JsonObject.getString(JsonObject.java:674)\n\tat lab.UniqueId$1.accept(UniqueId.java:27)\n\tat lab.UniqueId$1.accept(UniqueId.java:24)\n\tat lab.Node.handleRequest(Node.java:97)\n\tat lab.Node.handleMessage(Node.java:71)\n\tat lab.Node.lambda$run$0(Node.java:44)\n\tat java.base/java.util.concurrent.ThreadPoolExecutor.runWorker(ThreadPoolExecutor.java:1144)\n\tat java.base/java.util.concurrent.ThreadPoolExecutor$Worker.run(ThreadPoolExecutor.java:642)\n\tat java.base/java.lang.Thread.run(Thread.java:1583)\n"]
2026-03-11 14:37:54,138{GMT}	INFO	[jepsen worker 2] jepsen.util: 68	:invoke	:generate	nil
2026-03-11 14:37:54,139{GMT}	INFO	[jepsen worker 1] jepsen.util: 73	:info	:generate	nil	[:crash "Unexpected exception handling (msg c6 n1 {\"type\":\"generate\",\"msg_id\":25}) : java.lang.UnsupportedOperationException: Not a string: 25\njava.lang.UnsupportedOperationException: Not a string: 25\n\tat com.eclipsesource.json.JsonValue.asString(JsonValue.java:384)\n\tat com.eclipsesource.json.JsonObject.getString(JsonObject.java:674)\n\tat lab.UniqueId$1.accept(UniqueId.java:27)\n\tat lab.UniqueId$1.accept(UniqueId.java:24)\n\tat lab.Node.handleRequest(Node.java:97)\n\tat lab.Node.handleMessage(Node.java:71)\n\tat lab.Node.lambda$run$0(Node.java:44)\n\tat java.base/java.util.concurrent.ThreadPoolExecutor.runWorker(ThreadPoolExecutor.java:1144)\n\tat java.base/java.util.concurrent.ThreadPoolExecutor$Worker.run(ThreadPoolExecutor.java:642)\n\tat java.base/java.lang.Thread.run(Thread.java:1583)\n"]
2026-03-11 14:37:54,141{GMT}	INFO	[jepsen worker 0] jepsen.util: 78	:info	:generate	nil	[:crash "Unexpected exception handling (msg c8 n0 {\"type\":\"generate\",\"msg_id\":27}) : java.lang.UnsupportedOperationException: Not a string: 27\njava.lang.UnsupportedOperationException: Not a string: 27\n\tat com.eclipsesource.json.JsonValue.asString(JsonValue.java:384)\n\tat com.eclipsesource.json.JsonObject.getString(JsonObject.java:674)\n\tat lab.UniqueId$1.accept(UniqueId.java:27)\n\tat lab.UniqueId$1.accept(UniqueId.java:24)\n\tat lab.Node.handleRequest(Node.java:97)\n\tat lab.Node.handleMessage(Node.java:71)\n\tat lab.Node.lambda$run$0(Node.java:44)\n\tat java.base/java.util.concurrent.ThreadPoolExecutor.runWorker(ThreadPoolExecutor.java:1144)\n\tat java.base/java.util.concurrent.ThreadPoolExecutor$Worker.run(ThreadPoolExecutor.java:642)\n\tat java.base/java.lang.Thread.run(Thread.java:1583)\n"]
2026-03-11 14:37:54,142{GMT}	INFO	[jepsen worker 2] jepsen.util: 68	:info	:generate	nil	[:crash "Unexpected exception handling (msg c7 n2 {\"type\":\"generate\",\"msg_id\":23}) : java.lang.UnsupportedOperationException: Not a string: 23\njava.lang.UnsupportedOperationException: Not a string: 23\n\tat com.eclipsesource.json.JsonValue.asString(JsonValue.java:384)\n\tat com.eclipsesource.json.JsonObject.getString(JsonObject.java:674)\n\tat lab.UniqueId$1.accept(UniqueId.java:27)\n\tat lab.UniqueId$1.accept(UniqueId.java:24)\n\tat lab.Node.handleRequest(Node.java:97)\n\tat lab.Node.handleMessage(Node.java:71)\n\tat lab.Node.lambda$run$0(Node.java:44)\n\tat java.base/java.util.concurrent.ThreadPoolExecutor.runWorker(ThreadPoolExecutor.java:1144)\n\tat java.base/java.util.concurrent.ThreadPoolExecutor$Worker.run(ThreadPoolExecutor.java:642)\n\tat java.base/java.lang.Thread.run(Thread.java:1583)\n"]
2026-03-11 14:37:54,143{GMT}	INFO	[jepsen worker 2] jepsen.util: 71	:invoke	:generate	nil
2026-03-11 14:37:54,143{GMT}	INFO	[jepsen worker 1] jepsen.util: 76	:invoke	:generate	nil
2026-03-11 14:37:54,145{GMT}	INFO	[jepsen worker 0] jepsen.util: 81	:invoke	:generate	nil
2026-03-11 14:37:54,149{GMT}	INFO	[jepsen worker 0] jepsen.util: 81	:info	:generate	nil	[:crash "Unexpected exception handling (msg c8 n0 {\"type\":\"generate\",\"msg_id\":28}) : java.lang.UnsupportedOperationException: Not a string: 28\njava.lang.UnsupportedOperationException: Not a string: 28\n\tat com.eclipsesource.json.JsonValue.asString(JsonValue.java:384)\n\tat com.eclipsesource.json.JsonObject.getString(JsonObject.java:674)\n\tat lab.UniqueId$1.accept(UniqueId.java:27)\n\tat lab.UniqueId$1.accept(UniqueId.java:24)\n\tat lab.Node.handleRequest(Node.java:97)\n\tat lab.Node.handleMessage(Node.java:71)\n\tat lab.Node.lambda$run$0(Node.java:44)\n\tat java.base/java.util.concurrent.ThreadPoolExecutor.runWorker(ThreadPoolExecutor.java:1144)\n\tat java.base/java.util.concurrent.ThreadPoolExecutor$Worker.run(ThreadPoolExecutor.java:642)\n\tat java.base/java.lang.Thread.run(Thread.java:1583)\n"]
2026-03-11 14:37:54,147{GMT}	INFO	[jepsen worker 2] jepsen.util: 71	:info	:generate	nil	[:crash "Unexpected exception handling (msg c7 n2 {\"type\":\"generate\",\"msg_id\":24}) : java.lang.UnsupportedOperationException: Not a string: 24\njava.lang.UnsupportedOperationException: Not a string: 24\n\tat com.eclipsesource.json.JsonValue.asString(JsonValue.java:384)\n\tat com.eclipsesource.json.JsonObject.getString(JsonObject.java:674)\n\tat lab.UniqueId$1.accept(UniqueId.java:27)\n\tat lab.UniqueId$1.accept(UniqueId.java:24)\n\tat lab.Node.handleRequest(Node.java:97)\n\tat lab.Node.handleMessage(Node.java:71)\n\tat lab.Node.lambda$run$0(Node.java:44)\n\tat java.base/java.util.concurrent.ThreadPoolExecutor.runWorker(ThreadPoolExecutor.java:1144)\n\tat java.base/java.util.concurrent.ThreadPoolExecutor$Worker.run(ThreadPoolExecutor.java:642)\n\tat java.base/java.lang.Thread.run(Thread.java:1583)\n"]
2026-03-11 14:37:54,148{GMT}	INFO	[jepsen worker 1] jepsen.util: 76	:info	:generate	nil	[:crash "Unexpected exception handling (msg c6 n1 {\"type\":\"generate\",\"msg_id\":26}) : java.lang.UnsupportedOperationException: Not a string: 26\njava.lang.UnsupportedOperationException: Not a string: 26\n\tat com.eclipsesource.json.JsonValue.asString(JsonValue.java:384)\n\tat com.eclipsesource.json.JsonObject.getString(JsonObject.java:674)\n\tat lab.UniqueId$1.accept(UniqueId.java:27)\n\tat lab.UniqueId$1.accept(UniqueId.java:24)\n\tat lab.Node.handleRequest(Node.java:97)\n\tat lab.Node.handleMessage(Node.java:71)\n\tat lab.Node.lambda$run$0(Node.java:44)\n\tat java.base/java.util.concurrent.ThreadPoolExecutor.runWorker(ThreadPoolExecutor.java:1144)\n\tat java.base/java.util.concurrent.ThreadPoolExecutor$Worker.run(ThreadPoolExecutor.java:642)\n\tat java.base/java.lang.Thread.run(Thread.java:1583)\n"]
2026-03-11 14:37:54,164{GMT}	INFO	[jepsen worker 1] jepsen.util: 79	:invoke	:generate	nil
2026-03-11 14:37:54,164{GMT}	INFO	[jepsen worker 0] jepsen.util: 84	:invoke	:generate	nil
2026-03-11 14:37:54,164{GMT}	INFO	[jepsen worker 2] jepsen.util: 74	:invoke	:generate	nil
2026-03-11 14:37:54,168{GMT}	INFO	[jepsen worker 1] jepsen.util: 79	:info	:generate	nil	[:crash "Unexpected exception handling (msg c6 n1 {\"type\":\"generate\",\"msg_id\":27}) : java.lang.UnsupportedOperationException: Not a string: 27\njava.lang.UnsupportedOperationException: Not a string: 27\n\tat com.eclipsesource.json.JsonValue.asString(JsonValue.java:384)\n\tat com.eclipsesource.json.JsonObject.getString(JsonObject.java:674)\n\tat lab.UniqueId$1.accept(UniqueId.java:27)\n\tat lab.UniqueId$1.accept(UniqueId.java:24)\n\tat lab.Node.handleRequest(Node.java:97)\n\tat lab.Node.handleMessage(Node.java:71)\n\tat lab.Node.lambda$run$0(Node.java:44)\n\tat java.base/java.util.concurrent.ThreadPoolExecutor.runWorker(ThreadPoolExecutor.java:1144)\n\tat java.base/java.util.concurrent.ThreadPoolExecutor$Worker.run(ThreadPoolExecutor.java:642)\n\tat java.base/java.lang.Thread.run(Thread.java:1583)\n"]
2026-03-11 14:37:54,168{GMT}	INFO	[jepsen worker 2] jepsen.util: 74	:info	:generate	nil	[:crash "Unexpected exception handling (msg c7 n2 {\"type\":\"generate\",\"msg_id\":25}) : java.lang.UnsupportedOperationException: Not a string: 25\njava.lang.UnsupportedOperationException: Not a string: 25\n\tat com.eclipsesource.json.JsonValue.asString(JsonValue.java:384)\n\tat com.eclipsesource.json.JsonObject.getString(JsonObject.java:674)\n\tat lab.UniqueId$1.accept(UniqueId.java:27)\n\tat lab.UniqueId$1.accept(UniqueId.java:24)\n\tat lab.Node.handleRequest(Node.java:97)\n\tat lab.Node.handleMessage(Node.java:71)\n\tat lab.Node.lambda$run$0(Node.java:44)\n\tat java.base/java.util.concurrent.ThreadPoolExecutor.runWorker(ThreadPoolExecutor.java:1144)\n\tat java.base/java.util.concurrent.ThreadPoolExecutor$Worker.run(ThreadPoolExecutor.java:642)\n\tat java.base/java.lang.Thread.run(Thread.java:1583)\n"]
2026-03-11 14:37:54,168{GMT}	INFO	[jepsen worker 0] jepsen.util: 84	:info	:generate	nil	[:crash "Unexpected exception handling (msg c8 n0 {\"type\":\"generate\",\"msg_id\":29}) : java.lang.UnsupportedOperationException: Not a string: 29\njava.lang.UnsupportedOperationException: Not a string: 29\n\tat com.eclipsesource.json.JsonValue.asString(JsonValue.java:384)\n\tat com.eclipsesource.json.JsonObject.getString(JsonObject.java:674)\n\tat lab.UniqueId$1.accept(UniqueId.java:27)\n\tat lab.UniqueId$1.accept(UniqueId.java:24)\n\tat lab.Node.handleRequest(Node.java:97)\n\tat lab.Node.handleMessage(Node.java:71)\n\tat lab.Node.lambda$run$0(Node.java:44)\n\tat java.base/java.util.concurrent.ThreadPoolExecutor.runWorker(ThreadPoolExecutor.java:1144)\n\tat java.base/java.util.concurrent.ThreadPoolExecutor$Worker.run(ThreadPoolExecutor.java:642)\n\tat java.base/java.lang.Thread.run(Thread.java:1583)\n"]
2026-03-11 14:37:54,168{GMT}	INFO	[jepsen worker 0] jepsen.util: 87	:invoke	:generate	nil
2026-03-11 14:37:54,170{GMT}	INFO	[jepsen worker 1] jepsen.util: 82	:invoke	:generate	nil
2026-03-11 14:37:54,171{GMT}	INFO	[jepsen worker 0] jepsen.util: 87	:info	:generate	nil	[:crash "Unexpected exception handling (msg c8 n0 {\"type\":\"generate\",\"msg_id\":30}) : java.lang.UnsupportedOperationException: Not a string: 30\njava.lang.UnsupportedOperationException: Not a string: 30\n\tat com.eclipsesource.json.JsonValue.asString(JsonValue.java:384)\n\tat com.eclipsesource.json.JsonObject.getString(JsonObject.java:674)\n\tat lab.UniqueId$1.accept(UniqueId.java:27)\n\tat lab.UniqueId$1.accept(UniqueId.java:24)\n\tat lab.Node.handleRequest(Node.java:97)\n\tat lab.Node.handleMessage(Node.java:71)\n\tat lab.Node.lambda$run$0(Node.java:44)\n\tat java.base/java.util.concurrent.ThreadPoolExecutor.runWorker(ThreadPoolExecutor.java:1144)\n\tat java.base/java.util.concurrent.ThreadPoolExecutor$Worker.run(ThreadPoolExecutor.java:642)\n\tat java.base/java.lang.Thread.run(Thread.java:1583)\n"]
2026-03-11 14:37:54,171{GMT}	INFO	[jepsen worker 2] jepsen.util: 77	:invoke	:generate	nil
2026-03-11 14:37:54,173{GMT}	INFO	[jepsen worker 1] jepsen.util: 82	:info	:generate	nil	[:crash "Unexpected exception handling (msg c6 n1 {\"type\":\"generate\",\"msg_id\":28}) : java.lang.UnsupportedOperationException: Not a string: 28\njava.lang.UnsupportedOperationException: Not a string: 28\n\tat com.eclipsesource.json.JsonValue.asString(JsonValue.java:384)\n\tat com.eclipsesource.json.JsonObject.getString(JsonObject.java:674)\n\tat lab.UniqueId$1.accept(UniqueId.java:27)\n\tat lab.UniqueId$1.accept(UniqueId.java:24)\n\tat lab.Node.handleRequest(Node.java:97)\n\tat lab.Node.handleMessage(Node.java:71)\n\tat lab.Node.lambda$run$0(Node.java:44)\n\tat java.base/java.util.concurrent.ThreadPoolExecutor.runWorker(ThreadPoolExecutor.java:1144)\n\tat java.base/java.util.concurrent.ThreadPoolExecutor$Worker.run(ThreadPoolExecutor.java:642)\n\tat java.base/java.lang.Thread.run(Thread.java:1583)\n"]
2026-03-11 14:37:54,173{GMT}	INFO	[jepsen worker 0] jepsen.util: 90	:invoke	:generate	nil
2026-03-11 14:37:54,174{GMT}	INFO	[jepsen worker 1] jepsen.util: 85	:invoke	:generate	nil
2026-03-11 14:37:54,177{GMT}	INFO	[jepsen worker 1] jepsen.util: 85	:info	:generate	nil	[:crash "Unexpected exception handling (msg c6 n1 {\"type\":\"generate\",\"msg_id\":29}) : java.lang.UnsupportedOperationException: Not a string: 29\njava.lang.UnsupportedOperationException: Not a string: 29\n\tat com.eclipsesource.json.JsonValue.asString(JsonValue.java:384)\n\tat com.eclipsesource.json.JsonObject.getString(JsonObject.java:674)\n\tat lab.UniqueId$1.accept(UniqueId.java:27)\n\tat lab.UniqueId$1.accept(UniqueId.java:24)\n\tat lab.Node.handleRequest(Node.java:97)\n\tat lab.Node.handleMessage(Node.java:71)\n\tat lab.Node.lambda$run$0(Node.java:44)\n\tat java.base/java.util.concurrent.ThreadPoolExecutor.runWorker(ThreadPoolExecutor.java:1144)\n\tat java.base/java.util.concurrent.ThreadPoolExecutor$Worker.run(ThreadPoolExecutor.java:642)\n\tat java.base/java.lang.Thread.run(Thread.java:1583)\n"]
2026-03-11 14:37:54,177{GMT}	INFO	[jepsen worker 2] jepsen.util: 77	:info	:generate	nil	[:crash "Unexpected exception handling (msg c7 n2 {\"type\":\"generate\",\"msg_id\":26}) : java.lang.UnsupportedOperationException: Not a string: 26\njava.lang.UnsupportedOperationException: Not a string: 26\n\tat com.eclipsesource.json.JsonValue.asString(JsonValue.java:384)\n\tat com.eclipsesource.json.JsonObject.getString(JsonObject.java:674)\n\tat lab.UniqueId$1.accept(UniqueId.java:27)\n\tat lab.UniqueId$1.accept(UniqueId.java:24)\n\tat lab.Node.handleRequest(Node.java:97)\n\tat lab.Node.handleMessage(Node.java:71)\n\tat lab.Node.lambda$run$0(Node.java:44)\n\tat java.base/java.util.concurrent.ThreadPoolExecutor.runWorker(ThreadPoolExecutor.java:1144)\n\tat java.base/java.util.concurrent.ThreadPoolExecutor$Worker.run(ThreadPoolExecutor.java:642)\n\tat java.base/java.lang.Thread.run(Thread.java:1583)\n"]
2026-03-11 14:37:54,177{GMT}	INFO	[jepsen worker 1] jepsen.util: 88	:invoke	:generate	nil
2026-03-11 14:37:54,177{GMT}	INFO	[jepsen worker 0] jepsen.util: 90	:info	:generate	nil	[:crash "Unexpected exception handling (msg c8 n0 {\"type\":\"generate\",\"msg_id\":31}) : java.lang.UnsupportedOperationException: Not a string: 31\njava.lang.UnsupportedOperationException: Not a string: 31\n\tat com.eclipsesource.json.JsonValue.asString(JsonValue.java:384)\n\tat com.eclipsesource.json.JsonObject.getString(JsonObject.java:674)\n\tat lab.UniqueId$1.accept(UniqueId.java:27)\n\tat lab.UniqueId$1.accept(UniqueId.java:24)\n\tat lab.Node.handleRequest(Node.java:97)\n\tat lab.Node.handleMessage(Node.java:71)\n\tat lab.Node.lambda$run$0(Node.java:44)\n\tat java.base/java.util.concurrent.ThreadPoolExecutor.runWorker(ThreadPoolExecutor.java:1144)\n\tat java.base/java.util.concurrent.ThreadPoolExecutor$Worker.run(ThreadPoolExecutor.java:642)\n\tat java.base/java.lang.Thread.run(Thread.java:1583)\n"]
2026-03-11 14:37:54,178{GMT}	INFO	[jepsen worker 2] jepsen.util: 80	:invoke	:generate	nil
2026-03-11 14:37:54,179{GMT}	INFO	[jepsen worker 1] jepsen.util: 88	:info	:generate	nil	[:crash "Unexpected exception handling (msg c6 n1 {\"type\":\"generate\",\"msg_id\":30}) : java.lang.UnsupportedOperationException: Not a string: 30\njava.lang.UnsupportedOperationException: Not a string: 30\n\tat com.eclipsesource.json.JsonValue.asString(JsonValue.java:384)\n\tat com.eclipsesource.json.JsonObject.getString(JsonObject.java:674)\n\tat lab.UniqueId$1.accept(UniqueId.java:27)\n\tat lab.UniqueId$1.accept(UniqueId.java:24)\n\tat lab.Node.handleRequest(Node.java:97)\n\tat lab.Node.handleMessage(Node.java:71)\n\tat lab.Node.lambda$run$0(Node.java:44)\n\tat java.base/java.util.concurrent.ThreadPoolExecutor.runWorker(ThreadPoolExecutor.java:1144)\n\tat java.base/java.util.concurrent.ThreadPoolExecutor$Worker.run(ThreadPoolExecutor.java:642)\n\tat java.base/java.lang.Thread.run(Thread.java:1583)\n"]
2026-03-11 14:37:54,181{GMT}	INFO	[jepsen worker 1] jepsen.util: 91	:invoke	:generate	nil
2026-03-11 14:37:54,181{GMT}	INFO	[jepsen worker 0] jepsen.util: 93	:invoke	:generate	nil
2026-03-11 14:37:54,182{GMT}	INFO	[jepsen worker 2] jepsen.util: 80	:info	:generate	nil	[:crash "Unexpected exception handling (msg c7 n2 {\"type\":\"generate\",\"msg_id\":27}) : java.lang.UnsupportedOperationException: Not a string: 27\njava.lang.UnsupportedOperationException: Not a string: 27\n\tat com.eclipsesource.json.JsonValue.asString(JsonValue.java:384)\n\tat com.eclipsesource.json.JsonObject.getString(JsonObject.java:674)\n\tat lab.UniqueId$1.accept(UniqueId.java:27)\n\tat lab.UniqueId$1.accept(UniqueId.java:24)\n\tat lab.Node.handleRequest(Node.java:97)\n\tat lab.Node.handleMessage(Node.java:71)\n\tat lab.Node.lambda$run$0(Node.java:44)\n\tat java.base/java.util.concurrent.ThreadPoolExecutor.runWorker(ThreadPoolExecutor.java:1144)\n\tat java.base/java.util.concurrent.ThreadPoolExecutor$Worker.run(ThreadPoolExecutor.java:642)\n\tat java.base/java.lang.Thread.run(Thread.java:1583)\n"]
2026-03-11 14:37:54,183{GMT}	INFO	[jepsen worker 2] jepsen.util: 83	:invoke	:generate	nil
2026-03-11 14:37:54,185{GMT}	INFO	[jepsen worker 1] jepsen.util: 91	:info	:generate	nil	[:crash "Unexpected exception handling (msg c6 n1 {\"type\":\"generate\",\"msg_id\":31}) : java.lang.UnsupportedOperationException: Not a string: 31\njava.lang.UnsupportedOperationException: Not a string: 31\n\tat com.eclipsesource.json.JsonValue.asString(JsonValue.java:384)\n\tat com.eclipsesource.json.JsonObject.getString(JsonObject.java:674)\n\tat lab.UniqueId$1.accept(UniqueId.java:27)\n\tat lab.UniqueId$1.accept(UniqueId.java:24)\n\tat lab.Node.handleRequest(Node.java:97)\n\tat lab.Node.handleMessage(Node.java:71)\n\tat lab.Node.lambda$run$0(Node.java:44)\n\tat java.base/java.util.concurrent.ThreadPoolExecutor.runWorker(ThreadPoolExecutor.java:1144)\n\tat java.base/java.util.concurrent.ThreadPoolExecutor$Worker.run(ThreadPoolExecutor.java:642)\n\tat java.base/java.lang.Thread.run(Thread.java:1583)\n"]
2026-03-11 14:37:54,185{GMT}	INFO	[jepsen worker 1] jepsen.util: 94	:invoke	:generate	nil
2026-03-11 14:37:54,188{GMT}	INFO	[jepsen worker 0] jepsen.util: 93	:info	:generate	nil	[:crash "Unexpected exception handling (msg c8 n0 {\"type\":\"generate\",\"msg_id\":32}) : java.lang.UnsupportedOperationException: Not a string: 32\njava.lang.UnsupportedOperationException: Not a string: 32\n\tat com.eclipsesource.json.JsonValue.asString(JsonValue.java:384)\n\tat com.eclipsesource.json.JsonObject.getString(JsonObject.java:674)\n\tat lab.UniqueId$1.accept(UniqueId.java:27)\n\tat lab.UniqueId$1.accept(UniqueId.java:24)\n\tat lab.Node.handleRequest(Node.java:97)\n\tat lab.Node.handleMessage(Node.java:71)\n\tat lab.Node.lambda$run$0(Node.java:44)\n\tat java.base/java.util.concurrent.ThreadPoolExecutor.runWorker(ThreadPoolExecutor.java:1144)\n\tat java.base/java.util.concurrent.ThreadPoolExecutor$Worker.run(ThreadPoolExecutor.java:642)\n\tat java.base/java.lang.Thread.run(Thread.java:1583)\n"]
2026-03-11 14:37:54,188{GMT}	INFO	[jepsen worker 2] jepsen.util: 83	:info	:generate	nil	[:crash "Unexpected exception handling (msg c7 n2 {\"type\":\"generate\",\"msg_id\":28}) : java.lang.UnsupportedOperationException: Not a string: 28\njava.lang.UnsupportedOperationException: Not a string: 28\n\tat com.eclipsesource.json.JsonValue.asString(JsonValue.java:384)\n\tat com.eclipsesource.json.JsonObject.getString(JsonObject.java:674)\n\tat lab.UniqueId$1.accept(UniqueId.java:27)\n\tat lab.UniqueId$1.accept(UniqueId.java:24)\n\tat lab.Node.handleRequest(Node.java:97)\n\tat lab.Node.handleMessage(Node.java:71)\n\tat lab.Node.lambda$run$0(Node.java:44)\n\tat java.base/java.util.concurrent.ThreadPoolExecutor.runWorker(ThreadPoolExecutor.java:1144)\n\tat java.base/java.util.concurrent.ThreadPoolExecutor$Worker.run(ThreadPoolExecutor.java:642)\n\tat java.base/java.lang.Thread.run(Thread.java:1583)\n"]
2026-03-11 14:37:54,191{GMT}	INFO	[jepsen worker 0] jepsen.util: 96	:invoke	:generate	nil
2026-03-11 14:37:54,191{GMT}	INFO	[jepsen worker 2] jepsen.util: 86	:invoke	:generate	nil
2026-03-11 14:37:54,193{GMT}	INFO	[jepsen worker 1] jepsen.util: 94	:info	:generate	nil	[:crash "Unexpected exception handling (msg c6 n1 {\"type\":\"generate\",\"msg_id\":32}) : java.lang.UnsupportedOperationException: Not a string: 32\njava.lang.UnsupportedOperationException: Not a string: 32\n\tat com.eclipsesource.json.JsonValue.asString(JsonValue.java:384)\n\tat com.eclipsesource.json.JsonObject.getString(JsonObject.java:674)\n\tat lab.UniqueId$1.accept(UniqueId.java:27)\n\tat lab.UniqueId$1.accept(UniqueId.java:24)\n\tat lab.Node.handleRequest(Node.java:97)\n\tat lab.Node.handleMessage(Node.java:71)\n\tat lab.Node.lambda$run$0(Node.java:44)\n\tat java.base/java.util.concurrent.ThreadPoolExecutor.runWorker(ThreadPoolExecutor.java:1144)\n\tat java.base/java.util.concurrent.ThreadPoolExecutor$Worker.run(ThreadPoolExecutor.java:642)\n\tat java.base/java.lang.Thread.run(Thread.java:1583)\n"]
2026-03-11 14:37:54,194{GMT}	INFO	[jepsen worker 1] jepsen.util: 97	:invoke	:generate	nil
2026-03-11 14:37:54,195{GMT}	INFO	[jepsen worker 0] jepsen.util: 96	:info	:generate	nil	[:crash "Unexpected exception handling (msg c8 n0 {\"type\":\"generate\",\"msg_id\":33}) : java.lang.UnsupportedOperationException: Not a string: 33\njava.lang.UnsupportedOperationException: Not a string: 33\n\tat com.eclipsesource.json.JsonValue.asString(JsonValue.java:384)\n\tat com.eclipsesource.json.JsonObject.getString(JsonObject.java:674)\n\tat lab.UniqueId$1.accept(UniqueId.java:27)\n\tat lab.UniqueId$1.accept(UniqueId.java:24)\n\tat lab.Node.handleRequest(Node.java:97)\n\tat lab.Node.handleMessage(Node.java:71)\n\tat lab.Node.lambda$run$0(Node.java:44)\n\tat java.base/java.util.concurrent.ThreadPoolExecutor.runWorker(ThreadPoolExecutor.java:1144)\n\tat java.base/java.util.concurrent.ThreadPoolExecutor$Worker.run(ThreadPoolExecutor.java:642)\n\tat java.base/java.lang.Thread.run(Thread.java:1583)\n"]
2026-03-11 14:37:54,196{GMT}	INFO	[jepsen worker 0] jepsen.util: 99	:invoke	:generate	nil
2026-03-11 14:37:54,198{GMT}	INFO	[jepsen worker 2] jepsen.util: 86	:info	:generate	nil	[:crash "Unexpected exception handling (msg c7 n2 {\"type\":\"generate\",\"msg_id\":29}) : java.lang.UnsupportedOperationException: Not a string: 29\njava.lang.UnsupportedOperationException: Not a string: 29\n\tat com.eclipsesource.json.JsonValue.asString(JsonValue.java:384)\n\tat com.eclipsesource.json.JsonObject.getString(JsonObject.java:674)\n\tat lab.UniqueId$1.accept(UniqueId.java:27)\n\tat lab.UniqueId$1.accept(UniqueId.java:24)\n\tat lab.Node.handleRequest(Node.java:97)\n\tat lab.Node.handleMessage(Node.java:71)\n\tat lab.Node.lambda$run$0(Node.java:44)\n\tat java.base/java.util.concurrent.ThreadPoolExecutor.runWorker(ThreadPoolExecutor.java:1144)\n\tat java.base/java.util.concurrent.ThreadPoolExecutor$Worker.run(ThreadPoolExecutor.java:642)\n\tat java.base/java.lang.Thread.run(Thread.java:1583)\n"]
2026-03-11 14:37:54,197{GMT}	INFO	[jepsen worker 1] jepsen.util: 97	:info	:generate	nil	[:crash "Unexpected exception handling (msg c6 n1 {\"type\":\"generate\",\"msg_id\":33}) : java.lang.UnsupportedOperationException: Not a string: 33\njava.lang.UnsupportedOperationException: Not a string: 33\n\tat com.eclipsesource.json.JsonValue.asString(JsonValue.java:384)\n\tat com.eclipsesource.json.JsonObject.getString(JsonObject.java:674)\n\tat lab.UniqueId$1.accept(UniqueId.java:27)\n\tat lab.UniqueId$1.accept(UniqueId.java:24)\n\tat lab.Node.handleRequest(Node.java:97)\n\tat lab.Node.handleMessage(Node.java:71)\n\tat lab.Node.lambda$run$0(Node.java:44)\n\tat java.base/java.util.concurrent.ThreadPoolExecutor.runWorker(ThreadPoolExecutor.java:1144)\n\tat java.base/java.util.concurrent.ThreadPoolExecutor$Worker.run(ThreadPoolExecutor.java:642)\n\tat java.base/java.lang.Thread.run(Thread.java:1583)\n"]
2026-03-11 14:37:54,199{GMT}	INFO	[jepsen worker 0] jepsen.util: 99	:info	:generate	nil	[:crash "Unexpected exception handling (msg c8 n0 {\"type\":\"generate\",\"msg_id\":34}) : java.lang.UnsupportedOperationException: Not a string: 34\njava.lang.UnsupportedOperationException: Not a string: 34\n\tat com.eclipsesource.json.JsonValue.asString(JsonValue.java:384)\n\tat com.eclipsesource.json.JsonObject.getString(JsonObject.java:674)\n\tat lab.UniqueId$1.accept(UniqueId.java:27)\n\tat lab.UniqueId$1.accept(UniqueId.java:24)\n\tat lab.Node.handleRequest(Node.java:97)\n\tat lab.Node.handleMessage(Node.java:71)\n\tat lab.Node.lambda$run$0(Node.java:44)\n\tat java.base/java.util.concurrent.ThreadPoolExecutor.runWorker(ThreadPoolExecutor.java:1144)\n\tat java.base/java.util.concurrent.ThreadPoolExecutor$Worker.run(ThreadPoolExecutor.java:642)\n\tat java.base/java.lang.Thread.run(Thread.java:1583)\n"]
2026-03-11 14:37:54,227{GMT}	INFO	[jepsen worker 0] jepsen.util: 102	:invoke	:generate	nil
2026-03-11 14:37:54,227{GMT}	INFO	[jepsen worker 1] jepsen.util: 100	:invoke	:generate	nil
2026-03-11 14:37:54,227{GMT}	INFO	[jepsen worker 2] jepsen.util: 89	:invoke	:generate	nil
2026-03-11 14:37:54,235{GMT}	INFO	[jepsen worker 0] jepsen.util: 102	:info	:generate	nil	[:crash "Unexpected exception handling (msg c8 n0 {\"type\":\"generate\",\"msg_id\":35}) : java.lang.UnsupportedOperationException: Not a string: 35\njava.lang.UnsupportedOperationException: Not a string: 35\n\tat com.eclipsesource.json.JsonValue.asString(JsonValue.java:384)\n\tat com.eclipsesource.json.JsonObject.getString(JsonObject.java:674)\n\tat lab.UniqueId$1.accept(UniqueId.java:27)\n\tat lab.UniqueId$1.accept(UniqueId.java:24)\n\tat lab.Node.handleRequest(Node.java:97)\n\tat lab.Node.handleMessage(Node.java:71)\n\tat lab.Node.lambda$run$0(Node.java:44)\n\tat java.base/java.util.concurrent.ThreadPoolExecutor.runWorker(ThreadPoolExecutor.java:1144)\n\tat java.base/java.util.concurrent.ThreadPoolExecutor$Worker.run(ThreadPoolExecutor.java:642)\n\tat java.base/java.lang.Thread.run(Thread.java:1583)\n"]
2026-03-11 14:37:54,235{GMT}	INFO	[jepsen worker 1] jepsen.util: 100	:info	:generate	nil	[:crash "Unexpected exception handling (msg c6 n1 {\"type\":\"generate\",\"msg_id\":34}) : java.lang.UnsupportedOperationException: Not a string: 34\njava.lang.UnsupportedOperationException: Not a string: 34\n\tat com.eclipsesource.json.JsonValue.asString(JsonValue.java:384)\n\tat com.eclipsesource.json.JsonObject.getString(JsonObject.java:674)\n\tat lab.UniqueId$1.accept(UniqueId.java:27)\n\tat lab.UniqueId$1.accept(UniqueId.java:24)\n\tat lab.Node.handleRequest(Node.java:97)\n\tat lab.Node.handleMessage(Node.java:71)\n\tat lab.Node.lambda$run$0(Node.java:44)\n\tat java.base/java.util.concurrent.ThreadPoolExecutor.runWorker(ThreadPoolExecutor.java:1144)\n\tat java.base/java.util.concurrent.ThreadPoolExecutor$Worker.run(ThreadPoolExecutor.java:642)\n\tat java.base/java.lang.Thread.run(Thread.java:1583)\n"]
2026-03-11 14:37:54,236{GMT}	INFO	[jepsen worker 2] jepsen.util: 89	:info	:generate	nil	[:crash "Unexpected exception handling (msg c7 n2 {\"type\":\"generate\",\"msg_id\":30}) : java.lang.UnsupportedOperationException: Not a string: 30\njava.lang.UnsupportedOperationException: Not a string: 30\n\tat com.eclipsesource.json.JsonValue.asString(JsonValue.java:384)\n\tat com.eclipsesource.json.JsonObject.getString(JsonObject.java:674)\n\tat lab.UniqueId$1.accept(UniqueId.java:27)\n\tat lab.UniqueId$1.accept(UniqueId.java:24)\n\tat lab.Node.handleRequest(Node.java:97)\n\tat lab.Node.handleMessage(Node.java:71)\n\tat lab.Node.lambda$run$0(Node.java:44)\n\tat java.base/java.util.concurrent.ThreadPoolExecutor.runWorker(ThreadPoolExecutor.java:1144)\n\tat java.base/java.util.concurrent.ThreadPoolExecutor$Worker.run(ThreadPoolExecutor.java:642)\n\tat java.base/java.lang.Thread.run(Thread.java:1583)\n"]
2026-03-11 14:37:54,236{GMT}	INFO	[jepsen worker 1] jepsen.util: 103	:invoke	:generate	nil
2026-03-11 14:37:54,238{GMT}	INFO	[jepsen worker 2] jepsen.util: 92	:invoke	:generate	nil
2026-03-11 14:37:54,238{GMT}	INFO	[jepsen worker 0] jepsen.util: 105	:invoke	:generate	nil
2026-03-11 14:37:54,238{GMT}	INFO	[jepsen worker 1] jepsen.util: 103	:info	:generate	nil	[:crash "Unexpected exception handling (msg c6 n1 {\"type\":\"generate\",\"msg_id\":35}) : java.lang.UnsupportedOperationException: Not a string: 35\njava.lang.UnsupportedOperationException: Not a string: 35\n\tat com.eclipsesource.json.JsonValue.asString(JsonValue.java:384)\n\tat com.eclipsesource.json.JsonObject.getString(JsonObject.java:674)\n\tat lab.UniqueId$1.accept(UniqueId.java:27)\n\tat lab.UniqueId$1.accept(UniqueId.java:24)\n\tat lab.Node.handleRequest(Node.java:97)\n\tat lab.Node.handleMessage(Node.java:71)\n\tat lab.Node.lambda$run$0(Node.java:44)\n\tat java.base/java.util.concurrent.ThreadPoolExecutor.runWorker(ThreadPoolExecutor.java:1144)\n\tat java.base/java.util.concurrent.ThreadPoolExecutor$Worker.run(ThreadPoolExecutor.java:642)\n\tat java.base/java.lang.Thread.run(Thread.java:1583)\n"]
2026-03-11 14:37:54,241{GMT}	INFO	[jepsen worker 1] jepsen.util: 106	:invoke	:generate	nil
2026-03-11 14:37:54,241{GMT}	INFO	[jepsen worker 2] jepsen.util: 92	:info	:generate	nil	[:crash "Unexpected exception handling (msg c7 n2 {\"type\":\"generate\",\"msg_id\":31}) : java.lang.UnsupportedOperationException: Not a string: 31\njava.lang.UnsupportedOperationException: Not a string: 31\n\tat com.eclipsesource.json.JsonValue.asString(JsonValue.java:384)\n\tat com.eclipsesource.json.JsonObject.getString(JsonObject.java:674)\n\tat lab.UniqueId$1.accept(UniqueId.java:27)\n\tat lab.UniqueId$1.accept(UniqueId.java:24)\n\tat lab.Node.handleRequest(Node.java:97)\n\tat lab.Node.handleMessage(Node.java:71)\n\tat lab.Node.lambda$run$0(Node.java:44)\n\tat java.base/java.util.concurrent.ThreadPoolExecutor.runWorker(ThreadPoolExecutor.java:1144)\n\tat java.base/java.util.concurrent.ThreadPoolExecutor$Worker.run(ThreadPoolExecutor.java:642)\n\tat java.base/java.lang.Thread.run(Thread.java:1583)\n"]
2026-03-11 14:37:54,242{GMT}	INFO	[jepsen worker 2] jepsen.util: 95	:invoke	:generate	nil
2026-03-11 14:37:54,243{GMT}	INFO	[jepsen worker 0] jepsen.util: 105	:info	:generate	nil	[:crash "Unexpected exception handling (msg c8 n0 {\"type\":\"generate\",\"msg_id\":36}) : java.lang.UnsupportedOperationException: Not a string: 36\njava.lang.UnsupportedOperationException: Not a string: 36\n\tat com.eclipsesource.json.JsonValue.asString(JsonValue.java:384)\n\tat com.eclipsesource.json.JsonObject.getString(JsonObject.java:674)\n\tat lab.UniqueId$1.accept(UniqueId.java:27)\n\tat lab.UniqueId$1.accept(UniqueId.java:24)\n\tat lab.Node.handleRequest(Node.java:97)\n\tat lab.Node.handleMessage(Node.java:71)\n\tat lab.Node.lambda$run$0(Node.java:44)\n\tat java.base/java.util.concurrent.ThreadPoolExecutor.runWorker(ThreadPoolExecutor.java:1144)\n\tat java.base/java.util.concurrent.ThreadPoolExecutor$Worker.run(ThreadPoolExecutor.java:642)\n\tat java.base/java.lang.Thread.run(Thread.java:1583)\n"]
2026-03-11 14:37:54,245{GMT}	INFO	[jepsen worker 0] jepsen.util: 108	:invoke	:generate	nil
2026-03-11 14:37:54,245{GMT}	INFO	[jepsen worker 2] jepsen.util: 95	:info	:generate	nil	[:crash "Unexpected exception handling (msg c7 n2 {\"type\":\"generate\",\"msg_id\":32}) : java.lang.UnsupportedOperationException: Not a string: 32\njava.lang.UnsupportedOperationException: Not a string: 32\n\tat com.eclipsesource.json.JsonValue.asString(JsonValue.java:384)\n\tat com.eclipsesource.json.JsonObject.getString(JsonObject.java:674)\n\tat lab.UniqueId$1.accept(UniqueId.java:27)\n\tat lab.UniqueId$1.accept(UniqueId.java:24)\n\tat lab.Node.handleRequest(Node.java:97)\n\tat lab.Node.handleMessage(Node.java:71)\n\tat lab.Node.lambda$run$0(Node.java:44)\n\tat java.base/java.util.concurrent.ThreadPoolExecutor.runWorker(ThreadPoolExecutor.java:1144)\n\tat java.base/java.util.concurrent.ThreadPoolExecutor$Worker.run(ThreadPoolExecutor.java:642)\n\tat java.base/java.lang.Thread.run(Thread.java:1583)\n"]
2026-03-11 14:37:54,246{GMT}	INFO	[jepsen worker 2] jepsen.util: 98	:invoke	:generate	nil
2026-03-11 14:37:54,248{GMT}	INFO	[jepsen worker 1] jepsen.util: 106	:info	:generate	nil	[:crash "Unexpected exception handling (msg c6 n1 {\"type\":\"generate\",\"msg_id\":36}) : java.lang.UnsupportedOperationException: Not a string: 36\njava.lang.UnsupportedOperationException: Not a string: 36\n\tat com.eclipsesource.json.JsonValue.asString(JsonValue.java:384)\n\tat com.eclipsesource.json.JsonObject.getString(JsonObject.java:674)\n\tat lab.UniqueId$1.accept(UniqueId.java:27)\n\tat lab.UniqueId$1.accept(UniqueId.java:24)\n\tat lab.Node.handleRequest(Node.java:97)\n\tat lab.Node.handleMessage(Node.java:71)\n\tat lab.Node.lambda$run$0(Node.java:44)\n\tat java.base/java.util.concurrent.ThreadPoolExecutor.runWorker(ThreadPoolExecutor.java:1144)\n\tat java.base/java.util.concurrent.ThreadPoolExecutor$Worker.run(ThreadPoolExecutor.java:642)\n\tat java.base/java.lang.Thread.run(Thread.java:1583)\n"]
2026-03-11 14:37:54,249{GMT}	INFO	[jepsen worker 1] jepsen.util: 109	:invoke	:generate	nil
2026-03-11 14:37:54,249{GMT}	INFO	[jepsen worker 2] jepsen.util: 98	:info	:generate	nil	[:crash "Unexpected exception handling (msg c7 n2 {\"type\":\"generate\",\"msg_id\":33}) : java.lang.UnsupportedOperationException: Not a string: 33\njava.lang.UnsupportedOperationException: Not a string: 33\n\tat com.eclipsesource.json.JsonValue.asString(JsonValue.java:384)\n\tat com.eclipsesource.json.JsonObject.getString(JsonObject.java:674)\n\tat lab.UniqueId$1.accept(UniqueId.java:27)\n\tat lab.UniqueId$1.accept(UniqueId.java:24)\n\tat lab.Node.handleRequest(Node.java:97)\n\tat lab.Node.handleMessage(Node.java:71)\n\tat lab.Node.lambda$run$0(Node.java:44)\n\tat java.base/java.util.concurrent.ThreadPoolExecutor.runWorker(ThreadPoolExecutor.java:1144)\n\tat java.base/java.util.concurrent.ThreadPoolExecutor$Worker.run(ThreadPoolExecutor.java:642)\n\tat java.base/java.lang.Thread.run(Thread.java:1583)\n"]
2026-03-11 14:37:54,251{GMT}	INFO	[jepsen worker 0] jepsen.util: 108	:info	:generate	nil	[:crash "Unexpected exception handling (msg c8 n0 {\"type\":\"generate\",\"msg_id\":37}) : java.lang.UnsupportedOperationException: Not a string: 37\njava.lang.UnsupportedOperationException: Not a string: 37\n\tat com.eclipsesource.json.JsonValue.asString(JsonValue.java:384)\n\tat com.eclipsesource.json.JsonObject.getString(JsonObject.java:674)\n\tat lab.UniqueId$1.accept(UniqueId.java:27)\n\tat lab.UniqueId$1.accept(UniqueId.java:24)\n\tat lab.Node.handleRequest(Node.java:97)\n\tat lab.Node.handleMessage(Node.java:71)\n\tat lab.Node.lambda$run$0(Node.java:44)\n\tat java.base/java.util.concurrent.ThreadPoolExecutor.runWorker(ThreadPoolExecutor.java:1144)\n\tat java.base/java.util.concurrent.ThreadPoolExecutor$Worker.run(ThreadPoolExecutor.java:642)\n\tat java.base/java.lang.Thread.run(Thread.java:1583)\n"]
2026-03-11 14:37:54,254{GMT}	INFO	[jepsen worker 1] jepsen.util: 109	:info	:generate	nil	[:crash "Unexpected exception handling (msg c6 n1 {\"type\":\"generate\",\"msg_id\":37}) : java.lang.UnsupportedOperationException: Not a string: 37\njava.lang.UnsupportedOperationException: Not a string: 37\n\tat com.eclipsesource.json.JsonValue.asString(JsonValue.java:384)\n\tat com.eclipsesource.json.JsonObject.getString(JsonObject.java:674)\n\tat lab.UniqueId$1.accept(UniqueId.java:27)\n\tat lab.UniqueId$1.accept(UniqueId.java:24)\n\tat lab.Node.handleRequest(Node.java:97)\n\tat lab.Node.handleMessage(Node.java:71)\n\tat lab.Node.lambda$run$0(Node.java:44)\n\tat java.base/java.util.concurrent.ThreadPoolExecutor.runWorker(ThreadPoolExecutor.java:1144)\n\tat java.base/java.util.concurrent.ThreadPoolExecutor$Worker.run(ThreadPoolExecutor.java:642)\n\tat java.base/java.lang.Thread.run(Thread.java:1583)\n"]
2026-03-11 14:37:54,251{GMT}	INFO	[jepsen worker 2] jepsen.util: 101	:invoke	:generate	nil
2026-03-11 14:37:54,272{GMT}	INFO	[jepsen worker 0] jepsen.util: 111	:invoke	:generate	nil
2026-03-11 14:37:54,272{GMT}	INFO	[jepsen worker 1] jepsen.util: 112	:invoke	:generate	nil
2026-03-11 14:37:54,275{GMT}	INFO	[jepsen worker 2] jepsen.util: 101	:info	:generate	nil	[:crash "Unexpected exception handling (msg c7 n2 {\"type\":\"generate\",\"msg_id\":34}) : java.lang.UnsupportedOperationException: Not a string: 34\njava.lang.UnsupportedOperationException: Not a string: 34\n\tat com.eclipsesource.json.JsonValue.asString(JsonValue.java:384)\n\tat com.eclipsesource.json.JsonObject.getString(JsonObject.java:674)\n\tat lab.UniqueId$1.accept(UniqueId.java:27)\n\tat lab.UniqueId$1.accept(UniqueId.java:24)\n\tat lab.Node.handleRequest(Node.java:97)\n\tat lab.Node.handleMessage(Node.java:71)\n\tat lab.Node.lambda$run$0(Node.java:44)\n\tat java.base/java.util.concurrent.ThreadPoolExecutor.runWorker(ThreadPoolExecutor.java:1144)\n\tat java.base/java.util.concurrent.ThreadPoolExecutor$Worker.run(ThreadPoolExecutor.java:642)\n\tat java.base/java.lang.Thread.run(Thread.java:1583)\n"]
2026-03-11 14:37:54,275{GMT}	INFO	[jepsen worker 0] jepsen.util: 111	:info	:generate	nil	[:crash "Unexpected exception handling (msg c8 n0 {\"type\":\"generate\",\"msg_id\":38}) : java.lang.UnsupportedOperationException: Not a string: 38\njava.lang.UnsupportedOperationException: Not a string: 38\n\tat com.eclipsesource.json.JsonValue.asString(JsonValue.java:384)\n\tat com.eclipsesource.json.JsonObject.getString(JsonObject.java:674)\n\tat lab.UniqueId$1.accept(UniqueId.java:27)\n\tat lab.UniqueId$1.accept(UniqueId.java:24)\n\tat lab.Node.handleRequest(Node.java:97)\n\tat lab.Node.handleMessage(Node.java:71)\n\tat lab.Node.lambda$run$0(Node.java:44)\n\tat java.base/java.util.concurrent.ThreadPoolExecutor.runWorker(ThreadPoolExecutor.java:1144)\n\tat java.base/java.util.concurrent.ThreadPoolExecutor$Worker.run(ThreadPoolExecutor.java:642)\n\tat java.base/java.lang.Thread.run(Thread.java:1583)\n"]
2026-03-11 14:37:54,276{GMT}	INFO	[jepsen worker 0] jepsen.util: 114	:invoke	:generate	nil
2026-03-11 14:37:54,277{GMT}	INFO	[jepsen worker 2] jepsen.util: 104	:invoke	:generate	nil
2026-03-11 14:37:54,277{GMT}	INFO	[jepsen worker 1] jepsen.util: 112	:info	:generate	nil	[:crash "Unexpected exception handling (msg c6 n1 {\"type\":\"generate\",\"msg_id\":38}) : java.lang.UnsupportedOperationException: Not a string: 38\njava.lang.UnsupportedOperationException: Not a string: 38\n\tat com.eclipsesource.json.JsonValue.asString(JsonValue.java:384)\n\tat com.eclipsesource.json.JsonObject.getString(JsonObject.java:674)\n\tat lab.UniqueId$1.accept(UniqueId.java:27)\n\tat lab.UniqueId$1.accept(UniqueId.java:24)\n\tat lab.Node.handleRequest(Node.java:97)\n\tat lab.Node.handleMessage(Node.java:71)\n\tat lab.Node.lambda$run$0(Node.java:44)\n\tat java.base/java.util.concurrent.ThreadPoolExecutor.runWorker(ThreadPoolExecutor.java:1144)\n\tat java.base/java.util.concurrent.ThreadPoolExecutor$Worker.run(ThreadPoolExecutor.java:642)\n\tat java.base/java.lang.Thread.run(Thread.java:1583)\n"]
2026-03-11 14:37:54,279{GMT}	INFO	[jepsen worker 1] jepsen.util: 115	:invoke	:generate	nil
2026-03-11 14:37:54,281{GMT}	INFO	[jepsen worker 0] jepsen.util: 114	:info	:generate	nil	[:crash "Unexpected exception handling (msg c8 n0 {\"type\":\"generate\",\"msg_id\":39}) : java.lang.UnsupportedOperationException: Not a string: 39\njava.lang.UnsupportedOperationException: Not a string: 39\n\tat com.eclipsesource.json.JsonValue.asString(JsonValue.java:384)\n\tat com.eclipsesource.json.JsonObject.getString(JsonObject.java:674)\n\tat lab.UniqueId$1.accept(UniqueId.java:27)\n\tat lab.UniqueId$1.accept(UniqueId.java:24)\n\tat lab.Node.handleRequest(Node.java:97)\n\tat lab.Node.handleMessage(Node.java:71)\n\tat lab.Node.lambda$run$0(Node.java:44)\n\tat java.base/java.util.concurrent.ThreadPoolExecutor.runWorker(ThreadPoolExecutor.java:1144)\n\tat java.base/java.util.concurrent.ThreadPoolExecutor$Worker.run(ThreadPoolExecutor.java:642)\n\tat java.base/java.lang.Thread.run(Thread.java:1583)\n"]
2026-03-11 14:37:54,285{GMT}	INFO	[jepsen worker 0] jepsen.util: 117	:invoke	:generate	nil
2026-03-11 14:37:54,286{GMT}	INFO	[jepsen worker 2] jepsen.util: 104	:info	:generate	nil	[:crash "Unexpected exception handling (msg c7 n2 {\"type\":\"generate\",\"msg_id\":35}) : java.lang.UnsupportedOperationException: Not a string: 35\njava.lang.UnsupportedOperationException: Not a string: 35\n\tat com.eclipsesource.json.JsonValue.asString(JsonValue.java:384)\n\tat com.eclipsesource.json.JsonObject.getString(JsonObject.java:674)\n\tat lab.UniqueId$1.accept(UniqueId.java:27)\n\tat lab.UniqueId$1.accept(UniqueId.java:24)\n\tat lab.Node.handleRequest(Node.java:97)\n\tat lab.Node.handleMessage(Node.java:71)\n\tat lab.Node.lambda$run$0(Node.java:44)\n\tat java.base/java.util.concurrent.ThreadPoolExecutor.runWorker(ThreadPoolExecutor.java:1144)\n\tat java.base/java.util.concurrent.ThreadPoolExecutor$Worker.run(ThreadPoolExecutor.java:642)\n\tat java.base/java.lang.Thread.run(Thread.java:1583)\n"]
2026-03-11 14:37:54,286{GMT}	INFO	[jepsen worker 1] jepsen.util: 115	:info	:generate	nil	[:crash "Unexpected exception handling (msg c6 n1 {\"type\":\"generate\",\"msg_id\":39}) : java.lang.UnsupportedOperationException: Not a string: 39\njava.lang.UnsupportedOperationException: Not a string: 39\n\tat com.eclipsesource.json.JsonValue.asString(JsonValue.java:384)\n\tat com.eclipsesource.json.JsonObject.getString(JsonObject.java:674)\n\tat lab.UniqueId$1.accept(UniqueId.java:27)\n\tat lab.UniqueId$1.accept(UniqueId.java:24)\n\tat lab.Node.handleRequest(Node.java:97)\n\tat lab.Node.handleMessage(Node.java:71)\n\tat lab.Node.lambda$run$0(Node.java:44)\n\tat java.base/java.util.concurrent.ThreadPoolExecutor.runWorker(ThreadPoolExecutor.java:1144)\n\tat java.base/java.util.concurrent.ThreadPoolExecutor$Worker.run(ThreadPoolExecutor.java:642)\n\tat java.base/java.lang.Thread.run(Thread.java:1583)\n"]
2026-03-11 14:37:54,290{GMT}	INFO	[jepsen worker 2] jepsen.util: 107	:invoke	:generate	nil
2026-03-11 14:37:54,291{GMT}	INFO	[jepsen worker 0] jepsen.util: 117	:info	:generate	nil	[:crash "Unexpected exception handling (msg c8 n0 {\"type\":\"generate\",\"msg_id\":40}) : java.lang.UnsupportedOperationException: Not a string: 40\njava.lang.UnsupportedOperationException: Not a string: 40\n\tat com.eclipsesource.json.JsonValue.asString(JsonValue.java:384)\n\tat com.eclipsesource.json.JsonObject.getString(JsonObject.java:674)\n\tat lab.UniqueId$1.accept(UniqueId.java:27)\n\tat lab.UniqueId$1.accept(UniqueId.java:24)\n\tat lab.Node.handleRequest(Node.java:97)\n\tat lab.Node.handleMessage(Node.java:71)\n\tat lab.Node.lambda$run$0(Node.java:44)\n\tat java.base/java.util.concurrent.ThreadPoolExecutor.runWorker(ThreadPoolExecutor.java:1144)\n\tat java.base/java.util.concurrent.ThreadPoolExecutor$Worker.run(ThreadPoolExecutor.java:642)\n\tat java.base/java.lang.Thread.run(Thread.java:1583)\n"]
2026-03-11 14:37:54,301{GMT}	INFO	[jepsen worker 0] jepsen.util: 120	:invoke	:generate	nil
2026-03-11 14:37:54,301{GMT}	INFO	[jepsen worker 1] jepsen.util: 118	:invoke	:generate	nil
2026-03-11 14:37:54,304{GMT}	INFO	[jepsen worker 2] jepsen.util: 107	:info	:generate	nil	[:crash "Unexpected exception handling (msg c7 n2 {\"type\":\"generate\",\"msg_id\":36}) : java.lang.UnsupportedOperationException: Not a string: 36\njava.lang.UnsupportedOperationException: Not a string: 36\n\tat com.eclipsesource.json.JsonValue.asString(JsonValue.java:384)\n\tat com.eclipsesource.json.JsonObject.getString(JsonObject.java:674)\n\tat lab.UniqueId$1.accept(UniqueId.java:27)\n\tat lab.UniqueId$1.accept(UniqueId.java:24)\n\tat lab.Node.handleRequest(Node.java:97)\n\tat lab.Node.handleMessage(Node.java:71)\n\tat lab.Node.lambda$run$0(Node.java:44)\n\tat java.base/java.util.concurrent.ThreadPoolExecutor.runWorker(ThreadPoolExecutor.java:1144)\n\tat java.base/java.util.concurrent.ThreadPoolExecutor$Worker.run(ThreadPoolExecutor.java:642)\n\tat java.base/java.lang.Thread.run(Thread.java:1583)\n"]
2026-03-11 14:37:54,305{GMT}	INFO	[jepsen worker 2] jepsen.util: 110	:invoke	:generate	nil
2026-03-11 14:37:54,305{GMT}	INFO	[jepsen worker 1] jepsen.util: 118	:info	:generate	nil	[:crash "Unexpected exception handling (msg c6 n1 {\"type\":\"generate\",\"msg_id\":40}) : java.lang.UnsupportedOperationException: Not a string: 40\njava.lang.UnsupportedOperationException: Not a string: 40\n\tat com.eclipsesource.json.JsonValue.asString(JsonValue.java:384)\n\tat com.eclipsesource.json.JsonObject.getString(JsonObject.java:674)\n\tat lab.UniqueId$1.accept(UniqueId.java:27)\n\tat lab.UniqueId$1.accept(UniqueId.java:24)\n\tat lab.Node.handleRequest(Node.java:97)\n\tat lab.Node.handleMessage(Node.java:71)\n\tat lab.Node.lambda$run$0(Node.java:44)\n\tat java.base/java.util.concurrent.ThreadPoolExecutor.runWorker(ThreadPoolExecutor.java:1144)\n\tat java.base/java.util.concurrent.ThreadPoolExecutor$Worker.run(ThreadPoolExecutor.java:642)\n\tat java.base/java.lang.Thread.run(Thread.java:1583)\n"]
2026-03-11 14:37:54,306{GMT}	INFO	[jepsen worker 1] jepsen.util: 121	:invoke	:generate	nil
2026-03-11 14:37:54,306{GMT}	INFO	[jepsen worker 0] jepsen.util: 120	:info	:generate	nil	[:crash "Unexpected exception handling (msg c8 n0 {\"type\":\"generate\",\"msg_id\":41}) : java.lang.UnsupportedOperationException: Not a string: 41\njava.lang.UnsupportedOperationException: Not a string: 41\n\tat com.eclipsesource.json.JsonValue.asString(JsonValue.java:384)\n\tat com.eclipsesource.json.JsonObject.getString(JsonObject.java:674)\n\tat lab.UniqueId$1.accept(UniqueId.java:27)\n\tat lab.UniqueId$1.accept(UniqueId.java:24)\n\tat lab.Node.handleRequest(Node.java:97)\n\tat lab.Node.handleMessage(Node.java:71)\n\tat lab.Node.lambda$run$0(Node.java:44)\n\tat java.base/java.util.concurrent.ThreadPoolExecutor.runWorker(ThreadPoolExecutor.java:1144)\n\tat java.base/java.util.concurrent.ThreadPoolExecutor$Worker.run(ThreadPoolExecutor.java:642)\n\tat java.base/java.lang.Thread.run(Thread.java:1583)\n"]
2026-03-11 14:37:54,307{GMT}	INFO	[jepsen worker 0] jepsen.util: 123	:invoke	:generate	nil
2026-03-11 14:37:54,309{GMT}	INFO	[jepsen worker 2] jepsen.util: 110	:info	:generate	nil	[:crash "Unexpected exception handling (msg c7 n2 {\"type\":\"generate\",\"msg_id\":37}) : java.lang.UnsupportedOperationException: Not a string: 37\njava.lang.UnsupportedOperationException: Not a string: 37\n\tat com.eclipsesource.json.JsonValue.asString(JsonValue.java:384)\n\tat com.eclipsesource.json.JsonObject.getString(JsonObject.java:674)\n\tat lab.UniqueId$1.accept(UniqueId.java:27)\n\tat lab.UniqueId$1.accept(UniqueId.java:24)\n\tat lab.Node.handleRequest(Node.java:97)\n\tat lab.Node.handleMessage(Node.java:71)\n\tat lab.Node.lambda$run$0(Node.java:44)\n\tat java.base/java.util.concurrent.ThreadPoolExecutor.runWorker(ThreadPoolExecutor.java:1144)\n\tat java.base/java.util.concurrent.ThreadPoolExecutor$Worker.run(ThreadPoolExecutor.java:642)\n\tat java.base/java.lang.Thread.run(Thread.java:1583)\n"]
2026-03-11 14:37:54,310{GMT}	INFO	[jepsen worker 2] jepsen.util: 113	:invoke	:generate	nil
2026-03-11 14:37:54,311{GMT}	INFO	[jepsen worker 1] jepsen.util: 121	:info	:generate	nil	[:crash "Unexpected exception handling (msg c6 n1 {\"type\":\"generate\",\"msg_id\":41}) : java.lang.UnsupportedOperationException: Not a string: 41\njava.lang.UnsupportedOperationException: Not a string: 41\n\tat com.eclipsesource.json.JsonValue.asString(JsonValue.java:384)\n\tat com.eclipsesource.json.JsonObject.getString(JsonObject.java:674)\n\tat lab.UniqueId$1.accept(UniqueId.java:27)\n\tat lab.UniqueId$1.accept(UniqueId.java:24)\n\tat lab.Node.handleRequest(Node.java:97)\n\tat lab.Node.handleMessage(Node.java:71)\n\tat lab.Node.lambda$run$0(Node.java:44)\n\tat java.base/java.util.concurrent.ThreadPoolExecutor.runWorker(ThreadPoolExecutor.java:1144)\n\tat java.base/java.util.concurrent.ThreadPoolExecutor$Worker.run(ThreadPoolExecutor.java:642)\n\tat java.base/java.lang.Thread.run(Thread.java:1583)\n"]
2026-03-11 14:37:54,312{GMT}	INFO	[jepsen worker 1] jepsen.util: 124	:invoke	:generate	nil
2026-03-11 14:37:54,313{GMT}	INFO	[jepsen worker 0] jepsen.util: 123	:info	:generate	nil	[:crash "Unexpected exception handling (msg c8 n0 {\"type\":\"generate\",\"msg_id\":42}) : java.lang.UnsupportedOperationException: Not a string: 42\njava.lang.UnsupportedOperationException: Not a string: 42\n\tat com.eclipsesource.json.JsonValue.asString(JsonValue.java:384)\n\tat com.eclipsesource.json.JsonObject.getString(JsonObject.java:674)\n\tat lab.UniqueId$1.accept(UniqueId.java:27)\n\tat lab.UniqueId$1.accept(UniqueId.java:24)\n\tat lab.Node.handleRequest(Node.java:97)\n\tat lab.Node.handleMessage(Node.java:71)\n\tat lab.Node.lambda$run$0(Node.java:44)\n\tat java.base/java.util.concurrent.ThreadPoolExecutor.runWorker(ThreadPoolExecutor.java:1144)\n\tat java.base/java.util.concurrent.ThreadPoolExecutor$Worker.run(ThreadPoolExecutor.java:642)\n\tat java.base/java.lang.Thread.run(Thread.java:1583)\n"]
2026-03-11 14:37:54,316{GMT}	INFO	[jepsen worker 2] jepsen.util: 113	:info	:generate	nil	[:crash "Unexpected exception handling (msg c7 n2 {\"type\":\"generate\",\"msg_id\":38}) : java.lang.UnsupportedOperationException: Not a string: 38\njava.lang.UnsupportedOperationException: Not a string: 38\n\tat com.eclipsesource.json.JsonValue.asString(JsonValue.java:384)\n\tat com.eclipsesource.json.JsonObject.getString(JsonObject.java:674)\n\tat lab.UniqueId$1.accept(UniqueId.java:27)\n\tat lab.UniqueId$1.accept(UniqueId.java:24)\n\tat lab.Node.handleRequest(Node.java:97)\n\tat lab.Node.handleMessage(Node.java:71)\n\tat lab.Node.lambda$run$0(Node.java:44)\n\tat java.base/java.util.concurrent.ThreadPoolExecutor.runWorker(ThreadPoolExecutor.java:1144)\n\tat java.base/java.util.concurrent.ThreadPoolExecutor$Worker.run(ThreadPoolExecutor.java:642)\n\tat java.base/java.lang.Thread.run(Thread.java:1583)\n"]
2026-03-11 14:37:54,316{GMT}	INFO	[jepsen worker 0] jepsen.util: 126	:invoke	:generate	nil
2026-03-11 14:37:54,317{GMT}	INFO	[jepsen worker 2] jepsen.util: 116	:invoke	:generate	nil
2026-03-11 14:37:54,321{GMT}	INFO	[jepsen worker 2] jepsen.util: 116	:info	:generate	nil	[:crash "Unexpected exception handling (msg c7 n2 {\"type\":\"generate\",\"msg_id\":39}) : java.lang.UnsupportedOperationException: Not a string: 39\njava.lang.UnsupportedOperationException: Not a string: 39\n\tat com.eclipsesource.json.JsonValue.asString(JsonValue.java:384)\n\tat com.eclipsesource.json.JsonObject.getString(JsonObject.java:674)\n\tat lab.UniqueId$1.accept(UniqueId.java:27)\n\tat lab.UniqueId$1.accept(UniqueId.java:24)\n\tat lab.Node.handleRequest(Node.java:97)\n\tat lab.Node.handleMessage(Node.java:71)\n\tat lab.Node.lambda$run$0(Node.java:44)\n\tat java.base/java.util.concurrent.ThreadPoolExecutor.runWorker(ThreadPoolExecutor.java:1144)\n\tat java.base/java.util.concurrent.ThreadPoolExecutor$Worker.run(ThreadPoolExecutor.java:642)\n\tat java.base/java.lang.Thread.run(Thread.java:1583)\n"]
2026-03-11 14:37:54,321{GMT}	INFO	[jepsen worker 1] jepsen.util: 124	:info	:generate	nil	[:crash "Unexpected exception handling (msg c6 n1 {\"type\":\"generate\",\"msg_id\":42}) : java.lang.UnsupportedOperationException: Not a string: 42\njava.lang.UnsupportedOperationException: Not a string: 42\n\tat com.eclipsesource.json.JsonValue.asString(JsonValue.java:384)\n\tat com.eclipsesource.json.JsonObject.getString(JsonObject.java:674)\n\tat lab.UniqueId$1.accept(UniqueId.java:27)\n\tat lab.UniqueId$1.accept(UniqueId.java:24)\n\tat lab.Node.handleRequest(Node.java:97)\n\tat lab.Node.handleMessage(Node.java:71)\n\tat lab.Node.lambda$run$0(Node.java:44)\n\tat java.base/java.util.concurrent.ThreadPoolExecutor.runWorker(ThreadPoolExecutor.java:1144)\n\tat java.base/java.util.concurrent.ThreadPoolExecutor$Worker.run(ThreadPoolExecutor.java:642)\n\tat java.base/java.lang.Thread.run(Thread.java:1583)\n"]
2026-03-11 14:37:54,323{GMT}	INFO	[jepsen worker 2] jepsen.util: 119	:invoke	:generate	nil
2026-03-11 14:37:54,324{GMT}	INFO	[jepsen worker 0] jepsen.util: 126	:info	:generate	nil	[:crash "Unexpected exception handling (msg c8 n0 {\"type\":\"generate\",\"msg_id\":43}) : java.lang.UnsupportedOperationException: Not a string: 43\njava.lang.UnsupportedOperationException: Not a string: 43\n\tat com.eclipsesource.json.JsonValue.asString(JsonValue.java:384)\n\tat com.eclipsesource.json.JsonObject.getString(JsonObject.java:674)\n\tat lab.UniqueId$1.accept(UniqueId.java:27)\n\tat lab.UniqueId$1.accept(UniqueId.java:24)\n\tat lab.Node.handleRequest(Node.java:97)\n\tat lab.Node.handleMessage(Node.java:71)\n\tat lab.Node.lambda$run$0(Node.java:44)\n\tat java.base/java.util.concurrent.ThreadPoolExecutor.runWorker(ThreadPoolExecutor.java:1144)\n\tat java.base/java.util.concurrent.ThreadPoolExecutor$Worker.run(ThreadPoolExecutor.java:642)\n\tat java.base/java.lang.Thread.run(Thread.java:1583)\n"]
2026-03-11 14:37:54,327{GMT}	INFO	[jepsen worker 0] jepsen.util: 129	:invoke	:generate	nil
2026-03-11 14:37:54,327{GMT}	INFO	[jepsen worker 2] jepsen.util: 119	:info	:generate	nil	[:crash "Unexpected exception handling (msg c7 n2 {\"type\":\"generate\",\"msg_id\":40}) : java.lang.UnsupportedOperationException: Not a string: 40\njava.lang.UnsupportedOperationException: Not a string: 40\n\tat com.eclipsesource.json.JsonValue.asString(JsonValue.java:384)\n\tat com.eclipsesource.json.JsonObject.getString(JsonObject.java:674)\n\tat lab.UniqueId$1.accept(UniqueId.java:27)\n\tat lab.UniqueId$1.accept(UniqueId.java:24)\n\tat lab.Node.handleRequest(Node.java:97)\n\tat lab.Node.handleMessage(Node.java:71)\n\tat lab.Node.lambda$run$0(Node.java:44)\n\tat java.base/java.util.concurrent.ThreadPoolExecutor.runWorker(ThreadPoolExecutor.java:1144)\n\tat java.base/java.util.concurrent.ThreadPoolExecutor$Worker.run(ThreadPoolExecutor.java:642)\n\tat java.base/java.lang.Thread.run(Thread.java:1583)\n"]
2026-03-11 14:37:54,327{GMT}	INFO	[jepsen worker 2] jepsen.util: 122	:invoke	:generate	nil
2026-03-11 14:37:54,327{GMT}	INFO	[jepsen worker 1] jepsen.util: 127	:invoke	:generate	nil
2026-03-11 14:37:54,332{GMT}	INFO	[jepsen worker 2] jepsen.util: 122	:info	:generate	nil	[:crash "Unexpected exception handling (msg c7 n2 {\"type\":\"generate\",\"msg_id\":41}) : java.lang.UnsupportedOperationException: Not a string: 41\njava.lang.UnsupportedOperationException: Not a string: 41\n\tat com.eclipsesource.json.JsonValue.asString(JsonValue.java:384)\n\tat com.eclipsesource.json.JsonObject.getString(JsonObject.java:674)\n\tat lab.UniqueId$1.accept(UniqueId.java:27)\n\tat lab.UniqueId$1.accept(UniqueId.java:24)\n\tat lab.Node.handleRequest(Node.java:97)\n\tat lab.Node.handleMessage(Node.java:71)\n\tat lab.Node.lambda$run$0(Node.java:44)\n\tat java.base/java.util.concurrent.ThreadPoolExecutor.runWorker(ThreadPoolExecutor.java:1144)\n\tat java.base/java.util.concurrent.ThreadPoolExecutor$Worker.run(ThreadPoolExecutor.java:642)\n\tat java.base/java.lang.Thread.run(Thread.java:1583)\n"]
2026-03-11 14:37:54,332{GMT}	INFO	[jepsen worker 1] jepsen.util: 127	:info	:generate	nil	[:crash "Unexpected exception handling (msg c6 n1 {\"type\":\"generate\",\"msg_id\":43}) : java.lang.UnsupportedOperationException: Not a string: 43\njava.lang.UnsupportedOperationException: Not a string: 43\n\tat com.eclipsesource.json.JsonValue.asString(JsonValue.java:384)\n\tat com.eclipsesource.json.JsonObject.getString(JsonObject.java:674)\n\tat lab.UniqueId$1.accept(UniqueId.java:27)\n\tat lab.UniqueId$1.accept(UniqueId.java:24)\n\tat lab.Node.handleRequest(Node.java:97)\n\tat lab.Node.handleMessage(Node.java:71)\n\tat lab.Node.lambda$run$0(Node.java:44)\n\tat java.base/java.util.concurrent.ThreadPoolExecutor.runWorker(ThreadPoolExecutor.java:1144)\n\tat java.base/java.util.concurrent.ThreadPoolExecutor$Worker.run(ThreadPoolExecutor.java:642)\n\tat java.base/java.lang.Thread.run(Thread.java:1583)\n"]
2026-03-11 14:37:54,332{GMT}	INFO	[jepsen worker 0] jepsen.util: 129	:info	:generate	nil	[:crash "Unexpected exception handling (msg c8 n0 {\"type\":\"generate\",\"msg_id\":44}) : java.lang.UnsupportedOperationException: Not a string: 44\njava.lang.UnsupportedOperationException: Not a string: 44\n\tat com.eclipsesource.json.JsonValue.asString(JsonValue.java:384)\n\tat com.eclipsesource.json.JsonObject.getString(JsonObject.java:674)\n\tat lab.UniqueId$1.accept(UniqueId.java:27)\n\tat lab.UniqueId$1.accept(UniqueId.java:24)\n\tat lab.Node.handleRequest(Node.java:97)\n\tat lab.Node.handleMessage(Node.java:71)\n\tat lab.Node.lambda$run$0(Node.java:44)\n\tat java.base/java.util.concurrent.ThreadPoolExecutor.runWorker(ThreadPoolExecutor.java:1144)\n\tat java.base/java.util.concurrent.ThreadPoolExecutor$Worker.run(ThreadPoolExecutor.java:642)\n\tat java.base/java.lang.Thread.run(Thread.java:1583)\n"]
2026-03-11 14:37:54,334{GMT}	INFO	[jepsen worker 2] jepsen.util: 125	:invoke	:generate	nil
2026-03-11 14:37:54,349{GMT}	INFO	[jepsen worker 1] jepsen.util: 130	:invoke	:generate	nil
2026-03-11 14:37:54,349{GMT}	INFO	[jepsen worker 0] jepsen.util: 132	:invoke	:generate	nil
2026-03-11 14:37:54,352{GMT}	INFO	[jepsen worker 1] jepsen.util: 130	:info	:generate	nil	[:crash "Unexpected exception handling (msg c6 n1 {\"type\":\"generate\",\"msg_id\":44}) : java.lang.UnsupportedOperationException: Not a string: 44\njava.lang.UnsupportedOperationException: Not a string: 44\n\tat com.eclipsesource.json.JsonValue.asString(JsonValue.java:384)\n\tat com.eclipsesource.json.JsonObject.getString(JsonObject.java:674)\n\tat lab.UniqueId$1.accept(UniqueId.java:27)\n\tat lab.UniqueId$1.accept(UniqueId.java:24)\n\tat lab.Node.handleRequest(Node.java:97)\n\tat lab.Node.handleMessage(Node.java:71)\n\tat lab.Node.lambda$run$0(Node.java:44)\n\tat java.base/java.util.concurrent.ThreadPoolExecutor.runWorker(ThreadPoolExecutor.java:1144)\n\tat java.base/java.util.concurrent.ThreadPoolExecutor$Worker.run(ThreadPoolExecutor.java:642)\n\tat java.base/java.lang.Thread.run(Thread.java:1583)\n"]
2026-03-11 14:37:54,353{GMT}	INFO	[jepsen worker 1] jepsen.util: 133	:invoke	:generate	nil
2026-03-11 14:37:54,354{GMT}	INFO	[jepsen worker 2] jepsen.util: 125	:info	:generate	nil	[:crash "Unexpected exception handling (msg c7 n2 {\"type\":\"generate\",\"msg_id\":42}) : java.lang.UnsupportedOperationException: Not a string: 42\njava.lang.UnsupportedOperationException: Not a string: 42\n\tat com.eclipsesource.json.JsonValue.asString(JsonValue.java:384)\n\tat com.eclipsesource.json.JsonObject.getString(JsonObject.java:674)\n\tat lab.UniqueId$1.accept(UniqueId.java:27)\n\tat lab.UniqueId$1.accept(UniqueId.java:24)\n\tat lab.Node.handleRequest(Node.java:97)\n\tat lab.Node.handleMessage(Node.java:71)\n\tat lab.Node.lambda$run$0(Node.java:44)\n\tat java.base/java.util.concurrent.ThreadPoolExecutor.runWorker(ThreadPoolExecutor.java:1144)\n\tat java.base/java.util.concurrent.ThreadPoolExecutor$Worker.run(ThreadPoolExecutor.java:642)\n\tat java.base/java.lang.Thread.run(Thread.java:1583)\n"]
2026-03-11 14:37:54,354{GMT}	INFO	[jepsen worker 2] jepsen.util: 128	:invoke	:generate	nil
2026-03-11 14:37:54,357{GMT}	INFO	[jepsen worker 0] jepsen.util: 132	:info	:generate	nil	[:crash "Unexpected exception handling (msg c8 n0 {\"type\":\"generate\",\"msg_id\":45}) : java.lang.UnsupportedOperationException: Not a string: 45\njava.lang.UnsupportedOperationException: Not a string: 45\n\tat com.eclipsesource.json.JsonValue.asString(JsonValue.java:384)\n\tat com.eclipsesource.json.JsonObject.getString(JsonObject.java:674)\n\tat lab.UniqueId$1.accept(UniqueId.java:27)\n\tat lab.UniqueId$1.accept(UniqueId.java:24)\n\tat lab.Node.handleRequest(Node.java:97)\n\tat lab.Node.handleMessage(Node.java:71)\n\tat lab.Node.lambda$run$0(Node.java:44)\n\tat java.base/java.util.concurrent.ThreadPoolExecutor.runWorker(ThreadPoolExecutor.java:1144)\n\tat java.base/java.util.concurrent.ThreadPoolExecutor$Worker.run(ThreadPoolExecutor.java:642)\n\tat java.base/java.lang.Thread.run(Thread.java:1583)\n"]
2026-03-11 14:37:54,357{GMT}	INFO	[jepsen worker 1] jepsen.util: 133	:info	:generate	nil	[:crash "Unexpected exception handling (msg c6 n1 {\"type\":\"generate\",\"msg_id\":45}) : java.lang.UnsupportedOperationException: Not a string: 45\njava.lang.UnsupportedOperationException: Not a string: 45\n\tat com.eclipsesource.json.JsonValue.asString(JsonValue.java:384)\n\tat com.eclipsesource.json.JsonObject.getString(JsonObject.java:674)\n\tat lab.UniqueId$1.accept(UniqueId.java:27)\n\tat lab.UniqueId$1.accept(UniqueId.java:24)\n\tat lab.Node.handleRequest(Node.java:97)\n\tat lab.Node.handleMessage(Node.java:71)\n\tat lab.Node.lambda$run$0(Node.java:44)\n\tat java.base/java.util.concurrent.ThreadPoolExecutor.runWorker(ThreadPoolExecutor.java:1144)\n\tat java.base/java.util.concurrent.ThreadPoolExecutor$Worker.run(ThreadPoolExecutor.java:642)\n\tat java.base/java.lang.Thread.run(Thread.java:1583)\n"]
2026-03-11 14:37:54,357{GMT}	INFO	[jepsen worker 2] jepsen.util: 128	:info	:generate	nil	[:crash "Unexpected exception handling (msg c7 n2 {\"type\":\"generate\",\"msg_id\":43}) : java.lang.UnsupportedOperationException: Not a string: 43\njava.lang.UnsupportedOperationException: Not a string: 43\n\tat com.eclipsesource.json.JsonValue.asString(JsonValue.java:384)\n\tat com.eclipsesource.json.JsonObject.getString(JsonObject.java:674)\n\tat lab.UniqueId$1.accept(UniqueId.java:27)\n\tat lab.UniqueId$1.accept(UniqueId.java:24)\n\tat lab.Node.handleRequest(Node.java:97)\n\tat lab.Node.handleMessage(Node.java:71)\n\tat lab.Node.lambda$run$0(Node.java:44)\n\tat java.base/java.util.concurrent.ThreadPoolExecutor.runWorker(ThreadPoolExecutor.java:1144)\n\tat java.base/java.util.concurrent.ThreadPoolExecutor$Worker.run(ThreadPoolExecutor.java:642)\n\tat java.base/java.lang.Thread.run(Thread.java:1583)\n"]
2026-03-11 14:37:54,357{GMT}	INFO	[jepsen worker 0] jepsen.util: 135	:invoke	:generate	nil
2026-03-11 14:37:54,358{GMT}	INFO	[jepsen worker 1] jepsen.util: 136	:invoke	:generate	nil
2026-03-11 14:37:54,358{GMT}	INFO	[jepsen worker 2] jepsen.util: 131	:invoke	:generate	nil
2026-03-11 14:37:54,361{GMT}	INFO	[jepsen worker 1] jepsen.util: 136	:info	:generate	nil	[:crash "Unexpected exception handling (msg c6 n1 {\"type\":\"generate\",\"msg_id\":46}) : java.lang.UnsupportedOperationException: Not a string: 46\njava.lang.UnsupportedOperationException: Not a string: 46\n\tat com.eclipsesource.json.JsonValue.asString(JsonValue.java:384)\n\tat com.eclipsesource.json.JsonObject.getString(JsonObject.java:674)\n\tat lab.UniqueId$1.accept(UniqueId.java:27)\n\tat lab.UniqueId$1.accept(UniqueId.java:24)\n\tat lab.Node.handleRequest(Node.java:97)\n\tat lab.Node.handleMessage(Node.java:71)\n\tat lab.Node.lambda$run$0(Node.java:44)\n\tat java.base/java.util.concurrent.ThreadPoolExecutor.runWorker(ThreadPoolExecutor.java:1144)\n\tat java.base/java.util.concurrent.ThreadPoolExecutor$Worker.run(ThreadPoolExecutor.java:642)\n\tat java.base/java.lang.Thread.run(Thread.java:1583)\n"]
2026-03-11 14:37:54,361{GMT}	INFO	[jepsen worker 0] jepsen.util: 135	:info	:generate	nil	[:crash "Unexpected exception handling (msg c8 n0 {\"type\":\"generate\",\"msg_id\":46}) : java.lang.UnsupportedOperationException: Not a string: 46\njava.lang.UnsupportedOperationException: Not a string: 46\n\tat com.eclipsesource.json.JsonValue.asString(JsonValue.java:384)\n\tat com.eclipsesource.json.JsonObject.getString(JsonObject.java:674)\n\tat lab.UniqueId$1.accept(UniqueId.java:27)\n\tat lab.UniqueId$1.accept(UniqueId.java:24)\n\tat lab.Node.handleRequest(Node.java:97)\n\tat lab.Node.handleMessage(Node.java:71)\n\tat lab.Node.lambda$run$0(Node.java:44)\n\tat java.base/java.util.concurrent.ThreadPoolExecutor.runWorker(ThreadPoolExecutor.java:1144)\n\tat java.base/java.util.concurrent.ThreadPoolExecutor$Worker.run(ThreadPoolExecutor.java:642)\n\tat java.base/java.lang.Thread.run(Thread.java:1583)\n"]
2026-03-11 14:37:54,364{GMT}	INFO	[jepsen worker 1] jepsen.util: 139	:invoke	:generate	nil
2026-03-11 14:37:54,367{GMT}	INFO	[jepsen worker 0] jepsen.util: 138	:invoke	:generate	nil
2026-03-11 14:37:54,361{GMT}	INFO	[jepsen worker 2] jepsen.util: 131	:info	:generate	nil	[:crash "Unexpected exception handling (msg c7 n2 {\"type\":\"generate\",\"msg_id\":44}) : java.lang.UnsupportedOperationException: Not a string: 44\njava.lang.UnsupportedOperationException: Not a string: 44\n\tat com.eclipsesource.json.JsonValue.asString(JsonValue.java:384)\n\tat com.eclipsesource.json.JsonObject.getString(JsonObject.java:674)\n\tat lab.UniqueId$1.accept(UniqueId.java:27)\n\tat lab.UniqueId$1.accept(UniqueId.java:24)\n\tat lab.Node.handleRequest(Node.java:97)\n\tat lab.Node.handleMessage(Node.java:71)\n\tat lab.Node.lambda$run$0(Node.java:44)\n\tat java.base/java.util.concurrent.ThreadPoolExecutor.runWorker(ThreadPoolExecutor.java:1144)\n\tat java.base/java.util.concurrent.ThreadPoolExecutor$Worker.run(ThreadPoolExecutor.java:642)\n\tat java.base/java.lang.Thread.run(Thread.java:1583)\n"]
2026-03-11 14:37:54,368{GMT}	INFO	[jepsen worker 2] jepsen.util: 134	:invoke	:generate	nil
2026-03-11 14:37:54,371{GMT}	INFO	[jepsen worker 1] jepsen.util: 139	:info	:generate	nil	[:crash "Unexpected exception handling (msg c6 n1 {\"type\":\"generate\",\"msg_id\":47}) : java.lang.UnsupportedOperationException: Not a string: 47\njava.lang.UnsupportedOperationException: Not a string: 47\n\tat com.eclipsesource.json.JsonValue.asString(JsonValue.java:384)\n\tat com.eclipsesource.json.JsonObject.getString(JsonObject.java:674)\n\tat lab.UniqueId$1.accept(UniqueId.java:27)\n\tat lab.UniqueId$1.accept(UniqueId.java:24)\n\tat lab.Node.handleRequest(Node.java:97)\n\tat lab.Node.handleMessage(Node.java:71)\n\tat lab.Node.lambda$run$0(Node.java:44)\n\tat java.base/java.util.concurrent.ThreadPoolExecutor.runWorker(ThreadPoolExecutor.java:1144)\n\tat java.base/java.util.concurrent.ThreadPoolExecutor$Worker.run(ThreadPoolExecutor.java:642)\n\tat java.base/java.lang.Thread.run(Thread.java:1583)\n"]
2026-03-11 14:37:54,371{GMT}	INFO	[jepsen worker 2] jepsen.util: 134	:info	:generate	nil	[:crash "Unexpected exception handling (msg c7 n2 {\"type\":\"generate\",\"msg_id\":45}) : java.lang.UnsupportedOperationException: Not a string: 45\njava.lang.UnsupportedOperationException: Not a string: 45\n\tat com.eclipsesource.json.JsonValue.asString(JsonValue.java:384)\n\tat com.eclipsesource.json.JsonObject.getString(JsonObject.java:674)\n\tat lab.UniqueId$1.accept(UniqueId.java:27)\n\tat lab.UniqueId$1.accept(UniqueId.java:24)\n\tat lab.Node.handleRequest(Node.java:97)\n\tat lab.Node.handleMessage(Node.java:71)\n\tat lab.Node.lambda$run$0(Node.java:44)\n\tat java.base/java.util.concurrent.ThreadPoolExecutor.runWorker(ThreadPoolExecutor.java:1144)\n\tat java.base/java.util.concurrent.ThreadPoolExecutor$Worker.run(ThreadPoolExecutor.java:642)\n\tat java.base/java.lang.Thread.run(Thread.java:1583)\n"]
2026-03-11 14:37:54,372{GMT}	INFO	[jepsen worker 0] jepsen.util: 138	:info	:generate	nil	[:crash "Unexpected exception handling (msg c8 n0 {\"type\":\"generate\",\"msg_id\":47}) : java.lang.UnsupportedOperationException: Not a string: 47\njava.lang.UnsupportedOperationException: Not a string: 47\n\tat com.eclipsesource.json.JsonValue.asString(JsonValue.java:384)\n\tat com.eclipsesource.json.JsonObject.getString(JsonObject.java:674)\n\tat lab.UniqueId$1.accept(UniqueId.java:27)\n\tat lab.UniqueId$1.accept(UniqueId.java:24)\n\tat lab.Node.handleRequest(Node.java:97)\n\tat lab.Node.handleMessage(Node.java:71)\n\tat lab.Node.lambda$run$0(Node.java:44)\n\tat java.base/java.util.concurrent.ThreadPoolExecutor.runWorker(ThreadPoolExecutor.java:1144)\n\tat java.base/java.util.concurrent.ThreadPoolExecutor$Worker.run(ThreadPoolExecutor.java:642)\n\tat java.base/java.lang.Thread.run(Thread.java:1583)\n"]
2026-03-11 14:37:54,371{GMT}	INFO	[jepsen worker 1] jepsen.util: 142	:invoke	:generate	nil
2026-03-11 14:37:54,378{GMT}	INFO	[jepsen worker 0] jepsen.util: 141	:invoke	:generate	nil
2026-03-11 14:37:54,378{GMT}	INFO	[jepsen worker 2] jepsen.util: 137	:invoke	:generate	nil
2026-03-11 14:37:54,382{GMT}	INFO	[jepsen worker 1] jepsen.util: 142	:info	:generate	nil	[:crash "Unexpected exception handling (msg c6 n1 {\"type\":\"generate\",\"msg_id\":48}) : java.lang.UnsupportedOperationException: Not a string: 48\njava.lang.UnsupportedOperationException: Not a string: 48\n\tat com.eclipsesource.json.JsonValue.asString(JsonValue.java:384)\n\tat com.eclipsesource.json.JsonObject.getString(JsonObject.java:674)\n\tat lab.UniqueId$1.accept(UniqueId.java:27)\n\tat lab.UniqueId$1.accept(UniqueId.java:24)\n\tat lab.Node.handleRequest(Node.java:97)\n\tat lab.Node.handleMessage(Node.java:71)\n\tat lab.Node.lambda$run$0(Node.java:44)\n\tat java.base/java.util.concurrent.ThreadPoolExecutor.runWorker(ThreadPoolExecutor.java:1144)\n\tat java.base/java.util.concurrent.ThreadPoolExecutor$Worker.run(ThreadPoolExecutor.java:642)\n\tat java.base/java.lang.Thread.run(Thread.java:1583)\n"]
2026-03-11 14:37:54,382{GMT}	INFO	[jepsen worker 2] jepsen.util: 137	:info	:generate	nil	[:crash "Unexpected exception handling (msg c7 n2 {\"type\":\"generate\",\"msg_id\":46}) : java.lang.UnsupportedOperationException: Not a string: 46\njava.lang.UnsupportedOperationException: Not a string: 46\n\tat com.eclipsesource.json.JsonValue.asString(JsonValue.java:384)\n\tat com.eclipsesource.json.JsonObject.getString(JsonObject.java:674)\n\tat lab.UniqueId$1.accept(UniqueId.java:27)\n\tat lab.UniqueId$1.accept(UniqueId.java:24)\n\tat lab.Node.handleRequest(Node.java:97)\n\tat lab.Node.handleMessage(Node.java:71)\n\tat lab.Node.lambda$run$0(Node.java:44)\n\tat java.base/java.util.concurrent.ThreadPoolExecutor.runWorker(ThreadPoolExecutor.java:1144)\n\tat java.base/java.util.concurrent.ThreadPoolExecutor$Worker.run(ThreadPoolExecutor.java:642)\n\tat java.base/java.lang.Thread.run(Thread.java:1583)\n"]
2026-03-11 14:37:54,382{GMT}	INFO	[jepsen worker 1] jepsen.util: 145	:invoke	:generate	nil
2026-03-11 14:37:54,386{GMT}	INFO	[jepsen worker 2] jepsen.util: 140	:invoke	:generate	nil
2026-03-11 14:37:54,386{GMT}	INFO	[jepsen worker 0] jepsen.util: 141	:info	:generate	nil	[:crash "Unexpected exception handling (msg c8 n0 {\"type\":\"generate\",\"msg_id\":48}) : java.lang.UnsupportedOperationException: Not a string: 48\njava.lang.UnsupportedOperationException: Not a string: 48\n\tat com.eclipsesource.json.JsonValue.asString(JsonValue.java:384)\n\tat com.eclipsesource.json.JsonObject.getString(JsonObject.java:674)\n\tat lab.UniqueId$1.accept(UniqueId.java:27)\n\tat lab.UniqueId$1.accept(UniqueId.java:24)\n\tat lab.Node.handleRequest(Node.java:97)\n\tat lab.Node.handleMessage(Node.java:71)\n\tat lab.Node.lambda$run$0(Node.java:44)\n\tat java.base/java.util.concurrent.ThreadPoolExecutor.runWorker(ThreadPoolExecutor.java:1144)\n\tat java.base/java.util.concurrent.ThreadPoolExecutor$Worker.run(ThreadPoolExecutor.java:642)\n\tat java.base/java.lang.Thread.run(Thread.java:1583)\n"]
2026-03-11 14:37:54,387{GMT}	INFO	[jepsen worker 0] jepsen.util: 144	:invoke	:generate	nil
2026-03-11 14:37:54,387{GMT}	INFO	[jepsen worker 1] jepsen.util: 145	:info	:generate	nil	[:crash "Unexpected exception handling (msg c6 n1 {\"type\":\"generate\",\"msg_id\":49}) : java.lang.UnsupportedOperationException: Not a string: 49\njava.lang.UnsupportedOperationException: Not a string: 49\n\tat com.eclipsesource.json.JsonValue.asString(JsonValue.java:384)\n\tat com.eclipsesource.json.JsonObject.getString(JsonObject.java:674)\n\tat lab.UniqueId$1.accept(UniqueId.java:27)\n\tat lab.UniqueId$1.accept(UniqueId.java:24)\n\tat lab.Node.handleRequest(Node.java:97)\n\tat lab.Node.handleMessage(Node.java:71)\n\tat lab.Node.lambda$run$0(Node.java:44)\n\tat java.base/java.util.concurrent.ThreadPoolExecutor.runWorker(ThreadPoolExecutor.java:1144)\n\tat java.base/java.util.concurrent.ThreadPoolExecutor$Worker.run(ThreadPoolExecutor.java:642)\n\tat java.base/java.lang.Thread.run(Thread.java:1583)\n"]
2026-03-11 14:37:54,389{GMT}	INFO	[jepsen worker 2] jepsen.util: 140	:info	:generate	nil	[:crash "Unexpected exception handling (msg c7 n2 {\"type\":\"generate\",\"msg_id\":47}) : java.lang.UnsupportedOperationException: Not a string: 47\njava.lang.UnsupportedOperationException: Not a string: 47\n\tat com.eclipsesource.json.JsonValue.asString(JsonValue.java:384)\n\tat com.eclipsesource.json.JsonObject.getString(JsonObject.java:674)\n\tat lab.UniqueId$1.accept(UniqueId.java:27)\n\tat lab.UniqueId$1.accept(UniqueId.java:24)\n\tat lab.Node.handleRequest(Node.java:97)\n\tat lab.Node.handleMessage(Node.java:71)\n\tat lab.Node.lambda$run$0(Node.java:44)\n\tat java.base/java.util.concurrent.ThreadPoolExecutor.runWorker(ThreadPoolExecutor.java:1144)\n\tat java.base/java.util.concurrent.ThreadPoolExecutor$Worker.run(ThreadPoolExecutor.java:642)\n\tat java.base/java.lang.Thread.run(Thread.java:1583)\n"]
2026-03-11 14:37:54,391{GMT}	INFO	[jepsen worker 0] jepsen.util: 144	:info	:generate	nil	[:crash "Unexpected exception handling (msg c8 n0 {\"type\":\"generate\",\"msg_id\":49}) : java.lang.UnsupportedOperationException: Not a string: 49\njava.lang.UnsupportedOperationException: Not a string: 49\n\tat com.eclipsesource.json.JsonValue.asString(JsonValue.java:384)\n\tat com.eclipsesource.json.JsonObject.getString(JsonObject.java:674)\n\tat lab.UniqueId$1.accept(UniqueId.java:27)\n\tat lab.UniqueId$1.accept(UniqueId.java:24)\n\tat lab.Node.handleRequest(Node.java:97)\n\tat lab.Node.handleMessage(Node.java:71)\n\tat lab.Node.lambda$run$0(Node.java:44)\n\tat java.base/java.util.concurrent.ThreadPoolExecutor.runWorker(ThreadPoolExecutor.java:1144)\n\tat java.base/java.util.concurrent.ThreadPoolExecutor$Worker.run(ThreadPoolExecutor.java:642)\n\tat java.base/java.lang.Thread.run(Thread.java:1583)\n"]
2026-03-11 14:37:54,396{GMT}	INFO	[jepsen worker 2] jepsen.util: 143	:invoke	:generate	nil
2026-03-11 14:37:54,407{GMT}	INFO	[jepsen worker 0] jepsen.util: 147	:invoke	:generate	nil
2026-03-11 14:37:54,396{GMT}	INFO	[jepsen worker 1] jepsen.util: 148	:invoke	:generate	nil
2026-03-11 14:37:54,410{GMT}	INFO	[jepsen worker 2] jepsen.util: 143	:info	:generate	nil	[:crash "Unexpected exception handling (msg c7 n2 {\"type\":\"generate\",\"msg_id\":48}) : java.lang.UnsupportedOperationException: Not a string: 48\njava.lang.UnsupportedOperationException: Not a string: 48\n\tat com.eclipsesource.json.JsonValue.asString(JsonValue.java:384)\n\tat com.eclipsesource.json.JsonObject.getString(JsonObject.java:674)\n\tat lab.UniqueId$1.accept(UniqueId.java:27)\n\tat lab.UniqueId$1.accept(UniqueId.java:24)\n\tat lab.Node.handleRequest(Node.java:97)\n\tat lab.Node.handleMessage(Node.java:71)\n\tat lab.Node.lambda$run$0(Node.java:44)\n\tat java.base/java.util.concurrent.ThreadPoolExecutor.runWorker(ThreadPoolExecutor.java:1144)\n\tat java.base/java.util.concurrent.ThreadPoolExecutor$Worker.run(ThreadPoolExecutor.java:642)\n\tat java.base/java.lang.Thread.run(Thread.java:1583)\n"]
2026-03-11 14:37:54,411{GMT}	INFO	[jepsen worker 0] jepsen.util: 147	:info	:generate	nil	[:crash "Unexpected exception handling (msg c8 n0 {\"type\":\"generate\",\"msg_id\":50}) : java.lang.UnsupportedOperationException: Not a string: 50\njava.lang.UnsupportedOperationException: Not a string: 50\n\tat com.eclipsesource.json.JsonValue.asString(JsonValue.java:384)\n\tat com.eclipsesource.json.JsonObject.getString(JsonObject.java:674)\n\tat lab.UniqueId$1.accept(UniqueId.java:27)\n\tat lab.UniqueId$1.accept(UniqueId.java:24)\n\tat lab.Node.handleRequest(Node.java:97)\n\tat lab.Node.handleMessage(Node.java:71)\n\tat lab.Node.lambda$run$0(Node.java:44)\n\tat java.base/java.util.concurrent.ThreadPoolExecutor.runWorker(ThreadPoolExecutor.java:1144)\n\tat java.base/java.util.concurrent.ThreadPoolExecutor$Worker.run(ThreadPoolExecutor.java:642)\n\tat java.base/java.lang.Thread.run(Thread.java:1583)\n"]
2026-03-11 14:37:54,411{GMT}	INFO	[jepsen worker 1] jepsen.util: 148	:info	:generate	nil	[:crash "Unexpected exception handling (msg c6 n1 {\"type\":\"generate\",\"msg_id\":50}) : java.lang.UnsupportedOperationException: Not a string: 50\njava.lang.UnsupportedOperationException: Not a string: 50\n\tat com.eclipsesource.json.JsonValue.asString(JsonValue.java:384)\n\tat com.eclipsesource.json.JsonObject.getString(JsonObject.java:674)\n\tat lab.UniqueId$1.accept(UniqueId.java:27)\n\tat lab.UniqueId$1.accept(UniqueId.java:24)\n\tat lab.Node.handleRequest(Node.java:97)\n\tat lab.Node.handleMessage(Node.java:71)\n\tat lab.Node.lambda$run$0(Node.java:44)\n\tat java.base/java.util.concurrent.ThreadPoolExecutor.runWorker(ThreadPoolExecutor.java:1144)\n\tat java.base/java.util.concurrent.ThreadPoolExecutor$Worker.run(ThreadPoolExecutor.java:642)\n\tat java.base/java.lang.Thread.run(Thread.java:1583)\n"]
2026-03-11 14:37:54,414{GMT}	INFO	[jepsen worker 2] jepsen.util: 146	:invoke	:generate	nil
2026-03-11 14:37:54,415{GMT}	INFO	[jepsen worker 0] jepsen.util: 150	:invoke	:generate	nil
2026-03-11 14:37:54,417{GMT}	INFO	[jepsen worker 1] jepsen.util: 151	:invoke	:generate	nil
2026-03-11 14:37:54,420{GMT}	INFO	[jepsen worker 0] jepsen.util: 150	:info	:generate	nil	[:crash "Unexpected exception handling (msg c8 n0 {\"type\":\"generate\",\"msg_id\":51}) : java.lang.UnsupportedOperationException: Not a string: 51\njava.lang.UnsupportedOperationException: Not a string: 51\n\tat com.eclipsesource.json.JsonValue.asString(JsonValue.java:384)\n\tat com.eclipsesource.json.JsonObject.getString(JsonObject.java:674)\n\tat lab.UniqueId$1.accept(UniqueId.java:27)\n\tat lab.UniqueId$1.accept(UniqueId.java:24)\n\tat lab.Node.handleRequest(Node.java:97)\n\tat lab.Node.handleMessage(Node.java:71)\n\tat lab.Node.lambda$run$0(Node.java:44)\n\tat java.base/java.util.concurrent.ThreadPoolExecutor.runWorker(ThreadPoolExecutor.java:1144)\n\tat java.base/java.util.concurrent.ThreadPoolExecutor$Worker.run(ThreadPoolExecutor.java:642)\n\tat java.base/java.lang.Thread.run(Thread.java:1583)\n"]
2026-03-11 14:37:54,421{GMT}	INFO	[jepsen worker 2] jepsen.util: 146	:info	:generate	nil	[:crash "Unexpected exception handling (msg c7 n2 {\"type\":\"generate\",\"msg_id\":49}) : java.lang.UnsupportedOperationException: Not a string: 49\njava.lang.UnsupportedOperationException: Not a string: 49\n\tat com.eclipsesource.json.JsonValue.asString(JsonValue.java:384)\n\tat com.eclipsesource.json.JsonObject.getString(JsonObject.java:674)\n\tat lab.UniqueId$1.accept(UniqueId.java:27)\n\tat lab.UniqueId$1.accept(UniqueId.java:24)\n\tat lab.Node.handleRequest(Node.java:97)\n\tat lab.Node.handleMessage(Node.java:71)\n\tat lab.Node.lambda$run$0(Node.java:44)\n\tat java.base/java.util.concurrent.ThreadPoolExecutor.runWorker(ThreadPoolExecutor.java:1144)\n\tat java.base/java.util.concurrent.ThreadPoolExecutor$Worker.run(ThreadPoolExecutor.java:642)\n\tat java.base/java.lang.Thread.run(Thread.java:1583)\n"]
2026-03-11 14:37:54,424{GMT}	INFO	[jepsen worker 2] jepsen.util: 149	:invoke	:generate	nil
2026-03-11 14:37:54,424{GMT}	INFO	[jepsen worker 0] jepsen.util: 153	:invoke	:generate	nil
2026-03-11 14:37:54,428{GMT}	INFO	[jepsen worker 1] jepsen.util: 151	:info	:generate	nil	[:crash "Unexpected exception handling (msg c6 n1 {\"type\":\"generate\",\"msg_id\":51}) : java.lang.UnsupportedOperationException: Not a string: 51\njava.lang.UnsupportedOperationException: Not a string: 51\n\tat com.eclipsesource.json.JsonValue.asString(JsonValue.java:384)\n\tat com.eclipsesource.json.JsonObject.getString(JsonObject.java:674)\n\tat lab.UniqueId$1.accept(UniqueId.java:27)\n\tat lab.UniqueId$1.accept(UniqueId.java:24)\n\tat lab.Node.handleRequest(Node.java:97)\n\tat lab.Node.handleMessage(Node.java:71)\n\tat lab.Node.lambda$run$0(Node.java:44)\n\tat java.base/java.util.concurrent.ThreadPoolExecutor.runWorker(ThreadPoolExecutor.java:1144)\n\tat java.base/java.util.concurrent.ThreadPoolExecutor$Worker.run(ThreadPoolExecutor.java:642)\n\tat java.base/java.lang.Thread.run(Thread.java:1583)\n"]
2026-03-11 14:37:54,427{GMT}	INFO	[jepsen worker 2] jepsen.util: 149	:info	:generate	nil	[:crash "Unexpected exception handling (msg c7 n2 {\"type\":\"generate\",\"msg_id\":50}) : java.lang.UnsupportedOperationException: Not a string: 50\njava.lang.UnsupportedOperationException: Not a string: 50\n\tat com.eclipsesource.json.JsonValue.asString(JsonValue.java:384)\n\tat com.eclipsesource.json.JsonObject.getString(JsonObject.java:674)\n\tat lab.UniqueId$1.accept(UniqueId.java:27)\n\tat lab.UniqueId$1.accept(UniqueId.java:24)\n\tat lab.Node.handleRequest(Node.java:97)\n\tat lab.Node.handleMessage(Node.java:71)\n\tat lab.Node.lambda$run$0(Node.java:44)\n\tat java.base/java.util.concurrent.ThreadPoolExecutor.runWorker(ThreadPoolExecutor.java:1144)\n\tat java.base/java.util.concurrent.ThreadPoolExecutor$Worker.run(ThreadPoolExecutor.java:642)\n\tat java.base/java.lang.Thread.run(Thread.java:1583)\n"]
2026-03-11 14:37:54,433{GMT}	INFO	[jepsen worker 2] jepsen.util: 152	:invoke	:generate	nil
2026-03-11 14:37:54,428{GMT}	INFO	[jepsen worker 0] jepsen.util: 153	:info	:generate	nil	[:crash "Unexpected exception handling (msg c8 n0 {\"type\":\"generate\",\"msg_id\":52}) : java.lang.UnsupportedOperationException: Not a string: 52\njava.lang.UnsupportedOperationException: Not a string: 52\n\tat com.eclipsesource.json.JsonValue.asString(JsonValue.java:384)\n\tat com.eclipsesource.json.JsonObject.getString(JsonObject.java:674)\n\tat lab.UniqueId$1.accept(UniqueId.java:27)\n\tat lab.UniqueId$1.accept(UniqueId.java:24)\n\tat lab.Node.handleRequest(Node.java:97)\n\tat lab.Node.handleMessage(Node.java:71)\n\tat lab.Node.lambda$run$0(Node.java:44)\n\tat java.base/java.util.concurrent.ThreadPoolExecutor.runWorker(ThreadPoolExecutor.java:1144)\n\tat java.base/java.util.concurrent.ThreadPoolExecutor$Worker.run(ThreadPoolExecutor.java:642)\n\tat java.base/java.lang.Thread.run(Thread.java:1583)\n"]
2026-03-11 14:37:54,433{GMT}	INFO	[jepsen worker 1] jepsen.util: 154	:invoke	:generate	nil
2026-03-11 14:37:54,433{GMT}	INFO	[jepsen worker 0] jepsen.util: 156	:invoke	:generate	nil
2026-03-11 14:37:54,437{GMT}	INFO	[jepsen worker 0] jepsen.util: 156	:info	:generate	nil	[:crash "Unexpected exception handling (msg c8 n0 {\"type\":\"generate\",\"msg_id\":53}) : java.lang.UnsupportedOperationException: Not a string: 53\njava.lang.UnsupportedOperationException: Not a string: 53\n\tat com.eclipsesource.json.JsonValue.asString(JsonValue.java:384)\n\tat com.eclipsesource.json.JsonObject.getString(JsonObject.java:674)\n\tat lab.UniqueId$1.accept(UniqueId.java:27)\n\tat lab.UniqueId$1.accept(UniqueId.java:24)\n\tat lab.Node.handleRequest(Node.java:97)\n\tat lab.Node.handleMessage(Node.java:71)\n\tat lab.Node.lambda$run$0(Node.java:44)\n\tat java.base/java.util.concurrent.ThreadPoolExecutor.runWorker(ThreadPoolExecutor.java:1144)\n\tat java.base/java.util.concurrent.ThreadPoolExecutor$Worker.run(ThreadPoolExecutor.java:642)\n\tat java.base/java.lang.Thread.run(Thread.java:1583)\n"]
2026-03-11 14:37:54,438{GMT}	INFO	[jepsen worker 1] jepsen.util: 154	:info	:generate	nil	[:crash "Unexpected exception handling (msg c6 n1 {\"type\":\"generate\",\"msg_id\":52}) : java.lang.UnsupportedOperationException: Not a string: 52\njava.lang.UnsupportedOperationException: Not a string: 52\n\tat com.eclipsesource.json.JsonValue.asString(JsonValue.java:384)\n\tat com.eclipsesource.json.JsonObject.getString(JsonObject.java:674)\n\tat lab.UniqueId$1.accept(UniqueId.java:27)\n\tat lab.UniqueId$1.accept(UniqueId.java:24)\n\tat lab.Node.handleRequest(Node.java:97)\n\tat lab.Node.handleMessage(Node.java:71)\n\tat lab.Node.lambda$run$0(Node.java:44)\n\tat java.base/java.util.concurrent.ThreadPoolExecutor.runWorker(ThreadPoolExecutor.java:1144)\n\tat java.base/java.util.concurrent.ThreadPoolExecutor$Worker.run(ThreadPoolExecutor.java:642)\n\tat java.base/java.lang.Thread.run(Thread.java:1583)\n"]
2026-03-11 14:37:54,438{GMT}	INFO	[jepsen worker 2] jepsen.util: 152	:info	:generate	nil	[:crash "Unexpected exception handling (msg c7 n2 {\"type\":\"generate\",\"msg_id\":51}) : java.lang.UnsupportedOperationException: Not a string: 51\njava.lang.UnsupportedOperationException: Not a string: 51\n\tat com.eclipsesource.json.JsonValue.asString(JsonValue.java:384)\n\tat com.eclipsesource.json.JsonObject.getString(JsonObject.java:674)\n\tat lab.UniqueId$1.accept(UniqueId.java:27)\n\tat lab.UniqueId$1.accept(UniqueId.java:24)\n\tat lab.Node.handleRequest(Node.java:97)\n\tat lab.Node.handleMessage(Node.java:71)\n\tat lab.Node.lambda$run$0(Node.java:44)\n\tat java.base/java.util.concurrent.ThreadPoolExecutor.runWorker(ThreadPoolExecutor.java:1144)\n\tat java.base/java.util.concurrent.ThreadPoolExecutor$Worker.run(ThreadPoolExecutor.java:642)\n\tat java.base/java.lang.Thread.run(Thread.java:1583)\n"]
2026-03-11 14:37:54,444{GMT}	INFO	[jepsen worker 1] jepsen.util: 157	:invoke	:generate	nil
2026-03-11 14:37:54,449{GMT}	INFO	[jepsen worker 2] jepsen.util: 155	:invoke	:generate	nil
2026-03-11 14:37:54,440{GMT}	INFO	[jepsen worker 0] jepsen.util: 159	:invoke	:generate	nil
2026-03-11 14:37:54,452{GMT}	INFO	[jepsen worker 2] jepsen.util: 155	:info	:generate	nil	[:crash "Unexpected exception handling (msg c7 n2 {\"type\":\"generate\",\"msg_id\":52}) : java.lang.UnsupportedOperationException: Not a string: 52\njava.lang.UnsupportedOperationException: Not a string: 52\n\tat com.eclipsesource.json.JsonValue.asString(JsonValue.java:384)\n\tat com.eclipsesource.json.JsonObject.getString(JsonObject.java:674)\n\tat lab.UniqueId$1.accept(UniqueId.java:27)\n\tat lab.UniqueId$1.accept(UniqueId.java:24)\n\tat lab.Node.handleRequest(Node.java:97)\n\tat lab.Node.handleMessage(Node.java:71)\n\tat lab.Node.lambda$run$0(Node.java:44)\n\tat java.base/java.util.concurrent.ThreadPoolExecutor.runWorker(ThreadPoolExecutor.java:1144)\n\tat java.base/java.util.concurrent.ThreadPoolExecutor$Worker.run(ThreadPoolExecutor.java:642)\n\tat java.base/java.lang.Thread.run(Thread.java:1583)\n"]
2026-03-11 14:37:54,453{GMT}	INFO	[jepsen worker 0] jepsen.util: 159	:info	:generate	nil	[:crash "Unexpected exception handling (msg c8 n0 {\"type\":\"generate\",\"msg_id\":54}) : java.lang.UnsupportedOperationException: Not a string: 54\njava.lang.UnsupportedOperationException: Not a string: 54\n\tat com.eclipsesource.json.JsonValue.asString(JsonValue.java:384)\n\tat com.eclipsesource.json.JsonObject.getString(JsonObject.java:674)\n\tat lab.UniqueId$1.accept(UniqueId.java:27)\n\tat lab.UniqueId$1.accept(UniqueId.java:24)\n\tat lab.Node.handleRequest(Node.java:97)\n\tat lab.Node.handleMessage(Node.java:71)\n\tat lab.Node.lambda$run$0(Node.java:44)\n\tat java.base/java.util.concurrent.ThreadPoolExecutor.runWorker(ThreadPoolExecutor.java:1144)\n\tat java.base/java.util.concurrent.ThreadPoolExecutor$Worker.run(ThreadPoolExecutor.java:642)\n\tat java.base/java.lang.Thread.run(Thread.java:1583)\n"]
2026-03-11 14:37:54,453{GMT}	INFO	[jepsen worker 0] jepsen.util: 162	:invoke	:generate	nil
2026-03-11 14:37:54,455{GMT}	INFO	[jepsen worker 1] jepsen.util: 157	:info	:generate	nil	[:crash "Unexpected exception handling (msg c6 n1 {\"type\":\"generate\",\"msg_id\":53}) : java.lang.UnsupportedOperationException: Not a string: 53\njava.lang.UnsupportedOperationException: Not a string: 53\n\tat com.eclipsesource.json.JsonValue.asString(JsonValue.java:384)\n\tat com.eclipsesource.json.JsonObject.getString(JsonObject.java:674)\n\tat lab.UniqueId$1.accept(UniqueId.java:27)\n\tat lab.UniqueId$1.accept(UniqueId.java:24)\n\tat lab.Node.handleRequest(Node.java:97)\n\tat lab.Node.handleMessage(Node.java:71)\n\tat lab.Node.lambda$run$0(Node.java:44)\n\tat java.base/java.util.concurrent.ThreadPoolExecutor.runWorker(ThreadPoolExecutor.java:1144)\n\tat java.base/java.util.concurrent.ThreadPoolExecutor$Worker.run(ThreadPoolExecutor.java:642)\n\tat java.base/java.lang.Thread.run(Thread.java:1583)\n"]
2026-03-11 14:37:54,456{GMT}	INFO	[jepsen worker 1] jepsen.util: 160	:invoke	:generate	nil
2026-03-11 14:37:54,457{GMT}	INFO	[jepsen worker 2] jepsen.util: 158	:invoke	:generate	nil
2026-03-11 14:37:54,460{GMT}	INFO	[jepsen worker 0] jepsen.util: 162	:info	:generate	nil	[:crash "Unexpected exception handling (msg c8 n0 {\"type\":\"generate\",\"msg_id\":55}) : java.lang.UnsupportedOperationException: Not a string: 55\njava.lang.UnsupportedOperationException: Not a string: 55\n\tat com.eclipsesource.json.JsonValue.asString(JsonValue.java:384)\n\tat com.eclipsesource.json.JsonObject.getString(JsonObject.java:674)\n\tat lab.UniqueId$1.accept(UniqueId.java:27)\n\tat lab.UniqueId$1.accept(UniqueId.java:24)\n\tat lab.Node.handleRequest(Node.java:97)\n\tat lab.Node.handleMessage(Node.java:71)\n\tat lab.Node.lambda$run$0(Node.java:44)\n\tat java.base/java.util.concurrent.ThreadPoolExecutor.runWorker(ThreadPoolExecutor.java:1144)\n\tat java.base/java.util.concurrent.ThreadPoolExecutor$Worker.run(ThreadPoolExecutor.java:642)\n\tat java.base/java.lang.Thread.run(Thread.java:1583)\n"]
2026-03-11 14:37:54,461{GMT}	INFO	[jepsen worker 0] jepsen.util: 165	:invoke	:generate	nil
2026-03-11 14:37:54,465{GMT}	INFO	[jepsen worker 1] jepsen.util: 160	:info	:generate	nil	[:crash "Unexpected exception handling (msg c6 n1 {\"type\":\"generate\",\"msg_id\":54}) : java.lang.UnsupportedOperationException: Not a string: 54\njava.lang.UnsupportedOperationException: Not a string: 54\n\tat com.eclipsesource.json.JsonValue.asString(JsonValue.java:384)\n\tat com.eclipsesource.json.JsonObject.getString(JsonObject.java:674)\n\tat lab.UniqueId$1.accept(UniqueId.java:27)\n\tat lab.UniqueId$1.accept(UniqueId.java:24)\n\tat lab.Node.handleRequest(Node.java:97)\n\tat lab.Node.handleMessage(Node.java:71)\n\tat lab.Node.lambda$run$0(Node.java:44)\n\tat java.base/java.util.concurrent.ThreadPoolExecutor.runWorker(ThreadPoolExecutor.java:1144)\n\tat java.base/java.util.concurrent.ThreadPoolExecutor$Worker.run(ThreadPoolExecutor.java:642)\n\tat java.base/java.lang.Thread.run(Thread.java:1583)\n"]
2026-03-11 14:37:54,467{GMT}	INFO	[jepsen worker 1] jepsen.util: 163	:invoke	:generate	nil
2026-03-11 14:37:54,466{GMT}	INFO	[jepsen worker 2] jepsen.util: 158	:info	:generate	nil	[:crash "Unexpected exception handling (msg c7 n2 {\"type\":\"generate\",\"msg_id\":53}) : java.lang.UnsupportedOperationException: Not a string: 53\njava.lang.UnsupportedOperationException: Not a string: 53\n\tat com.eclipsesource.json.JsonValue.asString(JsonValue.java:384)\n\tat com.eclipsesource.json.JsonObject.getString(JsonObject.java:674)\n\tat lab.UniqueId$1.accept(UniqueId.java:27)\n\tat lab.UniqueId$1.accept(UniqueId.java:24)\n\tat lab.Node.handleRequest(Node.java:97)\n\tat lab.Node.handleMessage(Node.java:71)\n\tat lab.Node.lambda$run$0(Node.java:44)\n\tat java.base/java.util.concurrent.ThreadPoolExecutor.runWorker(ThreadPoolExecutor.java:1144)\n\tat java.base/java.util.concurrent.ThreadPoolExecutor$Worker.run(ThreadPoolExecutor.java:642)\n\tat java.base/java.lang.Thread.run(Thread.java:1583)\n"]
2026-03-11 14:37:54,469{GMT}	INFO	[jepsen worker 2] jepsen.util: 161	:invoke	:generate	nil
2026-03-11 14:37:54,469{GMT}	INFO	[jepsen worker 0] jepsen.util: 165	:info	:generate	nil	[:crash "Unexpected exception handling (msg c8 n0 {\"type\":\"generate\",\"msg_id\":56}) : java.lang.UnsupportedOperationException: Not a string: 56\njava.lang.UnsupportedOperationException: Not a string: 56\n\tat com.eclipsesource.json.JsonValue.asString(JsonValue.java:384)\n\tat com.eclipsesource.json.JsonObject.getString(JsonObject.java:674)\n\tat lab.UniqueId$1.accept(UniqueId.java:27)\n\tat lab.UniqueId$1.accept(UniqueId.java:24)\n\tat lab.Node.handleRequest(Node.java:97)\n\tat lab.Node.handleMessage(Node.java:71)\n\tat lab.Node.lambda$run$0(Node.java:44)\n\tat java.base/java.util.concurrent.ThreadPoolExecutor.runWorker(ThreadPoolExecutor.java:1144)\n\tat java.base/java.util.concurrent.ThreadPoolExecutor$Worker.run(ThreadPoolExecutor.java:642)\n\tat java.base/java.lang.Thread.run(Thread.java:1583)\n"]
2026-03-11 14:37:54,473{GMT}	INFO	[jepsen worker 2] jepsen.util: 161	:info	:generate	nil	[:crash "Unexpected exception handling (msg c7 n2 {\"type\":\"generate\",\"msg_id\":54}) : java.lang.UnsupportedOperationException: Not a string: 54\njava.lang.UnsupportedOperationException: Not a string: 54\n\tat com.eclipsesource.json.JsonValue.asString(JsonValue.java:384)\n\tat com.eclipsesource.json.JsonObject.getString(JsonObject.java:674)\n\tat lab.UniqueId$1.accept(UniqueId.java:27)\n\tat lab.UniqueId$1.accept(UniqueId.java:24)\n\tat lab.Node.handleRequest(Node.java:97)\n\tat lab.Node.handleMessage(Node.java:71)\n\tat lab.Node.lambda$run$0(Node.java:44)\n\tat java.base/java.util.concurrent.ThreadPoolExecutor.runWorker(ThreadPoolExecutor.java:1144)\n\tat java.base/java.util.concurrent.ThreadPoolExecutor$Worker.run(ThreadPoolExecutor.java:642)\n\tat java.base/java.lang.Thread.run(Thread.java:1583)\n"]
2026-03-11 14:37:54,483{GMT}	INFO	[jepsen worker 2] jepsen.util: 164	:invoke	:generate	nil
2026-03-11 14:37:54,483{GMT}	INFO	[jepsen worker 0] jepsen.util: 168	:invoke	:generate	nil
2026-03-11 14:37:54,475{GMT}	INFO	[jepsen worker 1] jepsen.util: 163	:info	:generate	nil	[:crash "Unexpected exception handling (msg c6 n1 {\"type\":\"generate\",\"msg_id\":55}) : java.lang.UnsupportedOperationException: Not a string: 55\njava.lang.UnsupportedOperationException: Not a string: 55\n\tat com.eclipsesource.json.JsonValue.asString(JsonValue.java:384)\n\tat com.eclipsesource.json.JsonObject.getString(JsonObject.java:674)\n\tat lab.UniqueId$1.accept(UniqueId.java:27)\n\tat lab.UniqueId$1.accept(UniqueId.java:24)\n\tat lab.Node.handleRequest(Node.java:97)\n\tat lab.Node.handleMessage(Node.java:71)\n\tat lab.Node.lambda$run$0(Node.java:44)\n\tat java.base/java.util.concurrent.ThreadPoolExecutor.runWorker(ThreadPoolExecutor.java:1144)\n\tat java.base/java.util.concurrent.ThreadPoolExecutor$Worker.run(ThreadPoolExecutor.java:642)\n\tat java.base/java.lang.Thread.run(Thread.java:1583)\n"]
2026-03-11 14:37:54,486{GMT}	INFO	[jepsen worker 1] jepsen.util: 166	:invoke	:generate	nil
2026-03-11 14:37:54,491{GMT}	INFO	[jepsen worker 1] jepsen.util: 166	:info	:generate	nil	[:crash "Unexpected exception handling (msg c6 n1 {\"type\":\"generate\",\"msg_id\":56}) : java.lang.UnsupportedOperationException: Not a string: 56\njava.lang.UnsupportedOperationException: Not a string: 56\n\tat com.eclipsesource.json.JsonValue.asString(JsonValue.java:384)\n\tat com.eclipsesource.json.JsonObject.getString(JsonObject.java:674)\n\tat lab.UniqueId$1.accept(UniqueId.java:27)\n\tat lab.UniqueId$1.accept(UniqueId.java:24)\n\tat lab.Node.handleRequest(Node.java:97)\n\tat lab.Node.handleMessage(Node.java:71)\n\tat lab.Node.lambda$run$0(Node.java:44)\n\tat java.base/java.util.concurrent.ThreadPoolExecutor.runWorker(ThreadPoolExecutor.java:1144)\n\tat java.base/java.util.concurrent.ThreadPoolExecutor$Worker.run(ThreadPoolExecutor.java:642)\n\tat java.base/java.lang.Thread.run(Thread.java:1583)\n"]
2026-03-11 14:37:54,492{GMT}	INFO	[jepsen worker 2] jepsen.util: 164	:info	:generate	nil	[:crash "Unexpected exception handling (msg c7 n2 {\"type\":\"generate\",\"msg_id\":55}) : java.lang.UnsupportedOperationException: Not a string: 55\njava.lang.UnsupportedOperationException: Not a string: 55\n\tat com.eclipsesource.json.JsonValue.asString(JsonValue.java:384)\n\tat com.eclipsesource.json.JsonObject.getString(JsonObject.java:674)\n\tat lab.UniqueId$1.accept(UniqueId.java:27)\n\tat lab.UniqueId$1.accept(UniqueId.java:24)\n\tat lab.Node.handleRequest(Node.java:97)\n\tat lab.Node.handleMessage(Node.java:71)\n\tat lab.Node.lambda$run$0(Node.java:44)\n\tat java.base/java.util.concurrent.ThreadPoolExecutor.runWorker(ThreadPoolExecutor.java:1144)\n\tat java.base/java.util.concurrent.ThreadPoolExecutor$Worker.run(ThreadPoolExecutor.java:642)\n\tat java.base/java.lang.Thread.run(Thread.java:1583)\n"]
2026-03-11 14:37:54,495{GMT}	INFO	[jepsen worker 0] jepsen.util: 168	:info	:generate	nil	[:crash "Unexpected exception handling (msg c8 n0 {\"type\":\"generate\",\"msg_id\":57}) : java.lang.UnsupportedOperationException: Not a string: 57\njava.lang.UnsupportedOperationException: Not a string: 57\n\tat com.eclipsesource.json.JsonValue.asString(JsonValue.java:384)\n\tat com.eclipsesource.json.JsonObject.getString(JsonObject.java:674)\n\tat lab.UniqueId$1.accept(UniqueId.java:27)\n\tat lab.UniqueId$1.accept(UniqueId.java:24)\n\tat lab.Node.handleRequest(Node.java:97)\n\tat lab.Node.handleMessage(Node.java:71)\n\tat lab.Node.lambda$run$0(Node.java:44)\n\tat java.base/java.util.concurrent.ThreadPoolExecutor.runWorker(ThreadPoolExecutor.java:1144)\n\tat java.base/java.util.concurrent.ThreadPoolExecutor$Worker.run(ThreadPoolExecutor.java:642)\n\tat java.base/java.lang.Thread.run(Thread.java:1583)\n"]
2026-03-11 14:37:54,505{GMT}	INFO	[jepsen worker 0] jepsen.util: 171	:invoke	:generate	nil
2026-03-11 14:37:54,496{GMT}	INFO	[jepsen worker 1] jepsen.util: 169	:invoke	:generate	nil
2026-03-11 14:37:54,505{GMT}	INFO	[jepsen worker 2] jepsen.util: 167	:invoke	:generate	nil
2026-03-11 14:37:54,510{GMT}	INFO	[jepsen worker 1] jepsen.util: 169	:info	:generate	nil	[:crash "Unexpected exception handling (msg c6 n1 {\"type\":\"generate\",\"msg_id\":57}) : java.lang.UnsupportedOperationException: Not a string: 57\njava.lang.UnsupportedOperationException: Not a string: 57\n\tat com.eclipsesource.json.JsonValue.asString(JsonValue.java:384)\n\tat com.eclipsesource.json.JsonObject.getString(JsonObject.java:674)\n\tat lab.UniqueId$1.accept(UniqueId.java:27)\n\tat lab.UniqueId$1.accept(UniqueId.java:24)\n\tat lab.Node.handleRequest(Node.java:97)\n\tat lab.Node.handleMessage(Node.java:71)\n\tat lab.Node.lambda$run$0(Node.java:44)\n\tat java.base/java.util.concurrent.ThreadPoolExecutor.runWorker(ThreadPoolExecutor.java:1144)\n\tat java.base/java.util.concurrent.ThreadPoolExecutor$Worker.run(ThreadPoolExecutor.java:642)\n\tat java.base/java.lang.Thread.run(Thread.java:1583)\n"]
2026-03-11 14:37:54,511{GMT}	INFO	[jepsen worker 0] jepsen.util: 171	:info	:generate	nil	[:crash "Unexpected exception handling (msg c8 n0 {\"type\":\"generate\",\"msg_id\":58}) : java.lang.UnsupportedOperationException: Not a string: 58\njava.lang.UnsupportedOperationException: Not a string: 58\n\tat com.eclipsesource.json.JsonValue.asString(JsonValue.java:384)\n\tat com.eclipsesource.json.JsonObject.getString(JsonObject.java:674)\n\tat lab.UniqueId$1.accept(UniqueId.java:27)\n\tat lab.UniqueId$1.accept(UniqueId.java:24)\n\tat lab.Node.handleRequest(Node.java:97)\n\tat lab.Node.handleMessage(Node.java:71)\n\tat lab.Node.lambda$run$0(Node.java:44)\n\tat java.base/java.util.concurrent.ThreadPoolExecutor.runWorker(ThreadPoolExecutor.java:1144)\n\tat java.base/java.util.concurrent.ThreadPoolExecutor$Worker.run(ThreadPoolExecutor.java:642)\n\tat java.base/java.lang.Thread.run(Thread.java:1583)\n"]
2026-03-11 14:37:54,512{GMT}	INFO	[jepsen worker 2] jepsen.util: 167	:info	:generate	nil	[:crash "Unexpected exception handling (msg c7 n2 {\"type\":\"generate\",\"msg_id\":56}) : java.lang.UnsupportedOperationException: Not a string: 56\njava.lang.UnsupportedOperationException: Not a string: 56\n\tat com.eclipsesource.json.JsonValue.asString(JsonValue.java:384)\n\tat com.eclipsesource.json.JsonObject.getString(JsonObject.java:674)\n\tat lab.UniqueId$1.accept(UniqueId.java:27)\n\tat lab.UniqueId$1.accept(UniqueId.java:24)\n\tat lab.Node.handleRequest(Node.java:97)\n\tat lab.Node.handleMessage(Node.java:71)\n\tat lab.Node.lambda$run$0(Node.java:44)\n\tat java.base/java.util.concurrent.ThreadPoolExecutor.runWorker(ThreadPoolExecutor.java:1144)\n\tat java.base/java.util.concurrent.ThreadPoolExecutor$Worker.run(ThreadPoolExecutor.java:642)\n\tat java.base/java.lang.Thread.run(Thread.java:1583)\n"]
2026-03-11 14:37:54,512{GMT}	INFO	[jepsen worker 1] jepsen.util: 172	:invoke	:generate	nil
2026-03-11 14:37:54,515{GMT}	INFO	[jepsen worker 2] jepsen.util: 170	:invoke	:generate	nil
2026-03-11 14:37:54,516{GMT}	INFO	[jepsen worker 0] jepsen.util: 174	:invoke	:generate	nil
2026-03-11 14:37:54,519{GMT}	INFO	[jepsen worker 2] jepsen.util: 170	:info	:generate	nil	[:crash "Unexpected exception handling (msg c7 n2 {\"type\":\"generate\",\"msg_id\":57}) : java.lang.UnsupportedOperationException: Not a string: 57\njava.lang.UnsupportedOperationException: Not a string: 57\n\tat com.eclipsesource.json.JsonValue.asString(JsonValue.java:384)\n\tat com.eclipsesource.json.JsonObject.getString(JsonObject.java:674)\n\tat lab.UniqueId$1.accept(UniqueId.java:27)\n\tat lab.UniqueId$1.accept(UniqueId.java:24)\n\tat lab.Node.handleRequest(Node.java:97)\n\tat lab.Node.handleMessage(Node.java:71)\n\tat lab.Node.lambda$run$0(Node.java:44)\n\tat java.base/java.util.concurrent.ThreadPoolExecutor.runWorker(ThreadPoolExecutor.java:1144)\n\tat java.base/java.util.concurrent.ThreadPoolExecutor$Worker.run(ThreadPoolExecutor.java:642)\n\tat java.base/java.lang.Thread.run(Thread.java:1583)\n"]
2026-03-11 14:37:54,523{GMT}	INFO	[jepsen worker 2] jepsen.util: 173	:invoke	:generate	nil
2026-03-11 14:37:54,523{GMT}	INFO	[jepsen worker 0] jepsen.util: 174	:info	:generate	nil	[:crash "Unexpected exception handling (msg c8 n0 {\"type\":\"generate\",\"msg_id\":59}) : java.lang.UnsupportedOperationException: Not a string: 59\njava.lang.UnsupportedOperationException: Not a string: 59\n\tat com.eclipsesource.json.JsonValue.asString(JsonValue.java:384)\n\tat com.eclipsesource.json.JsonObject.getString(JsonObject.java:674)\n\tat lab.UniqueId$1.accept(UniqueId.java:27)\n\tat lab.UniqueId$1.accept(UniqueId.java:24)\n\tat lab.Node.handleRequest(Node.java:97)\n\tat lab.Node.handleMessage(Node.java:71)\n\tat lab.Node.lambda$run$0(Node.java:44)\n\tat java.base/java.util.concurrent.ThreadPoolExecutor.runWorker(ThreadPoolExecutor.java:1144)\n\tat java.base/java.util.concurrent.ThreadPoolExecutor$Worker.run(ThreadPoolExecutor.java:642)\n\tat java.base/java.lang.Thread.run(Thread.java:1583)\n"]
2026-03-11 14:37:54,521{GMT}	INFO	[jepsen worker 1] jepsen.util: 172	:info	:generate	nil	[:crash "Unexpected exception handling (msg c6 n1 {\"type\":\"generate\",\"msg_id\":58}) : java.lang.UnsupportedOperationException: Not a string: 58\njava.lang.UnsupportedOperationException: Not a string: 58\n\tat com.eclipsesource.json.JsonValue.asString(JsonValue.java:384)\n\tat com.eclipsesource.json.JsonObject.getString(JsonObject.java:674)\n\tat lab.UniqueId$1.accept(UniqueId.java:27)\n\tat lab.UniqueId$1.accept(UniqueId.java:24)\n\tat lab.Node.handleRequest(Node.java:97)\n\tat lab.Node.handleMessage(Node.java:71)\n\tat lab.Node.lambda$run$0(Node.java:44)\n\tat java.base/java.util.concurrent.ThreadPoolExecutor.runWorker(ThreadPoolExecutor.java:1144)\n\tat java.base/java.util.concurrent.ThreadPoolExecutor$Worker.run(ThreadPoolExecutor.java:642)\n\tat java.base/java.lang.Thread.run(Thread.java:1583)\n"]
2026-03-11 14:37:54,528{GMT}	INFO	[jepsen worker 0] jepsen.util: 177	:invoke	:generate	nil
2026-03-11 14:37:54,529{GMT}	INFO	[jepsen worker 1] jepsen.util: 175	:invoke	:generate	nil
2026-03-11 14:37:54,535{GMT}	INFO	[jepsen worker 1] jepsen.util: 175	:info	:generate	nil	[:crash "Unexpected exception handling (msg c6 n1 {\"type\":\"generate\",\"msg_id\":59}) : java.lang.UnsupportedOperationException: Not a string: 59\njava.lang.UnsupportedOperationException: Not a string: 59\n\tat com.eclipsesource.json.JsonValue.asString(JsonValue.java:384)\n\tat com.eclipsesource.json.JsonObject.getString(JsonObject.java:674)\n\tat lab.UniqueId$1.accept(UniqueId.java:27)\n\tat lab.UniqueId$1.accept(UniqueId.java:24)\n\tat lab.Node.handleRequest(Node.java:97)\n\tat lab.Node.handleMessage(Node.java:71)\n\tat lab.Node.lambda$run$0(Node.java:44)\n\tat java.base/java.util.concurrent.ThreadPoolExecutor.runWorker(ThreadPoolExecutor.java:1144)\n\tat java.base/java.util.concurrent.ThreadPoolExecutor$Worker.run(ThreadPoolExecutor.java:642)\n\tat java.base/java.lang.Thread.run(Thread.java:1583)\n"]
2026-03-11 14:37:54,537{GMT}	INFO	[jepsen worker 1] jepsen.util: 178	:invoke	:generate	nil
2026-03-11 14:37:54,537{GMT}	INFO	[jepsen worker 0] jepsen.util: 177	:info	:generate	nil	[:crash "Unexpected exception handling (msg c8 n0 {\"type\":\"generate\",\"msg_id\":60}) : java.lang.UnsupportedOperationException: Not a string: 60\njava.lang.UnsupportedOperationException: Not a string: 60\n\tat com.eclipsesource.json.JsonValue.asString(JsonValue.java:384)\n\tat com.eclipsesource.json.JsonObject.getString(JsonObject.java:674)\n\tat lab.UniqueId$1.accept(UniqueId.java:27)\n\tat lab.UniqueId$1.accept(UniqueId.java:24)\n\tat lab.Node.handleRequest(Node.java:97)\n\tat lab.Node.handleMessage(Node.java:71)\n\tat lab.Node.lambda$run$0(Node.java:44)\n\tat java.base/java.util.concurrent.ThreadPoolExecutor.runWorker(ThreadPoolExecutor.java:1144)\n\tat java.base/java.util.concurrent.ThreadPoolExecutor$Worker.run(ThreadPoolExecutor.java:642)\n\tat java.base/java.lang.Thread.run(Thread.java:1583)\n"]
2026-03-11 14:37:54,543{GMT}	INFO	[jepsen worker 1] jepsen.util: 178	:info	:generate	nil	[:crash "Unexpected exception handling (msg c6 n1 {\"type\":\"generate\",\"msg_id\":60}) : java.lang.UnsupportedOperationException: Not a string: 60\njava.lang.UnsupportedOperationException: Not a string: 60\n\tat com.eclipsesource.json.JsonValue.asString(JsonValue.java:384)\n\tat com.eclipsesource.json.JsonObject.getString(JsonObject.java:674)\n\tat lab.UniqueId$1.accept(UniqueId.java:27)\n\tat lab.UniqueId$1.accept(UniqueId.java:24)\n\tat lab.Node.handleRequest(Node.java:97)\n\tat lab.Node.handleMessage(Node.java:71)\n\tat lab.Node.lambda$run$0(Node.java:44)\n\tat java.base/java.util.concurrent.ThreadPoolExecutor.runWorker(ThreadPoolExecutor.java:1144)\n\tat java.base/java.util.concurrent.ThreadPoolExecutor$Worker.run(ThreadPoolExecutor.java:642)\n\tat java.base/java.lang.Thread.run(Thread.java:1583)\n"]
2026-03-11 14:37:54,547{GMT}	INFO	[jepsen worker 1] jepsen.util: 181	:invoke	:generate	nil
2026-03-11 14:37:54,536{GMT}	INFO	[jepsen worker 2] jepsen.util: 173	:info	:generate	nil	[:crash "Unexpected exception handling (msg c7 n2 {\"type\":\"generate\",\"msg_id\":58}) : java.lang.UnsupportedOperationException: Not a string: 58\njava.lang.UnsupportedOperationException: Not a string: 58\n\tat com.eclipsesource.json.JsonValue.asString(JsonValue.java:384)\n\tat com.eclipsesource.json.JsonObject.getString(JsonObject.java:674)\n\tat lab.UniqueId$1.accept(UniqueId.java:27)\n\tat lab.UniqueId$1.accept(UniqueId.java:24)\n\tat lab.Node.handleRequest(Node.java:97)\n\tat lab.Node.handleMessage(Node.java:71)\n\tat lab.Node.lambda$run$0(Node.java:44)\n\tat java.base/java.util.concurrent.ThreadPoolExecutor.runWorker(ThreadPoolExecutor.java:1144)\n\tat java.base/java.util.concurrent.ThreadPoolExecutor$Worker.run(ThreadPoolExecutor.java:642)\n\tat java.base/java.lang.Thread.run(Thread.java:1583)\n"]
2026-03-11 14:37:54,547{GMT}	INFO	[jepsen worker 0] jepsen.util: 180	:invoke	:generate	nil
2026-03-11 14:37:54,548{GMT}	INFO	[jepsen worker 2] jepsen.util: 176	:invoke	:generate	nil
2026-03-11 14:37:54,552{GMT}	INFO	[jepsen worker 1] jepsen.util: 181	:info	:generate	nil	[:crash "Unexpected exception handling (msg c6 n1 {\"type\":\"generate\",\"msg_id\":61}) : java.lang.UnsupportedOperationException: Not a string: 61\njava.lang.UnsupportedOperationException: Not a string: 61\n\tat com.eclipsesource.json.JsonValue.asString(JsonValue.java:384)\n\tat com.eclipsesource.json.JsonObject.getString(JsonObject.java:674)\n\tat lab.UniqueId$1.accept(UniqueId.java:27)\n\tat lab.UniqueId$1.accept(UniqueId.java:24)\n\tat lab.Node.handleRequest(Node.java:97)\n\tat lab.Node.handleMessage(Node.java:71)\n\tat lab.Node.lambda$run$0(Node.java:44)\n\tat java.base/java.util.concurrent.ThreadPoolExecutor.runWorker(ThreadPoolExecutor.java:1144)\n\tat java.base/java.util.concurrent.ThreadPoolExecutor$Worker.run(ThreadPoolExecutor.java:642)\n\tat java.base/java.lang.Thread.run(Thread.java:1583)\n"]
2026-03-11 14:37:54,551{GMT}	INFO	[jepsen worker 0] jepsen.util: 180	:info	:generate	nil	[:crash "Unexpected exception handling (msg c8 n0 {\"type\":\"generate\",\"msg_id\":61}) : java.lang.UnsupportedOperationException: Not a string: 61\njava.lang.UnsupportedOperationException: Not a string: 61\n\tat com.eclipsesource.json.JsonValue.asString(JsonValue.java:384)\n\tat com.eclipsesource.json.JsonObject.getString(JsonObject.java:674)\n\tat lab.UniqueId$1.accept(UniqueId.java:27)\n\tat lab.UniqueId$1.accept(UniqueId.java:24)\n\tat lab.Node.handleRequest(Node.java:97)\n\tat lab.Node.handleMessage(Node.java:71)\n\tat lab.Node.lambda$run$0(Node.java:44)\n\tat java.base/java.util.concurrent.ThreadPoolExecutor.runWorker(ThreadPoolExecutor.java:1144)\n\tat java.base/java.util.concurrent.ThreadPoolExecutor$Worker.run(ThreadPoolExecutor.java:642)\n\tat java.base/java.lang.Thread.run(Thread.java:1583)\n"]
2026-03-11 14:37:54,552{GMT}	INFO	[jepsen worker 2] jepsen.util: 176	:info	:generate	nil	[:crash "Unexpected exception handling (msg c7 n2 {\"type\":\"generate\",\"msg_id\":59}) : java.lang.UnsupportedOperationException: Not a string: 59\njava.lang.UnsupportedOperationException: Not a string: 59\n\tat com.eclipsesource.json.JsonValue.asString(JsonValue.java:384)\n\tat com.eclipsesource.json.JsonObject.getString(JsonObject.java:674)\n\tat lab.UniqueId$1.accept(UniqueId.java:27)\n\tat lab.UniqueId$1.accept(UniqueId.java:24)\n\tat lab.Node.handleRequest(Node.java:97)\n\tat lab.Node.handleMessage(Node.java:71)\n\tat lab.Node.lambda$run$0(Node.java:44)\n\tat java.base/java.util.concurrent.ThreadPoolExecutor.runWorker(ThreadPoolExecutor.java:1144)\n\tat java.base/java.util.concurrent.ThreadPoolExecutor$Worker.run(ThreadPoolExecutor.java:642)\n\tat java.base/java.lang.Thread.run(Thread.java:1583)\n"]
2026-03-11 14:37:54,564{GMT}	INFO	[jepsen worker 1] jepsen.util: 184	:invoke	:generate	nil
2026-03-11 14:37:54,564{GMT}	INFO	[jepsen worker 0] jepsen.util: 183	:invoke	:generate	nil
2026-03-11 14:37:54,564{GMT}	INFO	[jepsen worker 2] jepsen.util: 179	:invoke	:generate	nil
2026-03-11 14:37:54,568{GMT}	INFO	[jepsen worker 2] jepsen.util: 179	:info	:generate	nil	[:crash "Unexpected exception handling (msg c7 n2 {\"type\":\"generate\",\"msg_id\":60}) : java.lang.UnsupportedOperationException: Not a string: 60\njava.lang.UnsupportedOperationException: Not a string: 60\n\tat com.eclipsesource.json.JsonValue.asString(JsonValue.java:384)\n\tat com.eclipsesource.json.JsonObject.getString(JsonObject.java:674)\n\tat lab.UniqueId$1.accept(UniqueId.java:27)\n\tat lab.UniqueId$1.accept(UniqueId.java:24)\n\tat lab.Node.handleRequest(Node.java:97)\n\tat lab.Node.handleMessage(Node.java:71)\n\tat lab.Node.lambda$run$0(Node.java:44)\n\tat java.base/java.util.concurrent.ThreadPoolExecutor.runWorker(ThreadPoolExecutor.java:1144)\n\tat java.base/java.util.concurrent.ThreadPoolExecutor$Worker.run(ThreadPoolExecutor.java:642)\n\tat java.base/java.lang.Thread.run(Thread.java:1583)\n"]
2026-03-11 14:37:54,568{GMT}	INFO	[jepsen worker 0] jepsen.util: 183	:info	:generate	nil	[:crash "Unexpected exception handling (msg c8 n0 {\"type\":\"generate\",\"msg_id\":62}) : java.lang.UnsupportedOperationException: Not a string: 62\njava.lang.UnsupportedOperationException: Not a string: 62\n\tat com.eclipsesource.json.JsonValue.asString(JsonValue.java:384)\n\tat com.eclipsesource.json.JsonObject.getString(JsonObject.java:674)\n\tat lab.UniqueId$1.accept(UniqueId.java:27)\n\tat lab.UniqueId$1.accept(UniqueId.java:24)\n\tat lab.Node.handleRequest(Node.java:97)\n\tat lab.Node.handleMessage(Node.java:71)\n\tat lab.Node.lambda$run$0(Node.java:44)\n\tat java.base/java.util.concurrent.ThreadPoolExecutor.runWorker(ThreadPoolExecutor.java:1144)\n\tat java.base/java.util.concurrent.ThreadPoolExecutor$Worker.run(ThreadPoolExecutor.java:642)\n\tat java.base/java.lang.Thread.run(Thread.java:1583)\n"]
2026-03-11 14:37:54,569{GMT}	INFO	[jepsen worker 1] jepsen.util: 184	:info	:generate	nil	[:crash "Unexpected exception handling (msg c6 n1 {\"type\":\"generate\",\"msg_id\":62}) : java.lang.UnsupportedOperationException: Not a string: 62\njava.lang.UnsupportedOperationException: Not a string: 62\n\tat com.eclipsesource.json.JsonValue.asString(JsonValue.java:384)\n\tat com.eclipsesource.json.JsonObject.getString(JsonObject.java:674)\n\tat lab.UniqueId$1.accept(UniqueId.java:27)\n\tat lab.UniqueId$1.accept(UniqueId.java:24)\n\tat lab.Node.handleRequest(Node.java:97)\n\tat lab.Node.handleMessage(Node.java:71)\n\tat lab.Node.lambda$run$0(Node.java:44)\n\tat java.base/java.util.concurrent.ThreadPoolExecutor.runWorker(ThreadPoolExecutor.java:1144)\n\tat java.base/java.util.concurrent.ThreadPoolExecutor$Worker.run(ThreadPoolExecutor.java:642)\n\tat java.base/java.lang.Thread.run(Thread.java:1583)\n"]
2026-03-11 14:37:54,586{GMT}	INFO	[jepsen worker 2] jepsen.util: 182	:invoke	:generate	nil
2026-03-11 14:37:54,586{GMT}	INFO	[jepsen worker 1] jepsen.util: 187	:invoke	:generate	nil
2026-03-11 14:37:54,586{GMT}	INFO	[jepsen worker 0] jepsen.util: 186	:invoke	:generate	nil
2026-03-11 14:37:54,589{GMT}	INFO	[jepsen worker 2] jepsen.util: 182	:info	:generate	nil	[:crash "Unexpected exception handling (msg c7 n2 {\"type\":\"generate\",\"msg_id\":61}) : java.lang.UnsupportedOperationException: Not a string: 61\njava.lang.UnsupportedOperationException: Not a string: 61\n\tat com.eclipsesource.json.JsonValue.asString(JsonValue.java:384)\n\tat com.eclipsesource.json.JsonObject.getString(JsonObject.java:674)\n\tat lab.UniqueId$1.accept(UniqueId.java:27)\n\tat lab.UniqueId$1.accept(UniqueId.java:24)\n\tat lab.Node.handleRequest(Node.java:97)\n\tat lab.Node.handleMessage(Node.java:71)\n\tat lab.Node.lambda$run$0(Node.java:44)\n\tat java.base/java.util.concurrent.ThreadPoolExecutor.runWorker(ThreadPoolExecutor.java:1144)\n\tat java.base/java.util.concurrent.ThreadPoolExecutor$Worker.run(ThreadPoolExecutor.java:642)\n\tat java.base/java.lang.Thread.run(Thread.java:1583)\n"]
2026-03-11 14:37:54,590{GMT}	INFO	[jepsen worker 2] jepsen.util: 185	:invoke	:generate	nil
2026-03-11 14:37:54,591{GMT}	INFO	[jepsen worker 0] jepsen.util: 186	:info	:generate	nil	[:crash "Unexpected exception handling (msg c8 n0 {\"type\":\"generate\",\"msg_id\":63}) : java.lang.UnsupportedOperationException: Not a string: 63\njava.lang.UnsupportedOperationException: Not a string: 63\n\tat com.eclipsesource.json.JsonValue.asString(JsonValue.java:384)\n\tat com.eclipsesource.json.JsonObject.getString(JsonObject.java:674)\n\tat lab.UniqueId$1.accept(UniqueId.java:27)\n\tat lab.UniqueId$1.accept(UniqueId.java:24)\n\tat lab.Node.handleRequest(Node.java:97)\n\tat lab.Node.handleMessage(Node.java:71)\n\tat lab.Node.lambda$run$0(Node.java:44)\n\tat java.base/java.util.concurrent.ThreadPoolExecutor.runWorker(ThreadPoolExecutor.java:1144)\n\tat java.base/java.util.concurrent.ThreadPoolExecutor$Worker.run(ThreadPoolExecutor.java:642)\n\tat java.base/java.lang.Thread.run(Thread.java:1583)\n"]
2026-03-11 14:37:54,592{GMT}	INFO	[jepsen worker 0] jepsen.util: 189	:invoke	:generate	nil
2026-03-11 14:37:54,593{GMT}	INFO	[jepsen worker 1] jepsen.util: 187	:info	:generate	nil	[:crash "Unexpected exception handling (msg c6 n1 {\"type\":\"generate\",\"msg_id\":63}) : java.lang.UnsupportedOperationException: Not a string: 63\njava.lang.UnsupportedOperationException: Not a string: 63\n\tat com.eclipsesource.json.JsonValue.asString(JsonValue.java:384)\n\tat com.eclipsesource.json.JsonObject.getString(JsonObject.java:674)\n\tat lab.UniqueId$1.accept(UniqueId.java:27)\n\tat lab.UniqueId$1.accept(UniqueId.java:24)\n\tat lab.Node.handleRequest(Node.java:97)\n\tat lab.Node.handleMessage(Node.java:71)\n\tat lab.Node.lambda$run$0(Node.java:44)\n\tat java.base/java.util.concurrent.ThreadPoolExecutor.runWorker(ThreadPoolExecutor.java:1144)\n\tat java.base/java.util.concurrent.ThreadPoolExecutor$Worker.run(ThreadPoolExecutor.java:642)\n\tat java.base/java.lang.Thread.run(Thread.java:1583)\n"]
2026-03-11 14:37:54,594{GMT}	INFO	[jepsen worker 1] jepsen.util: 190	:invoke	:generate	nil
2026-03-11 14:37:54,596{GMT}	INFO	[jepsen worker 2] jepsen.util: 185	:info	:generate	nil	[:crash "Unexpected exception handling (msg c7 n2 {\"type\":\"generate\",\"msg_id\":62}) : java.lang.UnsupportedOperationException: Not a string: 62\njava.lang.UnsupportedOperationException: Not a string: 62\n\tat com.eclipsesource.json.JsonValue.asString(JsonValue.java:384)\n\tat com.eclipsesource.json.JsonObject.getString(JsonObject.java:674)\n\tat lab.UniqueId$1.accept(UniqueId.java:27)\n\tat lab.UniqueId$1.accept(UniqueId.java:24)\n\tat lab.Node.handleRequest(Node.java:97)\n\tat lab.Node.handleMessage(Node.java:71)\n\tat lab.Node.lambda$run$0(Node.java:44)\n\tat java.base/java.util.concurrent.ThreadPoolExecutor.runWorker(ThreadPoolExecutor.java:1144)\n\tat java.base/java.util.concurrent.ThreadPoolExecutor$Worker.run(ThreadPoolExecutor.java:642)\n\tat java.base/java.lang.Thread.run(Thread.java:1583)\n"]
2026-03-11 14:37:54,596{GMT}	INFO	[jepsen worker 0] jepsen.util: 189	:info	:generate	nil	[:crash "Unexpected exception handling (msg c8 n0 {\"type\":\"generate\",\"msg_id\":64}) : java.lang.UnsupportedOperationException: Not a string: 64\njava.lang.UnsupportedOperationException: Not a string: 64\n\tat com.eclipsesource.json.JsonValue.asString(JsonValue.java:384)\n\tat com.eclipsesource.json.JsonObject.getString(JsonObject.java:674)\n\tat lab.UniqueId$1.accept(UniqueId.java:27)\n\tat lab.UniqueId$1.accept(UniqueId.java:24)\n\tat lab.Node.handleRequest(Node.java:97)\n\tat lab.Node.handleMessage(Node.java:71)\n\tat lab.Node.lambda$run$0(Node.java:44)\n\tat java.base/java.util.concurrent.ThreadPoolExecutor.runWorker(ThreadPoolExecutor.java:1144)\n\tat java.base/java.util.concurrent.ThreadPoolExecutor$Worker.run(ThreadPoolExecutor.java:642)\n\tat java.base/java.lang.Thread.run(Thread.java:1583)\n"]
2026-03-11 14:37:54,597{GMT}	INFO	[jepsen worker 0] jepsen.util: 192	:invoke	:generate	nil
2026-03-11 14:37:54,598{GMT}	INFO	[jepsen worker 2] jepsen.util: 188	:invoke	:generate	nil
2026-03-11 14:37:54,600{GMT}	INFO	[jepsen worker 0] jepsen.util: 192	:info	:generate	nil	[:crash "Unexpected exception handling (msg c8 n0 {\"type\":\"generate\",\"msg_id\":65}) : java.lang.UnsupportedOperationException: Not a string: 65\njava.lang.UnsupportedOperationException: Not a string: 65\n\tat com.eclipsesource.json.JsonValue.asString(JsonValue.java:384)\n\tat com.eclipsesource.json.JsonObject.getString(JsonObject.java:674)\n\tat lab.UniqueId$1.accept(UniqueId.java:27)\n\tat lab.UniqueId$1.accept(UniqueId.java:24)\n\tat lab.Node.handleRequest(Node.java:97)\n\tat lab.Node.handleMessage(Node.java:71)\n\tat lab.Node.lambda$run$0(Node.java:44)\n\tat java.base/java.util.concurrent.ThreadPoolExecutor.runWorker(ThreadPoolExecutor.java:1144)\n\tat java.base/java.util.concurrent.ThreadPoolExecutor$Worker.run(ThreadPoolExecutor.java:642)\n\tat java.base/java.lang.Thread.run(Thread.java:1583)\n"]
2026-03-11 14:37:54,600{GMT}	INFO	[jepsen worker 1] jepsen.util: 190	:info	:generate	nil	[:crash "Unexpected exception handling (msg c6 n1 {\"type\":\"generate\",\"msg_id\":64}) : java.lang.UnsupportedOperationException: Not a string: 64\njava.lang.UnsupportedOperationException: Not a string: 64\n\tat com.eclipsesource.json.JsonValue.asString(JsonValue.java:384)\n\tat com.eclipsesource.json.JsonObject.getString(JsonObject.java:674)\n\tat lab.UniqueId$1.accept(UniqueId.java:27)\n\tat lab.UniqueId$1.accept(UniqueId.java:24)\n\tat lab.Node.handleRequest(Node.java:97)\n\tat lab.Node.handleMessage(Node.java:71)\n\tat lab.Node.lambda$run$0(Node.java:44)\n\tat java.base/java.util.concurrent.ThreadPoolExecutor.runWorker(ThreadPoolExecutor.java:1144)\n\tat java.base/java.util.concurrent.ThreadPoolExecutor$Worker.run(ThreadPoolExecutor.java:642)\n\tat java.base/java.lang.Thread.run(Thread.java:1583)\n"]
2026-03-11 14:37:54,601{GMT}	INFO	[jepsen worker 0] jepsen.util: 195	:invoke	:generate	nil
2026-03-11 14:37:54,605{GMT}	INFO	[jepsen worker 0] jepsen.util: 195	:info	:generate	nil	[:crash "Unexpected exception handling (msg c8 n0 {\"type\":\"generate\",\"msg_id\":66}) : java.lang.UnsupportedOperationException: Not a string: 66\njava.lang.UnsupportedOperationException: Not a string: 66\n\tat com.eclipsesource.json.JsonValue.asString(JsonValue.java:384)\n\tat com.eclipsesource.json.JsonObject.getString(JsonObject.java:674)\n\tat lab.UniqueId$1.accept(UniqueId.java:27)\n\tat lab.UniqueId$1.accept(UniqueId.java:24)\n\tat lab.Node.handleRequest(Node.java:97)\n\tat lab.Node.handleMessage(Node.java:71)\n\tat lab.Node.lambda$run$0(Node.java:44)\n\tat java.base/java.util.concurrent.ThreadPoolExecutor.runWorker(ThreadPoolExecutor.java:1144)\n\tat java.base/java.util.concurrent.ThreadPoolExecutor$Worker.run(ThreadPoolExecutor.java:642)\n\tat java.base/java.lang.Thread.run(Thread.java:1583)\n"]
2026-03-11 14:37:54,607{GMT}	INFO	[jepsen worker 0] jepsen.util: 198	:invoke	:generate	nil
2026-03-11 14:37:54,607{GMT}	INFO	[jepsen worker 1] jepsen.util: 193	:invoke	:generate	nil
2026-03-11 14:37:54,608{GMT}	INFO	[jepsen worker 2] jepsen.util: 188	:info	:generate	nil	[:crash "Unexpected exception handling (msg c7 n2 {\"type\":\"generate\",\"msg_id\":63}) : java.lang.UnsupportedOperationException: Not a string: 63\njava.lang.UnsupportedOperationException: Not a string: 63\n\tat com.eclipsesource.json.JsonValue.asString(JsonValue.java:384)\n\tat com.eclipsesource.json.JsonObject.getString(JsonObject.java:674)\n\tat lab.UniqueId$1.accept(UniqueId.java:27)\n\tat lab.UniqueId$1.accept(UniqueId.java:24)\n\tat lab.Node.handleRequest(Node.java:97)\n\tat lab.Node.handleMessage(Node.java:71)\n\tat lab.Node.lambda$run$0(Node.java:44)\n\tat java.base/java.util.concurrent.ThreadPoolExecutor.runWorker(ThreadPoolExecutor.java:1144)\n\tat java.base/java.util.concurrent.ThreadPoolExecutor$Worker.run(ThreadPoolExecutor.java:642)\n\tat java.base/java.lang.Thread.run(Thread.java:1583)\n"]
2026-03-11 14:37:54,609{GMT}	INFO	[jepsen worker 2] jepsen.util: 191	:invoke	:generate	nil
2026-03-11 14:37:54,610{GMT}	INFO	[jepsen worker 0] jepsen.util: 198	:info	:generate	nil	[:crash "Unexpected exception handling (msg c8 n0 {\"type\":\"generate\",\"msg_id\":67}) : java.lang.UnsupportedOperationException: Not a string: 67\njava.lang.UnsupportedOperationException: Not a string: 67\n\tat com.eclipsesource.json.JsonValue.asString(JsonValue.java:384)\n\tat com.eclipsesource.json.JsonObject.getString(JsonObject.java:674)\n\tat lab.UniqueId$1.accept(UniqueId.java:27)\n\tat lab.UniqueId$1.accept(UniqueId.java:24)\n\tat lab.Node.handleRequest(Node.java:97)\n\tat lab.Node.handleMessage(Node.java:71)\n\tat lab.Node.lambda$run$0(Node.java:44)\n\tat java.base/java.util.concurrent.ThreadPoolExecutor.runWorker(ThreadPoolExecutor.java:1144)\n\tat java.base/java.util.concurrent.ThreadPoolExecutor$Worker.run(ThreadPoolExecutor.java:642)\n\tat java.base/java.lang.Thread.run(Thread.java:1583)\n"]
2026-03-11 14:37:54,693{GMT}	INFO	[jepsen worker 0] jepsen.util: 201	:invoke	:generate	nil
2026-03-11 14:37:54,610{GMT}	INFO	[jepsen worker 1] jepsen.util: 193	:info	:generate	nil	[:crash "Unexpected exception handling (msg c6 n1 {\"type\":\"generate\",\"msg_id\":65}) : java.lang.UnsupportedOperationException: Not a string: 65\njava.lang.UnsupportedOperationException: Not a string: 65\n\tat com.eclipsesource.json.JsonValue.asString(JsonValue.java:384)\n\tat com.eclipsesource.json.JsonObject.getString(JsonObject.java:674)\n\tat lab.UniqueId$1.accept(UniqueId.java:27)\n\tat lab.UniqueId$1.accept(UniqueId.java:24)\n\tat lab.Node.handleRequest(Node.java:97)\n\tat lab.Node.handleMessage(Node.java:71)\n\tat lab.Node.lambda$run$0(Node.java:44)\n\tat java.base/java.util.concurrent.ThreadPoolExecutor.runWorker(ThreadPoolExecutor.java:1144)\n\tat java.base/java.util.concurrent.ThreadPoolExecutor$Worker.run(ThreadPoolExecutor.java:642)\n\tat java.base/java.lang.Thread.run(Thread.java:1583)\n"]
2026-03-11 14:37:54,616{GMT}	INFO	[jepsen worker 2] jepsen.util: 191	:info	:generate	nil	[:crash "Unexpected exception handling (msg c7 n2 {\"type\":\"generate\",\"msg_id\":64}) : java.lang.UnsupportedOperationException: Not a string: 64\njava.lang.UnsupportedOperationException: Not a string: 64\n\tat com.eclipsesource.json.JsonValue.asString(JsonValue.java:384)\n\tat com.eclipsesource.json.JsonObject.getString(JsonObject.java:674)\n\tat lab.UniqueId$1.accept(UniqueId.java:27)\n\tat lab.UniqueId$1.accept(UniqueId.java:24)\n\tat lab.Node.handleRequest(Node.java:97)\n\tat lab.Node.handleMessage(Node.java:71)\n\tat lab.Node.lambda$run$0(Node.java:44)\n\tat java.base/java.util.concurrent.ThreadPoolExecutor.runWorker(ThreadPoolExecutor.java:1144)\n\tat java.base/java.util.concurrent.ThreadPoolExecutor$Worker.run(ThreadPoolExecutor.java:642)\n\tat java.base/java.lang.Thread.run(Thread.java:1583)\n"]
2026-03-11 14:37:54,695{GMT}	INFO	[jepsen worker 2] jepsen.util: 194	:invoke	:generate	nil
2026-03-11 14:37:54,695{GMT}	INFO	[jepsen worker 1] jepsen.util: 196	:invoke	:generate	nil
2026-03-11 14:37:54,699{GMT}	INFO	[jepsen worker 0] jepsen.util: 201	:info	:generate	nil	[:crash "Unexpected exception handling (msg c8 n0 {\"type\":\"generate\",\"msg_id\":68}) : java.lang.UnsupportedOperationException: Not a string: 68\njava.lang.UnsupportedOperationException: Not a string: 68\n\tat com.eclipsesource.json.JsonValue.asString(JsonValue.java:384)\n\tat com.eclipsesource.json.JsonObject.getString(JsonObject.java:674)\n\tat lab.UniqueId$1.accept(UniqueId.java:27)\n\tat lab.UniqueId$1.accept(UniqueId.java:24)\n\tat lab.Node.handleRequest(Node.java:97)\n\tat lab.Node.handleMessage(Node.java:71)\n\tat lab.Node.lambda$run$0(Node.java:44)\n\tat java.base/java.util.concurrent.ThreadPoolExecutor.runWorker(ThreadPoolExecutor.java:1144)\n\tat java.base/java.util.concurrent.ThreadPoolExecutor$Worker.run(ThreadPoolExecutor.java:642)\n\tat java.base/java.lang.Thread.run(Thread.java:1583)\n"]
2026-03-11 14:37:54,699{GMT}	INFO	[jepsen worker 2] jepsen.util: 194	:info	:generate	nil	[:crash "Unexpected exception handling (msg c7 n2 {\"type\":\"generate\",\"msg_id\":65}) : java.lang.UnsupportedOperationException: Not a string: 65\njava.lang.UnsupportedOperationException: Not a string: 65\n\tat com.eclipsesource.json.JsonValue.asString(JsonValue.java:384)\n\tat com.eclipsesource.json.JsonObject.getString(JsonObject.java:674)\n\tat lab.UniqueId$1.accept(UniqueId.java:27)\n\tat lab.UniqueId$1.accept(UniqueId.java:24)\n\tat lab.Node.handleRequest(Node.java:97)\n\tat lab.Node.handleMessage(Node.java:71)\n\tat lab.Node.lambda$run$0(Node.java:44)\n\tat java.base/java.util.concurrent.ThreadPoolExecutor.runWorker(ThreadPoolExecutor.java:1144)\n\tat java.base/java.util.concurrent.ThreadPoolExecutor$Worker.run(ThreadPoolExecutor.java:642)\n\tat java.base/java.lang.Thread.run(Thread.java:1583)\n"]
2026-03-11 14:37:54,710{GMT}	INFO	[jepsen worker 0] jepsen.util: 204	:invoke	:generate	nil
2026-03-11 14:37:54,710{GMT}	INFO	[jepsen worker 2] jepsen.util: 197	:invoke	:generate	nil
2026-03-11 14:37:54,701{GMT}	INFO	[jepsen worker 1] jepsen.util: 196	:info	:generate	nil	[:crash "Unexpected exception handling (msg c6 n1 {\"type\":\"generate\",\"msg_id\":66}) : java.lang.UnsupportedOperationException: Not a string: 66\njava.lang.UnsupportedOperationException: Not a string: 66\n\tat com.eclipsesource.json.JsonValue.asString(JsonValue.java:384)\n\tat com.eclipsesource.json.JsonObject.getString(JsonObject.java:674)\n\tat lab.UniqueId$1.accept(UniqueId.java:27)\n\tat lab.UniqueId$1.accept(UniqueId.java:24)\n\tat lab.Node.handleRequest(Node.java:97)\n\tat lab.Node.handleMessage(Node.java:71)\n\tat lab.Node.lambda$run$0(Node.java:44)\n\tat java.base/java.util.concurrent.ThreadPoolExecutor.runWorker(ThreadPoolExecutor.java:1144)\n\tat java.base/java.util.concurrent.ThreadPoolExecutor$Worker.run(ThreadPoolExecutor.java:642)\n\tat java.base/java.lang.Thread.run(Thread.java:1583)\n"]
2026-03-11 14:37:54,710{GMT}	INFO	[jepsen worker 1] jepsen.util: 199	:invoke	:generate	nil
2026-03-11 14:37:54,713{GMT}	INFO	[jepsen worker 0] jepsen.util: 204	:info	:generate	nil	[:crash "Unexpected exception handling (msg c8 n0 {\"type\":\"generate\",\"msg_id\":69}) : java.lang.UnsupportedOperationException: Not a string: 69\njava.lang.UnsupportedOperationException: Not a string: 69\n\tat com.eclipsesource.json.JsonValue.asString(JsonValue.java:384)\n\tat com.eclipsesource.json.JsonObject.getString(JsonObject.java:674)\n\tat lab.UniqueId$1.accept(UniqueId.java:27)\n\tat lab.UniqueId$1.accept(UniqueId.java:24)\n\tat lab.Node.handleRequest(Node.java:97)\n\tat lab.Node.handleMessage(Node.java:71)\n\tat lab.Node.lambda$run$0(Node.java:44)\n\tat java.base/java.util.concurrent.ThreadPoolExecutor.runWorker(ThreadPoolExecutor.java:1144)\n\tat java.base/java.util.concurrent.ThreadPoolExecutor$Worker.run(ThreadPoolExecutor.java:642)\n\tat java.base/java.lang.Thread.run(Thread.java:1583)\n"]
2026-03-11 14:37:54,713{GMT}	INFO	[jepsen worker 1] jepsen.util: 199	:info	:generate	nil	[:crash "Unexpected exception handling (msg c6 n1 {\"type\":\"generate\",\"msg_id\":67}) : java.lang.UnsupportedOperationException: Not a string: 67\njava.lang.UnsupportedOperationException: Not a string: 67\n\tat com.eclipsesource.json.JsonValue.asString(JsonValue.java:384)\n\tat com.eclipsesource.json.JsonObject.getString(JsonObject.java:674)\n\tat lab.UniqueId$1.accept(UniqueId.java:27)\n\tat lab.UniqueId$1.accept(UniqueId.java:24)\n\tat lab.Node.handleRequest(Node.java:97)\n\tat lab.Node.handleMessage(Node.java:71)\n\tat lab.Node.lambda$run$0(Node.java:44)\n\tat java.base/java.util.concurrent.ThreadPoolExecutor.runWorker(ThreadPoolExecutor.java:1144)\n\tat java.base/java.util.concurrent.ThreadPoolExecutor$Worker.run(ThreadPoolExecutor.java:642)\n\tat java.base/java.lang.Thread.run(Thread.java:1583)\n"]
2026-03-11 14:37:54,721{GMT}	INFO	[jepsen worker 0] jepsen.util: 207	:invoke	:generate	nil
2026-03-11 14:37:54,721{GMT}	INFO	[jepsen worker 1] jepsen.util: 202	:invoke	:generate	nil
2026-03-11 14:37:54,716{GMT}	INFO	[jepsen worker 2] jepsen.util: 197	:info	:generate	nil	[:crash "Unexpected exception handling (msg c7 n2 {\"type\":\"generate\",\"msg_id\":66}) : java.lang.UnsupportedOperationException: Not a string: 66\njava.lang.UnsupportedOperationException: Not a string: 66\n\tat com.eclipsesource.json.JsonValue.asString(JsonValue.java:384)\n\tat com.eclipsesource.json.JsonObject.getString(JsonObject.java:674)\n\tat lab.UniqueId$1.accept(UniqueId.java:27)\n\tat lab.UniqueId$1.accept(UniqueId.java:24)\n\tat lab.Node.handleRequest(Node.java:97)\n\tat lab.Node.handleMessage(Node.java:71)\n\tat lab.Node.lambda$run$0(Node.java:44)\n\tat java.base/java.util.concurrent.ThreadPoolExecutor.runWorker(ThreadPoolExecutor.java:1144)\n\tat java.base/java.util.concurrent.ThreadPoolExecutor$Worker.run(ThreadPoolExecutor.java:642)\n\tat java.base/java.lang.Thread.run(Thread.java:1583)\n"]
2026-03-11 14:37:54,722{GMT}	INFO	[jepsen worker 2] jepsen.util: 200	:invoke	:generate	nil
2026-03-11 14:37:54,726{GMT}	INFO	[jepsen worker 0] jepsen.util: 207	:info	:generate	nil	[:crash "Unexpected exception handling (msg c8 n0 {\"type\":\"generate\",\"msg_id\":70}) : java.lang.UnsupportedOperationException: Not a string: 70\njava.lang.UnsupportedOperationException: Not a string: 70\n\tat com.eclipsesource.json.JsonValue.asString(JsonValue.java:384)\n\tat com.eclipsesource.json.JsonObject.getString(JsonObject.java:674)\n\tat lab.UniqueId$1.accept(UniqueId.java:27)\n\tat lab.UniqueId$1.accept(UniqueId.java:24)\n\tat lab.Node.handleRequest(Node.java:97)\n\tat lab.Node.handleMessage(Node.java:71)\n\tat lab.Node.lambda$run$0(Node.java:44)\n\tat java.base/java.util.concurrent.ThreadPoolExecutor.runWorker(ThreadPoolExecutor.java:1144)\n\tat java.base/java.util.concurrent.ThreadPoolExecutor$Worker.run(ThreadPoolExecutor.java:642)\n\tat java.base/java.lang.Thread.run(Thread.java:1583)\n"]
2026-03-11 14:37:54,728{GMT}	INFO	[jepsen worker 0] jepsen.util: 210	:invoke	:generate	nil
2026-03-11 14:37:54,728{GMT}	INFO	[jepsen worker 1] jepsen.util: 202	:info	:generate	nil	[:crash "Unexpected exception handling (msg c6 n1 {\"type\":\"generate\",\"msg_id\":68}) : java.lang.UnsupportedOperationException: Not a string: 68\njava.lang.UnsupportedOperationException: Not a string: 68\n\tat com.eclipsesource.json.JsonValue.asString(JsonValue.java:384)\n\tat com.eclipsesource.json.JsonObject.getString(JsonObject.java:674)\n\tat lab.UniqueId$1.accept(UniqueId.java:27)\n\tat lab.UniqueId$1.accept(UniqueId.java:24)\n\tat lab.Node.handleRequest(Node.java:97)\n\tat lab.Node.handleMessage(Node.java:71)\n\tat lab.Node.lambda$run$0(Node.java:44)\n\tat java.base/java.util.concurrent.ThreadPoolExecutor.runWorker(ThreadPoolExecutor.java:1144)\n\tat java.base/java.util.concurrent.ThreadPoolExecutor$Worker.run(ThreadPoolExecutor.java:642)\n\tat java.base/java.lang.Thread.run(Thread.java:1583)\n"]
2026-03-11 14:37:54,728{GMT}	INFO	[jepsen worker 2] jepsen.util: 200	:info	:generate	nil	[:crash "Unexpected exception handling (msg c7 n2 {\"type\":\"generate\",\"msg_id\":67}) : java.lang.UnsupportedOperationException: Not a string: 67\njava.lang.UnsupportedOperationException: Not a string: 67\n\tat com.eclipsesource.json.JsonValue.asString(JsonValue.java:384)\n\tat com.eclipsesource.json.JsonObject.getString(JsonObject.java:674)\n\tat lab.UniqueId$1.accept(UniqueId.java:27)\n\tat lab.UniqueId$1.accept(UniqueId.java:24)\n\tat lab.Node.handleRequest(Node.java:97)\n\tat lab.Node.handleMessage(Node.java:71)\n\tat lab.Node.lambda$run$0(Node.java:44)\n\tat java.base/java.util.concurrent.ThreadPoolExecutor.runWorker(ThreadPoolExecutor.java:1144)\n\tat java.base/java.util.concurrent.ThreadPoolExecutor$Worker.run(ThreadPoolExecutor.java:642)\n\tat java.base/java.lang.Thread.run(Thread.java:1583)\n"]
2026-03-11 14:37:54,732{GMT}	INFO	[jepsen worker 0] jepsen.util: 210	:info	:generate	nil	[:crash "Unexpected exception handling (msg c8 n0 {\"type\":\"generate\",\"msg_id\":71}) : java.lang.UnsupportedOperationException: Not a string: 71\njava.lang.UnsupportedOperationException: Not a string: 71\n\tat com.eclipsesource.json.JsonValue.asString(JsonValue.java:384)\n\tat com.eclipsesource.json.JsonObject.getString(JsonObject.java:674)\n\tat lab.UniqueId$1.accept(UniqueId.java:27)\n\tat lab.UniqueId$1.accept(UniqueId.java:24)\n\tat lab.Node.handleRequest(Node.java:97)\n\tat lab.Node.handleMessage(Node.java:71)\n\tat lab.Node.lambda$run$0(Node.java:44)\n\tat java.base/java.util.concurrent.ThreadPoolExecutor.runWorker(ThreadPoolExecutor.java:1144)\n\tat java.base/java.util.concurrent.ThreadPoolExecutor$Worker.run(ThreadPoolExecutor.java:642)\n\tat java.base/java.lang.Thread.run(Thread.java:1583)\n"]
2026-03-11 14:37:54,740{GMT}	INFO	[jepsen worker 0] jepsen.util: 213	:invoke	:generate	nil
2026-03-11 14:37:54,740{GMT}	INFO	[jepsen worker 1] jepsen.util: 205	:invoke	:generate	nil
2026-03-11 14:37:54,740{GMT}	INFO	[jepsen worker 2] jepsen.util: 203	:invoke	:generate	nil
2026-03-11 14:37:54,745{GMT}	INFO	[jepsen worker 1] jepsen.util: 205	:info	:generate	nil	[:crash "Unexpected exception handling (msg c6 n1 {\"type\":\"generate\",\"msg_id\":69}) : java.lang.UnsupportedOperationException: Not a string: 69\njava.lang.UnsupportedOperationException: Not a string: 69\n\tat com.eclipsesource.json.JsonValue.asString(JsonValue.java:384)\n\tat com.eclipsesource.json.JsonObject.getString(JsonObject.java:674)\n\tat lab.UniqueId$1.accept(UniqueId.java:27)\n\tat lab.UniqueId$1.accept(UniqueId.java:24)\n\tat lab.Node.handleRequest(Node.java:97)\n\tat lab.Node.handleMessage(Node.java:71)\n\tat lab.Node.lambda$run$0(Node.java:44)\n\tat java.base/java.util.concurrent.ThreadPoolExecutor.runWorker(ThreadPoolExecutor.java:1144)\n\tat java.base/java.util.concurrent.ThreadPoolExecutor$Worker.run(ThreadPoolExecutor.java:642)\n\tat java.base/java.lang.Thread.run(Thread.java:1583)\n"]
2026-03-11 14:37:54,746{GMT}	INFO	[jepsen worker 2] jepsen.util: 203	:info	:generate	nil	[:crash "Unexpected exception handling (msg c7 n2 {\"type\":\"generate\",\"msg_id\":68}) : java.lang.UnsupportedOperationException: Not a string: 68\njava.lang.UnsupportedOperationException: Not a string: 68\n\tat com.eclipsesource.json.JsonValue.asString(JsonValue.java:384)\n\tat com.eclipsesource.json.JsonObject.getString(JsonObject.java:674)\n\tat lab.UniqueId$1.accept(UniqueId.java:27)\n\tat lab.UniqueId$1.accept(UniqueId.java:24)\n\tat lab.Node.handleRequest(Node.java:97)\n\tat lab.Node.handleMessage(Node.java:71)\n\tat lab.Node.lambda$run$0(Node.java:44)\n\tat java.base/java.util.concurrent.ThreadPoolExecutor.runWorker(ThreadPoolExecutor.java:1144)\n\tat java.base/java.util.concurrent.ThreadPoolExecutor$Worker.run(ThreadPoolExecutor.java:642)\n\tat java.base/java.lang.Thread.run(Thread.java:1583)\n"]
2026-03-11 14:37:54,752{GMT}	INFO	[jepsen worker 0] jepsen.util: 213	:info	:generate	nil	[:crash "Unexpected exception handling (msg c8 n0 {\"type\":\"generate\",\"msg_id\":72}) : java.lang.UnsupportedOperationException: Not a string: 72\njava.lang.UnsupportedOperationException: Not a string: 72\n\tat com.eclipsesource.json.JsonValue.asString(JsonValue.java:384)\n\tat com.eclipsesource.json.JsonObject.getString(JsonObject.java:674)\n\tat lab.UniqueId$1.accept(UniqueId.java:27)\n\tat lab.UniqueId$1.accept(UniqueId.java:24)\n\tat lab.Node.handleRequest(Node.java:97)\n\tat lab.Node.handleMessage(Node.java:71)\n\tat lab.Node.lambda$run$0(Node.java:44)\n\tat java.base/java.util.concurrent.ThreadPoolExecutor.runWorker(ThreadPoolExecutor.java:1144)\n\tat java.base/java.util.concurrent.ThreadPoolExecutor$Worker.run(ThreadPoolExecutor.java:642)\n\tat java.base/java.lang.Thread.run(Thread.java:1583)\n"]
2026-03-11 14:37:54,765{GMT}	INFO	[jepsen worker 0] jepsen.util: 216	:invoke	:generate	nil
2026-03-11 14:37:54,765{GMT}	INFO	[jepsen worker 2] jepsen.util: 206	:invoke	:generate	nil
2026-03-11 14:37:54,765{GMT}	INFO	[jepsen worker 1] jepsen.util: 208	:invoke	:generate	nil
2026-03-11 14:37:54,768{GMT}	INFO	[jepsen worker 0] jepsen.util: 216	:info	:generate	nil	[:crash "Unexpected exception handling (msg c8 n0 {\"type\":\"generate\",\"msg_id\":73}) : java.lang.UnsupportedOperationException: Not a string: 73\njava.lang.UnsupportedOperationException: Not a string: 73\n\tat com.eclipsesource.json.JsonValue.asString(JsonValue.java:384)\n\tat com.eclipsesource.json.JsonObject.getString(JsonObject.java:674)\n\tat lab.UniqueId$1.accept(UniqueId.java:27)\n\tat lab.UniqueId$1.accept(UniqueId.java:24)\n\tat lab.Node.handleRequest(Node.java:97)\n\tat lab.Node.handleMessage(Node.java:71)\n\tat lab.Node.lambda$run$0(Node.java:44)\n\tat java.base/java.util.concurrent.ThreadPoolExecutor.runWorker(ThreadPoolExecutor.java:1144)\n\tat java.base/java.util.concurrent.ThreadPoolExecutor$Worker.run(ThreadPoolExecutor.java:642)\n\tat java.base/java.lang.Thread.run(Thread.java:1583)\n"]
2026-03-11 14:37:54,769{GMT}	INFO	[jepsen worker 2] jepsen.util: 206	:info	:generate	nil	[:crash "Unexpected exception handling (msg c7 n2 {\"type\":\"generate\",\"msg_id\":69}) : java.lang.UnsupportedOperationException: Not a string: 69\njava.lang.UnsupportedOperationException: Not a string: 69\n\tat com.eclipsesource.json.JsonValue.asString(JsonValue.java:384)\n\tat com.eclipsesource.json.JsonObject.getString(JsonObject.java:674)\n\tat lab.UniqueId$1.accept(UniqueId.java:27)\n\tat lab.UniqueId$1.accept(UniqueId.java:24)\n\tat lab.Node.handleRequest(Node.java:97)\n\tat lab.Node.handleMessage(Node.java:71)\n\tat lab.Node.lambda$run$0(Node.java:44)\n\tat java.base/java.util.concurrent.ThreadPoolExecutor.runWorker(ThreadPoolExecutor.java:1144)\n\tat java.base/java.util.concurrent.ThreadPoolExecutor$Worker.run(ThreadPoolExecutor.java:642)\n\tat java.base/java.lang.Thread.run(Thread.java:1583)\n"]
2026-03-11 14:37:54,770{GMT}	INFO	[jepsen worker 2] jepsen.util: 209	:invoke	:generate	nil
2026-03-11 14:37:54,772{GMT}	INFO	[jepsen worker 1] jepsen.util: 208	:info	:generate	nil	[:crash "Unexpected exception handling (msg c6 n1 {\"type\":\"generate\",\"msg_id\":70}) : java.lang.UnsupportedOperationException: Not a string: 70\njava.lang.UnsupportedOperationException: Not a string: 70\n\tat com.eclipsesource.json.JsonValue.asString(JsonValue.java:384)\n\tat com.eclipsesource.json.JsonObject.getString(JsonObject.java:674)\n\tat lab.UniqueId$1.accept(UniqueId.java:27)\n\tat lab.UniqueId$1.accept(UniqueId.java:24)\n\tat lab.Node.handleRequest(Node.java:97)\n\tat lab.Node.handleMessage(Node.java:71)\n\tat lab.Node.lambda$run$0(Node.java:44)\n\tat java.base/java.util.concurrent.ThreadPoolExecutor.runWorker(ThreadPoolExecutor.java:1144)\n\tat java.base/java.util.concurrent.ThreadPoolExecutor$Worker.run(ThreadPoolExecutor.java:642)\n\tat java.base/java.lang.Thread.run(Thread.java:1583)\n"]
2026-03-11 14:37:54,770{GMT}	INFO	[jepsen worker 0] jepsen.util: 219	:invoke	:generate	nil
2026-03-11 14:37:54,782{GMT}	INFO	[jepsen worker 1] jepsen.util: 211	:invoke	:generate	nil
2026-03-11 14:37:54,774{GMT}	INFO	[jepsen worker 2] jepsen.util: 209	:info	:generate	nil	[:crash "Unexpected exception handling (msg c7 n2 {\"type\":\"generate\",\"msg_id\":70}) : java.lang.UnsupportedOperationException: Not a string: 70\njava.lang.UnsupportedOperationException: Not a string: 70\n\tat com.eclipsesource.json.JsonValue.asString(JsonValue.java:384)\n\tat com.eclipsesource.json.JsonObject.getString(JsonObject.java:674)\n\tat lab.UniqueId$1.accept(UniqueId.java:27)\n\tat lab.UniqueId$1.accept(UniqueId.java:24)\n\tat lab.Node.handleRequest(Node.java:97)\n\tat lab.Node.handleMessage(Node.java:71)\n\tat lab.Node.lambda$run$0(Node.java:44)\n\tat java.base/java.util.concurrent.ThreadPoolExecutor.runWorker(ThreadPoolExecutor.java:1144)\n\tat java.base/java.util.concurrent.ThreadPoolExecutor$Worker.run(ThreadPoolExecutor.java:642)\n\tat java.base/java.lang.Thread.run(Thread.java:1583)\n"]
2026-03-11 14:37:54,782{GMT}	INFO	[jepsen worker 2] jepsen.util: 212	:invoke	:generate	nil
2026-03-11 14:37:54,784{GMT}	INFO	[jepsen worker 2] jepsen.util: 212	:info	:generate	nil	[:crash "Unexpected exception handling (msg c7 n2 {\"type\":\"generate\",\"msg_id\":71}) : java.lang.UnsupportedOperationException: Not a string: 71\njava.lang.UnsupportedOperationException: Not a string: 71\n\tat com.eclipsesource.json.JsonValue.asString(JsonValue.java:384)\n\tat com.eclipsesource.json.JsonObject.getString(JsonObject.java:674)\n\tat lab.UniqueId$1.accept(UniqueId.java:27)\n\tat lab.UniqueId$1.accept(UniqueId.java:24)\n\tat lab.Node.handleRequest(Node.java:97)\n\tat lab.Node.handleMessage(Node.java:71)\n\tat lab.Node.lambda$run$0(Node.java:44)\n\tat java.base/java.util.concurrent.ThreadPoolExecutor.runWorker(ThreadPoolExecutor.java:1144)\n\tat java.base/java.util.concurrent.ThreadPoolExecutor$Worker.run(ThreadPoolExecutor.java:642)\n\tat java.base/java.lang.Thread.run(Thread.java:1583)\n"]
2026-03-11 14:37:54,784{GMT}	INFO	[jepsen worker 0] jepsen.util: 219	:info	:generate	nil	[:crash "Unexpected exception handling (msg c8 n0 {\"type\":\"generate\",\"msg_id\":74}) : java.lang.UnsupportedOperationException: Not a string: 74\njava.lang.UnsupportedOperationException: Not a string: 74\n\tat com.eclipsesource.json.JsonValue.asString(JsonValue.java:384)\n\tat com.eclipsesource.json.JsonObject.getString(JsonObject.java:674)\n\tat lab.UniqueId$1.accept(UniqueId.java:27)\n\tat lab.UniqueId$1.accept(UniqueId.java:24)\n\tat lab.Node.handleRequest(Node.java:97)\n\tat lab.Node.handleMessage(Node.java:71)\n\tat lab.Node.lambda$run$0(Node.java:44)\n\tat java.base/java.util.concurrent.ThreadPoolExecutor.runWorker(ThreadPoolExecutor.java:1144)\n\tat java.base/java.util.concurrent.ThreadPoolExecutor$Worker.run(ThreadPoolExecutor.java:642)\n\tat java.base/java.lang.Thread.run(Thread.java:1583)\n"]
2026-03-11 14:37:54,785{GMT}	INFO	[jepsen worker 2] jepsen.util: 215	:invoke	:generate	nil
2026-03-11 14:37:54,785{GMT}	INFO	[jepsen worker 1] jepsen.util: 211	:info	:generate	nil	[:crash "Unexpected exception handling (msg c6 n1 {\"type\":\"generate\",\"msg_id\":71}) : java.lang.UnsupportedOperationException: Not a string: 71\njava.lang.UnsupportedOperationException: Not a string: 71\n\tat com.eclipsesource.json.JsonValue.asString(JsonValue.java:384)\n\tat com.eclipsesource.json.JsonObject.getString(JsonObject.java:674)\n\tat lab.UniqueId$1.accept(UniqueId.java:27)\n\tat lab.UniqueId$1.accept(UniqueId.java:24)\n\tat lab.Node.handleRequest(Node.java:97)\n\tat lab.Node.handleMessage(Node.java:71)\n\tat lab.Node.lambda$run$0(Node.java:44)\n\tat java.base/java.util.concurrent.ThreadPoolExecutor.runWorker(ThreadPoolExecutor.java:1144)\n\tat java.base/java.util.concurrent.ThreadPoolExecutor$Worker.run(ThreadPoolExecutor.java:642)\n\tat java.base/java.lang.Thread.run(Thread.java:1583)\n"]
2026-03-11 14:37:54,786{GMT}	INFO	[jepsen worker 0] jepsen.util: 222	:invoke	:generate	nil
2026-03-11 14:37:54,787{GMT}	INFO	[jepsen worker 1] jepsen.util: 214	:invoke	:generate	nil
2026-03-11 14:37:54,790{GMT}	INFO	[jepsen worker 0] jepsen.util: 222	:info	:generate	nil	[:crash "Unexpected exception handling (msg c8 n0 {\"type\":\"generate\",\"msg_id\":75}) : java.lang.UnsupportedOperationException: Not a string: 75\njava.lang.UnsupportedOperationException: Not a string: 75\n\tat com.eclipsesource.json.JsonValue.asString(JsonValue.java:384)\n\tat com.eclipsesource.json.JsonObject.getString(JsonObject.java:674)\n\tat lab.UniqueId$1.accept(UniqueId.java:27)\n\tat lab.UniqueId$1.accept(UniqueId.java:24)\n\tat lab.Node.handleRequest(Node.java:97)\n\tat lab.Node.handleMessage(Node.java:71)\n\tat lab.Node.lambda$run$0(Node.java:44)\n\tat java.base/java.util.concurrent.ThreadPoolExecutor.runWorker(ThreadPoolExecutor.java:1144)\n\tat java.base/java.util.concurrent.ThreadPoolExecutor$Worker.run(ThreadPoolExecutor.java:642)\n\tat java.base/java.lang.Thread.run(Thread.java:1583)\n"]
2026-03-11 14:37:54,795{GMT}	INFO	[jepsen worker 0] jepsen.util: 225	:invoke	:generate	nil
2026-03-11 14:37:54,792{GMT}	INFO	[jepsen worker 1] jepsen.util: 214	:info	:generate	nil	[:crash "Unexpected exception handling (msg c6 n1 {\"type\":\"generate\",\"msg_id\":72}) : java.lang.UnsupportedOperationException: Not a string: 72\njava.lang.UnsupportedOperationException: Not a string: 72\n\tat com.eclipsesource.json.JsonValue.asString(JsonValue.java:384)\n\tat com.eclipsesource.json.JsonObject.getString(JsonObject.java:674)\n\tat lab.UniqueId$1.accept(UniqueId.java:27)\n\tat lab.UniqueId$1.accept(UniqueId.java:24)\n\tat lab.Node.handleRequest(Node.java:97)\n\tat lab.Node.handleMessage(Node.java:71)\n\tat lab.Node.lambda$run$0(Node.java:44)\n\tat java.base/java.util.concurrent.ThreadPoolExecutor.runWorker(ThreadPoolExecutor.java:1144)\n\tat java.base/java.util.concurrent.ThreadPoolExecutor$Worker.run(ThreadPoolExecutor.java:642)\n\tat java.base/java.lang.Thread.run(Thread.java:1583)\n"]
2026-03-11 14:37:54,796{GMT}	INFO	[jepsen worker 1] jepsen.util: 217	:invoke	:generate	nil
2026-03-11 14:37:54,788{GMT}	INFO	[jepsen worker 2] jepsen.util: 215	:info	:generate	nil	[:crash "Unexpected exception handling (msg c7 n2 {\"type\":\"generate\",\"msg_id\":72}) : java.lang.UnsupportedOperationException: Not a string: 72\njava.lang.UnsupportedOperationException: Not a string: 72\n\tat com.eclipsesource.json.JsonValue.asString(JsonValue.java:384)\n\tat com.eclipsesource.json.JsonObject.getString(JsonObject.java:674)\n\tat lab.UniqueId$1.accept(UniqueId.java:27)\n\tat lab.UniqueId$1.accept(UniqueId.java:24)\n\tat lab.Node.handleRequest(Node.java:97)\n\tat lab.Node.handleMessage(Node.java:71)\n\tat lab.Node.lambda$run$0(Node.java:44)\n\tat java.base/java.util.concurrent.ThreadPoolExecutor.runWorker(ThreadPoolExecutor.java:1144)\n\tat java.base/java.util.concurrent.ThreadPoolExecutor$Worker.run(ThreadPoolExecutor.java:642)\n\tat java.base/java.lang.Thread.run(Thread.java:1583)\n"]
2026-03-11 14:37:54,796{GMT}	INFO	[jepsen worker 2] jepsen.util: 218	:invoke	:generate	nil
2026-03-11 14:37:54,799{GMT}	INFO	[jepsen worker 2] jepsen.util: 218	:info	:generate	nil	[:crash "Unexpected exception handling (msg c7 n2 {\"type\":\"generate\",\"msg_id\":73}) : java.lang.UnsupportedOperationException: Not a string: 73\njava.lang.UnsupportedOperationException: Not a string: 73\n\tat com.eclipsesource.json.JsonValue.asString(JsonValue.java:384)\n\tat com.eclipsesource.json.JsonObject.getString(JsonObject.java:674)\n\tat lab.UniqueId$1.accept(UniqueId.java:27)\n\tat lab.UniqueId$1.accept(UniqueId.java:24)\n\tat lab.Node.handleRequest(Node.java:97)\n\tat lab.Node.handleMessage(Node.java:71)\n\tat lab.Node.lambda$run$0(Node.java:44)\n\tat java.base/java.util.concurrent.ThreadPoolExecutor.runWorker(ThreadPoolExecutor.java:1144)\n\tat java.base/java.util.concurrent.ThreadPoolExecutor$Worker.run(ThreadPoolExecutor.java:642)\n\tat java.base/java.lang.Thread.run(Thread.java:1583)\n"]
2026-03-11 14:37:54,801{GMT}	INFO	[jepsen worker 1] jepsen.util: 217	:info	:generate	nil	[:crash "Unexpected exception handling (msg c6 n1 {\"type\":\"generate\",\"msg_id\":73}) : java.lang.UnsupportedOperationException: Not a string: 73\njava.lang.UnsupportedOperationException: Not a string: 73\n\tat com.eclipsesource.json.JsonValue.asString(JsonValue.java:384)\n\tat com.eclipsesource.json.JsonObject.getString(JsonObject.java:674)\n\tat lab.UniqueId$1.accept(UniqueId.java:27)\n\tat lab.UniqueId$1.accept(UniqueId.java:24)\n\tat lab.Node.handleRequest(Node.java:97)\n\tat lab.Node.handleMessage(Node.java:71)\n\tat lab.Node.lambda$run$0(Node.java:44)\n\tat java.base/java.util.concurrent.ThreadPoolExecutor.runWorker(ThreadPoolExecutor.java:1144)\n\tat java.base/java.util.concurrent.ThreadPoolExecutor$Worker.run(ThreadPoolExecutor.java:642)\n\tat java.base/java.lang.Thread.run(Thread.java:1583)\n"]
2026-03-11 14:37:54,802{GMT}	INFO	[jepsen worker 0] jepsen.util: 225	:info	:generate	nil	[:crash "Unexpected exception handling (msg c8 n0 {\"type\":\"generate\",\"msg_id\":76}) : java.lang.UnsupportedOperationException: Not a string: 76\njava.lang.UnsupportedOperationException: Not a string: 76\n\tat com.eclipsesource.json.JsonValue.asString(JsonValue.java:384)\n\tat com.eclipsesource.json.JsonObject.getString(JsonObject.java:674)\n\tat lab.UniqueId$1.accept(UniqueId.java:27)\n\tat lab.UniqueId$1.accept(UniqueId.java:24)\n\tat lab.Node.handleRequest(Node.java:97)\n\tat lab.Node.handleMessage(Node.java:71)\n\tat lab.Node.lambda$run$0(Node.java:44)\n\tat java.base/java.util.concurrent.ThreadPoolExecutor.runWorker(ThreadPoolExecutor.java:1144)\n\tat java.base/java.util.concurrent.ThreadPoolExecutor$Worker.run(ThreadPoolExecutor.java:642)\n\tat java.base/java.lang.Thread.run(Thread.java:1583)\n"]
2026-03-11 14:37:54,809{GMT}	INFO	[jepsen worker 1] jepsen.util: 220	:invoke	:generate	nil
2026-03-11 14:37:54,809{GMT}	INFO	[jepsen worker 2] jepsen.util: 221	:invoke	:generate	nil
2026-03-11 14:37:54,809{GMT}	INFO	[jepsen worker 0] jepsen.util: 228	:invoke	:generate	nil
2026-03-11 14:37:54,813{GMT}	INFO	[jepsen worker 0] jepsen.util: 228	:info	:generate	nil	[:crash "Unexpected exception handling (msg c8 n0 {\"type\":\"generate\",\"msg_id\":77}) : java.lang.UnsupportedOperationException: Not a string: 77\njava.lang.UnsupportedOperationException: Not a string: 77\n\tat com.eclipsesource.json.JsonValue.asString(JsonValue.java:384)\n\tat com.eclipsesource.json.JsonObject.getString(JsonObject.java:674)\n\tat lab.UniqueId$1.accept(UniqueId.java:27)\n\tat lab.UniqueId$1.accept(UniqueId.java:24)\n\tat lab.Node.handleRequest(Node.java:97)\n\tat lab.Node.handleMessage(Node.java:71)\n\tat lab.Node.lambda$run$0(Node.java:44)\n\tat java.base/java.util.concurrent.ThreadPoolExecutor.runWorker(ThreadPoolExecutor.java:1144)\n\tat java.base/java.util.concurrent.ThreadPoolExecutor$Worker.run(ThreadPoolExecutor.java:642)\n\tat java.base/java.lang.Thread.run(Thread.java:1583)\n"]
2026-03-11 14:37:54,813{GMT}	INFO	[jepsen worker 1] jepsen.util: 220	:info	:generate	nil	[:crash "Unexpected exception handling (msg c6 n1 {\"type\":\"generate\",\"msg_id\":74}) : java.lang.UnsupportedOperationException: Not a string: 74\njava.lang.UnsupportedOperationException: Not a string: 74\n\tat com.eclipsesource.json.JsonValue.asString(JsonValue.java:384)\n\tat com.eclipsesource.json.JsonObject.getString(JsonObject.java:674)\n\tat lab.UniqueId$1.accept(UniqueId.java:27)\n\tat lab.UniqueId$1.accept(UniqueId.java:24)\n\tat lab.Node.handleRequest(Node.java:97)\n\tat lab.Node.handleMessage(Node.java:71)\n\tat lab.Node.lambda$run$0(Node.java:44)\n\tat java.base/java.util.concurrent.ThreadPoolExecutor.runWorker(ThreadPoolExecutor.java:1144)\n\tat java.base/java.util.concurrent.ThreadPoolExecutor$Worker.run(ThreadPoolExecutor.java:642)\n\tat java.base/java.lang.Thread.run(Thread.java:1583)\n"]
2026-03-11 14:37:54,814{GMT}	INFO	[jepsen worker 0] jepsen.util: 231	:invoke	:generate	nil
2026-03-11 14:37:54,816{GMT}	INFO	[jepsen worker 1] jepsen.util: 223	:invoke	:generate	nil
2026-03-11 14:37:54,816{GMT}	INFO	[jepsen worker 2] jepsen.util: 221	:info	:generate	nil	[:crash "Unexpected exception handling (msg c7 n2 {\"type\":\"generate\",\"msg_id\":74}) : java.lang.UnsupportedOperationException: Not a string: 74\njava.lang.UnsupportedOperationException: Not a string: 74\n\tat com.eclipsesource.json.JsonValue.asString(JsonValue.java:384)\n\tat com.eclipsesource.json.JsonObject.getString(JsonObject.java:674)\n\tat lab.UniqueId$1.accept(UniqueId.java:27)\n\tat lab.UniqueId$1.accept(UniqueId.java:24)\n\tat lab.Node.handleRequest(Node.java:97)\n\tat lab.Node.handleMessage(Node.java:71)\n\tat lab.Node.lambda$run$0(Node.java:44)\n\tat java.base/java.util.concurrent.ThreadPoolExecutor.runWorker(ThreadPoolExecutor.java:1144)\n\tat java.base/java.util.concurrent.ThreadPoolExecutor$Worker.run(ThreadPoolExecutor.java:642)\n\tat java.base/java.lang.Thread.run(Thread.java:1583)\n"]
2026-03-11 14:37:54,819{GMT}	INFO	[jepsen worker 0] jepsen.util: 231	:info	:generate	nil	[:crash "Unexpected exception handling (msg c8 n0 {\"type\":\"generate\",\"msg_id\":78}) : java.lang.UnsupportedOperationException: Not a string: 78\njava.lang.UnsupportedOperationException: Not a string: 78\n\tat com.eclipsesource.json.JsonValue.asString(JsonValue.java:384)\n\tat com.eclipsesource.json.JsonObject.getString(JsonObject.java:674)\n\tat lab.UniqueId$1.accept(UniqueId.java:27)\n\tat lab.UniqueId$1.accept(UniqueId.java:24)\n\tat lab.Node.handleRequest(Node.java:97)\n\tat lab.Node.handleMessage(Node.java:71)\n\tat lab.Node.lambda$run$0(Node.java:44)\n\tat java.base/java.util.concurrent.ThreadPoolExecutor.runWorker(ThreadPoolExecutor.java:1144)\n\tat java.base/java.util.concurrent.ThreadPoolExecutor$Worker.run(ThreadPoolExecutor.java:642)\n\tat java.base/java.lang.Thread.run(Thread.java:1583)\n"]
2026-03-11 14:37:54,822{GMT}	INFO	[jepsen worker 2] jepsen.util: 224	:invoke	:generate	nil
2026-03-11 14:37:54,822{GMT}	INFO	[jepsen worker 0] jepsen.util: 234	:invoke	:generate	nil
2026-03-11 14:37:54,823{GMT}	INFO	[jepsen worker 1] jepsen.util: 223	:info	:generate	nil	[:crash "Unexpected exception handling (msg c6 n1 {\"type\":\"generate\",\"msg_id\":75}) : java.lang.UnsupportedOperationException: Not a string: 75\njava.lang.UnsupportedOperationException: Not a string: 75\n\tat com.eclipsesource.json.JsonValue.asString(JsonValue.java:384)\n\tat com.eclipsesource.json.JsonObject.getString(JsonObject.java:674)\n\tat lab.UniqueId$1.accept(UniqueId.java:27)\n\tat lab.UniqueId$1.accept(UniqueId.java:24)\n\tat lab.Node.handleRequest(Node.java:97)\n\tat lab.Node.handleMessage(Node.java:71)\n\tat lab.Node.lambda$run$0(Node.java:44)\n\tat java.base/java.util.concurrent.ThreadPoolExecutor.runWorker(ThreadPoolExecutor.java:1144)\n\tat java.base/java.util.concurrent.ThreadPoolExecutor$Worker.run(ThreadPoolExecutor.java:642)\n\tat java.base/java.lang.Thread.run(Thread.java:1583)\n"]
2026-03-11 14:37:54,824{GMT}	INFO	[jepsen worker 1] jepsen.util: 226	:invoke	:generate	nil
2026-03-11 14:37:54,827{GMT}	INFO	[jepsen worker 2] jepsen.util: 224	:info	:generate	nil	[:crash "Unexpected exception handling (msg c7 n2 {\"type\":\"generate\",\"msg_id\":75}) : java.lang.UnsupportedOperationException: Not a string: 75\njava.lang.UnsupportedOperationException: Not a string: 75\n\tat com.eclipsesource.json.JsonValue.asString(JsonValue.java:384)\n\tat com.eclipsesource.json.JsonObject.getString(JsonObject.java:674)\n\tat lab.UniqueId$1.accept(UniqueId.java:27)\n\tat lab.UniqueId$1.accept(UniqueId.java:24)\n\tat lab.Node.handleRequest(Node.java:97)\n\tat lab.Node.handleMessage(Node.java:71)\n\tat lab.Node.lambda$run$0(Node.java:44)\n\tat java.base/java.util.concurrent.ThreadPoolExecutor.runWorker(ThreadPoolExecutor.java:1144)\n\tat java.base/java.util.concurrent.ThreadPoolExecutor$Worker.run(ThreadPoolExecutor.java:642)\n\tat java.base/java.lang.Thread.run(Thread.java:1583)\n"]
2026-03-11 14:37:54,827{GMT}	INFO	[jepsen worker 1] jepsen.util: 226	:info	:generate	nil	[:crash "Unexpected exception handling (msg c6 n1 {\"type\":\"generate\",\"msg_id\":76}) : java.lang.UnsupportedOperationException: Not a string: 76\njava.lang.UnsupportedOperationException: Not a string: 76\n\tat com.eclipsesource.json.JsonValue.asString(JsonValue.java:384)\n\tat com.eclipsesource.json.JsonObject.getString(JsonObject.java:674)\n\tat lab.UniqueId$1.accept(UniqueId.java:27)\n\tat lab.UniqueId$1.accept(UniqueId.java:24)\n\tat lab.Node.handleRequest(Node.java:97)\n\tat lab.Node.handleMessage(Node.java:71)\n\tat lab.Node.lambda$run$0(Node.java:44)\n\tat java.base/java.util.concurrent.ThreadPoolExecutor.runWorker(ThreadPoolExecutor.java:1144)\n\tat java.base/java.util.concurrent.ThreadPoolExecutor$Worker.run(ThreadPoolExecutor.java:642)\n\tat java.base/java.lang.Thread.run(Thread.java:1583)\n"]
2026-03-11 14:37:54,829{GMT}	INFO	[jepsen worker 0] jepsen.util: 234	:info	:generate	nil	[:crash "Unexpected exception handling (msg c8 n0 {\"type\":\"generate\",\"msg_id\":79}) : java.lang.UnsupportedOperationException: Not a string: 79\njava.lang.UnsupportedOperationException: Not a string: 79\n\tat com.eclipsesource.json.JsonValue.asString(JsonValue.java:384)\n\tat com.eclipsesource.json.JsonObject.getString(JsonObject.java:674)\n\tat lab.UniqueId$1.accept(UniqueId.java:27)\n\tat lab.UniqueId$1.accept(UniqueId.java:24)\n\tat lab.Node.handleRequest(Node.java:97)\n\tat lab.Node.handleMessage(Node.java:71)\n\tat lab.Node.lambda$run$0(Node.java:44)\n\tat java.base/java.util.concurrent.ThreadPoolExecutor.runWorker(ThreadPoolExecutor.java:1144)\n\tat java.base/java.util.concurrent.ThreadPoolExecutor$Worker.run(ThreadPoolExecutor.java:642)\n\tat java.base/java.lang.Thread.run(Thread.java:1583)\n"]
2026-03-11 14:37:54,837{GMT}	INFO	[jepsen worker 1] jepsen.util: 229	:invoke	:generate	nil
2026-03-11 14:37:54,837{GMT}	INFO	[jepsen worker 2] jepsen.util: 227	:invoke	:generate	nil
2026-03-11 14:37:54,837{GMT}	INFO	[jepsen worker 0] jepsen.util: 237	:invoke	:generate	nil
2026-03-11 14:37:54,841{GMT}	INFO	[jepsen worker 0] jepsen.util: 237	:info	:generate	nil	[:crash "Unexpected exception handling (msg c8 n0 {\"type\":\"generate\",\"msg_id\":80}) : java.lang.UnsupportedOperationException: Not a string: 80\njava.lang.UnsupportedOperationException: Not a string: 80\n\tat com.eclipsesource.json.JsonValue.asString(JsonValue.java:384)\n\tat com.eclipsesource.json.JsonObject.getString(JsonObject.java:674)\n\tat lab.UniqueId$1.accept(UniqueId.java:27)\n\tat lab.UniqueId$1.accept(UniqueId.java:24)\n\tat lab.Node.handleRequest(Node.java:97)\n\tat lab.Node.handleMessage(Node.java:71)\n\tat lab.Node.lambda$run$0(Node.java:44)\n\tat java.base/java.util.concurrent.ThreadPoolExecutor.runWorker(ThreadPoolExecutor.java:1144)\n\tat java.base/java.util.concurrent.ThreadPoolExecutor$Worker.run(ThreadPoolExecutor.java:642)\n\tat java.base/java.lang.Thread.run(Thread.java:1583)\n"]
2026-03-11 14:37:54,840{GMT}	INFO	[jepsen worker 2] jepsen.util: 227	:info	:generate	nil	[:crash "Unexpected exception handling (msg c7 n2 {\"type\":\"generate\",\"msg_id\":76}) : java.lang.UnsupportedOperationException: Not a string: 76\njava.lang.UnsupportedOperationException: Not a string: 76\n\tat com.eclipsesource.json.JsonValue.asString(JsonValue.java:384)\n\tat com.eclipsesource.json.JsonObject.getString(JsonObject.java:674)\n\tat lab.UniqueId$1.accept(UniqueId.java:27)\n\tat lab.UniqueId$1.accept(UniqueId.java:24)\n\tat lab.Node.handleRequest(Node.java:97)\n\tat lab.Node.handleMessage(Node.java:71)\n\tat lab.Node.lambda$run$0(Node.java:44)\n\tat java.base/java.util.concurrent.ThreadPoolExecutor.runWorker(ThreadPoolExecutor.java:1144)\n\tat java.base/java.util.concurrent.ThreadPoolExecutor$Worker.run(ThreadPoolExecutor.java:642)\n\tat java.base/java.lang.Thread.run(Thread.java:1583)\n"]
2026-03-11 14:37:54,842{GMT}	INFO	[jepsen worker 0] jepsen.util: 240	:invoke	:generate	nil
2026-03-11 14:37:54,842{GMT}	INFO	[jepsen worker 1] jepsen.util: 229	:info	:generate	nil	[:crash "Unexpected exception handling (msg c6 n1 {\"type\":\"generate\",\"msg_id\":77}) : java.lang.UnsupportedOperationException: Not a string: 77\njava.lang.UnsupportedOperationException: Not a string: 77\n\tat com.eclipsesource.json.JsonValue.asString(JsonValue.java:384)\n\tat com.eclipsesource.json.JsonObject.getString(JsonObject.java:674)\n\tat lab.UniqueId$1.accept(UniqueId.java:27)\n\tat lab.UniqueId$1.accept(UniqueId.java:24)\n\tat lab.Node.handleRequest(Node.java:97)\n\tat lab.Node.handleMessage(Node.java:71)\n\tat lab.Node.lambda$run$0(Node.java:44)\n\tat java.base/java.util.concurrent.ThreadPoolExecutor.runWorker(ThreadPoolExecutor.java:1144)\n\tat java.base/java.util.concurrent.ThreadPoolExecutor$Worker.run(ThreadPoolExecutor.java:642)\n\tat java.base/java.lang.Thread.run(Thread.java:1583)\n"]
2026-03-11 14:37:54,844{GMT}	INFO	[jepsen worker 1] jepsen.util: 232	:invoke	:generate	nil
2026-03-11 14:37:54,844{GMT}	INFO	[jepsen worker 0] jepsen.util: 240	:info	:generate	nil	[:crash "Unexpected exception handling (msg c8 n0 {\"type\":\"generate\",\"msg_id\":81}) : java.lang.UnsupportedOperationException: Not a string: 81\njava.lang.UnsupportedOperationException: Not a string: 81\n\tat com.eclipsesource.json.JsonValue.asString(JsonValue.java:384)\n\tat com.eclipsesource.json.JsonObject.getString(JsonObject.java:674)\n\tat lab.UniqueId$1.accept(UniqueId.java:27)\n\tat lab.UniqueId$1.accept(UniqueId.java:24)\n\tat lab.Node.handleRequest(Node.java:97)\n\tat lab.Node.handleMessage(Node.java:71)\n\tat lab.Node.lambda$run$0(Node.java:44)\n\tat java.base/java.util.concurrent.ThreadPoolExecutor.runWorker(ThreadPoolExecutor.java:1144)\n\tat java.base/java.util.concurrent.ThreadPoolExecutor$Worker.run(ThreadPoolExecutor.java:642)\n\tat java.base/java.lang.Thread.run(Thread.java:1583)\n"]
2026-03-11 14:37:54,847{GMT}	INFO	[jepsen worker 2] jepsen.util: 230	:invoke	:generate	nil
2026-03-11 14:37:54,850{GMT}	INFO	[jepsen worker 1] jepsen.util: 232	:info	:generate	nil	[:crash "Unexpected exception handling (msg c6 n1 {\"type\":\"generate\",\"msg_id\":78}) : java.lang.UnsupportedOperationException: Not a string: 78\njava.lang.UnsupportedOperationException: Not a string: 78\n\tat com.eclipsesource.json.JsonValue.asString(JsonValue.java:384)\n\tat com.eclipsesource.json.JsonObject.getString(JsonObject.java:674)\n\tat lab.UniqueId$1.accept(UniqueId.java:27)\n\tat lab.UniqueId$1.accept(UniqueId.java:24)\n\tat lab.Node.handleRequest(Node.java:97)\n\tat lab.Node.handleMessage(Node.java:71)\n\tat lab.Node.lambda$run$0(Node.java:44)\n\tat java.base/java.util.concurrent.ThreadPoolExecutor.runWorker(ThreadPoolExecutor.java:1144)\n\tat java.base/java.util.concurrent.ThreadPoolExecutor$Worker.run(ThreadPoolExecutor.java:642)\n\tat java.base/java.lang.Thread.run(Thread.java:1583)\n"]
2026-03-11 14:37:54,856{GMT}	INFO	[jepsen worker 1] jepsen.util: 235	:invoke	:generate	nil
2026-03-11 14:37:54,856{GMT}	INFO	[jepsen worker 0] jepsen.util: 243	:invoke	:generate	nil
2026-03-11 14:37:54,859{GMT}	INFO	[jepsen worker 0] jepsen.util: 243	:info	:generate	nil	[:crash "Unexpected exception handling (msg c8 n0 {\"type\":\"generate\",\"msg_id\":82}) : java.lang.UnsupportedOperationException: Not a string: 82\njava.lang.UnsupportedOperationException: Not a string: 82\n\tat com.eclipsesource.json.JsonValue.asString(JsonValue.java:384)\n\tat com.eclipsesource.json.JsonObject.getString(JsonObject.java:674)\n\tat lab.UniqueId$1.accept(UniqueId.java:27)\n\tat lab.UniqueId$1.accept(UniqueId.java:24)\n\tat lab.Node.handleRequest(Node.java:97)\n\tat lab.Node.handleMessage(Node.java:71)\n\tat lab.Node.lambda$run$0(Node.java:44)\n\tat java.base/java.util.concurrent.ThreadPoolExecutor.runWorker(ThreadPoolExecutor.java:1144)\n\tat java.base/java.util.concurrent.ThreadPoolExecutor$Worker.run(ThreadPoolExecutor.java:642)\n\tat java.base/java.lang.Thread.run(Thread.java:1583)\n"]
2026-03-11 14:37:54,859{GMT}	INFO	[jepsen worker 2] jepsen.util: 230	:info	:generate	nil	[:crash "Unexpected exception handling (msg c7 n2 {\"type\":\"generate\",\"msg_id\":77}) : java.lang.UnsupportedOperationException: Not a string: 77\njava.lang.UnsupportedOperationException: Not a string: 77\n\tat com.eclipsesource.json.JsonValue.asString(JsonValue.java:384)\n\tat com.eclipsesource.json.JsonObject.getString(JsonObject.java:674)\n\tat lab.UniqueId$1.accept(UniqueId.java:27)\n\tat lab.UniqueId$1.accept(UniqueId.java:24)\n\tat lab.Node.handleRequest(Node.java:97)\n\tat lab.Node.handleMessage(Node.java:71)\n\tat lab.Node.lambda$run$0(Node.java:44)\n\tat java.base/java.util.concurrent.ThreadPoolExecutor.runWorker(ThreadPoolExecutor.java:1144)\n\tat java.base/java.util.concurrent.ThreadPoolExecutor$Worker.run(ThreadPoolExecutor.java:642)\n\tat java.base/java.lang.Thread.run(Thread.java:1583)\n"]
2026-03-11 14:37:54,861{GMT}	INFO	[jepsen worker 0] jepsen.util: 246	:invoke	:generate	nil
2026-03-11 14:37:54,862{GMT}	INFO	[jepsen worker 1] jepsen.util: 235	:info	:generate	nil	[:crash "Unexpected exception handling (msg c6 n1 {\"type\":\"generate\",\"msg_id\":79}) : java.lang.UnsupportedOperationException: Not a string: 79\njava.lang.UnsupportedOperationException: Not a string: 79\n\tat com.eclipsesource.json.JsonValue.asString(JsonValue.java:384)\n\tat com.eclipsesource.json.JsonObject.getString(JsonObject.java:674)\n\tat lab.UniqueId$1.accept(UniqueId.java:27)\n\tat lab.UniqueId$1.accept(UniqueId.java:24)\n\tat lab.Node.handleRequest(Node.java:97)\n\tat lab.Node.handleMessage(Node.java:71)\n\tat lab.Node.lambda$run$0(Node.java:44)\n\tat java.base/java.util.concurrent.ThreadPoolExecutor.runWorker(ThreadPoolExecutor.java:1144)\n\tat java.base/java.util.concurrent.ThreadPoolExecutor$Worker.run(ThreadPoolExecutor.java:642)\n\tat java.base/java.lang.Thread.run(Thread.java:1583)\n"]
2026-03-11 14:37:54,863{GMT}	INFO	[jepsen worker 1] jepsen.util: 238	:invoke	:generate	nil
2026-03-11 14:37:54,865{GMT}	INFO	[jepsen worker 2] jepsen.util: 233	:invoke	:generate	nil
2026-03-11 14:37:54,866{GMT}	INFO	[jepsen worker 0] jepsen.util: 246	:info	:generate	nil	[:crash "Unexpected exception handling (msg c8 n0 {\"type\":\"generate\",\"msg_id\":83}) : java.lang.UnsupportedOperationException: Not a string: 83\njava.lang.UnsupportedOperationException: Not a string: 83\n\tat com.eclipsesource.json.JsonValue.asString(JsonValue.java:384)\n\tat com.eclipsesource.json.JsonObject.getString(JsonObject.java:674)\n\tat lab.UniqueId$1.accept(UniqueId.java:27)\n\tat lab.UniqueId$1.accept(UniqueId.java:24)\n\tat lab.Node.handleRequest(Node.java:97)\n\tat lab.Node.handleMessage(Node.java:71)\n\tat lab.Node.lambda$run$0(Node.java:44)\n\tat java.base/java.util.concurrent.ThreadPoolExecutor.runWorker(ThreadPoolExecutor.java:1144)\n\tat java.base/java.util.concurrent.ThreadPoolExecutor$Worker.run(ThreadPoolExecutor.java:642)\n\tat java.base/java.lang.Thread.run(Thread.java:1583)\n"]
2026-03-11 14:37:54,867{GMT}	INFO	[jepsen worker 1] jepsen.util: 238	:info	:generate	nil	[:crash "Unexpected exception handling (msg c6 n1 {\"type\":\"generate\",\"msg_id\":80}) : java.lang.UnsupportedOperationException: Not a string: 80\njava.lang.UnsupportedOperationException: Not a string: 80\n\tat com.eclipsesource.json.JsonValue.asString(JsonValue.java:384)\n\tat com.eclipsesource.json.JsonObject.getString(JsonObject.java:674)\n\tat lab.UniqueId$1.accept(UniqueId.java:27)\n\tat lab.UniqueId$1.accept(UniqueId.java:24)\n\tat lab.Node.handleRequest(Node.java:97)\n\tat lab.Node.handleMessage(Node.java:71)\n\tat lab.Node.lambda$run$0(Node.java:44)\n\tat java.base/java.util.concurrent.ThreadPoolExecutor.runWorker(ThreadPoolExecutor.java:1144)\n\tat java.base/java.util.concurrent.ThreadPoolExecutor$Worker.run(ThreadPoolExecutor.java:642)\n\tat java.base/java.lang.Thread.run(Thread.java:1583)\n"]
2026-03-11 14:37:54,868{GMT}	INFO	[jepsen worker 0] jepsen.util: 249	:invoke	:generate	nil
2026-03-11 14:37:54,868{GMT}	INFO	[jepsen worker 1] jepsen.util: 241	:invoke	:generate	nil
2026-03-11 14:37:54,869{GMT}	INFO	[jepsen worker 2] jepsen.util: 233	:info	:generate	nil	[:crash "Unexpected exception handling (msg c7 n2 {\"type\":\"generate\",\"msg_id\":78}) : java.lang.UnsupportedOperationException: Not a string: 78\njava.lang.UnsupportedOperationException: Not a string: 78\n\tat com.eclipsesource.json.JsonValue.asString(JsonValue.java:384)\n\tat com.eclipsesource.json.JsonObject.getString(JsonObject.java:674)\n\tat lab.UniqueId$1.accept(UniqueId.java:27)\n\tat lab.UniqueId$1.accept(UniqueId.java:24)\n\tat lab.Node.handleRequest(Node.java:97)\n\tat lab.Node.handleMessage(Node.java:71)\n\tat lab.Node.lambda$run$0(Node.java:44)\n\tat java.base/java.util.concurrent.ThreadPoolExecutor.runWorker(ThreadPoolExecutor.java:1144)\n\tat java.base/java.util.concurrent.ThreadPoolExecutor$Worker.run(ThreadPoolExecutor.java:642)\n\tat java.base/java.lang.Thread.run(Thread.java:1583)\n"]
2026-03-11 14:37:54,871{GMT}	INFO	[jepsen worker 2] jepsen.util: 236	:invoke	:generate	nil
2026-03-11 14:37:54,872{GMT}	INFO	[jepsen worker 0] jepsen.util: 249	:info	:generate	nil	[:crash "Unexpected exception handling (msg c8 n0 {\"type\":\"generate\",\"msg_id\":84}) : java.lang.UnsupportedOperationException: Not a string: 84\njava.lang.UnsupportedOperationException: Not a string: 84\n\tat com.eclipsesource.json.JsonValue.asString(JsonValue.java:384)\n\tat com.eclipsesource.json.JsonObject.getString(JsonObject.java:674)\n\tat lab.UniqueId$1.accept(UniqueId.java:27)\n\tat lab.UniqueId$1.accept(UniqueId.java:24)\n\tat lab.Node.handleRequest(Node.java:97)\n\tat lab.Node.handleMessage(Node.java:71)\n\tat lab.Node.lambda$run$0(Node.java:44)\n\tat java.base/java.util.concurrent.ThreadPoolExecutor.runWorker(ThreadPoolExecutor.java:1144)\n\tat java.base/java.util.concurrent.ThreadPoolExecutor$Worker.run(ThreadPoolExecutor.java:642)\n\tat java.base/java.lang.Thread.run(Thread.java:1583)\n"]
2026-03-11 14:37:54,873{GMT}	INFO	[jepsen worker 1] jepsen.util: 241	:info	:generate	nil	[:crash "Unexpected exception handling (msg c6 n1 {\"type\":\"generate\",\"msg_id\":81}) : java.lang.UnsupportedOperationException: Not a string: 81\njava.lang.UnsupportedOperationException: Not a string: 81\n\tat com.eclipsesource.json.JsonValue.asString(JsonValue.java:384)\n\tat com.eclipsesource.json.JsonObject.getString(JsonObject.java:674)\n\tat lab.UniqueId$1.accept(UniqueId.java:27)\n\tat lab.UniqueId$1.accept(UniqueId.java:24)\n\tat lab.Node.handleRequest(Node.java:97)\n\tat lab.Node.handleMessage(Node.java:71)\n\tat lab.Node.lambda$run$0(Node.java:44)\n\tat java.base/java.util.concurrent.ThreadPoolExecutor.runWorker(ThreadPoolExecutor.java:1144)\n\tat java.base/java.util.concurrent.ThreadPoolExecutor$Worker.run(ThreadPoolExecutor.java:642)\n\tat java.base/java.lang.Thread.run(Thread.java:1583)\n"]
2026-03-11 14:37:54,874{GMT}	INFO	[jepsen worker 2] jepsen.util: 236	:info	:generate	nil	[:crash "Unexpected exception handling (msg c7 n2 {\"type\":\"generate\",\"msg_id\":79}) : java.lang.UnsupportedOperationException: Not a string: 79\njava.lang.UnsupportedOperationException: Not a string: 79\n\tat com.eclipsesource.json.JsonValue.asString(JsonValue.java:384)\n\tat com.eclipsesource.json.JsonObject.getString(JsonObject.java:674)\n\tat lab.UniqueId$1.accept(UniqueId.java:27)\n\tat lab.UniqueId$1.accept(UniqueId.java:24)\n\tat lab.Node.handleRequest(Node.java:97)\n\tat lab.Node.handleMessage(Node.java:71)\n\tat lab.Node.lambda$run$0(Node.java:44)\n\tat java.base/java.util.concurrent.ThreadPoolExecutor.runWorker(ThreadPoolExecutor.java:1144)\n\tat java.base/java.util.concurrent.ThreadPoolExecutor$Worker.run(ThreadPoolExecutor.java:642)\n\tat java.base/java.lang.Thread.run(Thread.java:1583)\n"]
2026-03-11 14:37:54,875{GMT}	INFO	[jepsen worker 0] jepsen.util: 252	:invoke	:generate	nil
2026-03-11 14:37:54,878{GMT}	INFO	[jepsen worker 2] jepsen.util: 239	:invoke	:generate	nil
2026-03-11 14:37:54,879{GMT}	INFO	[jepsen worker 1] jepsen.util: 244	:invoke	:generate	nil
2026-03-11 14:37:54,882{GMT}	INFO	[jepsen worker 1] jepsen.util: 244	:info	:generate	nil	[:crash "Unexpected exception handling (msg c6 n1 {\"type\":\"generate\",\"msg_id\":82}) : java.lang.UnsupportedOperationException: Not a string: 82\njava.lang.UnsupportedOperationException: Not a string: 82\n\tat com.eclipsesource.json.JsonValue.asString(JsonValue.java:384)\n\tat com.eclipsesource.json.JsonObject.getString(JsonObject.java:674)\n\tat lab.UniqueId$1.accept(UniqueId.java:27)\n\tat lab.UniqueId$1.accept(UniqueId.java:24)\n\tat lab.Node.handleRequest(Node.java:97)\n\tat lab.Node.handleMessage(Node.java:71)\n\tat lab.Node.lambda$run$0(Node.java:44)\n\tat java.base/java.util.concurrent.ThreadPoolExecutor.runWorker(ThreadPoolExecutor.java:1144)\n\tat java.base/java.util.concurrent.ThreadPoolExecutor$Worker.run(ThreadPoolExecutor.java:642)\n\tat java.base/java.lang.Thread.run(Thread.java:1583)\n"]
2026-03-11 14:37:54,882{GMT}	INFO	[jepsen worker 0] jepsen.util: 252	:info	:generate	nil	[:crash "Unexpected exception handling (msg c8 n0 {\"type\":\"generate\",\"msg_id\":85}) : java.lang.UnsupportedOperationException: Not a string: 85\njava.lang.UnsupportedOperationException: Not a string: 85\n\tat com.eclipsesource.json.JsonValue.asString(JsonValue.java:384)\n\tat com.eclipsesource.json.JsonObject.getString(JsonObject.java:674)\n\tat lab.UniqueId$1.accept(UniqueId.java:27)\n\tat lab.UniqueId$1.accept(UniqueId.java:24)\n\tat lab.Node.handleRequest(Node.java:97)\n\tat lab.Node.handleMessage(Node.java:71)\n\tat lab.Node.lambda$run$0(Node.java:44)\n\tat java.base/java.util.concurrent.ThreadPoolExecutor.runWorker(ThreadPoolExecutor.java:1144)\n\tat java.base/java.util.concurrent.ThreadPoolExecutor$Worker.run(ThreadPoolExecutor.java:642)\n\tat java.base/java.lang.Thread.run(Thread.java:1583)\n"]
2026-03-11 14:37:54,886{GMT}	INFO	[jepsen worker 2] jepsen.util: 239	:info	:generate	nil	[:crash "Unexpected exception handling (msg c7 n2 {\"type\":\"generate\",\"msg_id\":80}) : java.lang.UnsupportedOperationException: Not a string: 80\njava.lang.UnsupportedOperationException: Not a string: 80\n\tat com.eclipsesource.json.JsonValue.asString(JsonValue.java:384)\n\tat com.eclipsesource.json.JsonObject.getString(JsonObject.java:674)\n\tat lab.UniqueId$1.accept(UniqueId.java:27)\n\tat lab.UniqueId$1.accept(UniqueId.java:24)\n\tat lab.Node.handleRequest(Node.java:97)\n\tat lab.Node.handleMessage(Node.java:71)\n\tat lab.Node.lambda$run$0(Node.java:44)\n\tat java.base/java.util.concurrent.ThreadPoolExecutor.runWorker(ThreadPoolExecutor.java:1144)\n\tat java.base/java.util.concurrent.ThreadPoolExecutor$Worker.run(ThreadPoolExecutor.java:642)\n\tat java.base/java.lang.Thread.run(Thread.java:1583)\n"]
2026-03-11 14:37:54,893{GMT}	INFO	[jepsen worker 2] jepsen.util: 242	:invoke	:generate	nil
2026-03-11 14:37:54,893{GMT}	INFO	[jepsen worker 0] jepsen.util: 255	:invoke	:generate	nil
2026-03-11 14:37:54,893{GMT}	INFO	[jepsen worker 1] jepsen.util: 247	:invoke	:generate	nil
2026-03-11 14:37:54,897{GMT}	INFO	[jepsen worker 2] jepsen.util: 242	:info	:generate	nil	[:crash "Unexpected exception handling (msg c7 n2 {\"type\":\"generate\",\"msg_id\":81}) : java.lang.UnsupportedOperationException: Not a string: 81\njava.lang.UnsupportedOperationException: Not a string: 81\n\tat com.eclipsesource.json.JsonValue.asString(JsonValue.java:384)\n\tat com.eclipsesource.json.JsonObject.getString(JsonObject.java:674)\n\tat lab.UniqueId$1.accept(UniqueId.java:27)\n\tat lab.UniqueId$1.accept(UniqueId.java:24)\n\tat lab.Node.handleRequest(Node.java:97)\n\tat lab.Node.handleMessage(Node.java:71)\n\tat lab.Node.lambda$run$0(Node.java:44)\n\tat java.base/java.util.concurrent.ThreadPoolExecutor.runWorker(ThreadPoolExecutor.java:1144)\n\tat java.base/java.util.concurrent.ThreadPoolExecutor$Worker.run(ThreadPoolExecutor.java:642)\n\tat java.base/java.lang.Thread.run(Thread.java:1583)\n"]
2026-03-11 14:37:54,897{GMT}	INFO	[jepsen worker 0] jepsen.util: 255	:info	:generate	nil	[:crash "Unexpected exception handling (msg c8 n0 {\"type\":\"generate\",\"msg_id\":86}) : java.lang.UnsupportedOperationException: Not a string: 86\njava.lang.UnsupportedOperationException: Not a string: 86\n\tat com.eclipsesource.json.JsonValue.asString(JsonValue.java:384)\n\tat com.eclipsesource.json.JsonObject.getString(JsonObject.java:674)\n\tat lab.UniqueId$1.accept(UniqueId.java:27)\n\tat lab.UniqueId$1.accept(UniqueId.java:24)\n\tat lab.Node.handleRequest(Node.java:97)\n\tat lab.Node.handleMessage(Node.java:71)\n\tat lab.Node.lambda$run$0(Node.java:44)\n\tat java.base/java.util.concurrent.ThreadPoolExecutor.runWorker(ThreadPoolExecutor.java:1144)\n\tat java.base/java.util.concurrent.ThreadPoolExecutor$Worker.run(ThreadPoolExecutor.java:642)\n\tat java.base/java.lang.Thread.run(Thread.java:1583)\n"]
2026-03-11 14:37:54,897{GMT}	INFO	[jepsen worker 0] jepsen.util: 258	:invoke	:generate	nil
2026-03-11 14:37:54,897{GMT}	INFO	[jepsen worker 1] jepsen.util: 247	:info	:generate	nil	[:crash "Unexpected exception handling (msg c6 n1 {\"type\":\"generate\",\"msg_id\":83}) : java.lang.UnsupportedOperationException: Not a string: 83\njava.lang.UnsupportedOperationException: Not a string: 83\n\tat com.eclipsesource.json.JsonValue.asString(JsonValue.java:384)\n\tat com.eclipsesource.json.JsonObject.getString(JsonObject.java:674)\n\tat lab.UniqueId$1.accept(UniqueId.java:27)\n\tat lab.UniqueId$1.accept(UniqueId.java:24)\n\tat lab.Node.handleRequest(Node.java:97)\n\tat lab.Node.handleMessage(Node.java:71)\n\tat lab.Node.lambda$run$0(Node.java:44)\n\tat java.base/java.util.concurrent.ThreadPoolExecutor.runWorker(ThreadPoolExecutor.java:1144)\n\tat java.base/java.util.concurrent.ThreadPoolExecutor$Worker.run(ThreadPoolExecutor.java:642)\n\tat java.base/java.lang.Thread.run(Thread.java:1583)\n"]
2026-03-11 14:37:54,898{GMT}	INFO	[jepsen worker 1] jepsen.util: 250	:invoke	:generate	nil
2026-03-11 14:37:54,899{GMT}	INFO	[jepsen worker 0] jepsen.util: 258	:info	:generate	nil	[:crash "Unexpected exception handling (msg c8 n0 {\"type\":\"generate\",\"msg_id\":87}) : java.lang.UnsupportedOperationException: Not a string: 87\njava.lang.UnsupportedOperationException: Not a string: 87\n\tat com.eclipsesource.json.JsonValue.asString(JsonValue.java:384)\n\tat com.eclipsesource.json.JsonObject.getString(JsonObject.java:674)\n\tat lab.UniqueId$1.accept(UniqueId.java:27)\n\tat lab.UniqueId$1.accept(UniqueId.java:24)\n\tat lab.Node.handleRequest(Node.java:97)\n\tat lab.Node.handleMessage(Node.java:71)\n\tat lab.Node.lambda$run$0(Node.java:44)\n\tat java.base/java.util.concurrent.ThreadPoolExecutor.runWorker(ThreadPoolExecutor.java:1144)\n\tat java.base/java.util.concurrent.ThreadPoolExecutor$Worker.run(ThreadPoolExecutor.java:642)\n\tat java.base/java.lang.Thread.run(Thread.java:1583)\n"]
2026-03-11 14:37:54,899{GMT}	INFO	[jepsen worker 2] jepsen.util: 245	:invoke	:generate	nil
2026-03-11 14:37:54,901{GMT}	INFO	[jepsen worker 1] jepsen.util: 250	:info	:generate	nil	[:crash "Unexpected exception handling (msg c6 n1 {\"type\":\"generate\",\"msg_id\":84}) : java.lang.UnsupportedOperationException: Not a string: 84\njava.lang.UnsupportedOperationException: Not a string: 84\n\tat com.eclipsesource.json.JsonValue.asString(JsonValue.java:384)\n\tat com.eclipsesource.json.JsonObject.getString(JsonObject.java:674)\n\tat lab.UniqueId$1.accept(UniqueId.java:27)\n\tat lab.UniqueId$1.accept(UniqueId.java:24)\n\tat lab.Node.handleRequest(Node.java:97)\n\tat lab.Node.handleMessage(Node.java:71)\n\tat lab.Node.lambda$run$0(Node.java:44)\n\tat java.base/java.util.concurrent.ThreadPoolExecutor.runWorker(ThreadPoolExecutor.java:1144)\n\tat java.base/java.util.concurrent.ThreadPoolExecutor$Worker.run(ThreadPoolExecutor.java:642)\n\tat java.base/java.lang.Thread.run(Thread.java:1583)\n"]
2026-03-11 14:37:54,910{GMT}	INFO	[jepsen worker 0] jepsen.util: 261	:invoke	:generate	nil
2026-03-11 14:37:54,910{GMT}	INFO	[jepsen worker 1] jepsen.util: 253	:invoke	:generate	nil
2026-03-11 14:37:54,913{GMT}	INFO	[jepsen worker 0] jepsen.util: 261	:info	:generate	nil	[:crash "Unexpected exception handling (msg c8 n0 {\"type\":\"generate\",\"msg_id\":88}) : java.lang.UnsupportedOperationException: Not a string: 88\njava.lang.UnsupportedOperationException: Not a string: 88\n\tat com.eclipsesource.json.JsonValue.asString(JsonValue.java:384)\n\tat com.eclipsesource.json.JsonObject.getString(JsonObject.java:674)\n\tat lab.UniqueId$1.accept(UniqueId.java:27)\n\tat lab.UniqueId$1.accept(UniqueId.java:24)\n\tat lab.Node.handleRequest(Node.java:97)\n\tat lab.Node.handleMessage(Node.java:71)\n\tat lab.Node.lambda$run$0(Node.java:44)\n\tat java.base/java.util.concurrent.ThreadPoolExecutor.runWorker(ThreadPoolExecutor.java:1144)\n\tat java.base/java.util.concurrent.ThreadPoolExecutor$Worker.run(ThreadPoolExecutor.java:642)\n\tat java.base/java.lang.Thread.run(Thread.java:1583)\n"]
2026-03-11 14:37:54,913{GMT}	INFO	[jepsen worker 1] jepsen.util: 253	:info	:generate	nil	[:crash "Unexpected exception handling (msg c6 n1 {\"type\":\"generate\",\"msg_id\":85}) : java.lang.UnsupportedOperationException: Not a string: 85\njava.lang.UnsupportedOperationException: Not a string: 85\n\tat com.eclipsesource.json.JsonValue.asString(JsonValue.java:384)\n\tat com.eclipsesource.json.JsonObject.getString(JsonObject.java:674)\n\tat lab.UniqueId$1.accept(UniqueId.java:27)\n\tat lab.UniqueId$1.accept(UniqueId.java:24)\n\tat lab.Node.handleRequest(Node.java:97)\n\tat lab.Node.handleMessage(Node.java:71)\n\tat lab.Node.lambda$run$0(Node.java:44)\n\tat java.base/java.util.concurrent.ThreadPoolExecutor.runWorker(ThreadPoolExecutor.java:1144)\n\tat java.base/java.util.concurrent.ThreadPoolExecutor$Worker.run(ThreadPoolExecutor.java:642)\n\tat java.base/java.lang.Thread.run(Thread.java:1583)\n"]
2026-03-11 14:37:54,914{GMT}	INFO	[jepsen worker 2] jepsen.util: 245	:info	:generate	nil	[:crash "Unexpected exception handling (msg c7 n2 {\"type\":\"generate\",\"msg_id\":82}) : java.lang.UnsupportedOperationException: Not a string: 82\njava.lang.UnsupportedOperationException: Not a string: 82\n\tat com.eclipsesource.json.JsonValue.asString(JsonValue.java:384)\n\tat com.eclipsesource.json.JsonObject.getString(JsonObject.java:674)\n\tat lab.UniqueId$1.accept(UniqueId.java:27)\n\tat lab.UniqueId$1.accept(UniqueId.java:24)\n\tat lab.Node.handleRequest(Node.java:97)\n\tat lab.Node.handleMessage(Node.java:71)\n\tat lab.Node.lambda$run$0(Node.java:44)\n\tat java.base/java.util.concurrent.ThreadPoolExecutor.runWorker(ThreadPoolExecutor.java:1144)\n\tat java.base/java.util.concurrent.ThreadPoolExecutor$Worker.run(ThreadPoolExecutor.java:642)\n\tat java.base/java.lang.Thread.run(Thread.java:1583)\n"]
2026-03-11 14:37:54,914{GMT}	INFO	[jepsen worker 1] jepsen.util: 256	:invoke	:generate	nil
2026-03-11 14:37:54,916{GMT}	INFO	[jepsen worker 2] jepsen.util: 248	:invoke	:generate	nil
2026-03-11 14:37:54,916{GMT}	INFO	[jepsen worker 1] jepsen.util: 256	:info	:generate	nil	[:crash "Unexpected exception handling (msg c6 n1 {\"type\":\"generate\",\"msg_id\":86}) : java.lang.UnsupportedOperationException: Not a string: 86\njava.lang.UnsupportedOperationException: Not a string: 86\n\tat com.eclipsesource.json.JsonValue.asString(JsonValue.java:384)\n\tat com.eclipsesource.json.JsonObject.getString(JsonObject.java:674)\n\tat lab.UniqueId$1.accept(UniqueId.java:27)\n\tat lab.UniqueId$1.accept(UniqueId.java:24)\n\tat lab.Node.handleRequest(Node.java:97)\n\tat lab.Node.handleMessage(Node.java:71)\n\tat lab.Node.lambda$run$0(Node.java:44)\n\tat java.base/java.util.concurrent.ThreadPoolExecutor.runWorker(ThreadPoolExecutor.java:1144)\n\tat java.base/java.util.concurrent.ThreadPoolExecutor$Worker.run(ThreadPoolExecutor.java:642)\n\tat java.base/java.lang.Thread.run(Thread.java:1583)\n"]
2026-03-11 14:37:54,916{GMT}	INFO	[jepsen worker 0] jepsen.util: 264	:invoke	:generate	nil
2026-03-11 14:37:54,918{GMT}	INFO	[jepsen worker 2] jepsen.util: 248	:info	:generate	nil	[:crash "Unexpected exception handling (msg c7 n2 {\"type\":\"generate\",\"msg_id\":83}) : java.lang.UnsupportedOperationException: Not a string: 83\njava.lang.UnsupportedOperationException: Not a string: 83\n\tat com.eclipsesource.json.JsonValue.asString(JsonValue.java:384)\n\tat com.eclipsesource.json.JsonObject.getString(JsonObject.java:674)\n\tat lab.UniqueId$1.accept(UniqueId.java:27)\n\tat lab.UniqueId$1.accept(UniqueId.java:24)\n\tat lab.Node.handleRequest(Node.java:97)\n\tat lab.Node.handleMessage(Node.java:71)\n\tat lab.Node.lambda$run$0(Node.java:44)\n\tat java.base/java.util.concurrent.ThreadPoolExecutor.runWorker(ThreadPoolExecutor.java:1144)\n\tat java.base/java.util.concurrent.ThreadPoolExecutor$Worker.run(ThreadPoolExecutor.java:642)\n\tat java.base/java.lang.Thread.run(Thread.java:1583)\n"]
2026-03-11 14:37:54,918{GMT}	INFO	[jepsen worker 1] jepsen.util: 259	:invoke	:generate	nil
2026-03-11 14:37:54,918{GMT}	INFO	[jepsen worker 0] jepsen.util: 264	:info	:generate	nil	[:crash "Unexpected exception handling (msg c8 n0 {\"type\":\"generate\",\"msg_id\":89}) : java.lang.UnsupportedOperationException: Not a string: 89\njava.lang.UnsupportedOperationException: Not a string: 89\n\tat com.eclipsesource.json.JsonValue.asString(JsonValue.java:384)\n\tat com.eclipsesource.json.JsonObject.getString(JsonObject.java:674)\n\tat lab.UniqueId$1.accept(UniqueId.java:27)\n\tat lab.UniqueId$1.accept(UniqueId.java:24)\n\tat lab.Node.handleRequest(Node.java:97)\n\tat lab.Node.handleMessage(Node.java:71)\n\tat lab.Node.lambda$run$0(Node.java:44)\n\tat java.base/java.util.concurrent.ThreadPoolExecutor.runWorker(ThreadPoolExecutor.java:1144)\n\tat java.base/java.util.concurrent.ThreadPoolExecutor$Worker.run(ThreadPoolExecutor.java:642)\n\tat java.base/java.lang.Thread.run(Thread.java:1583)\n"]
2026-03-11 14:37:54,920{GMT}	INFO	[jepsen worker 2] jepsen.util: 251	:invoke	:generate	nil
2026-03-11 14:37:54,920{GMT}	INFO	[jepsen worker 1] jepsen.util: 259	:info	:generate	nil	[:crash "Unexpected exception handling (msg c6 n1 {\"type\":\"generate\",\"msg_id\":87}) : java.lang.UnsupportedOperationException: Not a string: 87\njava.lang.UnsupportedOperationException: Not a string: 87\n\tat com.eclipsesource.json.JsonValue.asString(JsonValue.java:384)\n\tat com.eclipsesource.json.JsonObject.getString(JsonObject.java:674)\n\tat lab.UniqueId$1.accept(UniqueId.java:27)\n\tat lab.UniqueId$1.accept(UniqueId.java:24)\n\tat lab.Node.handleRequest(Node.java:97)\n\tat lab.Node.handleMessage(Node.java:71)\n\tat lab.Node.lambda$run$0(Node.java:44)\n\tat java.base/java.util.concurrent.ThreadPoolExecutor.runWorker(ThreadPoolExecutor.java:1144)\n\tat java.base/java.util.concurrent.ThreadPoolExecutor$Worker.run(ThreadPoolExecutor.java:642)\n\tat java.base/java.lang.Thread.run(Thread.java:1583)\n"]
2026-03-11 14:37:54,921{GMT}	INFO	[jepsen worker 0] jepsen.util: 267	:invoke	:generate	nil
2026-03-11 14:37:54,921{GMT}	INFO	[jepsen worker 1] jepsen.util: 262	:invoke	:generate	nil
2026-03-11 14:37:54,923{GMT}	INFO	[jepsen worker 0] jepsen.util: 267	:info	:generate	nil	[:crash "Unexpected exception handling (msg c8 n0 {\"type\":\"generate\",\"msg_id\":90}) : java.lang.UnsupportedOperationException: Not a string: 90\njava.lang.UnsupportedOperationException: Not a string: 90\n\tat com.eclipsesource.json.JsonValue.asString(JsonValue.java:384)\n\tat com.eclipsesource.json.JsonObject.getString(JsonObject.java:674)\n\tat lab.UniqueId$1.accept(UniqueId.java:27)\n\tat lab.UniqueId$1.accept(UniqueId.java:24)\n\tat lab.Node.handleRequest(Node.java:97)\n\tat lab.Node.handleMessage(Node.java:71)\n\tat lab.Node.lambda$run$0(Node.java:44)\n\tat java.base/java.util.concurrent.ThreadPoolExecutor.runWorker(ThreadPoolExecutor.java:1144)\n\tat java.base/java.util.concurrent.ThreadPoolExecutor$Worker.run(ThreadPoolExecutor.java:642)\n\tat java.base/java.lang.Thread.run(Thread.java:1583)\n"]
2026-03-11 14:37:54,923{GMT}	INFO	[jepsen worker 1] jepsen.util: 262	:info	:generate	nil	[:crash "Unexpected exception handling (msg c6 n1 {\"type\":\"generate\",\"msg_id\":88}) : java.lang.UnsupportedOperationException: Not a string: 88\njava.lang.UnsupportedOperationException: Not a string: 88\n\tat com.eclipsesource.json.JsonValue.asString(JsonValue.java:384)\n\tat com.eclipsesource.json.JsonObject.getString(JsonObject.java:674)\n\tat lab.UniqueId$1.accept(UniqueId.java:27)\n\tat lab.UniqueId$1.accept(UniqueId.java:24)\n\tat lab.Node.handleRequest(Node.java:97)\n\tat lab.Node.handleMessage(Node.java:71)\n\tat lab.Node.lambda$run$0(Node.java:44)\n\tat java.base/java.util.concurrent.ThreadPoolExecutor.runWorker(ThreadPoolExecutor.java:1144)\n\tat java.base/java.util.concurrent.ThreadPoolExecutor$Worker.run(ThreadPoolExecutor.java:642)\n\tat java.base/java.lang.Thread.run(Thread.java:1583)\n"]
2026-03-11 14:37:54,924{GMT}	INFO	[jepsen worker 2] jepsen.util: 251	:info	:generate	nil	[:crash "Unexpected exception handling (msg c7 n2 {\"type\":\"generate\",\"msg_id\":84}) : java.lang.UnsupportedOperationException: Not a string: 84\njava.lang.UnsupportedOperationException: Not a string: 84\n\tat com.eclipsesource.json.JsonValue.asString(JsonValue.java:384)\n\tat com.eclipsesource.json.JsonObject.getString(JsonObject.java:674)\n\tat lab.UniqueId$1.accept(UniqueId.java:27)\n\tat lab.UniqueId$1.accept(UniqueId.java:24)\n\tat lab.Node.handleRequest(Node.java:97)\n\tat lab.Node.handleMessage(Node.java:71)\n\tat lab.Node.lambda$run$0(Node.java:44)\n\tat java.base/java.util.concurrent.ThreadPoolExecutor.runWorker(ThreadPoolExecutor.java:1144)\n\tat java.base/java.util.concurrent.ThreadPoolExecutor$Worker.run(ThreadPoolExecutor.java:642)\n\tat java.base/java.lang.Thread.run(Thread.java:1583)\n"]
2026-03-11 14:37:54,924{GMT}	INFO	[jepsen worker 0] jepsen.util: 270	:invoke	:generate	nil
2026-03-11 14:37:54,924{GMT}	INFO	[jepsen worker 1] jepsen.util: 265	:invoke	:generate	nil
2026-03-11 14:37:54,926{GMT}	INFO	[jepsen worker 2] jepsen.util: 254	:invoke	:generate	nil
2026-03-11 14:37:54,926{GMT}	INFO	[jepsen worker 0] jepsen.util: 270	:info	:generate	nil	[:crash "Unexpected exception handling (msg c8 n0 {\"type\":\"generate\",\"msg_id\":91}) : java.lang.UnsupportedOperationException: Not a string: 91\njava.lang.UnsupportedOperationException: Not a string: 91\n\tat com.eclipsesource.json.JsonValue.asString(JsonValue.java:384)\n\tat com.eclipsesource.json.JsonObject.getString(JsonObject.java:674)\n\tat lab.UniqueId$1.accept(UniqueId.java:27)\n\tat lab.UniqueId$1.accept(UniqueId.java:24)\n\tat lab.Node.handleRequest(Node.java:97)\n\tat lab.Node.handleMessage(Node.java:71)\n\tat lab.Node.lambda$run$0(Node.java:44)\n\tat java.base/java.util.concurrent.ThreadPoolExecutor.runWorker(ThreadPoolExecutor.java:1144)\n\tat java.base/java.util.concurrent.ThreadPoolExecutor$Worker.run(ThreadPoolExecutor.java:642)\n\tat java.base/java.lang.Thread.run(Thread.java:1583)\n"]
2026-03-11 14:37:54,926{GMT}	INFO	[jepsen worker 1] jepsen.util: 265	:info	:generate	nil	[:crash "Unexpected exception handling (msg c6 n1 {\"type\":\"generate\",\"msg_id\":89}) : java.lang.UnsupportedOperationException: Not a string: 89\njava.lang.UnsupportedOperationException: Not a string: 89\n\tat com.eclipsesource.json.JsonValue.asString(JsonValue.java:384)\n\tat com.eclipsesource.json.JsonObject.getString(JsonObject.java:674)\n\tat lab.UniqueId$1.accept(UniqueId.java:27)\n\tat lab.UniqueId$1.accept(UniqueId.java:24)\n\tat lab.Node.handleRequest(Node.java:97)\n\tat lab.Node.handleMessage(Node.java:71)\n\tat lab.Node.lambda$run$0(Node.java:44)\n\tat java.base/java.util.concurrent.ThreadPoolExecutor.runWorker(ThreadPoolExecutor.java:1144)\n\tat java.base/java.util.concurrent.ThreadPoolExecutor$Worker.run(ThreadPoolExecutor.java:642)\n\tat java.base/java.lang.Thread.run(Thread.java:1583)\n"]
2026-03-11 14:37:54,928{GMT}	INFO	[jepsen worker 2] jepsen.util: 254	:info	:generate	nil	[:crash "Unexpected exception handling (msg c7 n2 {\"type\":\"generate\",\"msg_id\":85}) : java.lang.UnsupportedOperationException: Not a string: 85\njava.lang.UnsupportedOperationException: Not a string: 85\n\tat com.eclipsesource.json.JsonValue.asString(JsonValue.java:384)\n\tat com.eclipsesource.json.JsonObject.getString(JsonObject.java:674)\n\tat lab.UniqueId$1.accept(UniqueId.java:27)\n\tat lab.UniqueId$1.accept(UniqueId.java:24)\n\tat lab.Node.handleRequest(Node.java:97)\n\tat lab.Node.handleMessage(Node.java:71)\n\tat lab.Node.lambda$run$0(Node.java:44)\n\tat java.base/java.util.concurrent.ThreadPoolExecutor.runWorker(ThreadPoolExecutor.java:1144)\n\tat java.base/java.util.concurrent.ThreadPoolExecutor$Worker.run(ThreadPoolExecutor.java:642)\n\tat java.base/java.lang.Thread.run(Thread.java:1583)\n"]
2026-03-11 14:37:54,932{GMT}	INFO	[jepsen worker 1] jepsen.util: 268	:invoke	:generate	nil
2026-03-11 14:37:54,932{GMT}	INFO	[jepsen worker 2] jepsen.util: 257	:invoke	:generate	nil
2026-03-11 14:37:54,932{GMT}	INFO	[jepsen worker 0] jepsen.util: 273	:invoke	:generate	nil
2026-03-11 14:37:54,935{GMT}	INFO	[jepsen worker 1] jepsen.util: 268	:info	:generate	nil	[:crash "Unexpected exception handling (msg c6 n1 {\"type\":\"generate\",\"msg_id\":90}) : java.lang.UnsupportedOperationException: Not a string: 90\njava.lang.UnsupportedOperationException: Not a string: 90\n\tat com.eclipsesource.json.JsonValue.asString(JsonValue.java:384)\n\tat com.eclipsesource.json.JsonObject.getString(JsonObject.java:674)\n\tat lab.UniqueId$1.accept(UniqueId.java:27)\n\tat lab.UniqueId$1.accept(UniqueId.java:24)\n\tat lab.Node.handleRequest(Node.java:97)\n\tat lab.Node.handleMessage(Node.java:71)\n\tat lab.Node.lambda$run$0(Node.java:44)\n\tat java.base/java.util.concurrent.ThreadPoolExecutor.runWorker(ThreadPoolExecutor.java:1144)\n\tat java.base/java.util.concurrent.ThreadPoolExecutor$Worker.run(ThreadPoolExecutor.java:642)\n\tat java.base/java.lang.Thread.run(Thread.java:1583)\n"]
2026-03-11 14:37:54,935{GMT}	INFO	[jepsen worker 0] jepsen.util: 273	:info	:generate	nil	[:crash "Unexpected exception handling (msg c8 n0 {\"type\":\"generate\",\"msg_id\":92}) : java.lang.UnsupportedOperationException: Not a string: 92\njava.lang.UnsupportedOperationException: Not a string: 92\n\tat com.eclipsesource.json.JsonValue.asString(JsonValue.java:384)\n\tat com.eclipsesource.json.JsonObject.getString(JsonObject.java:674)\n\tat lab.UniqueId$1.accept(UniqueId.java:27)\n\tat lab.UniqueId$1.accept(UniqueId.java:24)\n\tat lab.Node.handleRequest(Node.java:97)\n\tat lab.Node.handleMessage(Node.java:71)\n\tat lab.Node.lambda$run$0(Node.java:44)\n\tat java.base/java.util.concurrent.ThreadPoolExecutor.runWorker(ThreadPoolExecutor.java:1144)\n\tat java.base/java.util.concurrent.ThreadPoolExecutor$Worker.run(ThreadPoolExecutor.java:642)\n\tat java.base/java.lang.Thread.run(Thread.java:1583)\n"]
2026-03-11 14:37:54,935{GMT}	INFO	[jepsen worker 2] jepsen.util: 257	:info	:generate	nil	[:crash "Unexpected exception handling (msg c7 n2 {\"type\":\"generate\",\"msg_id\":86}) : java.lang.UnsupportedOperationException: Not a string: 86\njava.lang.UnsupportedOperationException: Not a string: 86\n\tat com.eclipsesource.json.JsonValue.asString(JsonValue.java:384)\n\tat com.eclipsesource.json.JsonObject.getString(JsonObject.java:674)\n\tat lab.UniqueId$1.accept(UniqueId.java:27)\n\tat lab.UniqueId$1.accept(UniqueId.java:24)\n\tat lab.Node.handleRequest(Node.java:97)\n\tat lab.Node.handleMessage(Node.java:71)\n\tat lab.Node.lambda$run$0(Node.java:44)\n\tat java.base/java.util.concurrent.ThreadPoolExecutor.runWorker(ThreadPoolExecutor.java:1144)\n\tat java.base/java.util.concurrent.ThreadPoolExecutor$Worker.run(ThreadPoolExecutor.java:642)\n\tat java.base/java.lang.Thread.run(Thread.java:1583)\n"]
2026-03-11 14:37:54,937{GMT}	INFO	[jepsen worker 1] jepsen.util: 271	:invoke	:generate	nil
2026-03-11 14:37:54,945{GMT}	INFO	[jepsen worker 0] jepsen.util: 276	:invoke	:generate	nil
2026-03-11 14:37:54,945{GMT}	INFO	[jepsen worker 2] jepsen.util: 260	:invoke	:generate	nil
2026-03-11 14:37:54,947{GMT}	INFO	[jepsen worker 0] jepsen.util: 276	:info	:generate	nil	[:crash "Unexpected exception handling (msg c8 n0 {\"type\":\"generate\",\"msg_id\":93}) : java.lang.UnsupportedOperationException: Not a string: 93\njava.lang.UnsupportedOperationException: Not a string: 93\n\tat com.eclipsesource.json.JsonValue.asString(JsonValue.java:384)\n\tat com.eclipsesource.json.JsonObject.getString(JsonObject.java:674)\n\tat lab.UniqueId$1.accept(UniqueId.java:27)\n\tat lab.UniqueId$1.accept(UniqueId.java:24)\n\tat lab.Node.handleRequest(Node.java:97)\n\tat lab.Node.handleMessage(Node.java:71)\n\tat lab.Node.lambda$run$0(Node.java:44)\n\tat java.base/java.util.concurrent.ThreadPoolExecutor.runWorker(ThreadPoolExecutor.java:1144)\n\tat java.base/java.util.concurrent.ThreadPoolExecutor$Worker.run(ThreadPoolExecutor.java:642)\n\tat java.base/java.lang.Thread.run(Thread.java:1583)\n"]
2026-03-11 14:37:54,947{GMT}	INFO	[jepsen worker 2] jepsen.util: 260	:info	:generate	nil	[:crash "Unexpected exception handling (msg c7 n2 {\"type\":\"generate\",\"msg_id\":87}) : java.lang.UnsupportedOperationException: Not a string: 87\njava.lang.UnsupportedOperationException: Not a string: 87\n\tat com.eclipsesource.json.JsonValue.asString(JsonValue.java:384)\n\tat com.eclipsesource.json.JsonObject.getString(JsonObject.java:674)\n\tat lab.UniqueId$1.accept(UniqueId.java:27)\n\tat lab.UniqueId$1.accept(UniqueId.java:24)\n\tat lab.Node.handleRequest(Node.java:97)\n\tat lab.Node.handleMessage(Node.java:71)\n\tat lab.Node.lambda$run$0(Node.java:44)\n\tat java.base/java.util.concurrent.ThreadPoolExecutor.runWorker(ThreadPoolExecutor.java:1144)\n\tat java.base/java.util.concurrent.ThreadPoolExecutor$Worker.run(ThreadPoolExecutor.java:642)\n\tat java.base/java.lang.Thread.run(Thread.java:1583)\n"]
2026-03-11 14:37:54,947{GMT}	INFO	[jepsen worker 1] jepsen.util: 271	:info	:generate	nil	[:crash "Unexpected exception handling (msg c6 n1 {\"type\":\"generate\",\"msg_id\":91}) : java.lang.UnsupportedOperationException: Not a string: 91\njava.lang.UnsupportedOperationException: Not a string: 91\n\tat com.eclipsesource.json.JsonValue.asString(JsonValue.java:384)\n\tat com.eclipsesource.json.JsonObject.getString(JsonObject.java:674)\n\tat lab.UniqueId$1.accept(UniqueId.java:27)\n\tat lab.UniqueId$1.accept(UniqueId.java:24)\n\tat lab.Node.handleRequest(Node.java:97)\n\tat lab.Node.handleMessage(Node.java:71)\n\tat lab.Node.lambda$run$0(Node.java:44)\n\tat java.base/java.util.concurrent.ThreadPoolExecutor.runWorker(ThreadPoolExecutor.java:1144)\n\tat java.base/java.util.concurrent.ThreadPoolExecutor$Worker.run(ThreadPoolExecutor.java:642)\n\tat java.base/java.lang.Thread.run(Thread.java:1583)\n"]
2026-03-11 14:37:54,948{GMT}	INFO	[jepsen worker 0] jepsen.util: 279	:invoke	:generate	nil
2026-03-11 14:37:54,949{GMT}	INFO	[jepsen worker 0] jepsen.util: 279	:info	:generate	nil	[:crash "Unexpected exception handling (msg c8 n0 {\"type\":\"generate\",\"msg_id\":94}) : java.lang.UnsupportedOperationException: Not a string: 94\njava.lang.UnsupportedOperationException: Not a string: 94\n\tat com.eclipsesource.json.JsonValue.asString(JsonValue.java:384)\n\tat com.eclipsesource.json.JsonObject.getString(JsonObject.java:674)\n\tat lab.UniqueId$1.accept(UniqueId.java:27)\n\tat lab.UniqueId$1.accept(UniqueId.java:24)\n\tat lab.Node.handleRequest(Node.java:97)\n\tat lab.Node.handleMessage(Node.java:71)\n\tat lab.Node.lambda$run$0(Node.java:44)\n\tat java.base/java.util.concurrent.ThreadPoolExecutor.runWorker(ThreadPoolExecutor.java:1144)\n\tat java.base/java.util.concurrent.ThreadPoolExecutor$Worker.run(ThreadPoolExecutor.java:642)\n\tat java.base/java.lang.Thread.run(Thread.java:1583)\n"]
2026-03-11 14:37:54,949{GMT}	INFO	[jepsen worker 2] jepsen.util: 263	:invoke	:generate	nil
2026-03-11 14:37:54,951{GMT}	INFO	[jepsen worker 0] jepsen.util: 282	:invoke	:generate	nil
2026-03-11 14:37:54,951{GMT}	INFO	[jepsen worker 2] jepsen.util: 263	:info	:generate	nil	[:crash "Unexpected exception handling (msg c7 n2 {\"type\":\"generate\",\"msg_id\":88}) : java.lang.UnsupportedOperationException: Not a string: 88\njava.lang.UnsupportedOperationException: Not a string: 88\n\tat com.eclipsesource.json.JsonValue.asString(JsonValue.java:384)\n\tat com.eclipsesource.json.JsonObject.getString(JsonObject.java:674)\n\tat lab.UniqueId$1.accept(UniqueId.java:27)\n\tat lab.UniqueId$1.accept(UniqueId.java:24)\n\tat lab.Node.handleRequest(Node.java:97)\n\tat lab.Node.handleMessage(Node.java:71)\n\tat lab.Node.lambda$run$0(Node.java:44)\n\tat java.base/java.util.concurrent.ThreadPoolExecutor.runWorker(ThreadPoolExecutor.java:1144)\n\tat java.base/java.util.concurrent.ThreadPoolExecutor$Worker.run(ThreadPoolExecutor.java:642)\n\tat java.base/java.lang.Thread.run(Thread.java:1583)\n"]
2026-03-11 14:37:54,952{GMT}	INFO	[jepsen worker 1] jepsen.util: 274	:invoke	:generate	nil
2026-03-11 14:37:54,953{GMT}	INFO	[jepsen worker 0] jepsen.util: 282	:info	:generate	nil	[:crash "Unexpected exception handling (msg c8 n0 {\"type\":\"generate\",\"msg_id\":95}) : java.lang.UnsupportedOperationException: Not a string: 95\njava.lang.UnsupportedOperationException: Not a string: 95\n\tat com.eclipsesource.json.JsonValue.asString(JsonValue.java:384)\n\tat com.eclipsesource.json.JsonObject.getString(JsonObject.java:674)\n\tat lab.UniqueId$1.accept(UniqueId.java:27)\n\tat lab.UniqueId$1.accept(UniqueId.java:24)\n\tat lab.Node.handleRequest(Node.java:97)\n\tat lab.Node.handleMessage(Node.java:71)\n\tat lab.Node.lambda$run$0(Node.java:44)\n\tat java.base/java.util.concurrent.ThreadPoolExecutor.runWorker(ThreadPoolExecutor.java:1144)\n\tat java.base/java.util.concurrent.ThreadPoolExecutor$Worker.run(ThreadPoolExecutor.java:642)\n\tat java.base/java.lang.Thread.run(Thread.java:1583)\n"]
2026-03-11 14:37:54,953{GMT}	INFO	[jepsen worker 2] jepsen.util: 266	:invoke	:generate	nil
2026-03-11 14:37:54,954{GMT}	INFO	[jepsen worker 1] jepsen.util: 274	:info	:generate	nil	[:crash "Unexpected exception handling (msg c6 n1 {\"type\":\"generate\",\"msg_id\":92}) : java.lang.UnsupportedOperationException: Not a string: 92\njava.lang.UnsupportedOperationException: Not a string: 92\n\tat com.eclipsesource.json.JsonValue.asString(JsonValue.java:384)\n\tat com.eclipsesource.json.JsonObject.getString(JsonObject.java:674)\n\tat lab.UniqueId$1.accept(UniqueId.java:27)\n\tat lab.UniqueId$1.accept(UniqueId.java:24)\n\tat lab.Node.handleRequest(Node.java:97)\n\tat lab.Node.handleMessage(Node.java:71)\n\tat lab.Node.lambda$run$0(Node.java:44)\n\tat java.base/java.util.concurrent.ThreadPoolExecutor.runWorker(ThreadPoolExecutor.java:1144)\n\tat java.base/java.util.concurrent.ThreadPoolExecutor$Worker.run(ThreadPoolExecutor.java:642)\n\tat java.base/java.lang.Thread.run(Thread.java:1583)\n"]
2026-03-11 14:37:54,957{GMT}	INFO	[jepsen worker 0] jepsen.util: 285	:invoke	:generate	nil
2026-03-11 14:37:54,957{GMT}	INFO	[jepsen worker 1] jepsen.util: 277	:invoke	:generate	nil
2026-03-11 14:37:54,959{GMT}	INFO	[jepsen worker 0] jepsen.util: 285	:info	:generate	nil	[:crash "Unexpected exception handling (msg c8 n0 {\"type\":\"generate\",\"msg_id\":96}) : java.lang.UnsupportedOperationException: Not a string: 96\njava.lang.UnsupportedOperationException: Not a string: 96\n\tat com.eclipsesource.json.JsonValue.asString(JsonValue.java:384)\n\tat com.eclipsesource.json.JsonObject.getString(JsonObject.java:674)\n\tat lab.UniqueId$1.accept(UniqueId.java:27)\n\tat lab.UniqueId$1.accept(UniqueId.java:24)\n\tat lab.Node.handleRequest(Node.java:97)\n\tat lab.Node.handleMessage(Node.java:71)\n\tat lab.Node.lambda$run$0(Node.java:44)\n\tat java.base/java.util.concurrent.ThreadPoolExecutor.runWorker(ThreadPoolExecutor.java:1144)\n\tat java.base/java.util.concurrent.ThreadPoolExecutor$Worker.run(ThreadPoolExecutor.java:642)\n\tat java.base/java.lang.Thread.run(Thread.java:1583)\n"]
2026-03-11 14:37:54,959{GMT}	INFO	[jepsen worker 2] jepsen.util: 266	:info	:generate	nil	[:crash "Unexpected exception handling (msg c7 n2 {\"type\":\"generate\",\"msg_id\":89}) : java.lang.UnsupportedOperationException: Not a string: 89\njava.lang.UnsupportedOperationException: Not a string: 89\n\tat com.eclipsesource.json.JsonValue.asString(JsonValue.java:384)\n\tat com.eclipsesource.json.JsonObject.getString(JsonObject.java:674)\n\tat lab.UniqueId$1.accept(UniqueId.java:27)\n\tat lab.UniqueId$1.accept(UniqueId.java:24)\n\tat lab.Node.handleRequest(Node.java:97)\n\tat lab.Node.handleMessage(Node.java:71)\n\tat lab.Node.lambda$run$0(Node.java:44)\n\tat java.base/java.util.concurrent.ThreadPoolExecutor.runWorker(ThreadPoolExecutor.java:1144)\n\tat java.base/java.util.concurrent.ThreadPoolExecutor$Worker.run(ThreadPoolExecutor.java:642)\n\tat java.base/java.lang.Thread.run(Thread.java:1583)\n"]
2026-03-11 14:37:54,959{GMT}	INFO	[jepsen worker 1] jepsen.util: 277	:info	:generate	nil	[:crash "Unexpected exception handling (msg c6 n1 {\"type\":\"generate\",\"msg_id\":93}) : java.lang.UnsupportedOperationException: Not a string: 93\njava.lang.UnsupportedOperationException: Not a string: 93\n\tat com.eclipsesource.json.JsonValue.asString(JsonValue.java:384)\n\tat com.eclipsesource.json.JsonObject.getString(JsonObject.java:674)\n\tat lab.UniqueId$1.accept(UniqueId.java:27)\n\tat lab.UniqueId$1.accept(UniqueId.java:24)\n\tat lab.Node.handleRequest(Node.java:97)\n\tat lab.Node.handleMessage(Node.java:71)\n\tat lab.Node.lambda$run$0(Node.java:44)\n\tat java.base/java.util.concurrent.ThreadPoolExecutor.runWorker(ThreadPoolExecutor.java:1144)\n\tat java.base/java.util.concurrent.ThreadPoolExecutor$Worker.run(ThreadPoolExecutor.java:642)\n\tat java.base/java.lang.Thread.run(Thread.java:1583)\n"]
2026-03-11 14:37:54,959{GMT}	INFO	[jepsen worker 0] jepsen.util: 288	:invoke	:generate	nil
2026-03-11 14:37:54,961{GMT}	INFO	[jepsen worker 0] jepsen.util: 288	:info	:generate	nil	[:crash "Unexpected exception handling (msg c8 n0 {\"type\":\"generate\",\"msg_id\":97}) : java.lang.UnsupportedOperationException: Not a string: 97\njava.lang.UnsupportedOperationException: Not a string: 97\n\tat com.eclipsesource.json.JsonValue.asString(JsonValue.java:384)\n\tat com.eclipsesource.json.JsonObject.getString(JsonObject.java:674)\n\tat lab.UniqueId$1.accept(UniqueId.java:27)\n\tat lab.UniqueId$1.accept(UniqueId.java:24)\n\tat lab.Node.handleRequest(Node.java:97)\n\tat lab.Node.handleMessage(Node.java:71)\n\tat lab.Node.lambda$run$0(Node.java:44)\n\tat java.base/java.util.concurrent.ThreadPoolExecutor.runWorker(ThreadPoolExecutor.java:1144)\n\tat java.base/java.util.concurrent.ThreadPoolExecutor$Worker.run(ThreadPoolExecutor.java:642)\n\tat java.base/java.lang.Thread.run(Thread.java:1583)\n"]
2026-03-11 14:37:54,961{GMT}	INFO	[jepsen worker 1] jepsen.util: 280	:invoke	:generate	nil
2026-03-11 14:37:54,963{GMT}	INFO	[jepsen worker 2] jepsen.util: 269	:invoke	:generate	nil
2026-03-11 14:37:54,972{GMT}	INFO	[jepsen worker 0] jepsen.util: 291	:invoke	:generate	nil
2026-03-11 14:37:54,973{GMT}	INFO	[jepsen worker 2] jepsen.util: 269	:info	:generate	nil	[:crash "Unexpected exception handling (msg c7 n2 {\"type\":\"generate\",\"msg_id\":90}) : java.lang.UnsupportedOperationException: Not a string: 90\njava.lang.UnsupportedOperationException: Not a string: 90\n\tat com.eclipsesource.json.JsonValue.asString(JsonValue.java:384)\n\tat com.eclipsesource.json.JsonObject.getString(JsonObject.java:674)\n\tat lab.UniqueId$1.accept(UniqueId.java:27)\n\tat lab.UniqueId$1.accept(UniqueId.java:24)\n\tat lab.Node.handleRequest(Node.java:97)\n\tat lab.Node.handleMessage(Node.java:71)\n\tat lab.Node.lambda$run$0(Node.java:44)\n\tat java.base/java.util.concurrent.ThreadPoolExecutor.runWorker(ThreadPoolExecutor.java:1144)\n\tat java.base/java.util.concurrent.ThreadPoolExecutor$Worker.run(ThreadPoolExecutor.java:642)\n\tat java.base/java.lang.Thread.run(Thread.java:1583)\n"]
2026-03-11 14:37:54,973{GMT}	INFO	[jepsen worker 0] jepsen.util: 291	:info	:generate	nil	[:crash "Unexpected exception handling (msg c8 n0 {\"type\":\"generate\",\"msg_id\":98}) : java.lang.UnsupportedOperationException: Not a string: 98\njava.lang.UnsupportedOperationException: Not a string: 98\n\tat com.eclipsesource.json.JsonValue.asString(JsonValue.java:384)\n\tat com.eclipsesource.json.JsonObject.getString(JsonObject.java:674)\n\tat lab.UniqueId$1.accept(UniqueId.java:27)\n\tat lab.UniqueId$1.accept(UniqueId.java:24)\n\tat lab.Node.handleRequest(Node.java:97)\n\tat lab.Node.handleMessage(Node.java:71)\n\tat lab.Node.lambda$run$0(Node.java:44)\n\tat java.base/java.util.concurrent.ThreadPoolExecutor.runWorker(ThreadPoolExecutor.java:1144)\n\tat java.base/java.util.concurrent.ThreadPoolExecutor$Worker.run(ThreadPoolExecutor.java:642)\n\tat java.base/java.lang.Thread.run(Thread.java:1583)\n"]
2026-03-11 14:37:54,973{GMT}	INFO	[jepsen worker 1] jepsen.util: 280	:info	:generate	nil	[:crash "Unexpected exception handling (msg c6 n1 {\"type\":\"generate\",\"msg_id\":94}) : java.lang.UnsupportedOperationException: Not a string: 94\njava.lang.UnsupportedOperationException: Not a string: 94\n\tat com.eclipsesource.json.JsonValue.asString(JsonValue.java:384)\n\tat com.eclipsesource.json.JsonObject.getString(JsonObject.java:674)\n\tat lab.UniqueId$1.accept(UniqueId.java:27)\n\tat lab.UniqueId$1.accept(UniqueId.java:24)\n\tat lab.Node.handleRequest(Node.java:97)\n\tat lab.Node.handleMessage(Node.java:71)\n\tat lab.Node.lambda$run$0(Node.java:44)\n\tat java.base/java.util.concurrent.ThreadPoolExecutor.runWorker(ThreadPoolExecutor.java:1144)\n\tat java.base/java.util.concurrent.ThreadPoolExecutor$Worker.run(ThreadPoolExecutor.java:642)\n\tat java.base/java.lang.Thread.run(Thread.java:1583)\n"]
2026-03-11 14:37:54,974{GMT}	INFO	[jepsen worker 0] jepsen.util: 294	:invoke	:generate	nil
2026-03-11 14:37:54,975{GMT}	INFO	[jepsen worker 0] jepsen.util: 294	:info	:generate	nil	[:crash "Unexpected exception handling (msg c8 n0 {\"type\":\"generate\",\"msg_id\":99}) : java.lang.UnsupportedOperationException: Not a string: 99\njava.lang.UnsupportedOperationException: Not a string: 99\n\tat com.eclipsesource.json.JsonValue.asString(JsonValue.java:384)\n\tat com.eclipsesource.json.JsonObject.getString(JsonObject.java:674)\n\tat lab.UniqueId$1.accept(UniqueId.java:27)\n\tat lab.UniqueId$1.accept(UniqueId.java:24)\n\tat lab.Node.handleRequest(Node.java:97)\n\tat lab.Node.handleMessage(Node.java:71)\n\tat lab.Node.lambda$run$0(Node.java:44)\n\tat java.base/java.util.concurrent.ThreadPoolExecutor.runWorker(ThreadPoolExecutor.java:1144)\n\tat java.base/java.util.concurrent.ThreadPoolExecutor$Worker.run(ThreadPoolExecutor.java:642)\n\tat java.base/java.lang.Thread.run(Thread.java:1583)\n"]
2026-03-11 14:37:54,976{GMT}	INFO	[jepsen worker 1] jepsen.util: 283	:invoke	:generate	nil
2026-03-11 14:37:54,976{GMT}	INFO	[jepsen worker 2] jepsen.util: 272	:invoke	:generate	nil
2026-03-11 14:37:54,977{GMT}	INFO	[jepsen worker 1] jepsen.util: 283	:info	:generate	nil	[:crash "Unexpected exception handling (msg c6 n1 {\"type\":\"generate\",\"msg_id\":95}) : java.lang.UnsupportedOperationException: Not a string: 95\njava.lang.UnsupportedOperationException: Not a string: 95\n\tat com.eclipsesource.json.JsonValue.asString(JsonValue.java:384)\n\tat com.eclipsesource.json.JsonObject.getString(JsonObject.java:674)\n\tat lab.UniqueId$1.accept(UniqueId.java:27)\n\tat lab.UniqueId$1.accept(UniqueId.java:24)\n\tat lab.Node.handleRequest(Node.java:97)\n\tat lab.Node.handleMessage(Node.java:71)\n\tat lab.Node.lambda$run$0(Node.java:44)\n\tat java.base/java.util.concurrent.ThreadPoolExecutor.runWorker(ThreadPoolExecutor.java:1144)\n\tat java.base/java.util.concurrent.ThreadPoolExecutor$Worker.run(ThreadPoolExecutor.java:642)\n\tat java.base/java.lang.Thread.run(Thread.java:1583)\n"]
2026-03-11 14:37:54,978{GMT}	INFO	[jepsen worker 2] jepsen.util: 272	:info	:generate	nil	[:crash "Unexpected exception handling (msg c7 n2 {\"type\":\"generate\",\"msg_id\":91}) : java.lang.UnsupportedOperationException: Not a string: 91\njava.lang.UnsupportedOperationException: Not a string: 91\n\tat com.eclipsesource.json.JsonValue.asString(JsonValue.java:384)\n\tat com.eclipsesource.json.JsonObject.getString(JsonObject.java:674)\n\tat lab.UniqueId$1.accept(UniqueId.java:27)\n\tat lab.UniqueId$1.accept(UniqueId.java:24)\n\tat lab.Node.handleRequest(Node.java:97)\n\tat lab.Node.handleMessage(Node.java:71)\n\tat lab.Node.lambda$run$0(Node.java:44)\n\tat java.base/java.util.concurrent.ThreadPoolExecutor.runWorker(ThreadPoolExecutor.java:1144)\n\tat java.base/java.util.concurrent.ThreadPoolExecutor$Worker.run(ThreadPoolExecutor.java:642)\n\tat java.base/java.lang.Thread.run(Thread.java:1583)\n"]
2026-03-11 14:37:54,978{GMT}	INFO	[jepsen worker 0] jepsen.util: 297	:invoke	:generate	nil
2026-03-11 14:37:54,978{GMT}	INFO	[jepsen worker 1] jepsen.util: 286	:invoke	:generate	nil
2026-03-11 14:37:54,980{GMT}	INFO	[jepsen worker 2] jepsen.util: 275	:invoke	:generate	nil
2026-03-11 14:37:54,980{GMT}	INFO	[jepsen worker 0] jepsen.util: 297	:info	:generate	nil	[:crash "Unexpected exception handling (msg c8 n0 {\"type\":\"generate\",\"msg_id\":100}) : java.lang.UnsupportedOperationException: Not a string: 100\njava.lang.UnsupportedOperationException: Not a string: 100\n\tat com.eclipsesource.json.JsonValue.asString(JsonValue.java:384)\n\tat com.eclipsesource.json.JsonObject.getString(JsonObject.java:674)\n\tat lab.UniqueId$1.accept(UniqueId.java:27)\n\tat lab.UniqueId$1.accept(UniqueId.java:24)\n\tat lab.Node.handleRequest(Node.java:97)\n\tat lab.Node.handleMessage(Node.java:71)\n\tat lab.Node.lambda$run$0(Node.java:44)\n\tat java.base/java.util.concurrent.ThreadPoolExecutor.runWorker(ThreadPoolExecutor.java:1144)\n\tat java.base/java.util.concurrent.ThreadPoolExecutor$Worker.run(ThreadPoolExecutor.java:642)\n\tat java.base/java.lang.Thread.run(Thread.java:1583)\n"]
2026-03-11 14:37:54,980{GMT}	INFO	[jepsen worker 1] jepsen.util: 286	:info	:generate	nil	[:crash "Unexpected exception handling (msg c6 n1 {\"type\":\"generate\",\"msg_id\":96}) : java.lang.UnsupportedOperationException: Not a string: 96\njava.lang.UnsupportedOperationException: Not a string: 96\n\tat com.eclipsesource.json.JsonValue.asString(JsonValue.java:384)\n\tat com.eclipsesource.json.JsonObject.getString(JsonObject.java:674)\n\tat lab.UniqueId$1.accept(UniqueId.java:27)\n\tat lab.UniqueId$1.accept(UniqueId.java:24)\n\tat lab.Node.handleRequest(Node.java:97)\n\tat lab.Node.handleMessage(Node.java:71)\n\tat lab.Node.lambda$run$0(Node.java:44)\n\tat java.base/java.util.concurrent.ThreadPoolExecutor.runWorker(ThreadPoolExecutor.java:1144)\n\tat java.base/java.util.concurrent.ThreadPoolExecutor$Worker.run(ThreadPoolExecutor.java:642)\n\tat java.base/java.lang.Thread.run(Thread.java:1583)\n"]
2026-03-11 14:37:54,981{GMT}	INFO	[jepsen worker 0] jepsen.util: 300	:invoke	:generate	nil
2026-03-11 14:37:54,982{GMT}	INFO	[jepsen worker 1] jepsen.util: 289	:invoke	:generate	nil
2026-03-11 14:37:54,982{GMT}	INFO	[jepsen worker 2] jepsen.util: 275	:info	:generate	nil	[:crash "Unexpected exception handling (msg c7 n2 {\"type\":\"generate\",\"msg_id\":92}) : java.lang.UnsupportedOperationException: Not a string: 92\njava.lang.UnsupportedOperationException: Not a string: 92\n\tat com.eclipsesource.json.JsonValue.asString(JsonValue.java:384)\n\tat com.eclipsesource.json.JsonObject.getString(JsonObject.java:674)\n\tat lab.UniqueId$1.accept(UniqueId.java:27)\n\tat lab.UniqueId$1.accept(UniqueId.java:24)\n\tat lab.Node.handleRequest(Node.java:97)\n\tat lab.Node.handleMessage(Node.java:71)\n\tat lab.Node.lambda$run$0(Node.java:44)\n\tat java.base/java.util.concurrent.ThreadPoolExecutor.runWorker(ThreadPoolExecutor.java:1144)\n\tat java.base/java.util.concurrent.ThreadPoolExecutor$Worker.run(ThreadPoolExecutor.java:642)\n\tat java.base/java.lang.Thread.run(Thread.java:1583)\n"]
2026-03-11 14:37:54,982{GMT}	INFO	[jepsen worker 0] jepsen.util: 300	:info	:generate	nil	[:crash "Unexpected exception handling (msg c8 n0 {\"type\":\"generate\",\"msg_id\":101}) : java.lang.UnsupportedOperationException: Not a string: 101\njava.lang.UnsupportedOperationException: Not a string: 101\n\tat com.eclipsesource.json.JsonValue.asString(JsonValue.java:384)\n\tat com.eclipsesource.json.JsonObject.getString(JsonObject.java:674)\n\tat lab.UniqueId$1.accept(UniqueId.java:27)\n\tat lab.UniqueId$1.accept(UniqueId.java:24)\n\tat lab.Node.handleRequest(Node.java:97)\n\tat lab.Node.handleMessage(Node.java:71)\n\tat lab.Node.lambda$run$0(Node.java:44)\n\tat java.base/java.util.concurrent.ThreadPoolExecutor.runWorker(ThreadPoolExecutor.java:1144)\n\tat java.base/java.util.concurrent.ThreadPoolExecutor$Worker.run(ThreadPoolExecutor.java:642)\n\tat java.base/java.lang.Thread.run(Thread.java:1583)\n"]
2026-03-11 14:37:54,983{GMT}	INFO	[jepsen worker 0] jepsen.util: 303	:invoke	:generate	nil
2026-03-11 14:37:54,983{GMT}	INFO	[jepsen worker 2] jepsen.util: 278	:invoke	:generate	nil
2026-03-11 14:37:54,984{GMT}	INFO	[jepsen worker 1] jepsen.util: 289	:info	:generate	nil	[:crash "Unexpected exception handling (msg c6 n1 {\"type\":\"generate\",\"msg_id\":97}) : java.lang.UnsupportedOperationException: Not a string: 97\njava.lang.UnsupportedOperationException: Not a string: 97\n\tat com.eclipsesource.json.JsonValue.asString(JsonValue.java:384)\n\tat com.eclipsesource.json.JsonObject.getString(JsonObject.java:674)\n\tat lab.UniqueId$1.accept(UniqueId.java:27)\n\tat lab.UniqueId$1.accept(UniqueId.java:24)\n\tat lab.Node.handleRequest(Node.java:97)\n\tat lab.Node.handleMessage(Node.java:71)\n\tat lab.Node.lambda$run$0(Node.java:44)\n\tat java.base/java.util.concurrent.ThreadPoolExecutor.runWorker(ThreadPoolExecutor.java:1144)\n\tat java.base/java.util.concurrent.ThreadPoolExecutor$Worker.run(ThreadPoolExecutor.java:642)\n\tat java.base/java.lang.Thread.run(Thread.java:1583)\n"]
2026-03-11 14:37:54,985{GMT}	INFO	[jepsen worker 1] jepsen.util: 292	:invoke	:generate	nil
2026-03-11 14:37:54,985{GMT}	INFO	[jepsen worker 0] jepsen.util: 303	:info	:generate	nil	[:crash "Unexpected exception handling (msg c8 n0 {\"type\":\"generate\",\"msg_id\":102}) : java.lang.UnsupportedOperationException: Not a string: 102\njava.lang.UnsupportedOperationException: Not a string: 102\n\tat com.eclipsesource.json.JsonValue.asString(JsonValue.java:384)\n\tat com.eclipsesource.json.JsonObject.getString(JsonObject.java:674)\n\tat lab.UniqueId$1.accept(UniqueId.java:27)\n\tat lab.UniqueId$1.accept(UniqueId.java:24)\n\tat lab.Node.handleRequest(Node.java:97)\n\tat lab.Node.handleMessage(Node.java:71)\n\tat lab.Node.lambda$run$0(Node.java:44)\n\tat java.base/java.util.concurrent.ThreadPoolExecutor.runWorker(ThreadPoolExecutor.java:1144)\n\tat java.base/java.util.concurrent.ThreadPoolExecutor$Worker.run(ThreadPoolExecutor.java:642)\n\tat java.base/java.lang.Thread.run(Thread.java:1583)\n"]
2026-03-11 14:37:54,985{GMT}	INFO	[jepsen worker 0] jepsen.util: 306	:invoke	:generate	nil
2026-03-11 14:37:54,987{GMT}	INFO	[jepsen worker 1] jepsen.util: 292	:info	:generate	nil	[:crash "Unexpected exception handling (msg c6 n1 {\"type\":\"generate\",\"msg_id\":98}) : java.lang.UnsupportedOperationException: Not a string: 98\njava.lang.UnsupportedOperationException: Not a string: 98\n\tat com.eclipsesource.json.JsonValue.asString(JsonValue.java:384)\n\tat com.eclipsesource.json.JsonObject.getString(JsonObject.java:674)\n\tat lab.UniqueId$1.accept(UniqueId.java:27)\n\tat lab.UniqueId$1.accept(UniqueId.java:24)\n\tat lab.Node.handleRequest(Node.java:97)\n\tat lab.Node.handleMessage(Node.java:71)\n\tat lab.Node.lambda$run$0(Node.java:44)\n\tat java.base/java.util.concurrent.ThreadPoolExecutor.runWorker(ThreadPoolExecutor.java:1144)\n\tat java.base/java.util.concurrent.ThreadPoolExecutor$Worker.run(ThreadPoolExecutor.java:642)\n\tat java.base/java.lang.Thread.run(Thread.java:1583)\n"]
2026-03-11 14:37:54,986{GMT}	INFO	[jepsen worker 2] jepsen.util: 278	:info	:generate	nil	[:crash "Unexpected exception handling (msg c7 n2 {\"type\":\"generate\",\"msg_id\":93}) : java.lang.UnsupportedOperationException: Not a string: 93\njava.lang.UnsupportedOperationException: Not a string: 93\n\tat com.eclipsesource.json.JsonValue.asString(JsonValue.java:384)\n\tat com.eclipsesource.json.JsonObject.getString(JsonObject.java:674)\n\tat lab.UniqueId$1.accept(UniqueId.java:27)\n\tat lab.UniqueId$1.accept(UniqueId.java:24)\n\tat lab.Node.handleRequest(Node.java:97)\n\tat lab.Node.handleMessage(Node.java:71)\n\tat lab.Node.lambda$run$0(Node.java:44)\n\tat java.base/java.util.concurrent.ThreadPoolExecutor.runWorker(ThreadPoolExecutor.java:1144)\n\tat java.base/java.util.concurrent.ThreadPoolExecutor$Worker.run(ThreadPoolExecutor.java:642)\n\tat java.base/java.lang.Thread.run(Thread.java:1583)\n"]
2026-03-11 14:37:54,988{GMT}	INFO	[jepsen worker 0] jepsen.util: 306	:info	:generate	nil	[:crash "Unexpected exception handling (msg c8 n0 {\"type\":\"generate\",\"msg_id\":103}) : java.lang.UnsupportedOperationException: Not a string: 103\njava.lang.UnsupportedOperationException: Not a string: 103\n\tat com.eclipsesource.json.JsonValue.asString(JsonValue.java:384)\n\tat com.eclipsesource.json.JsonObject.getString(JsonObject.java:674)\n\tat lab.UniqueId$1.accept(UniqueId.java:27)\n\tat lab.UniqueId$1.accept(UniqueId.java:24)\n\tat lab.Node.handleRequest(Node.java:97)\n\tat lab.Node.handleMessage(Node.java:71)\n\tat lab.Node.lambda$run$0(Node.java:44)\n\tat java.base/java.util.concurrent.ThreadPoolExecutor.runWorker(ThreadPoolExecutor.java:1144)\n\tat java.base/java.util.concurrent.ThreadPoolExecutor$Worker.run(ThreadPoolExecutor.java:642)\n\tat java.base/java.lang.Thread.run(Thread.java:1583)\n"]
2026-03-11 14:37:54,993{GMT}	INFO	[jepsen worker 0] jepsen.util: 309	:invoke	:generate	nil
2026-03-11 14:37:54,993{GMT}	INFO	[jepsen worker 1] jepsen.util: 295	:invoke	:generate	nil
2026-03-11 14:37:54,993{GMT}	INFO	[jepsen worker 2] jepsen.util: 281	:invoke	:generate	nil
2026-03-11 14:37:54,995{GMT}	INFO	[jepsen worker 0] jepsen.util: 309	:info	:generate	nil	[:crash "Unexpected exception handling (msg c8 n0 {\"type\":\"generate\",\"msg_id\":104}) : java.lang.UnsupportedOperationException: Not a string: 104\njava.lang.UnsupportedOperationException: Not a string: 104\n\tat com.eclipsesource.json.JsonValue.asString(JsonValue.java:384)\n\tat com.eclipsesource.json.JsonObject.getString(JsonObject.java:674)\n\tat lab.UniqueId$1.accept(UniqueId.java:27)\n\tat lab.UniqueId$1.accept(UniqueId.java:24)\n\tat lab.Node.handleRequest(Node.java:97)\n\tat lab.Node.handleMessage(Node.java:71)\n\tat lab.Node.lambda$run$0(Node.java:44)\n\tat java.base/java.util.concurrent.ThreadPoolExecutor.runWorker(ThreadPoolExecutor.java:1144)\n\tat java.base/java.util.concurrent.ThreadPoolExecutor$Worker.run(ThreadPoolExecutor.java:642)\n\tat java.base/java.lang.Thread.run(Thread.java:1583)\n"]
2026-03-11 14:37:54,996{GMT}	INFO	[jepsen worker 2] jepsen.util: 281	:info	:generate	nil	[:crash "Unexpected exception handling (msg c7 n2 {\"type\":\"generate\",\"msg_id\":94}) : java.lang.UnsupportedOperationException: Not a string: 94\njava.lang.UnsupportedOperationException: Not a string: 94\n\tat com.eclipsesource.json.JsonValue.asString(JsonValue.java:384)\n\tat com.eclipsesource.json.JsonObject.getString(JsonObject.java:674)\n\tat lab.UniqueId$1.accept(UniqueId.java:27)\n\tat lab.UniqueId$1.accept(UniqueId.java:24)\n\tat lab.Node.handleRequest(Node.java:97)\n\tat lab.Node.handleMessage(Node.java:71)\n\tat lab.Node.lambda$run$0(Node.java:44)\n\tat java.base/java.util.concurrent.ThreadPoolExecutor.runWorker(ThreadPoolExecutor.java:1144)\n\tat java.base/java.util.concurrent.ThreadPoolExecutor$Worker.run(ThreadPoolExecutor.java:642)\n\tat java.base/java.lang.Thread.run(Thread.java:1583)\n"]
2026-03-11 14:37:54,995{GMT}	INFO	[jepsen worker 1] jepsen.util: 295	:info	:generate	nil	[:crash "Unexpected exception handling (msg c6 n1 {\"type\":\"generate\",\"msg_id\":99}) : java.lang.UnsupportedOperationException: Not a string: 99\njava.lang.UnsupportedOperationException: Not a string: 99\n\tat com.eclipsesource.json.JsonValue.asString(JsonValue.java:384)\n\tat com.eclipsesource.json.JsonObject.getString(JsonObject.java:674)\n\tat lab.UniqueId$1.accept(UniqueId.java:27)\n\tat lab.UniqueId$1.accept(UniqueId.java:24)\n\tat lab.Node.handleRequest(Node.java:97)\n\tat lab.Node.handleMessage(Node.java:71)\n\tat lab.Node.lambda$run$0(Node.java:44)\n\tat java.base/java.util.concurrent.ThreadPoolExecutor.runWorker(ThreadPoolExecutor.java:1144)\n\tat java.base/java.util.concurrent.ThreadPoolExecutor$Worker.run(ThreadPoolExecutor.java:642)\n\tat java.base/java.lang.Thread.run(Thread.java:1583)\n"]
2026-03-11 14:37:55,001{GMT}	INFO	[jepsen worker 1] jepsen.util: 298	:invoke	:generate	nil
2026-03-11 14:37:55,001{GMT}	INFO	[jepsen worker 2] jepsen.util: 284	:invoke	:generate	nil
2026-03-11 14:37:55,001{GMT}	INFO	[jepsen worker 0] jepsen.util: 312	:invoke	:generate	nil
2026-03-11 14:37:55,003{GMT}	INFO	[jepsen worker 2] jepsen.util: 284	:info	:generate	nil	[:crash "Unexpected exception handling (msg c7 n2 {\"type\":\"generate\",\"msg_id\":95}) : java.lang.UnsupportedOperationException: Not a string: 95\njava.lang.UnsupportedOperationException: Not a string: 95\n\tat com.eclipsesource.json.JsonValue.asString(JsonValue.java:384)\n\tat com.eclipsesource.json.JsonObject.getString(JsonObject.java:674)\n\tat lab.UniqueId$1.accept(UniqueId.java:27)\n\tat lab.UniqueId$1.accept(UniqueId.java:24)\n\tat lab.Node.handleRequest(Node.java:97)\n\tat lab.Node.handleMessage(Node.java:71)\n\tat lab.Node.lambda$run$0(Node.java:44)\n\tat java.base/java.util.concurrent.ThreadPoolExecutor.runWorker(ThreadPoolExecutor.java:1144)\n\tat java.base/java.util.concurrent.ThreadPoolExecutor$Worker.run(ThreadPoolExecutor.java:642)\n\tat java.base/java.lang.Thread.run(Thread.java:1583)\n"]
2026-03-11 14:37:55,003{GMT}	INFO	[jepsen worker 0] jepsen.util: 312	:info	:generate	nil	[:crash "Unexpected exception handling (msg c8 n0 {\"type\":\"generate\",\"msg_id\":105}) : java.lang.UnsupportedOperationException: Not a string: 105\njava.lang.UnsupportedOperationException: Not a string: 105\n\tat com.eclipsesource.json.JsonValue.asString(JsonValue.java:384)\n\tat com.eclipsesource.json.JsonObject.getString(JsonObject.java:674)\n\tat lab.UniqueId$1.accept(UniqueId.java:27)\n\tat lab.UniqueId$1.accept(UniqueId.java:24)\n\tat lab.Node.handleRequest(Node.java:97)\n\tat lab.Node.handleMessage(Node.java:71)\n\tat lab.Node.lambda$run$0(Node.java:44)\n\tat java.base/java.util.concurrent.ThreadPoolExecutor.runWorker(ThreadPoolExecutor.java:1144)\n\tat java.base/java.util.concurrent.ThreadPoolExecutor$Worker.run(ThreadPoolExecutor.java:642)\n\tat java.base/java.lang.Thread.run(Thread.java:1583)\n"]
2026-03-11 14:37:55,003{GMT}	INFO	[jepsen worker 1] jepsen.util: 298	:info	:generate	nil	[:crash "Unexpected exception handling (msg c6 n1 {\"type\":\"generate\",\"msg_id\":100}) : java.lang.UnsupportedOperationException: Not a string: 100\njava.lang.UnsupportedOperationException: Not a string: 100\n\tat com.eclipsesource.json.JsonValue.asString(JsonValue.java:384)\n\tat com.eclipsesource.json.JsonObject.getString(JsonObject.java:674)\n\tat lab.UniqueId$1.accept(UniqueId.java:27)\n\tat lab.UniqueId$1.accept(UniqueId.java:24)\n\tat lab.Node.handleRequest(Node.java:97)\n\tat lab.Node.handleMessage(Node.java:71)\n\tat lab.Node.lambda$run$0(Node.java:44)\n\tat java.base/java.util.concurrent.ThreadPoolExecutor.runWorker(ThreadPoolExecutor.java:1144)\n\tat java.base/java.util.concurrent.ThreadPoolExecutor$Worker.run(ThreadPoolExecutor.java:642)\n\tat java.base/java.lang.Thread.run(Thread.java:1583)\n"]
2026-03-11 14:37:55,003{GMT}	INFO	[jepsen worker 2] jepsen.util: 287	:invoke	:generate	nil
2026-03-11 14:37:55,003{GMT}	INFO	[jepsen worker 0] jepsen.util: 315	:invoke	:generate	nil
2026-03-11 14:37:55,016{GMT}	INFO	[jepsen worker 1] jepsen.util: 301	:invoke	:generate	nil
2026-03-11 14:37:55,019{GMT}	INFO	[jepsen worker 2] jepsen.util: 287	:info	:generate	nil	[:crash "Unexpected exception handling (msg c7 n2 {\"type\":\"generate\",\"msg_id\":96}) : java.lang.UnsupportedOperationException: Not a string: 96\njava.lang.UnsupportedOperationException: Not a string: 96\n\tat com.eclipsesource.json.JsonValue.asString(JsonValue.java:384)\n\tat com.eclipsesource.json.JsonObject.getString(JsonObject.java:674)\n\tat lab.UniqueId$1.accept(UniqueId.java:27)\n\tat lab.UniqueId$1.accept(UniqueId.java:24)\n\tat lab.Node.handleRequest(Node.java:97)\n\tat lab.Node.handleMessage(Node.java:71)\n\tat lab.Node.lambda$run$0(Node.java:44)\n\tat java.base/java.util.concurrent.ThreadPoolExecutor.runWorker(ThreadPoolExecutor.java:1144)\n\tat java.base/java.util.concurrent.ThreadPoolExecutor$Worker.run(ThreadPoolExecutor.java:642)\n\tat java.base/java.lang.Thread.run(Thread.java:1583)\n"]
2026-03-11 14:37:55,019{GMT}	INFO	[jepsen worker 0] jepsen.util: 315	:info	:generate	nil	[:crash "Unexpected exception handling (msg c8 n0 {\"type\":\"generate\",\"msg_id\":106}) : java.lang.UnsupportedOperationException: Not a string: 106\njava.lang.UnsupportedOperationException: Not a string: 106\n\tat com.eclipsesource.json.JsonValue.asString(JsonValue.java:384)\n\tat com.eclipsesource.json.JsonObject.getString(JsonObject.java:674)\n\tat lab.UniqueId$1.accept(UniqueId.java:27)\n\tat lab.UniqueId$1.accept(UniqueId.java:24)\n\tat lab.Node.handleRequest(Node.java:97)\n\tat lab.Node.handleMessage(Node.java:71)\n\tat lab.Node.lambda$run$0(Node.java:44)\n\tat java.base/java.util.concurrent.ThreadPoolExecutor.runWorker(ThreadPoolExecutor.java:1144)\n\tat java.base/java.util.concurrent.ThreadPoolExecutor$Worker.run(ThreadPoolExecutor.java:642)\n\tat java.base/java.lang.Thread.run(Thread.java:1583)\n"]
2026-03-11 14:37:55,019{GMT}	INFO	[jepsen worker 2] jepsen.util: 290	:invoke	:generate	nil
2026-03-11 14:37:55,020{GMT}	INFO	[jepsen worker 1] jepsen.util: 301	:info	:generate	nil	[:crash "Unexpected exception handling (msg c6 n1 {\"type\":\"generate\",\"msg_id\":101}) : java.lang.UnsupportedOperationException: Not a string: 101\njava.lang.UnsupportedOperationException: Not a string: 101\n\tat com.eclipsesource.json.JsonValue.asString(JsonValue.java:384)\n\tat com.eclipsesource.json.JsonObject.getString(JsonObject.java:674)\n\tat lab.UniqueId$1.accept(UniqueId.java:27)\n\tat lab.UniqueId$1.accept(UniqueId.java:24)\n\tat lab.Node.handleRequest(Node.java:97)\n\tat lab.Node.handleMessage(Node.java:71)\n\tat lab.Node.lambda$run$0(Node.java:44)\n\tat java.base/java.util.concurrent.ThreadPoolExecutor.runWorker(ThreadPoolExecutor.java:1144)\n\tat java.base/java.util.concurrent.ThreadPoolExecutor$Worker.run(ThreadPoolExecutor.java:642)\n\tat java.base/java.lang.Thread.run(Thread.java:1583)\n"]
2026-03-11 14:37:55,020{GMT}	INFO	[jepsen worker 0] jepsen.util: 318	:invoke	:generate	nil
2026-03-11 14:37:55,021{GMT}	INFO	[jepsen worker 2] jepsen.util: 290	:info	:generate	nil	[:crash "Unexpected exception handling (msg c7 n2 {\"type\":\"generate\",\"msg_id\":97}) : java.lang.UnsupportedOperationException: Not a string: 97\njava.lang.UnsupportedOperationException: Not a string: 97\n\tat com.eclipsesource.json.JsonValue.asString(JsonValue.java:384)\n\tat com.eclipsesource.json.JsonObject.getString(JsonObject.java:674)\n\tat lab.UniqueId$1.accept(UniqueId.java:27)\n\tat lab.UniqueId$1.accept(UniqueId.java:24)\n\tat lab.Node.handleRequest(Node.java:97)\n\tat lab.Node.handleMessage(Node.java:71)\n\tat lab.Node.lambda$run$0(Node.java:44)\n\tat java.base/java.util.concurrent.ThreadPoolExecutor.runWorker(ThreadPoolExecutor.java:1144)\n\tat java.base/java.util.concurrent.ThreadPoolExecutor$Worker.run(ThreadPoolExecutor.java:642)\n\tat java.base/java.lang.Thread.run(Thread.java:1583)\n"]
2026-03-11 14:37:55,021{GMT}	INFO	[jepsen worker 1] jepsen.util: 304	:invoke	:generate	nil
2026-03-11 14:37:55,022{GMT}	INFO	[jepsen worker 0] jepsen.util: 318	:info	:generate	nil	[:crash "Unexpected exception handling (msg c8 n0 {\"type\":\"generate\",\"msg_id\":107}) : java.lang.UnsupportedOperationException: Not a string: 107\njava.lang.UnsupportedOperationException: Not a string: 107\n\tat com.eclipsesource.json.JsonValue.asString(JsonValue.java:384)\n\tat com.eclipsesource.json.JsonObject.getString(JsonObject.java:674)\n\tat lab.UniqueId$1.accept(UniqueId.java:27)\n\tat lab.UniqueId$1.accept(UniqueId.java:24)\n\tat lab.Node.handleRequest(Node.java:97)\n\tat lab.Node.handleMessage(Node.java:71)\n\tat lab.Node.lambda$run$0(Node.java:44)\n\tat java.base/java.util.concurrent.ThreadPoolExecutor.runWorker(ThreadPoolExecutor.java:1144)\n\tat java.base/java.util.concurrent.ThreadPoolExecutor$Worker.run(ThreadPoolExecutor.java:642)\n\tat java.base/java.lang.Thread.run(Thread.java:1583)\n"]
2026-03-11 14:37:55,022{GMT}	INFO	[jepsen worker 2] jepsen.util: 293	:invoke	:generate	nil
2026-03-11 14:37:55,023{GMT}	INFO	[jepsen worker 1] jepsen.util: 304	:info	:generate	nil	[:crash "Unexpected exception handling (msg c6 n1 {\"type\":\"generate\",\"msg_id\":102}) : java.lang.UnsupportedOperationException: Not a string: 102\njava.lang.UnsupportedOperationException: Not a string: 102\n\tat com.eclipsesource.json.JsonValue.asString(JsonValue.java:384)\n\tat com.eclipsesource.json.JsonObject.getString(JsonObject.java:674)\n\tat lab.UniqueId$1.accept(UniqueId.java:27)\n\tat lab.UniqueId$1.accept(UniqueId.java:24)\n\tat lab.Node.handleRequest(Node.java:97)\n\tat lab.Node.handleMessage(Node.java:71)\n\tat lab.Node.lambda$run$0(Node.java:44)\n\tat java.base/java.util.concurrent.ThreadPoolExecutor.runWorker(ThreadPoolExecutor.java:1144)\n\tat java.base/java.util.concurrent.ThreadPoolExecutor$Worker.run(ThreadPoolExecutor.java:642)\n\tat java.base/java.lang.Thread.run(Thread.java:1583)\n"]
2026-03-11 14:37:55,023{GMT}	INFO	[jepsen worker 1] jepsen.util: 307	:invoke	:generate	nil
2026-03-11 14:37:55,024{GMT}	INFO	[jepsen worker 0] jepsen.util: 321	:invoke	:generate	nil
2026-03-11 14:37:55,025{GMT}	INFO	[jepsen worker 2] jepsen.util: 293	:info	:generate	nil	[:crash "Unexpected exception handling (msg c7 n2 {\"type\":\"generate\",\"msg_id\":98}) : java.lang.UnsupportedOperationException: Not a string: 98\njava.lang.UnsupportedOperationException: Not a string: 98\n\tat com.eclipsesource.json.JsonValue.asString(JsonValue.java:384)\n\tat com.eclipsesource.json.JsonObject.getString(JsonObject.java:674)\n\tat lab.UniqueId$1.accept(UniqueId.java:27)\n\tat lab.UniqueId$1.accept(UniqueId.java:24)\n\tat lab.Node.handleRequest(Node.java:97)\n\tat lab.Node.handleMessage(Node.java:71)\n\tat lab.Node.lambda$run$0(Node.java:44)\n\tat java.base/java.util.concurrent.ThreadPoolExecutor.runWorker(ThreadPoolExecutor.java:1144)\n\tat java.base/java.util.concurrent.ThreadPoolExecutor$Worker.run(ThreadPoolExecutor.java:642)\n\tat java.base/java.lang.Thread.run(Thread.java:1583)\n"]
2026-03-11 14:37:55,025{GMT}	INFO	[jepsen worker 1] jepsen.util: 307	:info	:generate	nil	[:crash "Unexpected exception handling (msg c6 n1 {\"type\":\"generate\",\"msg_id\":103}) : java.lang.UnsupportedOperationException: Not a string: 103\njava.lang.UnsupportedOperationException: Not a string: 103\n\tat com.eclipsesource.json.JsonValue.asString(JsonValue.java:384)\n\tat com.eclipsesource.json.JsonObject.getString(JsonObject.java:674)\n\tat lab.UniqueId$1.accept(UniqueId.java:27)\n\tat lab.UniqueId$1.accept(UniqueId.java:24)\n\tat lab.Node.handleRequest(Node.java:97)\n\tat lab.Node.handleMessage(Node.java:71)\n\tat lab.Node.lambda$run$0(Node.java:44)\n\tat java.base/java.util.concurrent.ThreadPoolExecutor.runWorker(ThreadPoolExecutor.java:1144)\n\tat java.base/java.util.concurrent.ThreadPoolExecutor$Worker.run(ThreadPoolExecutor.java:642)\n\tat java.base/java.lang.Thread.run(Thread.java:1583)\n"]
2026-03-11 14:37:55,026{GMT}	INFO	[jepsen worker 0] jepsen.util: 321	:info	:generate	nil	[:crash "Unexpected exception handling (msg c8 n0 {\"type\":\"generate\",\"msg_id\":108}) : java.lang.UnsupportedOperationException: Not a string: 108\njava.lang.UnsupportedOperationException: Not a string: 108\n\tat com.eclipsesource.json.JsonValue.asString(JsonValue.java:384)\n\tat com.eclipsesource.json.JsonObject.getString(JsonObject.java:674)\n\tat lab.UniqueId$1.accept(UniqueId.java:27)\n\tat lab.UniqueId$1.accept(UniqueId.java:24)\n\tat lab.Node.handleRequest(Node.java:97)\n\tat lab.Node.handleMessage(Node.java:71)\n\tat lab.Node.lambda$run$0(Node.java:44)\n\tat java.base/java.util.concurrent.ThreadPoolExecutor.runWorker(ThreadPoolExecutor.java:1144)\n\tat java.base/java.util.concurrent.ThreadPoolExecutor$Worker.run(ThreadPoolExecutor.java:642)\n\tat java.base/java.lang.Thread.run(Thread.java:1583)\n"]
2026-03-11 14:37:55,037{GMT}	INFO	[jepsen worker 0] jepsen.util: 324	:invoke	:generate	nil
2026-03-11 14:37:55,037{GMT}	INFO	[jepsen worker 1] jepsen.util: 310	:invoke	:generate	nil
2026-03-11 14:37:55,037{GMT}	INFO	[jepsen worker 2] jepsen.util: 296	:invoke	:generate	nil
2026-03-11 14:37:55,039{GMT}	INFO	[jepsen worker 2] jepsen.util: 296	:info	:generate	nil	[:crash "Unexpected exception handling (msg c7 n2 {\"type\":\"generate\",\"msg_id\":99}) : java.lang.UnsupportedOperationException: Not a string: 99\njava.lang.UnsupportedOperationException: Not a string: 99\n\tat com.eclipsesource.json.JsonValue.asString(JsonValue.java:384)\n\tat com.eclipsesource.json.JsonObject.getString(JsonObject.java:674)\n\tat lab.UniqueId$1.accept(UniqueId.java:27)\n\tat lab.UniqueId$1.accept(UniqueId.java:24)\n\tat lab.Node.handleRequest(Node.java:97)\n\tat lab.Node.handleMessage(Node.java:71)\n\tat lab.Node.lambda$run$0(Node.java:44)\n\tat java.base/java.util.concurrent.ThreadPoolExecutor.runWorker(ThreadPoolExecutor.java:1144)\n\tat java.base/java.util.concurrent.ThreadPoolExecutor$Worker.run(ThreadPoolExecutor.java:642)\n\tat java.base/java.lang.Thread.run(Thread.java:1583)\n"]
2026-03-11 14:37:55,039{GMT}	INFO	[jepsen worker 1] jepsen.util: 310	:info	:generate	nil	[:crash "Unexpected exception handling (msg c6 n1 {\"type\":\"generate\",\"msg_id\":104}) : java.lang.UnsupportedOperationException: Not a string: 104\njava.lang.UnsupportedOperationException: Not a string: 104\n\tat com.eclipsesource.json.JsonValue.asString(JsonValue.java:384)\n\tat com.eclipsesource.json.JsonObject.getString(JsonObject.java:674)\n\tat lab.UniqueId$1.accept(UniqueId.java:27)\n\tat lab.UniqueId$1.accept(UniqueId.java:24)\n\tat lab.Node.handleRequest(Node.java:97)\n\tat lab.Node.handleMessage(Node.java:71)\n\tat lab.Node.lambda$run$0(Node.java:44)\n\tat java.base/java.util.concurrent.ThreadPoolExecutor.runWorker(ThreadPoolExecutor.java:1144)\n\tat java.base/java.util.concurrent.ThreadPoolExecutor$Worker.run(ThreadPoolExecutor.java:642)\n\tat java.base/java.lang.Thread.run(Thread.java:1583)\n"]
2026-03-11 14:37:55,039{GMT}	INFO	[jepsen worker 0] jepsen.util: 324	:info	:generate	nil	[:crash "Unexpected exception handling (msg c8 n0 {\"type\":\"generate\",\"msg_id\":109}) : java.lang.UnsupportedOperationException: Not a string: 109\njava.lang.UnsupportedOperationException: Not a string: 109\n\tat com.eclipsesource.json.JsonValue.asString(JsonValue.java:384)\n\tat com.eclipsesource.json.JsonObject.getString(JsonObject.java:674)\n\tat lab.UniqueId$1.accept(UniqueId.java:27)\n\tat lab.UniqueId$1.accept(UniqueId.java:24)\n\tat lab.Node.handleRequest(Node.java:97)\n\tat lab.Node.handleMessage(Node.java:71)\n\tat lab.Node.lambda$run$0(Node.java:44)\n\tat java.base/java.util.concurrent.ThreadPoolExecutor.runWorker(ThreadPoolExecutor.java:1144)\n\tat java.base/java.util.concurrent.ThreadPoolExecutor$Worker.run(ThreadPoolExecutor.java:642)\n\tat java.base/java.lang.Thread.run(Thread.java:1583)\n"]
2026-03-11 14:37:55,040{GMT}	INFO	[jepsen worker 2] jepsen.util: 299	:invoke	:generate	nil
2026-03-11 14:37:55,042{GMT}	INFO	[jepsen worker 0] jepsen.util: 327	:invoke	:generate	nil
2026-03-11 14:37:55,042{GMT}	INFO	[jepsen worker 1] jepsen.util: 313	:invoke	:generate	nil
2026-03-11 14:37:55,042{GMT}	INFO	[jepsen worker 2] jepsen.util: 299	:info	:generate	nil	[:crash "Unexpected exception handling (msg c7 n2 {\"type\":\"generate\",\"msg_id\":100}) : java.lang.UnsupportedOperationException: Not a string: 100\njava.lang.UnsupportedOperationException: Not a string: 100\n\tat com.eclipsesource.json.JsonValue.asString(JsonValue.java:384)\n\tat com.eclipsesource.json.JsonObject.getString(JsonObject.java:674)\n\tat lab.UniqueId$1.accept(UniqueId.java:27)\n\tat lab.UniqueId$1.accept(UniqueId.java:24)\n\tat lab.Node.handleRequest(Node.java:97)\n\tat lab.Node.handleMessage(Node.java:71)\n\tat lab.Node.lambda$run$0(Node.java:44)\n\tat java.base/java.util.concurrent.ThreadPoolExecutor.runWorker(ThreadPoolExecutor.java:1144)\n\tat java.base/java.util.concurrent.ThreadPoolExecutor$Worker.run(ThreadPoolExecutor.java:642)\n\tat java.base/java.lang.Thread.run(Thread.java:1583)\n"]
2026-03-11 14:37:55,043{GMT}	INFO	[jepsen worker 2] jepsen.util: 302	:invoke	:generate	nil
2026-03-11 14:37:55,044{GMT}	INFO	[jepsen worker 1] jepsen.util: 313	:info	:generate	nil	[:crash "Unexpected exception handling (msg c6 n1 {\"type\":\"generate\",\"msg_id\":105}) : java.lang.UnsupportedOperationException: Not a string: 105\njava.lang.UnsupportedOperationException: Not a string: 105\n\tat com.eclipsesource.json.JsonValue.asString(JsonValue.java:384)\n\tat com.eclipsesource.json.JsonObject.getString(JsonObject.java:674)\n\tat lab.UniqueId$1.accept(UniqueId.java:27)\n\tat lab.UniqueId$1.accept(UniqueId.java:24)\n\tat lab.Node.handleRequest(Node.java:97)\n\tat lab.Node.handleMessage(Node.java:71)\n\tat lab.Node.lambda$run$0(Node.java:44)\n\tat java.base/java.util.concurrent.ThreadPoolExecutor.runWorker(ThreadPoolExecutor.java:1144)\n\tat java.base/java.util.concurrent.ThreadPoolExecutor$Worker.run(ThreadPoolExecutor.java:642)\n\tat java.base/java.lang.Thread.run(Thread.java:1583)\n"]
2026-03-11 14:37:55,045{GMT}	INFO	[jepsen worker 1] jepsen.util: 316	:invoke	:generate	nil
2026-03-11 14:37:55,045{GMT}	INFO	[jepsen worker 0] jepsen.util: 327	:info	:generate	nil	[:crash "Unexpected exception handling (msg c8 n0 {\"type\":\"generate\",\"msg_id\":110}) : java.lang.UnsupportedOperationException: Not a string: 110\njava.lang.UnsupportedOperationException: Not a string: 110\n\tat com.eclipsesource.json.JsonValue.asString(JsonValue.java:384)\n\tat com.eclipsesource.json.JsonObject.getString(JsonObject.java:674)\n\tat lab.UniqueId$1.accept(UniqueId.java:27)\n\tat lab.UniqueId$1.accept(UniqueId.java:24)\n\tat lab.Node.handleRequest(Node.java:97)\n\tat lab.Node.handleMessage(Node.java:71)\n\tat lab.Node.lambda$run$0(Node.java:44)\n\tat java.base/java.util.concurrent.ThreadPoolExecutor.runWorker(ThreadPoolExecutor.java:1144)\n\tat java.base/java.util.concurrent.ThreadPoolExecutor$Worker.run(ThreadPoolExecutor.java:642)\n\tat java.base/java.lang.Thread.run(Thread.java:1583)\n"]
2026-03-11 14:37:55,046{GMT}	INFO	[jepsen worker 0] jepsen.util: 330	:invoke	:generate	nil
2026-03-11 14:37:55,045{GMT}	INFO	[jepsen worker 2] jepsen.util: 302	:info	:generate	nil	[:crash "Unexpected exception handling (msg c7 n2 {\"type\":\"generate\",\"msg_id\":101}) : java.lang.UnsupportedOperationException: Not a string: 101\njava.lang.UnsupportedOperationException: Not a string: 101\n\tat com.eclipsesource.json.JsonValue.asString(JsonValue.java:384)\n\tat com.eclipsesource.json.JsonObject.getString(JsonObject.java:674)\n\tat lab.UniqueId$1.accept(UniqueId.java:27)\n\tat lab.UniqueId$1.accept(UniqueId.java:24)\n\tat lab.Node.handleRequest(Node.java:97)\n\tat lab.Node.handleMessage(Node.java:71)\n\tat lab.Node.lambda$run$0(Node.java:44)\n\tat java.base/java.util.concurrent.ThreadPoolExecutor.runWorker(ThreadPoolExecutor.java:1144)\n\tat java.base/java.util.concurrent.ThreadPoolExecutor$Worker.run(ThreadPoolExecutor.java:642)\n\tat java.base/java.lang.Thread.run(Thread.java:1583)\n"]
2026-03-11 14:37:55,047{GMT}	INFO	[jepsen worker 2] jepsen.util: 305	:invoke	:generate	nil
2026-03-11 14:37:55,047{GMT}	INFO	[jepsen worker 1] jepsen.util: 316	:info	:generate	nil	[:crash "Unexpected exception handling (msg c6 n1 {\"type\":\"generate\",\"msg_id\":106}) : java.lang.UnsupportedOperationException: Not a string: 106\njava.lang.UnsupportedOperationException: Not a string: 106\n\tat com.eclipsesource.json.JsonValue.asString(JsonValue.java:384)\n\tat com.eclipsesource.json.JsonObject.getString(JsonObject.java:674)\n\tat lab.UniqueId$1.accept(UniqueId.java:27)\n\tat lab.UniqueId$1.accept(UniqueId.java:24)\n\tat lab.Node.handleRequest(Node.java:97)\n\tat lab.Node.handleMessage(Node.java:71)\n\tat lab.Node.lambda$run$0(Node.java:44)\n\tat java.base/java.util.concurrent.ThreadPoolExecutor.runWorker(ThreadPoolExecutor.java:1144)\n\tat java.base/java.util.concurrent.ThreadPoolExecutor$Worker.run(ThreadPoolExecutor.java:642)\n\tat java.base/java.lang.Thread.run(Thread.java:1583)\n"]
2026-03-11 14:37:55,049{GMT}	INFO	[jepsen worker 2] jepsen.util: 305	:info	:generate	nil	[:crash "Unexpected exception handling (msg c7 n2 {\"type\":\"generate\",\"msg_id\":102}) : java.lang.UnsupportedOperationException: Not a string: 102\njava.lang.UnsupportedOperationException: Not a string: 102\n\tat com.eclipsesource.json.JsonValue.asString(JsonValue.java:384)\n\tat com.eclipsesource.json.JsonObject.getString(JsonObject.java:674)\n\tat lab.UniqueId$1.accept(UniqueId.java:27)\n\tat lab.UniqueId$1.accept(UniqueId.java:24)\n\tat lab.Node.handleRequest(Node.java:97)\n\tat lab.Node.handleMessage(Node.java:71)\n\tat lab.Node.lambda$run$0(Node.java:44)\n\tat java.base/java.util.concurrent.ThreadPoolExecutor.runWorker(ThreadPoolExecutor.java:1144)\n\tat java.base/java.util.concurrent.ThreadPoolExecutor$Worker.run(ThreadPoolExecutor.java:642)\n\tat java.base/java.lang.Thread.run(Thread.java:1583)\n"]
2026-03-11 14:37:55,050{GMT}	INFO	[jepsen worker 0] jepsen.util: 330	:info	:generate	nil	[:crash "Unexpected exception handling (msg c8 n0 {\"type\":\"generate\",\"msg_id\":111}) : java.lang.UnsupportedOperationException: Not a string: 111\njava.lang.UnsupportedOperationException: Not a string: 111\n\tat com.eclipsesource.json.JsonValue.asString(JsonValue.java:384)\n\tat com.eclipsesource.json.JsonObject.getString(JsonObject.java:674)\n\tat lab.UniqueId$1.accept(UniqueId.java:27)\n\tat lab.UniqueId$1.accept(UniqueId.java:24)\n\tat lab.Node.handleRequest(Node.java:97)\n\tat lab.Node.handleMessage(Node.java:71)\n\tat lab.Node.lambda$run$0(Node.java:44)\n\tat java.base/java.util.concurrent.ThreadPoolExecutor.runWorker(ThreadPoolExecutor.java:1144)\n\tat java.base/java.util.concurrent.ThreadPoolExecutor$Worker.run(ThreadPoolExecutor.java:642)\n\tat java.base/java.lang.Thread.run(Thread.java:1583)\n"]
2026-03-11 14:37:55,058{GMT}	INFO	[jepsen worker 1] jepsen.util: 319	:invoke	:generate	nil
2026-03-11 14:37:55,058{GMT}	INFO	[jepsen worker 2] jepsen.util: 308	:invoke	:generate	nil
2026-03-11 14:37:55,058{GMT}	INFO	[jepsen worker 0] jepsen.util: 333	:invoke	:generate	nil
2026-03-11 14:37:55,060{GMT}	INFO	[jepsen worker 1] jepsen.util: 319	:info	:generate	nil	[:crash "Unexpected exception handling (msg c6 n1 {\"type\":\"generate\",\"msg_id\":107}) : java.lang.UnsupportedOperationException: Not a string: 107\njava.lang.UnsupportedOperationException: Not a string: 107\n\tat com.eclipsesource.json.JsonValue.asString(JsonValue.java:384)\n\tat com.eclipsesource.json.JsonObject.getString(JsonObject.java:674)\n\tat lab.UniqueId$1.accept(UniqueId.java:27)\n\tat lab.UniqueId$1.accept(UniqueId.java:24)\n\tat lab.Node.handleRequest(Node.java:97)\n\tat lab.Node.handleMessage(Node.java:71)\n\tat lab.Node.lambda$run$0(Node.java:44)\n\tat java.base/java.util.concurrent.ThreadPoolExecutor.runWorker(ThreadPoolExecutor.java:1144)\n\tat java.base/java.util.concurrent.ThreadPoolExecutor$Worker.run(ThreadPoolExecutor.java:642)\n\tat java.base/java.lang.Thread.run(Thread.java:1583)\n"]
2026-03-11 14:37:55,060{GMT}	INFO	[jepsen worker 0] jepsen.util: 333	:info	:generate	nil	[:crash "Unexpected exception handling (msg c8 n0 {\"type\":\"generate\",\"msg_id\":112}) : java.lang.UnsupportedOperationException: Not a string: 112\njava.lang.UnsupportedOperationException: Not a string: 112\n\tat com.eclipsesource.json.JsonValue.asString(JsonValue.java:384)\n\tat com.eclipsesource.json.JsonObject.getString(JsonObject.java:674)\n\tat lab.UniqueId$1.accept(UniqueId.java:27)\n\tat lab.UniqueId$1.accept(UniqueId.java:24)\n\tat lab.Node.handleRequest(Node.java:97)\n\tat lab.Node.handleMessage(Node.java:71)\n\tat lab.Node.lambda$run$0(Node.java:44)\n\tat java.base/java.util.concurrent.ThreadPoolExecutor.runWorker(ThreadPoolExecutor.java:1144)\n\tat java.base/java.util.concurrent.ThreadPoolExecutor$Worker.run(ThreadPoolExecutor.java:642)\n\tat java.base/java.lang.Thread.run(Thread.java:1583)\n"]
2026-03-11 14:37:55,061{GMT}	INFO	[jepsen worker 2] jepsen.util: 308	:info	:generate	nil	[:crash "Unexpected exception handling (msg c7 n2 {\"type\":\"generate\",\"msg_id\":103}) : java.lang.UnsupportedOperationException: Not a string: 103\njava.lang.UnsupportedOperationException: Not a string: 103\n\tat com.eclipsesource.json.JsonValue.asString(JsonValue.java:384)\n\tat com.eclipsesource.json.JsonObject.getString(JsonObject.java:674)\n\tat lab.UniqueId$1.accept(UniqueId.java:27)\n\tat lab.UniqueId$1.accept(UniqueId.java:24)\n\tat lab.Node.handleRequest(Node.java:97)\n\tat lab.Node.handleMessage(Node.java:71)\n\tat lab.Node.lambda$run$0(Node.java:44)\n\tat java.base/java.util.concurrent.ThreadPoolExecutor.runWorker(ThreadPoolExecutor.java:1144)\n\tat java.base/java.util.concurrent.ThreadPoolExecutor$Worker.run(ThreadPoolExecutor.java:642)\n\tat java.base/java.lang.Thread.run(Thread.java:1583)\n"]
2026-03-11 14:37:55,061{GMT}	INFO	[jepsen worker 0] jepsen.util: 336	:invoke	:generate	nil
2026-03-11 14:37:55,062{GMT}	INFO	[jepsen worker 1] jepsen.util: 322	:invoke	:generate	nil
2026-03-11 14:37:55,063{GMT}	INFO	[jepsen worker 0] jepsen.util: 336	:info	:generate	nil	[:crash "Unexpected exception handling (msg c8 n0 {\"type\":\"generate\",\"msg_id\":113}) : java.lang.UnsupportedOperationException: Not a string: 113\njava.lang.UnsupportedOperationException: Not a string: 113\n\tat com.eclipsesource.json.JsonValue.asString(JsonValue.java:384)\n\tat com.eclipsesource.json.JsonObject.getString(JsonObject.java:674)\n\tat lab.UniqueId$1.accept(UniqueId.java:27)\n\tat lab.UniqueId$1.accept(UniqueId.java:24)\n\tat lab.Node.handleRequest(Node.java:97)\n\tat lab.Node.handleMessage(Node.java:71)\n\tat lab.Node.lambda$run$0(Node.java:44)\n\tat java.base/java.util.concurrent.ThreadPoolExecutor.runWorker(ThreadPoolExecutor.java:1144)\n\tat java.base/java.util.concurrent.ThreadPoolExecutor$Worker.run(ThreadPoolExecutor.java:642)\n\tat java.base/java.lang.Thread.run(Thread.java:1583)\n"]
2026-03-11 14:37:55,063{GMT}	INFO	[jepsen worker 2] jepsen.util: 311	:invoke	:generate	nil
2026-03-11 14:37:55,064{GMT}	INFO	[jepsen worker 0] jepsen.util: 339	:invoke	:generate	nil
2026-03-11 14:37:55,065{GMT}	INFO	[jepsen worker 1] jepsen.util: 322	:info	:generate	nil	[:crash "Unexpected exception handling (msg c6 n1 {\"type\":\"generate\",\"msg_id\":108}) : java.lang.UnsupportedOperationException: Not a string: 108\njava.lang.UnsupportedOperationException: Not a string: 108\n\tat com.eclipsesource.json.JsonValue.asString(JsonValue.java:384)\n\tat com.eclipsesource.json.JsonObject.getString(JsonObject.java:674)\n\tat lab.UniqueId$1.accept(UniqueId.java:27)\n\tat lab.UniqueId$1.accept(UniqueId.java:24)\n\tat lab.Node.handleRequest(Node.java:97)\n\tat lab.Node.handleMessage(Node.java:71)\n\tat lab.Node.lambda$run$0(Node.java:44)\n\tat java.base/java.util.concurrent.ThreadPoolExecutor.runWorker(ThreadPoolExecutor.java:1144)\n\tat java.base/java.util.concurrent.ThreadPoolExecutor$Worker.run(ThreadPoolExecutor.java:642)\n\tat java.base/java.lang.Thread.run(Thread.java:1583)\n"]
2026-03-11 14:37:55,066{GMT}	INFO	[jepsen worker 1] jepsen.util: 325	:invoke	:generate	nil
2026-03-11 14:37:55,066{GMT}	INFO	[jepsen worker 2] jepsen.util: 311	:info	:generate	nil	[:crash "Unexpected exception handling (msg c7 n2 {\"type\":\"generate\",\"msg_id\":104}) : java.lang.UnsupportedOperationException: Not a string: 104\njava.lang.UnsupportedOperationException: Not a string: 104\n\tat com.eclipsesource.json.JsonValue.asString(JsonValue.java:384)\n\tat com.eclipsesource.json.JsonObject.getString(JsonObject.java:674)\n\tat lab.UniqueId$1.accept(UniqueId.java:27)\n\tat lab.UniqueId$1.accept(UniqueId.java:24)\n\tat lab.Node.handleRequest(Node.java:97)\n\tat lab.Node.handleMessage(Node.java:71)\n\tat lab.Node.lambda$run$0(Node.java:44)\n\tat java.base/java.util.concurrent.ThreadPoolExecutor.runWorker(ThreadPoolExecutor.java:1144)\n\tat java.base/java.util.concurrent.ThreadPoolExecutor$Worker.run(ThreadPoolExecutor.java:642)\n\tat java.base/java.lang.Thread.run(Thread.java:1583)\n"]
2026-03-11 14:37:55,066{GMT}	INFO	[jepsen worker 0] jepsen.util: 339	:info	:generate	nil	[:crash "Unexpected exception handling (msg c8 n0 {\"type\":\"generate\",\"msg_id\":114}) : java.lang.UnsupportedOperationException: Not a string: 114\njava.lang.UnsupportedOperationException: Not a string: 114\n\tat com.eclipsesource.json.JsonValue.asString(JsonValue.java:384)\n\tat com.eclipsesource.json.JsonObject.getString(JsonObject.java:674)\n\tat lab.UniqueId$1.accept(UniqueId.java:27)\n\tat lab.UniqueId$1.accept(UniqueId.java:24)\n\tat lab.Node.handleRequest(Node.java:97)\n\tat lab.Node.handleMessage(Node.java:71)\n\tat lab.Node.lambda$run$0(Node.java:44)\n\tat java.base/java.util.concurrent.ThreadPoolExecutor.runWorker(ThreadPoolExecutor.java:1144)\n\tat java.base/java.util.concurrent.ThreadPoolExecutor$Worker.run(ThreadPoolExecutor.java:642)\n\tat java.base/java.lang.Thread.run(Thread.java:1583)\n"]
2026-03-11 14:37:55,069{GMT}	INFO	[jepsen worker 0] jepsen.util: 342	:invoke	:generate	nil
2026-03-11 14:37:55,069{GMT}	INFO	[jepsen worker 2] jepsen.util: 314	:invoke	:generate	nil
2026-03-11 14:37:55,071{GMT}	INFO	[jepsen worker 1] jepsen.util: 325	:info	:generate	nil	[:crash "Unexpected exception handling (msg c6 n1 {\"type\":\"generate\",\"msg_id\":109}) : java.lang.UnsupportedOperationException: Not a string: 109\njava.lang.UnsupportedOperationException: Not a string: 109\n\tat com.eclipsesource.json.JsonValue.asString(JsonValue.java:384)\n\tat com.eclipsesource.json.JsonObject.getString(JsonObject.java:674)\n\tat lab.UniqueId$1.accept(UniqueId.java:27)\n\tat lab.UniqueId$1.accept(UniqueId.java:24)\n\tat lab.Node.handleRequest(Node.java:97)\n\tat lab.Node.handleMessage(Node.java:71)\n\tat lab.Node.lambda$run$0(Node.java:44)\n\tat java.base/java.util.concurrent.ThreadPoolExecutor.runWorker(ThreadPoolExecutor.java:1144)\n\tat java.base/java.util.concurrent.ThreadPoolExecutor$Worker.run(ThreadPoolExecutor.java:642)\n\tat java.base/java.lang.Thread.run(Thread.java:1583)\n"]
2026-03-11 14:37:55,072{GMT}	INFO	[jepsen worker 1] jepsen.util: 328	:invoke	:generate	nil
2026-03-11 14:37:55,073{GMT}	INFO	[jepsen worker 0] jepsen.util: 342	:info	:generate	nil	[:crash "Unexpected exception handling (msg c8 n0 {\"type\":\"generate\",\"msg_id\":115}) : java.lang.UnsupportedOperationException: Not a string: 115\njava.lang.UnsupportedOperationException: Not a string: 115\n\tat com.eclipsesource.json.JsonValue.asString(JsonValue.java:384)\n\tat com.eclipsesource.json.JsonObject.getString(JsonObject.java:674)\n\tat lab.UniqueId$1.accept(UniqueId.java:27)\n\tat lab.UniqueId$1.accept(UniqueId.java:24)\n\tat lab.Node.handleRequest(Node.java:97)\n\tat lab.Node.handleMessage(Node.java:71)\n\tat lab.Node.lambda$run$0(Node.java:44)\n\tat java.base/java.util.concurrent.ThreadPoolExecutor.runWorker(ThreadPoolExecutor.java:1144)\n\tat java.base/java.util.concurrent.ThreadPoolExecutor$Worker.run(ThreadPoolExecutor.java:642)\n\tat java.base/java.lang.Thread.run(Thread.java:1583)\n"]
2026-03-11 14:37:55,073{GMT}	INFO	[jepsen worker 2] jepsen.util: 314	:info	:generate	nil	[:crash "Unexpected exception handling (msg c7 n2 {\"type\":\"generate\",\"msg_id\":105}) : java.lang.UnsupportedOperationException: Not a string: 105\njava.lang.UnsupportedOperationException: Not a string: 105\n\tat com.eclipsesource.json.JsonValue.asString(JsonValue.java:384)\n\tat com.eclipsesource.json.JsonObject.getString(JsonObject.java:674)\n\tat lab.UniqueId$1.accept(UniqueId.java:27)\n\tat lab.UniqueId$1.accept(UniqueId.java:24)\n\tat lab.Node.handleRequest(Node.java:97)\n\tat lab.Node.handleMessage(Node.java:71)\n\tat lab.Node.lambda$run$0(Node.java:44)\n\tat java.base/java.util.concurrent.ThreadPoolExecutor.runWorker(ThreadPoolExecutor.java:1144)\n\tat java.base/java.util.concurrent.ThreadPoolExecutor$Worker.run(ThreadPoolExecutor.java:642)\n\tat java.base/java.lang.Thread.run(Thread.java:1583)\n"]
2026-03-11 14:37:55,074{GMT}	INFO	[jepsen worker 1] jepsen.util: 328	:info	:generate	nil	[:crash "Unexpected exception handling (msg c6 n1 {\"type\":\"generate\",\"msg_id\":110}) : java.lang.UnsupportedOperationException: Not a string: 110\njava.lang.UnsupportedOperationException: Not a string: 110\n\tat com.eclipsesource.json.JsonValue.asString(JsonValue.java:384)\n\tat com.eclipsesource.json.JsonObject.getString(JsonObject.java:674)\n\tat lab.UniqueId$1.accept(UniqueId.java:27)\n\tat lab.UniqueId$1.accept(UniqueId.java:24)\n\tat lab.Node.handleRequest(Node.java:97)\n\tat lab.Node.handleMessage(Node.java:71)\n\tat lab.Node.lambda$run$0(Node.java:44)\n\tat java.base/java.util.concurrent.ThreadPoolExecutor.runWorker(ThreadPoolExecutor.java:1144)\n\tat java.base/java.util.concurrent.ThreadPoolExecutor$Worker.run(ThreadPoolExecutor.java:642)\n\tat java.base/java.lang.Thread.run(Thread.java:1583)\n"]
2026-03-11 14:37:55,078{GMT}	INFO	[jepsen worker 1] jepsen.util: 331	:invoke	:generate	nil
2026-03-11 14:37:55,078{GMT}	INFO	[jepsen worker 2] jepsen.util: 317	:invoke	:generate	nil
2026-03-11 14:37:55,078{GMT}	INFO	[jepsen worker 0] jepsen.util: 345	:invoke	:generate	nil
2026-03-11 14:37:55,080{GMT}	INFO	[jepsen worker 2] jepsen.util: 317	:info	:generate	nil	[:crash "Unexpected exception handling (msg c7 n2 {\"type\":\"generate\",\"msg_id\":106}) : java.lang.UnsupportedOperationException: Not a string: 106\njava.lang.UnsupportedOperationException: Not a string: 106\n\tat com.eclipsesource.json.JsonValue.asString(JsonValue.java:384)\n\tat com.eclipsesource.json.JsonObject.getString(JsonObject.java:674)\n\tat lab.UniqueId$1.accept(UniqueId.java:27)\n\tat lab.UniqueId$1.accept(UniqueId.java:24)\n\tat lab.Node.handleRequest(Node.java:97)\n\tat lab.Node.handleMessage(Node.java:71)\n\tat lab.Node.lambda$run$0(Node.java:44)\n\tat java.base/java.util.concurrent.ThreadPoolExecutor.runWorker(ThreadPoolExecutor.java:1144)\n\tat java.base/java.util.concurrent.ThreadPoolExecutor$Worker.run(ThreadPoolExecutor.java:642)\n\tat java.base/java.lang.Thread.run(Thread.java:1583)\n"]
2026-03-11 14:37:55,080{GMT}	INFO	[jepsen worker 1] jepsen.util: 331	:info	:generate	nil	[:crash "Unexpected exception handling (msg c6 n1 {\"type\":\"generate\",\"msg_id\":111}) : java.lang.UnsupportedOperationException: Not a string: 111\njava.lang.UnsupportedOperationException: Not a string: 111\n\tat com.eclipsesource.json.JsonValue.asString(JsonValue.java:384)\n\tat com.eclipsesource.json.JsonObject.getString(JsonObject.java:674)\n\tat lab.UniqueId$1.accept(UniqueId.java:27)\n\tat lab.UniqueId$1.accept(UniqueId.java:24)\n\tat lab.Node.handleRequest(Node.java:97)\n\tat lab.Node.handleMessage(Node.java:71)\n\tat lab.Node.lambda$run$0(Node.java:44)\n\tat java.base/java.util.concurrent.ThreadPoolExecutor.runWorker(ThreadPoolExecutor.java:1144)\n\tat java.base/java.util.concurrent.ThreadPoolExecutor$Worker.run(ThreadPoolExecutor.java:642)\n\tat java.base/java.lang.Thread.run(Thread.java:1583)\n"]
2026-03-11 14:37:55,081{GMT}	INFO	[jepsen worker 0] jepsen.util: 345	:info	:generate	nil	[:crash "Unexpected exception handling (msg c8 n0 {\"type\":\"generate\",\"msg_id\":116}) : java.lang.UnsupportedOperationException: Not a string: 116\njava.lang.UnsupportedOperationException: Not a string: 116\n\tat com.eclipsesource.json.JsonValue.asString(JsonValue.java:384)\n\tat com.eclipsesource.json.JsonObject.getString(JsonObject.java:674)\n\tat lab.UniqueId$1.accept(UniqueId.java:27)\n\tat lab.UniqueId$1.accept(UniqueId.java:24)\n\tat lab.Node.handleRequest(Node.java:97)\n\tat lab.Node.handleMessage(Node.java:71)\n\tat lab.Node.lambda$run$0(Node.java:44)\n\tat java.base/java.util.concurrent.ThreadPoolExecutor.runWorker(ThreadPoolExecutor.java:1144)\n\tat java.base/java.util.concurrent.ThreadPoolExecutor$Worker.run(ThreadPoolExecutor.java:642)\n\tat java.base/java.lang.Thread.run(Thread.java:1583)\n"]
2026-03-11 14:37:55,085{GMT}	INFO	[jepsen worker 2] jepsen.util: 320	:invoke	:generate	nil
2026-03-11 14:37:55,085{GMT}	INFO	[jepsen worker 1] jepsen.util: 334	:invoke	:generate	nil
2026-03-11 14:37:55,085{GMT}	INFO	[jepsen worker 0] jepsen.util: 348	:invoke	:generate	nil
2026-03-11 14:37:55,087{GMT}	INFO	[jepsen worker 2] jepsen.util: 320	:info	:generate	nil	[:crash "Unexpected exception handling (msg c7 n2 {\"type\":\"generate\",\"msg_id\":107}) : java.lang.UnsupportedOperationException: Not a string: 107\njava.lang.UnsupportedOperationException: Not a string: 107\n\tat com.eclipsesource.json.JsonValue.asString(JsonValue.java:384)\n\tat com.eclipsesource.json.JsonObject.getString(JsonObject.java:674)\n\tat lab.UniqueId$1.accept(UniqueId.java:27)\n\tat lab.UniqueId$1.accept(UniqueId.java:24)\n\tat lab.Node.handleRequest(Node.java:97)\n\tat lab.Node.handleMessage(Node.java:71)\n\tat lab.Node.lambda$run$0(Node.java:44)\n\tat java.base/java.util.concurrent.ThreadPoolExecutor.runWorker(ThreadPoolExecutor.java:1144)\n\tat java.base/java.util.concurrent.ThreadPoolExecutor$Worker.run(ThreadPoolExecutor.java:642)\n\tat java.base/java.lang.Thread.run(Thread.java:1583)\n"]
2026-03-11 14:37:55,087{GMT}	INFO	[jepsen worker 0] jepsen.util: 348	:info	:generate	nil	[:crash "Unexpected exception handling (msg c8 n0 {\"type\":\"generate\",\"msg_id\":117}) : java.lang.UnsupportedOperationException: Not a string: 117\njava.lang.UnsupportedOperationException: Not a string: 117\n\tat com.eclipsesource.json.JsonValue.asString(JsonValue.java:384)\n\tat com.eclipsesource.json.JsonObject.getString(JsonObject.java:674)\n\tat lab.UniqueId$1.accept(UniqueId.java:27)\n\tat lab.UniqueId$1.accept(UniqueId.java:24)\n\tat lab.Node.handleRequest(Node.java:97)\n\tat lab.Node.handleMessage(Node.java:71)\n\tat lab.Node.lambda$run$0(Node.java:44)\n\tat java.base/java.util.concurrent.ThreadPoolExecutor.runWorker(ThreadPoolExecutor.java:1144)\n\tat java.base/java.util.concurrent.ThreadPoolExecutor$Worker.run(ThreadPoolExecutor.java:642)\n\tat java.base/java.lang.Thread.run(Thread.java:1583)\n"]
2026-03-11 14:37:55,088{GMT}	INFO	[jepsen worker 1] jepsen.util: 334	:info	:generate	nil	[:crash "Unexpected exception handling (msg c6 n1 {\"type\":\"generate\",\"msg_id\":112}) : java.lang.UnsupportedOperationException: Not a string: 112\njava.lang.UnsupportedOperationException: Not a string: 112\n\tat com.eclipsesource.json.JsonValue.asString(JsonValue.java:384)\n\tat com.eclipsesource.json.JsonObject.getString(JsonObject.java:674)\n\tat lab.UniqueId$1.accept(UniqueId.java:27)\n\tat lab.UniqueId$1.accept(UniqueId.java:24)\n\tat lab.Node.handleRequest(Node.java:97)\n\tat lab.Node.handleMessage(Node.java:71)\n\tat lab.Node.lambda$run$0(Node.java:44)\n\tat java.base/java.util.concurrent.ThreadPoolExecutor.runWorker(ThreadPoolExecutor.java:1144)\n\tat java.base/java.util.concurrent.ThreadPoolExecutor$Worker.run(ThreadPoolExecutor.java:642)\n\tat java.base/java.lang.Thread.run(Thread.java:1583)\n"]
2026-03-11 14:37:55,101{GMT}	INFO	[jepsen worker 0] jepsen.util: 351	:invoke	:generate	nil
2026-03-11 14:37:55,101{GMT}	INFO	[jepsen worker 2] jepsen.util: 323	:invoke	:generate	nil
2026-03-11 14:37:55,101{GMT}	INFO	[jepsen worker 1] jepsen.util: 337	:invoke	:generate	nil
2026-03-11 14:37:55,103{GMT}	INFO	[jepsen worker 0] jepsen.util: 351	:info	:generate	nil	[:crash "Unexpected exception handling (msg c8 n0 {\"type\":\"generate\",\"msg_id\":118}) : java.lang.UnsupportedOperationException: Not a string: 118\njava.lang.UnsupportedOperationException: Not a string: 118\n\tat com.eclipsesource.json.JsonValue.asString(JsonValue.java:384)\n\tat com.eclipsesource.json.JsonObject.getString(JsonObject.java:674)\n\tat lab.UniqueId$1.accept(UniqueId.java:27)\n\tat lab.UniqueId$1.accept(UniqueId.java:24)\n\tat lab.Node.handleRequest(Node.java:97)\n\tat lab.Node.handleMessage(Node.java:71)\n\tat lab.Node.lambda$run$0(Node.java:44)\n\tat java.base/java.util.concurrent.ThreadPoolExecutor.runWorker(ThreadPoolExecutor.java:1144)\n\tat java.base/java.util.concurrent.ThreadPoolExecutor$Worker.run(ThreadPoolExecutor.java:642)\n\tat java.base/java.lang.Thread.run(Thread.java:1583)\n"]
2026-03-11 14:37:55,103{GMT}	INFO	[jepsen worker 1] jepsen.util: 337	:info	:generate	nil	[:crash "Unexpected exception handling (msg c6 n1 {\"type\":\"generate\",\"msg_id\":113}) : java.lang.UnsupportedOperationException: Not a string: 113\njava.lang.UnsupportedOperationException: Not a string: 113\n\tat com.eclipsesource.json.JsonValue.asString(JsonValue.java:384)\n\tat com.eclipsesource.json.JsonObject.getString(JsonObject.java:674)\n\tat lab.UniqueId$1.accept(UniqueId.java:27)\n\tat lab.UniqueId$1.accept(UniqueId.java:24)\n\tat lab.Node.handleRequest(Node.java:97)\n\tat lab.Node.handleMessage(Node.java:71)\n\tat lab.Node.lambda$run$0(Node.java:44)\n\tat java.base/java.util.concurrent.ThreadPoolExecutor.runWorker(ThreadPoolExecutor.java:1144)\n\tat java.base/java.util.concurrent.ThreadPoolExecutor$Worker.run(ThreadPoolExecutor.java:642)\n\tat java.base/java.lang.Thread.run(Thread.java:1583)\n"]
2026-03-11 14:37:55,103{GMT}	INFO	[jepsen worker 2] jepsen.util: 323	:info	:generate	nil	[:crash "Unexpected exception handling (msg c7 n2 {\"type\":\"generate\",\"msg_id\":108}) : java.lang.UnsupportedOperationException: Not a string: 108\njava.lang.UnsupportedOperationException: Not a string: 108\n\tat com.eclipsesource.json.JsonValue.asString(JsonValue.java:384)\n\tat com.eclipsesource.json.JsonObject.getString(JsonObject.java:674)\n\tat lab.UniqueId$1.accept(UniqueId.java:27)\n\tat lab.UniqueId$1.accept(UniqueId.java:24)\n\tat lab.Node.handleRequest(Node.java:97)\n\tat lab.Node.handleMessage(Node.java:71)\n\tat lab.Node.lambda$run$0(Node.java:44)\n\tat java.base/java.util.concurrent.ThreadPoolExecutor.runWorker(ThreadPoolExecutor.java:1144)\n\tat java.base/java.util.concurrent.ThreadPoolExecutor$Worker.run(ThreadPoolExecutor.java:642)\n\tat java.base/java.lang.Thread.run(Thread.java:1583)\n"]
2026-03-11 14:37:55,103{GMT}	INFO	[jepsen worker 1] jepsen.util: 340	:invoke	:generate	nil
2026-03-11 14:37:55,104{GMT}	INFO	[jepsen worker 2] jepsen.util: 326	:invoke	:generate	nil
2026-03-11 14:37:55,104{GMT}	INFO	[jepsen worker 0] jepsen.util: 354	:invoke	:generate	nil
2026-03-11 14:37:55,105{GMT}	INFO	[jepsen worker 1] jepsen.util: 340	:info	:generate	nil	[:crash "Unexpected exception handling (msg c6 n1 {\"type\":\"generate\",\"msg_id\":114}) : java.lang.UnsupportedOperationException: Not a string: 114\njava.lang.UnsupportedOperationException: Not a string: 114\n\tat com.eclipsesource.json.JsonValue.asString(JsonValue.java:384)\n\tat com.eclipsesource.json.JsonObject.getString(JsonObject.java:674)\n\tat lab.UniqueId$1.accept(UniqueId.java:27)\n\tat lab.UniqueId$1.accept(UniqueId.java:24)\n\tat lab.Node.handleRequest(Node.java:97)\n\tat lab.Node.handleMessage(Node.java:71)\n\tat lab.Node.lambda$run$0(Node.java:44)\n\tat java.base/java.util.concurrent.ThreadPoolExecutor.runWorker(ThreadPoolExecutor.java:1144)\n\tat java.base/java.util.concurrent.ThreadPoolExecutor$Worker.run(ThreadPoolExecutor.java:642)\n\tat java.base/java.lang.Thread.run(Thread.java:1583)\n"]
2026-03-11 14:37:55,105{GMT}	INFO	[jepsen worker 1] jepsen.util: 343	:invoke	:generate	nil
2026-03-11 14:37:55,106{GMT}	INFO	[jepsen worker 2] jepsen.util: 326	:info	:generate	nil	[:crash "Unexpected exception handling (msg c7 n2 {\"type\":\"generate\",\"msg_id\":109}) : java.lang.UnsupportedOperationException: Not a string: 109\njava.lang.UnsupportedOperationException: Not a string: 109\n\tat com.eclipsesource.json.JsonValue.asString(JsonValue.java:384)\n\tat com.eclipsesource.json.JsonObject.getString(JsonObject.java:674)\n\tat lab.UniqueId$1.accept(UniqueId.java:27)\n\tat lab.UniqueId$1.accept(UniqueId.java:24)\n\tat lab.Node.handleRequest(Node.java:97)\n\tat lab.Node.handleMessage(Node.java:71)\n\tat lab.Node.lambda$run$0(Node.java:44)\n\tat java.base/java.util.concurrent.ThreadPoolExecutor.runWorker(ThreadPoolExecutor.java:1144)\n\tat java.base/java.util.concurrent.ThreadPoolExecutor$Worker.run(ThreadPoolExecutor.java:642)\n\tat java.base/java.lang.Thread.run(Thread.java:1583)\n"]
2026-03-11 14:37:55,106{GMT}	INFO	[jepsen worker 0] jepsen.util: 354	:info	:generate	nil	[:crash "Unexpected exception handling (msg c8 n0 {\"type\":\"generate\",\"msg_id\":119}) : java.lang.UnsupportedOperationException: Not a string: 119\njava.lang.UnsupportedOperationException: Not a string: 119\n\tat com.eclipsesource.json.JsonValue.asString(JsonValue.java:384)\n\tat com.eclipsesource.json.JsonObject.getString(JsonObject.java:674)\n\tat lab.UniqueId$1.accept(UniqueId.java:27)\n\tat lab.UniqueId$1.accept(UniqueId.java:24)\n\tat lab.Node.handleRequest(Node.java:97)\n\tat lab.Node.handleMessage(Node.java:71)\n\tat lab.Node.lambda$run$0(Node.java:44)\n\tat java.base/java.util.concurrent.ThreadPoolExecutor.runWorker(ThreadPoolExecutor.java:1144)\n\tat java.base/java.util.concurrent.ThreadPoolExecutor$Worker.run(ThreadPoolExecutor.java:642)\n\tat java.base/java.lang.Thread.run(Thread.java:1583)\n"]
2026-03-11 14:37:55,106{GMT}	INFO	[jepsen worker 2] jepsen.util: 329	:invoke	:generate	nil
2026-03-11 14:37:55,107{GMT}	INFO	[jepsen worker 1] jepsen.util: 343	:info	:generate	nil	[:crash "Unexpected exception handling (msg c6 n1 {\"type\":\"generate\",\"msg_id\":115}) : java.lang.UnsupportedOperationException: Not a string: 115\njava.lang.UnsupportedOperationException: Not a string: 115\n\tat com.eclipsesource.json.JsonValue.asString(JsonValue.java:384)\n\tat com.eclipsesource.json.JsonObject.getString(JsonObject.java:674)\n\tat lab.UniqueId$1.accept(UniqueId.java:27)\n\tat lab.UniqueId$1.accept(UniqueId.java:24)\n\tat lab.Node.handleRequest(Node.java:97)\n\tat lab.Node.handleMessage(Node.java:71)\n\tat lab.Node.lambda$run$0(Node.java:44)\n\tat java.base/java.util.concurrent.ThreadPoolExecutor.runWorker(ThreadPoolExecutor.java:1144)\n\tat java.base/java.util.concurrent.ThreadPoolExecutor$Worker.run(ThreadPoolExecutor.java:642)\n\tat java.base/java.lang.Thread.run(Thread.java:1583)\n"]
2026-03-11 14:37:55,108{GMT}	INFO	[jepsen worker 0] jepsen.util: 357	:invoke	:generate	nil
2026-03-11 14:37:55,108{GMT}	INFO	[jepsen worker 2] jepsen.util: 329	:info	:generate	nil	[:crash "Unexpected exception handling (msg c7 n2 {\"type\":\"generate\",\"msg_id\":110}) : java.lang.UnsupportedOperationException: Not a string: 110\njava.lang.UnsupportedOperationException: Not a string: 110\n\tat com.eclipsesource.json.JsonValue.asString(JsonValue.java:384)\n\tat com.eclipsesource.json.JsonObject.getString(JsonObject.java:674)\n\tat lab.UniqueId$1.accept(UniqueId.java:27)\n\tat lab.UniqueId$1.accept(UniqueId.java:24)\n\tat lab.Node.handleRequest(Node.java:97)\n\tat lab.Node.handleMessage(Node.java:71)\n\tat lab.Node.lambda$run$0(Node.java:44)\n\tat java.base/java.util.concurrent.ThreadPoolExecutor.runWorker(ThreadPoolExecutor.java:1144)\n\tat java.base/java.util.concurrent.ThreadPoolExecutor$Worker.run(ThreadPoolExecutor.java:642)\n\tat java.base/java.lang.Thread.run(Thread.java:1583)\n"]
2026-03-11 14:37:55,110{GMT}	INFO	[jepsen worker 0] jepsen.util: 357	:info	:generate	nil	[:crash "Unexpected exception handling (msg c8 n0 {\"type\":\"generate\",\"msg_id\":120}) : java.lang.UnsupportedOperationException: Not a string: 120\njava.lang.UnsupportedOperationException: Not a string: 120\n\tat com.eclipsesource.json.JsonValue.asString(JsonValue.java:384)\n\tat com.eclipsesource.json.JsonObject.getString(JsonObject.java:674)\n\tat lab.UniqueId$1.accept(UniqueId.java:27)\n\tat lab.UniqueId$1.accept(UniqueId.java:24)\n\tat lab.Node.handleRequest(Node.java:97)\n\tat lab.Node.handleMessage(Node.java:71)\n\tat lab.Node.lambda$run$0(Node.java:44)\n\tat java.base/java.util.concurrent.ThreadPoolExecutor.runWorker(ThreadPoolExecutor.java:1144)\n\tat java.base/java.util.concurrent.ThreadPoolExecutor$Worker.run(ThreadPoolExecutor.java:642)\n\tat java.base/java.lang.Thread.run(Thread.java:1583)\n"]
2026-03-11 14:37:55,110{GMT}	INFO	[jepsen worker 0] jepsen.util: 360	:invoke	:generate	nil
2026-03-11 14:37:55,112{GMT}	INFO	[jepsen worker 0] jepsen.util: 360	:info	:generate	nil	[:crash "Unexpected exception handling (msg c8 n0 {\"type\":\"generate\",\"msg_id\":121}) : java.lang.UnsupportedOperationException: Not a string: 121\njava.lang.UnsupportedOperationException: Not a string: 121\n\tat com.eclipsesource.json.JsonValue.asString(JsonValue.java:384)\n\tat com.eclipsesource.json.JsonObject.getString(JsonObject.java:674)\n\tat lab.UniqueId$1.accept(UniqueId.java:27)\n\tat lab.UniqueId$1.accept(UniqueId.java:24)\n\tat lab.Node.handleRequest(Node.java:97)\n\tat lab.Node.handleMessage(Node.java:71)\n\tat lab.Node.lambda$run$0(Node.java:44)\n\tat java.base/java.util.concurrent.ThreadPoolExecutor.runWorker(ThreadPoolExecutor.java:1144)\n\tat java.base/java.util.concurrent.ThreadPoolExecutor$Worker.run(ThreadPoolExecutor.java:642)\n\tat java.base/java.lang.Thread.run(Thread.java:1583)\n"]
2026-03-11 14:37:55,113{GMT}	INFO	[jepsen worker 0] jepsen.util: 363	:invoke	:generate	nil
2026-03-11 14:37:55,114{GMT}	INFO	[jepsen worker 1] jepsen.util: 346	:invoke	:generate	nil
2026-03-11 14:37:55,114{GMT}	INFO	[jepsen worker 2] jepsen.util: 332	:invoke	:generate	nil
2026-03-11 14:37:55,116{GMT}	INFO	[jepsen worker 0] jepsen.util: 363	:info	:generate	nil	[:crash "Unexpected exception handling (msg c8 n0 {\"type\":\"generate\",\"msg_id\":122}) : java.lang.UnsupportedOperationException: Not a string: 122\njava.lang.UnsupportedOperationException: Not a string: 122\n\tat com.eclipsesource.json.JsonValue.asString(JsonValue.java:384)\n\tat com.eclipsesource.json.JsonObject.getString(JsonObject.java:674)\n\tat lab.UniqueId$1.accept(UniqueId.java:27)\n\tat lab.UniqueId$1.accept(UniqueId.java:24)\n\tat lab.Node.handleRequest(Node.java:97)\n\tat lab.Node.handleMessage(Node.java:71)\n\tat lab.Node.lambda$run$0(Node.java:44)\n\tat java.base/java.util.concurrent.ThreadPoolExecutor.runWorker(ThreadPoolExecutor.java:1144)\n\tat java.base/java.util.concurrent.ThreadPoolExecutor$Worker.run(ThreadPoolExecutor.java:642)\n\tat java.base/java.lang.Thread.run(Thread.java:1583)\n"]
2026-03-11 14:37:55,116{GMT}	INFO	[jepsen worker 0] jepsen.util: 366	:invoke	:generate	nil
2026-03-11 14:37:55,116{GMT}	INFO	[jepsen worker 1] jepsen.util: 346	:info	:generate	nil	[:crash "Unexpected exception handling (msg c6 n1 {\"type\":\"generate\",\"msg_id\":116}) : java.lang.UnsupportedOperationException: Not a string: 116\njava.lang.UnsupportedOperationException: Not a string: 116\n\tat com.eclipsesource.json.JsonValue.asString(JsonValue.java:384)\n\tat com.eclipsesource.json.JsonObject.getString(JsonObject.java:674)\n\tat lab.UniqueId$1.accept(UniqueId.java:27)\n\tat lab.UniqueId$1.accept(UniqueId.java:24)\n\tat lab.Node.handleRequest(Node.java:97)\n\tat lab.Node.handleMessage(Node.java:71)\n\tat lab.Node.lambda$run$0(Node.java:44)\n\tat java.base/java.util.concurrent.ThreadPoolExecutor.runWorker(ThreadPoolExecutor.java:1144)\n\tat java.base/java.util.concurrent.ThreadPoolExecutor$Worker.run(ThreadPoolExecutor.java:642)\n\tat java.base/java.lang.Thread.run(Thread.java:1583)\n"]
2026-03-11 14:37:55,116{GMT}	INFO	[jepsen worker 2] jepsen.util: 332	:info	:generate	nil	[:crash "Unexpected exception handling (msg c7 n2 {\"type\":\"generate\",\"msg_id\":111}) : java.lang.UnsupportedOperationException: Not a string: 111\njava.lang.UnsupportedOperationException: Not a string: 111\n\tat com.eclipsesource.json.JsonValue.asString(JsonValue.java:384)\n\tat com.eclipsesource.json.JsonObject.getString(JsonObject.java:674)\n\tat lab.UniqueId$1.accept(UniqueId.java:27)\n\tat lab.UniqueId$1.accept(UniqueId.java:24)\n\tat lab.Node.handleRequest(Node.java:97)\n\tat lab.Node.handleMessage(Node.java:71)\n\tat lab.Node.lambda$run$0(Node.java:44)\n\tat java.base/java.util.concurrent.ThreadPoolExecutor.runWorker(ThreadPoolExecutor.java:1144)\n\tat java.base/java.util.concurrent.ThreadPoolExecutor$Worker.run(ThreadPoolExecutor.java:642)\n\tat java.base/java.lang.Thread.run(Thread.java:1583)\n"]
2026-03-11 14:37:55,117{GMT}	INFO	[jepsen worker 1] jepsen.util: 349	:invoke	:generate	nil
2026-03-11 14:37:55,117{GMT}	INFO	[jepsen worker 0] jepsen.util: 366	:info	:generate	nil	[:crash "Unexpected exception handling (msg c8 n0 {\"type\":\"generate\",\"msg_id\":123}) : java.lang.UnsupportedOperationException: Not a string: 123\njava.lang.UnsupportedOperationException: Not a string: 123\n\tat com.eclipsesource.json.JsonValue.asString(JsonValue.java:384)\n\tat com.eclipsesource.json.JsonObject.getString(JsonObject.java:674)\n\tat lab.UniqueId$1.accept(UniqueId.java:27)\n\tat lab.UniqueId$1.accept(UniqueId.java:24)\n\tat lab.Node.handleRequest(Node.java:97)\n\tat lab.Node.handleMessage(Node.java:71)\n\tat lab.Node.lambda$run$0(Node.java:44)\n\tat java.base/java.util.concurrent.ThreadPoolExecutor.runWorker(ThreadPoolExecutor.java:1144)\n\tat java.base/java.util.concurrent.ThreadPoolExecutor$Worker.run(ThreadPoolExecutor.java:642)\n\tat java.base/java.lang.Thread.run(Thread.java:1583)\n"]
2026-03-11 14:37:55,127{GMT}	INFO	[jepsen worker 2] jepsen.util: 335	:invoke	:generate	nil
2026-03-11 14:37:55,127{GMT}	INFO	[jepsen worker 0] jepsen.util: 369	:invoke	:generate	nil
2026-03-11 14:37:55,129{GMT}	INFO	[jepsen worker 1] jepsen.util: 349	:info	:generate	nil	[:crash "Unexpected exception handling (msg c6 n1 {\"type\":\"generate\",\"msg_id\":117}) : java.lang.UnsupportedOperationException: Not a string: 117\njava.lang.UnsupportedOperationException: Not a string: 117\n\tat com.eclipsesource.json.JsonValue.asString(JsonValue.java:384)\n\tat com.eclipsesource.json.JsonObject.getString(JsonObject.java:674)\n\tat lab.UniqueId$1.accept(UniqueId.java:27)\n\tat lab.UniqueId$1.accept(UniqueId.java:24)\n\tat lab.Node.handleRequest(Node.java:97)\n\tat lab.Node.handleMessage(Node.java:71)\n\tat lab.Node.lambda$run$0(Node.java:44)\n\tat java.base/java.util.concurrent.ThreadPoolExecutor.runWorker(ThreadPoolExecutor.java:1144)\n\tat java.base/java.util.concurrent.ThreadPoolExecutor$Worker.run(ThreadPoolExecutor.java:642)\n\tat java.base/java.lang.Thread.run(Thread.java:1583)\n"]
2026-03-11 14:37:55,129{GMT}	INFO	[jepsen worker 0] jepsen.util: 369	:info	:generate	nil	[:crash "Unexpected exception handling (msg c8 n0 {\"type\":\"generate\",\"msg_id\":124}) : java.lang.UnsupportedOperationException: Not a string: 124\njava.lang.UnsupportedOperationException: Not a string: 124\n\tat com.eclipsesource.json.JsonValue.asString(JsonValue.java:384)\n\tat com.eclipsesource.json.JsonObject.getString(JsonObject.java:674)\n\tat lab.UniqueId$1.accept(UniqueId.java:27)\n\tat lab.UniqueId$1.accept(UniqueId.java:24)\n\tat lab.Node.handleRequest(Node.java:97)\n\tat lab.Node.handleMessage(Node.java:71)\n\tat lab.Node.lambda$run$0(Node.java:44)\n\tat java.base/java.util.concurrent.ThreadPoolExecutor.runWorker(ThreadPoolExecutor.java:1144)\n\tat java.base/java.util.concurrent.ThreadPoolExecutor$Worker.run(ThreadPoolExecutor.java:642)\n\tat java.base/java.lang.Thread.run(Thread.java:1583)\n"]
2026-03-11 14:37:55,129{GMT}	INFO	[jepsen worker 2] jepsen.util: 335	:info	:generate	nil	[:crash "Unexpected exception handling (msg c7 n2 {\"type\":\"generate\",\"msg_id\":112}) : java.lang.UnsupportedOperationException: Not a string: 112\njava.lang.UnsupportedOperationException: Not a string: 112\n\tat com.eclipsesource.json.JsonValue.asString(JsonValue.java:384)\n\tat com.eclipsesource.json.JsonObject.getString(JsonObject.java:674)\n\tat lab.UniqueId$1.accept(UniqueId.java:27)\n\tat lab.UniqueId$1.accept(UniqueId.java:24)\n\tat lab.Node.handleRequest(Node.java:97)\n\tat lab.Node.handleMessage(Node.java:71)\n\tat lab.Node.lambda$run$0(Node.java:44)\n\tat java.base/java.util.concurrent.ThreadPoolExecutor.runWorker(ThreadPoolExecutor.java:1144)\n\tat java.base/java.util.concurrent.ThreadPoolExecutor$Worker.run(ThreadPoolExecutor.java:642)\n\tat java.base/java.lang.Thread.run(Thread.java:1583)\n"]
2026-03-11 14:37:55,129{GMT}	INFO	[jepsen worker 0] jepsen.util: 372	:invoke	:generate	nil
2026-03-11 14:37:55,130{GMT}	INFO	[jepsen worker 0] jepsen.util: 372	:info	:generate	nil	[:crash "Unexpected exception handling (msg c8 n0 {\"type\":\"generate\",\"msg_id\":125}) : java.lang.UnsupportedOperationException: Not a string: 125\njava.lang.UnsupportedOperationException: Not a string: 125\n\tat com.eclipsesource.json.JsonValue.asString(JsonValue.java:384)\n\tat com.eclipsesource.json.JsonObject.getString(JsonObject.java:674)\n\tat lab.UniqueId$1.accept(UniqueId.java:27)\n\tat lab.UniqueId$1.accept(UniqueId.java:24)\n\tat lab.Node.handleRequest(Node.java:97)\n\tat lab.Node.handleMessage(Node.java:71)\n\tat lab.Node.lambda$run$0(Node.java:44)\n\tat java.base/java.util.concurrent.ThreadPoolExecutor.runWorker(ThreadPoolExecutor.java:1144)\n\tat java.base/java.util.concurrent.ThreadPoolExecutor$Worker.run(ThreadPoolExecutor.java:642)\n\tat java.base/java.lang.Thread.run(Thread.java:1583)\n"]
2026-03-11 14:37:55,131{GMT}	INFO	[jepsen worker 0] jepsen.util: 375	:invoke	:generate	nil
2026-03-11 14:37:55,132{GMT}	INFO	[jepsen worker 1] jepsen.util: 352	:invoke	:generate	nil
2026-03-11 14:37:55,132{GMT}	INFO	[jepsen worker 0] jepsen.util: 375	:info	:generate	nil	[:crash "Unexpected exception handling (msg c8 n0 {\"type\":\"generate\",\"msg_id\":126}) : java.lang.UnsupportedOperationException: Not a string: 126\njava.lang.UnsupportedOperationException: Not a string: 126\n\tat com.eclipsesource.json.JsonValue.asString(JsonValue.java:384)\n\tat com.eclipsesource.json.JsonObject.getString(JsonObject.java:674)\n\tat lab.UniqueId$1.accept(UniqueId.java:27)\n\tat lab.UniqueId$1.accept(UniqueId.java:24)\n\tat lab.Node.handleRequest(Node.java:97)\n\tat lab.Node.handleMessage(Node.java:71)\n\tat lab.Node.lambda$run$0(Node.java:44)\n\tat java.base/java.util.concurrent.ThreadPoolExecutor.runWorker(ThreadPoolExecutor.java:1144)\n\tat java.base/java.util.concurrent.ThreadPoolExecutor$Worker.run(ThreadPoolExecutor.java:642)\n\tat java.base/java.lang.Thread.run(Thread.java:1583)\n"]
2026-03-11 14:37:55,133{GMT}	INFO	[jepsen worker 2] jepsen.util: 338	:invoke	:generate	nil
2026-03-11 14:37:55,134{GMT}	INFO	[jepsen worker 1] jepsen.util: 352	:info	:generate	nil	[:crash "Unexpected exception handling (msg c6 n1 {\"type\":\"generate\",\"msg_id\":118}) : java.lang.UnsupportedOperationException: Not a string: 118\njava.lang.UnsupportedOperationException: Not a string: 118\n\tat com.eclipsesource.json.JsonValue.asString(JsonValue.java:384)\n\tat com.eclipsesource.json.JsonObject.getString(JsonObject.java:674)\n\tat lab.UniqueId$1.accept(UniqueId.java:27)\n\tat lab.UniqueId$1.accept(UniqueId.java:24)\n\tat lab.Node.handleRequest(Node.java:97)\n\tat lab.Node.handleMessage(Node.java:71)\n\tat lab.Node.lambda$run$0(Node.java:44)\n\tat java.base/java.util.concurrent.ThreadPoolExecutor.runWorker(ThreadPoolExecutor.java:1144)\n\tat java.base/java.util.concurrent.ThreadPoolExecutor$Worker.run(ThreadPoolExecutor.java:642)\n\tat java.base/java.lang.Thread.run(Thread.java:1583)\n"]
2026-03-11 14:37:55,135{GMT}	INFO	[jepsen worker 0] jepsen.util: 378	:invoke	:generate	nil
2026-03-11 14:37:55,135{GMT}	INFO	[jepsen worker 2] jepsen.util: 338	:info	:generate	nil	[:crash "Unexpected exception handling (msg c7 n2 {\"type\":\"generate\",\"msg_id\":113}) : java.lang.UnsupportedOperationException: Not a string: 113\njava.lang.UnsupportedOperationException: Not a string: 113\n\tat com.eclipsesource.json.JsonValue.asString(JsonValue.java:384)\n\tat com.eclipsesource.json.JsonObject.getString(JsonObject.java:674)\n\tat lab.UniqueId$1.accept(UniqueId.java:27)\n\tat lab.UniqueId$1.accept(UniqueId.java:24)\n\tat lab.Node.handleRequest(Node.java:97)\n\tat lab.Node.handleMessage(Node.java:71)\n\tat lab.Node.lambda$run$0(Node.java:44)\n\tat java.base/java.util.concurrent.ThreadPoolExecutor.runWorker(ThreadPoolExecutor.java:1144)\n\tat java.base/java.util.concurrent.ThreadPoolExecutor$Worker.run(ThreadPoolExecutor.java:642)\n\tat java.base/java.lang.Thread.run(Thread.java:1583)\n"]
2026-03-11 14:37:55,136{GMT}	INFO	[jepsen worker 1] jepsen.util: 355	:invoke	:generate	nil
2026-03-11 14:37:55,137{GMT}	INFO	[jepsen worker 0] jepsen.util: 378	:info	:generate	nil	[:crash "Unexpected exception handling (msg c8 n0 {\"type\":\"generate\",\"msg_id\":127}) : java.lang.UnsupportedOperationException: Not a string: 127\njava.lang.UnsupportedOperationException: Not a string: 127\n\tat com.eclipsesource.json.JsonValue.asString(JsonValue.java:384)\n\tat com.eclipsesource.json.JsonObject.getString(JsonObject.java:674)\n\tat lab.UniqueId$1.accept(UniqueId.java:27)\n\tat lab.UniqueId$1.accept(UniqueId.java:24)\n\tat lab.Node.handleRequest(Node.java:97)\n\tat lab.Node.handleMessage(Node.java:71)\n\tat lab.Node.lambda$run$0(Node.java:44)\n\tat java.base/java.util.concurrent.ThreadPoolExecutor.runWorker(ThreadPoolExecutor.java:1144)\n\tat java.base/java.util.concurrent.ThreadPoolExecutor$Worker.run(ThreadPoolExecutor.java:642)\n\tat java.base/java.lang.Thread.run(Thread.java:1583)\n"]
2026-03-11 14:37:55,138{GMT}	INFO	[jepsen worker 1] jepsen.util: 355	:info	:generate	nil	[:crash "Unexpected exception handling (msg c6 n1 {\"type\":\"generate\",\"msg_id\":119}) : java.lang.UnsupportedOperationException: Not a string: 119\njava.lang.UnsupportedOperationException: Not a string: 119\n\tat com.eclipsesource.json.JsonValue.asString(JsonValue.java:384)\n\tat com.eclipsesource.json.JsonObject.getString(JsonObject.java:674)\n\tat lab.UniqueId$1.accept(UniqueId.java:27)\n\tat lab.UniqueId$1.accept(UniqueId.java:24)\n\tat lab.Node.handleRequest(Node.java:97)\n\tat lab.Node.handleMessage(Node.java:71)\n\tat lab.Node.lambda$run$0(Node.java:44)\n\tat java.base/java.util.concurrent.ThreadPoolExecutor.runWorker(ThreadPoolExecutor.java:1144)\n\tat java.base/java.util.concurrent.ThreadPoolExecutor$Worker.run(ThreadPoolExecutor.java:642)\n\tat java.base/java.lang.Thread.run(Thread.java:1583)\n"]
2026-03-11 14:37:55,138{GMT}	INFO	[jepsen worker 2] jepsen.util: 341	:invoke	:generate	nil
2026-03-11 14:37:55,145{GMT}	INFO	[jepsen worker 1] jepsen.util: 358	:invoke	:generate	nil
2026-03-11 14:37:55,145{GMT}	INFO	[jepsen worker 0] jepsen.util: 381	:invoke	:generate	nil
2026-03-11 14:37:55,146{GMT}	INFO	[jepsen worker 2] jepsen.util: 341	:info	:generate	nil	[:crash "Unexpected exception handling (msg c7 n2 {\"type\":\"generate\",\"msg_id\":114}) : java.lang.UnsupportedOperationException: Not a string: 114\njava.lang.UnsupportedOperationException: Not a string: 114\n\tat com.eclipsesource.json.JsonValue.asString(JsonValue.java:384)\n\tat com.eclipsesource.json.JsonObject.getString(JsonObject.java:674)\n\tat lab.UniqueId$1.accept(UniqueId.java:27)\n\tat lab.UniqueId$1.accept(UniqueId.java:24)\n\tat lab.Node.handleRequest(Node.java:97)\n\tat lab.Node.handleMessage(Node.java:71)\n\tat lab.Node.lambda$run$0(Node.java:44)\n\tat java.base/java.util.concurrent.ThreadPoolExecutor.runWorker(ThreadPoolExecutor.java:1144)\n\tat java.base/java.util.concurrent.ThreadPoolExecutor$Worker.run(ThreadPoolExecutor.java:642)\n\tat java.base/java.lang.Thread.run(Thread.java:1583)\n"]
2026-03-11 14:37:55,147{GMT}	INFO	[jepsen worker 0] jepsen.util: 381	:info	:generate	nil	[:crash "Unexpected exception handling (msg c8 n0 {\"type\":\"generate\",\"msg_id\":128}) : java.lang.UnsupportedOperationException: Not a string: 128\njava.lang.UnsupportedOperationException: Not a string: 128\n\tat com.eclipsesource.json.JsonValue.asString(JsonValue.java:384)\n\tat com.eclipsesource.json.JsonObject.getString(JsonObject.java:674)\n\tat lab.UniqueId$1.accept(UniqueId.java:27)\n\tat lab.UniqueId$1.accept(UniqueId.java:24)\n\tat lab.Node.handleRequest(Node.java:97)\n\tat lab.Node.handleMessage(Node.java:71)\n\tat lab.Node.lambda$run$0(Node.java:44)\n\tat java.base/java.util.concurrent.ThreadPoolExecutor.runWorker(ThreadPoolExecutor.java:1144)\n\tat java.base/java.util.concurrent.ThreadPoolExecutor$Worker.run(ThreadPoolExecutor.java:642)\n\tat java.base/java.lang.Thread.run(Thread.java:1583)\n"]
2026-03-11 14:37:55,147{GMT}	INFO	[jepsen worker 1] jepsen.util: 358	:info	:generate	nil	[:crash "Unexpected exception handling (msg c6 n1 {\"type\":\"generate\",\"msg_id\":120}) : java.lang.UnsupportedOperationException: Not a string: 120\njava.lang.UnsupportedOperationException: Not a string: 120\n\tat com.eclipsesource.json.JsonValue.asString(JsonValue.java:384)\n\tat com.eclipsesource.json.JsonObject.getString(JsonObject.java:674)\n\tat lab.UniqueId$1.accept(UniqueId.java:27)\n\tat lab.UniqueId$1.accept(UniqueId.java:24)\n\tat lab.Node.handleRequest(Node.java:97)\n\tat lab.Node.handleMessage(Node.java:71)\n\tat lab.Node.lambda$run$0(Node.java:44)\n\tat java.base/java.util.concurrent.ThreadPoolExecutor.runWorker(ThreadPoolExecutor.java:1144)\n\tat java.base/java.util.concurrent.ThreadPoolExecutor$Worker.run(ThreadPoolExecutor.java:642)\n\tat java.base/java.lang.Thread.run(Thread.java:1583)\n"]
2026-03-11 14:37:55,148{GMT}	INFO	[jepsen worker 0] jepsen.util: 384	:invoke	:generate	nil
2026-03-11 14:37:55,150{GMT}	INFO	[jepsen worker 0] jepsen.util: 384	:info	:generate	nil	[:crash "Unexpected exception handling (msg c8 n0 {\"type\":\"generate\",\"msg_id\":129}) : java.lang.UnsupportedOperationException: Not a string: 129\njava.lang.UnsupportedOperationException: Not a string: 129\n\tat com.eclipsesource.json.JsonValue.asString(JsonValue.java:384)\n\tat com.eclipsesource.json.JsonObject.getString(JsonObject.java:674)\n\tat lab.UniqueId$1.accept(UniqueId.java:27)\n\tat lab.UniqueId$1.accept(UniqueId.java:24)\n\tat lab.Node.handleRequest(Node.java:97)\n\tat lab.Node.handleMessage(Node.java:71)\n\tat lab.Node.lambda$run$0(Node.java:44)\n\tat java.base/java.util.concurrent.ThreadPoolExecutor.runWorker(ThreadPoolExecutor.java:1144)\n\tat java.base/java.util.concurrent.ThreadPoolExecutor$Worker.run(ThreadPoolExecutor.java:642)\n\tat java.base/java.lang.Thread.run(Thread.java:1583)\n"]
2026-03-11 14:37:55,150{GMT}	INFO	[jepsen worker 2] jepsen.util: 344	:invoke	:generate	nil
2026-03-11 14:37:55,151{GMT}	INFO	[jepsen worker 0] jepsen.util: 387	:invoke	:generate	nil
2026-03-11 14:37:55,153{GMT}	INFO	[jepsen worker 1] jepsen.util: 361	:invoke	:generate	nil
2026-03-11 14:37:55,153{GMT}	INFO	[jepsen worker 2] jepsen.util: 344	:info	:generate	nil	[:crash "Unexpected exception handling (msg c7 n2 {\"type\":\"generate\",\"msg_id\":115}) : java.lang.UnsupportedOperationException: Not a string: 115\njava.lang.UnsupportedOperationException: Not a string: 115\n\tat com.eclipsesource.json.JsonValue.asString(JsonValue.java:384)\n\tat com.eclipsesource.json.JsonObject.getString(JsonObject.java:674)\n\tat lab.UniqueId$1.accept(UniqueId.java:27)\n\tat lab.UniqueId$1.accept(UniqueId.java:24)\n\tat lab.Node.handleRequest(Node.java:97)\n\tat lab.Node.handleMessage(Node.java:71)\n\tat lab.Node.lambda$run$0(Node.java:44)\n\tat java.base/java.util.concurrent.ThreadPoolExecutor.runWorker(ThreadPoolExecutor.java:1144)\n\tat java.base/java.util.concurrent.ThreadPoolExecutor$Worker.run(ThreadPoolExecutor.java:642)\n\tat java.base/java.lang.Thread.run(Thread.java:1583)\n"]
2026-03-11 14:37:55,154{GMT}	INFO	[jepsen worker 2] jepsen.util: 347	:invoke	:generate	nil
2026-03-11 14:37:55,154{GMT}	INFO	[jepsen worker 0] jepsen.util: 387	:info	:generate	nil	[:crash "Unexpected exception handling (msg c8 n0 {\"type\":\"generate\",\"msg_id\":130}) : java.lang.UnsupportedOperationException: Not a string: 130\njava.lang.UnsupportedOperationException: Not a string: 130\n\tat com.eclipsesource.json.JsonValue.asString(JsonValue.java:384)\n\tat com.eclipsesource.json.JsonObject.getString(JsonObject.java:674)\n\tat lab.UniqueId$1.accept(UniqueId.java:27)\n\tat lab.UniqueId$1.accept(UniqueId.java:24)\n\tat lab.Node.handleRequest(Node.java:97)\n\tat lab.Node.handleMessage(Node.java:71)\n\tat lab.Node.lambda$run$0(Node.java:44)\n\tat java.base/java.util.concurrent.ThreadPoolExecutor.runWorker(ThreadPoolExecutor.java:1144)\n\tat java.base/java.util.concurrent.ThreadPoolExecutor$Worker.run(ThreadPoolExecutor.java:642)\n\tat java.base/java.lang.Thread.run(Thread.java:1583)\n"]
2026-03-11 14:37:55,155{GMT}	INFO	[jepsen worker 0] jepsen.util: 390	:invoke	:generate	nil
2026-03-11 14:37:55,155{GMT}	INFO	[jepsen worker 1] jepsen.util: 361	:info	:generate	nil	[:crash "Unexpected exception handling (msg c6 n1 {\"type\":\"generate\",\"msg_id\":121}) : java.lang.UnsupportedOperationException: Not a string: 121\njava.lang.UnsupportedOperationException: Not a string: 121\n\tat com.eclipsesource.json.JsonValue.asString(JsonValue.java:384)\n\tat com.eclipsesource.json.JsonObject.getString(JsonObject.java:674)\n\tat lab.UniqueId$1.accept(UniqueId.java:27)\n\tat lab.UniqueId$1.accept(UniqueId.java:24)\n\tat lab.Node.handleRequest(Node.java:97)\n\tat lab.Node.handleMessage(Node.java:71)\n\tat lab.Node.lambda$run$0(Node.java:44)\n\tat java.base/java.util.concurrent.ThreadPoolExecutor.runWorker(ThreadPoolExecutor.java:1144)\n\tat java.base/java.util.concurrent.ThreadPoolExecutor$Worker.run(ThreadPoolExecutor.java:642)\n\tat java.base/java.lang.Thread.run(Thread.java:1583)\n"]
2026-03-11 14:37:55,157{GMT}	INFO	[jepsen worker 0] jepsen.util: 390	:info	:generate	nil	[:crash "Unexpected exception handling (msg c8 n0 {\"type\":\"generate\",\"msg_id\":131}) : java.lang.UnsupportedOperationException: Not a string: 131\njava.lang.UnsupportedOperationException: Not a string: 131\n\tat com.eclipsesource.json.JsonValue.asString(JsonValue.java:384)\n\tat com.eclipsesource.json.JsonObject.getString(JsonObject.java:674)\n\tat lab.UniqueId$1.accept(UniqueId.java:27)\n\tat lab.UniqueId$1.accept(UniqueId.java:24)\n\tat lab.Node.handleRequest(Node.java:97)\n\tat lab.Node.handleMessage(Node.java:71)\n\tat lab.Node.lambda$run$0(Node.java:44)\n\tat java.base/java.util.concurrent.ThreadPoolExecutor.runWorker(ThreadPoolExecutor.java:1144)\n\tat java.base/java.util.concurrent.ThreadPoolExecutor$Worker.run(ThreadPoolExecutor.java:642)\n\tat java.base/java.lang.Thread.run(Thread.java:1583)\n"]
2026-03-11 14:37:55,158{GMT}	INFO	[jepsen worker 2] jepsen.util: 347	:info	:generate	nil	[:crash "Unexpected exception handling (msg c7 n2 {\"type\":\"generate\",\"msg_id\":116}) : java.lang.UnsupportedOperationException: Not a string: 116\njava.lang.UnsupportedOperationException: Not a string: 116\n\tat com.eclipsesource.json.JsonValue.asString(JsonValue.java:384)\n\tat com.eclipsesource.json.JsonObject.getString(JsonObject.java:674)\n\tat lab.UniqueId$1.accept(UniqueId.java:27)\n\tat lab.UniqueId$1.accept(UniqueId.java:24)\n\tat lab.Node.handleRequest(Node.java:97)\n\tat lab.Node.handleMessage(Node.java:71)\n\tat lab.Node.lambda$run$0(Node.java:44)\n\tat java.base/java.util.concurrent.ThreadPoolExecutor.runWorker(ThreadPoolExecutor.java:1144)\n\tat java.base/java.util.concurrent.ThreadPoolExecutor$Worker.run(ThreadPoolExecutor.java:642)\n\tat java.base/java.lang.Thread.run(Thread.java:1583)\n"]
2026-03-11 14:37:55,158{GMT}	INFO	[jepsen worker 1] jepsen.util: 364	:invoke	:generate	nil
2026-03-11 14:37:55,158{GMT}	INFO	[jepsen worker 0] jepsen.util: 393	:invoke	:generate	nil
2026-03-11 14:37:55,159{GMT}	INFO	[jepsen worker 2] jepsen.util: 350	:invoke	:generate	nil
2026-03-11 14:37:55,160{GMT}	INFO	[jepsen worker 2] jepsen.util: 350	:info	:generate	nil	[:crash "Unexpected exception handling (msg c7 n2 {\"type\":\"generate\",\"msg_id\":117}) : java.lang.UnsupportedOperationException: Not a string: 117\njava.lang.UnsupportedOperationException: Not a string: 117\n\tat com.eclipsesource.json.JsonValue.asString(JsonValue.java:384)\n\tat com.eclipsesource.json.JsonObject.getString(JsonObject.java:674)\n\tat lab.UniqueId$1.accept(UniqueId.java:27)\n\tat lab.UniqueId$1.accept(UniqueId.java:24)\n\tat lab.Node.handleRequest(Node.java:97)\n\tat lab.Node.handleMessage(Node.java:71)\n\tat lab.Node.lambda$run$0(Node.java:44)\n\tat java.base/java.util.concurrent.ThreadPoolExecutor.runWorker(ThreadPoolExecutor.java:1144)\n\tat java.base/java.util.concurrent.ThreadPoolExecutor$Worker.run(ThreadPoolExecutor.java:642)\n\tat java.base/java.lang.Thread.run(Thread.java:1583)\n"]
2026-03-11 14:37:55,160{GMT}	INFO	[jepsen worker 1] jepsen.util: 364	:info	:generate	nil	[:crash "Unexpected exception handling (msg c6 n1 {\"type\":\"generate\",\"msg_id\":122}) : java.lang.UnsupportedOperationException: Not a string: 122\njava.lang.UnsupportedOperationException: Not a string: 122\n\tat com.eclipsesource.json.JsonValue.asString(JsonValue.java:384)\n\tat com.eclipsesource.json.JsonObject.getString(JsonObject.java:674)\n\tat lab.UniqueId$1.accept(UniqueId.java:27)\n\tat lab.UniqueId$1.accept(UniqueId.java:24)\n\tat lab.Node.handleRequest(Node.java:97)\n\tat lab.Node.handleMessage(Node.java:71)\n\tat lab.Node.lambda$run$0(Node.java:44)\n\tat java.base/java.util.concurrent.ThreadPoolExecutor.runWorker(ThreadPoolExecutor.java:1144)\n\tat java.base/java.util.concurrent.ThreadPoolExecutor$Worker.run(ThreadPoolExecutor.java:642)\n\tat java.base/java.lang.Thread.run(Thread.java:1583)\n"]
2026-03-11 14:37:55,160{GMT}	INFO	[jepsen worker 0] jepsen.util: 393	:info	:generate	nil	[:crash "Unexpected exception handling (msg c8 n0 {\"type\":\"generate\",\"msg_id\":132}) : java.lang.UnsupportedOperationException: Not a string: 132\njava.lang.UnsupportedOperationException: Not a string: 132\n\tat com.eclipsesource.json.JsonValue.asString(JsonValue.java:384)\n\tat com.eclipsesource.json.JsonObject.getString(JsonObject.java:674)\n\tat lab.UniqueId$1.accept(UniqueId.java:27)\n\tat lab.UniqueId$1.accept(UniqueId.java:24)\n\tat lab.Node.handleRequest(Node.java:97)\n\tat lab.Node.handleMessage(Node.java:71)\n\tat lab.Node.lambda$run$0(Node.java:44)\n\tat java.base/java.util.concurrent.ThreadPoolExecutor.runWorker(ThreadPoolExecutor.java:1144)\n\tat java.base/java.util.concurrent.ThreadPoolExecutor$Worker.run(ThreadPoolExecutor.java:642)\n\tat java.base/java.lang.Thread.run(Thread.java:1583)\n"]
2026-03-11 14:37:55,162{GMT}	INFO	[jepsen worker 2] jepsen.util: 353	:invoke	:generate	nil
2026-03-11 14:37:55,166{GMT}	INFO	[jepsen worker 1] jepsen.util: 367	:invoke	:generate	nil
2026-03-11 14:37:55,166{GMT}	INFO	[jepsen worker 0] jepsen.util: 396	:invoke	:generate	nil
2026-03-11 14:37:55,168{GMT}	INFO	[jepsen worker 1] jepsen.util: 367	:info	:generate	nil	[:crash "Unexpected exception handling (msg c6 n1 {\"type\":\"generate\",\"msg_id\":123}) : java.lang.UnsupportedOperationException: Not a string: 123\njava.lang.UnsupportedOperationException: Not a string: 123\n\tat com.eclipsesource.json.JsonValue.asString(JsonValue.java:384)\n\tat com.eclipsesource.json.JsonObject.getString(JsonObject.java:674)\n\tat lab.UniqueId$1.accept(UniqueId.java:27)\n\tat lab.UniqueId$1.accept(UniqueId.java:24)\n\tat lab.Node.handleRequest(Node.java:97)\n\tat lab.Node.handleMessage(Node.java:71)\n\tat lab.Node.lambda$run$0(Node.java:44)\n\tat java.base/java.util.concurrent.ThreadPoolExecutor.runWorker(ThreadPoolExecutor.java:1144)\n\tat java.base/java.util.concurrent.ThreadPoolExecutor$Worker.run(ThreadPoolExecutor.java:642)\n\tat java.base/java.lang.Thread.run(Thread.java:1583)\n"]
2026-03-11 14:37:55,168{GMT}	INFO	[jepsen worker 0] jepsen.util: 396	:info	:generate	nil	[:crash "Unexpected exception handling (msg c8 n0 {\"type\":\"generate\",\"msg_id\":133}) : java.lang.UnsupportedOperationException: Not a string: 133\njava.lang.UnsupportedOperationException: Not a string: 133\n\tat com.eclipsesource.json.JsonValue.asString(JsonValue.java:384)\n\tat com.eclipsesource.json.JsonObject.getString(JsonObject.java:674)\n\tat lab.UniqueId$1.accept(UniqueId.java:27)\n\tat lab.UniqueId$1.accept(UniqueId.java:24)\n\tat lab.Node.handleRequest(Node.java:97)\n\tat lab.Node.handleMessage(Node.java:71)\n\tat lab.Node.lambda$run$0(Node.java:44)\n\tat java.base/java.util.concurrent.ThreadPoolExecutor.runWorker(ThreadPoolExecutor.java:1144)\n\tat java.base/java.util.concurrent.ThreadPoolExecutor$Worker.run(ThreadPoolExecutor.java:642)\n\tat java.base/java.lang.Thread.run(Thread.java:1583)\n"]
2026-03-11 14:37:55,168{GMT}	INFO	[jepsen worker 2] jepsen.util: 353	:info	:generate	nil	[:crash "Unexpected exception handling (msg c7 n2 {\"type\":\"generate\",\"msg_id\":118}) : java.lang.UnsupportedOperationException: Not a string: 118\njava.lang.UnsupportedOperationException: Not a string: 118\n\tat com.eclipsesource.json.JsonValue.asString(JsonValue.java:384)\n\tat com.eclipsesource.json.JsonObject.getString(JsonObject.java:674)\n\tat lab.UniqueId$1.accept(UniqueId.java:27)\n\tat lab.UniqueId$1.accept(UniqueId.java:24)\n\tat lab.Node.handleRequest(Node.java:97)\n\tat lab.Node.handleMessage(Node.java:71)\n\tat lab.Node.lambda$run$0(Node.java:44)\n\tat java.base/java.util.concurrent.ThreadPoolExecutor.runWorker(ThreadPoolExecutor.java:1144)\n\tat java.base/java.util.concurrent.ThreadPoolExecutor$Worker.run(ThreadPoolExecutor.java:642)\n\tat java.base/java.lang.Thread.run(Thread.java:1583)\n"]
2026-03-11 14:37:55,176{GMT}	INFO	[jepsen worker 0] jepsen.util: 399	:invoke	:generate	nil
2026-03-11 14:37:55,176{GMT}	INFO	[jepsen worker 1] jepsen.util: 370	:invoke	:generate	nil
2026-03-11 14:37:55,176{GMT}	INFO	[jepsen worker 2] jepsen.util: 356	:invoke	:generate	nil
2026-03-11 14:37:55,178{GMT}	INFO	[jepsen worker 0] jepsen.util: 399	:info	:generate	nil	[:crash "Unexpected exception handling (msg c8 n0 {\"type\":\"generate\",\"msg_id\":134}) : java.lang.UnsupportedOperationException: Not a string: 134\njava.lang.UnsupportedOperationException: Not a string: 134\n\tat com.eclipsesource.json.JsonValue.asString(JsonValue.java:384)\n\tat com.eclipsesource.json.JsonObject.getString(JsonObject.java:674)\n\tat lab.UniqueId$1.accept(UniqueId.java:27)\n\tat lab.UniqueId$1.accept(UniqueId.java:24)\n\tat lab.Node.handleRequest(Node.java:97)\n\tat lab.Node.handleMessage(Node.java:71)\n\tat lab.Node.lambda$run$0(Node.java:44)\n\tat java.base/java.util.concurrent.ThreadPoolExecutor.runWorker(ThreadPoolExecutor.java:1144)\n\tat java.base/java.util.concurrent.ThreadPoolExecutor$Worker.run(ThreadPoolExecutor.java:642)\n\tat java.base/java.lang.Thread.run(Thread.java:1583)\n"]
2026-03-11 14:37:55,178{GMT}	INFO	[jepsen worker 1] jepsen.util: 370	:info	:generate	nil	[:crash "Unexpected exception handling (msg c6 n1 {\"type\":\"generate\",\"msg_id\":124}) : java.lang.UnsupportedOperationException: Not a string: 124\njava.lang.UnsupportedOperationException: Not a string: 124\n\tat com.eclipsesource.json.JsonValue.asString(JsonValue.java:384)\n\tat com.eclipsesource.json.JsonObject.getString(JsonObject.java:674)\n\tat lab.UniqueId$1.accept(UniqueId.java:27)\n\tat lab.UniqueId$1.accept(UniqueId.java:24)\n\tat lab.Node.handleRequest(Node.java:97)\n\tat lab.Node.handleMessage(Node.java:71)\n\tat lab.Node.lambda$run$0(Node.java:44)\n\tat java.base/java.util.concurrent.ThreadPoolExecutor.runWorker(ThreadPoolExecutor.java:1144)\n\tat java.base/java.util.concurrent.ThreadPoolExecutor$Worker.run(ThreadPoolExecutor.java:642)\n\tat java.base/java.lang.Thread.run(Thread.java:1583)\n"]
2026-03-11 14:37:55,178{GMT}	INFO	[jepsen worker 2] jepsen.util: 356	:info	:generate	nil	[:crash "Unexpected exception handling (msg c7 n2 {\"type\":\"generate\",\"msg_id\":119}) : java.lang.UnsupportedOperationException: Not a string: 119\njava.lang.UnsupportedOperationException: Not a string: 119\n\tat com.eclipsesource.json.JsonValue.asString(JsonValue.java:384)\n\tat com.eclipsesource.json.JsonObject.getString(JsonObject.java:674)\n\tat lab.UniqueId$1.accept(UniqueId.java:27)\n\tat lab.UniqueId$1.accept(UniqueId.java:24)\n\tat lab.Node.handleRequest(Node.java:97)\n\tat lab.Node.handleMessage(Node.java:71)\n\tat lab.Node.lambda$run$0(Node.java:44)\n\tat java.base/java.util.concurrent.ThreadPoolExecutor.runWorker(ThreadPoolExecutor.java:1144)\n\tat java.base/java.util.concurrent.ThreadPoolExecutor$Worker.run(ThreadPoolExecutor.java:642)\n\tat java.base/java.lang.Thread.run(Thread.java:1583)\n"]
2026-03-11 14:37:55,178{GMT}	INFO	[jepsen worker 0] jepsen.util: 402	:invoke	:generate	nil
2026-03-11 14:37:55,183{GMT}	INFO	[jepsen worker 1] jepsen.util: 373	:invoke	:generate	nil
2026-03-11 14:37:55,183{GMT}	INFO	[jepsen worker 2] jepsen.util: 359	:invoke	:generate	nil
2026-03-11 14:37:55,185{GMT}	INFO	[jepsen worker 2] jepsen.util: 359	:info	:generate	nil	[:crash "Unexpected exception handling (msg c7 n2 {\"type\":\"generate\",\"msg_id\":120}) : java.lang.UnsupportedOperationException: Not a string: 120\njava.lang.UnsupportedOperationException: Not a string: 120\n\tat com.eclipsesource.json.JsonValue.asString(JsonValue.java:384)\n\tat com.eclipsesource.json.JsonObject.getString(JsonObject.java:674)\n\tat lab.UniqueId$1.accept(UniqueId.java:27)\n\tat lab.UniqueId$1.accept(UniqueId.java:24)\n\tat lab.Node.handleRequest(Node.java:97)\n\tat lab.Node.handleMessage(Node.java:71)\n\tat lab.Node.lambda$run$0(Node.java:44)\n\tat java.base/java.util.concurrent.ThreadPoolExecutor.runWorker(ThreadPoolExecutor.java:1144)\n\tat java.base/java.util.concurrent.ThreadPoolExecutor$Worker.run(ThreadPoolExecutor.java:642)\n\tat java.base/java.lang.Thread.run(Thread.java:1583)\n"]
2026-03-11 14:37:55,185{GMT}	INFO	[jepsen worker 0] jepsen.util: 402	:info	:generate	nil	[:crash "Unexpected exception handling (msg c8 n0 {\"type\":\"generate\",\"msg_id\":135}) : java.lang.UnsupportedOperationException: Not a string: 135\njava.lang.UnsupportedOperationException: Not a string: 135\n\tat com.eclipsesource.json.JsonValue.asString(JsonValue.java:384)\n\tat com.eclipsesource.json.JsonObject.getString(JsonObject.java:674)\n\tat lab.UniqueId$1.accept(UniqueId.java:27)\n\tat lab.UniqueId$1.accept(UniqueId.java:24)\n\tat lab.Node.handleRequest(Node.java:97)\n\tat lab.Node.handleMessage(Node.java:71)\n\tat lab.Node.lambda$run$0(Node.java:44)\n\tat java.base/java.util.concurrent.ThreadPoolExecutor.runWorker(ThreadPoolExecutor.java:1144)\n\tat java.base/java.util.concurrent.ThreadPoolExecutor$Worker.run(ThreadPoolExecutor.java:642)\n\tat java.base/java.lang.Thread.run(Thread.java:1583)\n"]
2026-03-11 14:37:55,185{GMT}	INFO	[jepsen worker 1] jepsen.util: 373	:info	:generate	nil	[:crash "Unexpected exception handling (msg c6 n1 {\"type\":\"generate\",\"msg_id\":125}) : java.lang.UnsupportedOperationException: Not a string: 125\njava.lang.UnsupportedOperationException: Not a string: 125\n\tat com.eclipsesource.json.JsonValue.asString(JsonValue.java:384)\n\tat com.eclipsesource.json.JsonObject.getString(JsonObject.java:674)\n\tat lab.UniqueId$1.accept(UniqueId.java:27)\n\tat lab.UniqueId$1.accept(UniqueId.java:24)\n\tat lab.Node.handleRequest(Node.java:97)\n\tat lab.Node.handleMessage(Node.java:71)\n\tat lab.Node.lambda$run$0(Node.java:44)\n\tat java.base/java.util.concurrent.ThreadPoolExecutor.runWorker(ThreadPoolExecutor.java:1144)\n\tat java.base/java.util.concurrent.ThreadPoolExecutor$Worker.run(ThreadPoolExecutor.java:642)\n\tat java.base/java.lang.Thread.run(Thread.java:1583)\n"]
2026-03-11 14:37:55,185{GMT}	INFO	[jepsen worker 2] jepsen.util: 362	:invoke	:generate	nil
2026-03-11 14:37:55,187{GMT}	INFO	[jepsen worker 0] jepsen.util: 405	:invoke	:generate	nil
2026-03-11 14:37:55,200{GMT}	INFO	[jepsen worker 1] jepsen.util: 376	:invoke	:generate	nil
2026-03-11 14:37:55,201{GMT}	INFO	[jepsen worker 2] jepsen.util: 362	:info	:generate	nil	[:crash "Unexpected exception handling (msg c7 n2 {\"type\":\"generate\",\"msg_id\":121}) : java.lang.UnsupportedOperationException: Not a string: 121\njava.lang.UnsupportedOperationException: Not a string: 121\n\tat com.eclipsesource.json.JsonValue.asString(JsonValue.java:384)\n\tat com.eclipsesource.json.JsonObject.getString(JsonObject.java:674)\n\tat lab.UniqueId$1.accept(UniqueId.java:27)\n\tat lab.UniqueId$1.accept(UniqueId.java:24)\n\tat lab.Node.handleRequest(Node.java:97)\n\tat lab.Node.handleMessage(Node.java:71)\n\tat lab.Node.lambda$run$0(Node.java:44)\n\tat java.base/java.util.concurrent.ThreadPoolExecutor.runWorker(ThreadPoolExecutor.java:1144)\n\tat java.base/java.util.concurrent.ThreadPoolExecutor$Worker.run(ThreadPoolExecutor.java:642)\n\tat java.base/java.lang.Thread.run(Thread.java:1583)\n"]
2026-03-11 14:37:55,202{GMT}	INFO	[jepsen worker 0] jepsen.util: 405	:info	:generate	nil	[:crash "Unexpected exception handling (msg c8 n0 {\"type\":\"generate\",\"msg_id\":136}) : java.lang.UnsupportedOperationException: Not a string: 136\njava.lang.UnsupportedOperationException: Not a string: 136\n\tat com.eclipsesource.json.JsonValue.asString(JsonValue.java:384)\n\tat com.eclipsesource.json.JsonObject.getString(JsonObject.java:674)\n\tat lab.UniqueId$1.accept(UniqueId.java:27)\n\tat lab.UniqueId$1.accept(UniqueId.java:24)\n\tat lab.Node.handleRequest(Node.java:97)\n\tat lab.Node.handleMessage(Node.java:71)\n\tat lab.Node.lambda$run$0(Node.java:44)\n\tat java.base/java.util.concurrent.ThreadPoolExecutor.runWorker(ThreadPoolExecutor.java:1144)\n\tat java.base/java.util.concurrent.ThreadPoolExecutor$Worker.run(ThreadPoolExecutor.java:642)\n\tat java.base/java.lang.Thread.run(Thread.java:1583)\n"]
2026-03-11 14:37:55,202{GMT}	INFO	[jepsen worker 2] jepsen.util: 365	:invoke	:generate	nil
2026-03-11 14:37:55,202{GMT}	INFO	[jepsen worker 1] jepsen.util: 376	:info	:generate	nil	[:crash "Unexpected exception handling (msg c6 n1 {\"type\":\"generate\",\"msg_id\":126}) : java.lang.UnsupportedOperationException: Not a string: 126\njava.lang.UnsupportedOperationException: Not a string: 126\n\tat com.eclipsesource.json.JsonValue.asString(JsonValue.java:384)\n\tat com.eclipsesource.json.JsonObject.getString(JsonObject.java:674)\n\tat lab.UniqueId$1.accept(UniqueId.java:27)\n\tat lab.UniqueId$1.accept(UniqueId.java:24)\n\tat lab.Node.handleRequest(Node.java:97)\n\tat lab.Node.handleMessage(Node.java:71)\n\tat lab.Node.lambda$run$0(Node.java:44)\n\tat java.base/java.util.concurrent.ThreadPoolExecutor.runWorker(ThreadPoolExecutor.java:1144)\n\tat java.base/java.util.concurrent.ThreadPoolExecutor$Worker.run(ThreadPoolExecutor.java:642)\n\tat java.base/java.lang.Thread.run(Thread.java:1583)\n"]
2026-03-11 14:37:55,202{GMT}	INFO	[jepsen worker 0] jepsen.util: 408	:invoke	:generate	nil
2026-03-11 14:37:55,203{GMT}	INFO	[jepsen worker 2] jepsen.util: 365	:info	:generate	nil	[:crash "Unexpected exception handling (msg c7 n2 {\"type\":\"generate\",\"msg_id\":122}) : java.lang.UnsupportedOperationException: Not a string: 122\njava.lang.UnsupportedOperationException: Not a string: 122\n\tat com.eclipsesource.json.JsonValue.asString(JsonValue.java:384)\n\tat com.eclipsesource.json.JsonObject.getString(JsonObject.java:674)\n\tat lab.UniqueId$1.accept(UniqueId.java:27)\n\tat lab.UniqueId$1.accept(UniqueId.java:24)\n\tat lab.Node.handleRequest(Node.java:97)\n\tat lab.Node.handleMessage(Node.java:71)\n\tat lab.Node.lambda$run$0(Node.java:44)\n\tat java.base/java.util.concurrent.ThreadPoolExecutor.runWorker(ThreadPoolExecutor.java:1144)\n\tat java.base/java.util.concurrent.ThreadPoolExecutor$Worker.run(ThreadPoolExecutor.java:642)\n\tat java.base/java.lang.Thread.run(Thread.java:1583)\n"]
2026-03-11 14:37:55,204{GMT}	INFO	[jepsen worker 1] jepsen.util: 379	:invoke	:generate	nil
2026-03-11 14:37:55,204{GMT}	INFO	[jepsen worker 0] jepsen.util: 408	:info	:generate	nil	[:crash "Unexpected exception handling (msg c8 n0 {\"type\":\"generate\",\"msg_id\":137}) : java.lang.UnsupportedOperationException: Not a string: 137\njava.lang.UnsupportedOperationException: Not a string: 137\n\tat com.eclipsesource.json.JsonValue.asString(JsonValue.java:384)\n\tat com.eclipsesource.json.JsonObject.getString(JsonObject.java:674)\n\tat lab.UniqueId$1.accept(UniqueId.java:27)\n\tat lab.UniqueId$1.accept(UniqueId.java:24)\n\tat lab.Node.handleRequest(Node.java:97)\n\tat lab.Node.handleMessage(Node.java:71)\n\tat lab.Node.lambda$run$0(Node.java:44)\n\tat java.base/java.util.concurrent.ThreadPoolExecutor.runWorker(ThreadPoolExecutor.java:1144)\n\tat java.base/java.util.concurrent.ThreadPoolExecutor$Worker.run(ThreadPoolExecutor.java:642)\n\tat java.base/java.lang.Thread.run(Thread.java:1583)\n"]
2026-03-11 14:37:55,205{GMT}	INFO	[jepsen worker 0] jepsen.util: 411	:invoke	:generate	nil
2026-03-11 14:37:55,206{GMT}	INFO	[jepsen worker 1] jepsen.util: 379	:info	:generate	nil	[:crash "Unexpected exception handling (msg c6 n1 {\"type\":\"generate\",\"msg_id\":127}) : java.lang.UnsupportedOperationException: Not a string: 127\njava.lang.UnsupportedOperationException: Not a string: 127\n\tat com.eclipsesource.json.JsonValue.asString(JsonValue.java:384)\n\tat com.eclipsesource.json.JsonObject.getString(JsonObject.java:674)\n\tat lab.UniqueId$1.accept(UniqueId.java:27)\n\tat lab.UniqueId$1.accept(UniqueId.java:24)\n\tat lab.Node.handleRequest(Node.java:97)\n\tat lab.Node.handleMessage(Node.java:71)\n\tat lab.Node.lambda$run$0(Node.java:44)\n\tat java.base/java.util.concurrent.ThreadPoolExecutor.runWorker(ThreadPoolExecutor.java:1144)\n\tat java.base/java.util.concurrent.ThreadPoolExecutor$Worker.run(ThreadPoolExecutor.java:642)\n\tat java.base/java.lang.Thread.run(Thread.java:1583)\n"]
2026-03-11 14:37:55,206{GMT}	INFO	[jepsen worker 2] jepsen.util: 368	:invoke	:generate	nil
2026-03-11 14:37:55,206{GMT}	INFO	[jepsen worker 1] jepsen.util: 382	:invoke	:generate	nil
2026-03-11 14:37:55,207{GMT}	INFO	[jepsen worker 0] jepsen.util: 411	:info	:generate	nil	[:crash "Unexpected exception handling (msg c8 n0 {\"type\":\"generate\",\"msg_id\":138}) : java.lang.UnsupportedOperationException: Not a string: 138\njava.lang.UnsupportedOperationException: Not a string: 138\n\tat com.eclipsesource.json.JsonValue.asString(JsonValue.java:384)\n\tat com.eclipsesource.json.JsonObject.getString(JsonObject.java:674)\n\tat lab.UniqueId$1.accept(UniqueId.java:27)\n\tat lab.UniqueId$1.accept(UniqueId.java:24)\n\tat lab.Node.handleRequest(Node.java:97)\n\tat lab.Node.handleMessage(Node.java:71)\n\tat lab.Node.lambda$run$0(Node.java:44)\n\tat java.base/java.util.concurrent.ThreadPoolExecutor.runWorker(ThreadPoolExecutor.java:1144)\n\tat java.base/java.util.concurrent.ThreadPoolExecutor$Worker.run(ThreadPoolExecutor.java:642)\n\tat java.base/java.lang.Thread.run(Thread.java:1583)\n"]
2026-03-11 14:37:55,208{GMT}	INFO	[jepsen worker 2] jepsen.util: 368	:info	:generate	nil	[:crash "Unexpected exception handling (msg c7 n2 {\"type\":\"generate\",\"msg_id\":123}) : java.lang.UnsupportedOperationException: Not a string: 123\njava.lang.UnsupportedOperationException: Not a string: 123\n\tat com.eclipsesource.json.JsonValue.asString(JsonValue.java:384)\n\tat com.eclipsesource.json.JsonObject.getString(JsonObject.java:674)\n\tat lab.UniqueId$1.accept(UniqueId.java:27)\n\tat lab.UniqueId$1.accept(UniqueId.java:24)\n\tat lab.Node.handleRequest(Node.java:97)\n\tat lab.Node.handleMessage(Node.java:71)\n\tat lab.Node.lambda$run$0(Node.java:44)\n\tat java.base/java.util.concurrent.ThreadPoolExecutor.runWorker(ThreadPoolExecutor.java:1144)\n\tat java.base/java.util.concurrent.ThreadPoolExecutor$Worker.run(ThreadPoolExecutor.java:642)\n\tat java.base/java.lang.Thread.run(Thread.java:1583)\n"]
2026-03-11 14:37:55,208{GMT}	INFO	[jepsen worker 0] jepsen.util: 414	:invoke	:generate	nil
2026-03-11 14:37:55,209{GMT}	INFO	[jepsen worker 1] jepsen.util: 382	:info	:generate	nil	[:crash "Unexpected exception handling (msg c6 n1 {\"type\":\"generate\",\"msg_id\":128}) : java.lang.UnsupportedOperationException: Not a string: 128\njava.lang.UnsupportedOperationException: Not a string: 128\n\tat com.eclipsesource.json.JsonValue.asString(JsonValue.java:384)\n\tat com.eclipsesource.json.JsonObject.getString(JsonObject.java:674)\n\tat lab.UniqueId$1.accept(UniqueId.java:27)\n\tat lab.UniqueId$1.accept(UniqueId.java:24)\n\tat lab.Node.handleRequest(Node.java:97)\n\tat lab.Node.handleMessage(Node.java:71)\n\tat lab.Node.lambda$run$0(Node.java:44)\n\tat java.base/java.util.concurrent.ThreadPoolExecutor.runWorker(ThreadPoolExecutor.java:1144)\n\tat java.base/java.util.concurrent.ThreadPoolExecutor$Worker.run(ThreadPoolExecutor.java:642)\n\tat java.base/java.lang.Thread.run(Thread.java:1583)\n"]
2026-03-11 14:37:55,209{GMT}	INFO	[jepsen worker 1] jepsen.util: 385	:invoke	:generate	nil
2026-03-11 14:37:55,210{GMT}	INFO	[jepsen worker 2] jepsen.util: 371	:invoke	:generate	nil
2026-03-11 14:37:55,211{GMT}	INFO	[jepsen worker 0] jepsen.util: 414	:info	:generate	nil	[:crash "Unexpected exception handling (msg c8 n0 {\"type\":\"generate\",\"msg_id\":139}) : java.lang.UnsupportedOperationException: Not a string: 139\njava.lang.UnsupportedOperationException: Not a string: 139\n\tat com.eclipsesource.json.JsonValue.asString(JsonValue.java:384)\n\tat com.eclipsesource.json.JsonObject.getString(JsonObject.java:674)\n\tat lab.UniqueId$1.accept(UniqueId.java:27)\n\tat lab.UniqueId$1.accept(UniqueId.java:24)\n\tat lab.Node.handleRequest(Node.java:97)\n\tat lab.Node.handleMessage(Node.java:71)\n\tat lab.Node.lambda$run$0(Node.java:44)\n\tat java.base/java.util.concurrent.ThreadPoolExecutor.runWorker(ThreadPoolExecutor.java:1144)\n\tat java.base/java.util.concurrent.ThreadPoolExecutor$Worker.run(ThreadPoolExecutor.java:642)\n\tat java.base/java.lang.Thread.run(Thread.java:1583)\n"]
2026-03-11 14:37:55,211{GMT}	INFO	[jepsen worker 0] jepsen.util: 417	:invoke	:generate	nil
2026-03-11 14:37:55,212{GMT}	INFO	[jepsen worker 1] jepsen.util: 385	:info	:generate	nil	[:crash "Unexpected exception handling (msg c6 n1 {\"type\":\"generate\",\"msg_id\":129}) : java.lang.UnsupportedOperationException: Not a string: 129\njava.lang.UnsupportedOperationException: Not a string: 129\n\tat com.eclipsesource.json.JsonValue.asString(JsonValue.java:384)\n\tat com.eclipsesource.json.JsonObject.getString(JsonObject.java:674)\n\tat lab.UniqueId$1.accept(UniqueId.java:27)\n\tat lab.UniqueId$1.accept(UniqueId.java:24)\n\tat lab.Node.handleRequest(Node.java:97)\n\tat lab.Node.handleMessage(Node.java:71)\n\tat lab.Node.lambda$run$0(Node.java:44)\n\tat java.base/java.util.concurrent.ThreadPoolExecutor.runWorker(ThreadPoolExecutor.java:1144)\n\tat java.base/java.util.concurrent.ThreadPoolExecutor$Worker.run(ThreadPoolExecutor.java:642)\n\tat java.base/java.lang.Thread.run(Thread.java:1583)\n"]
2026-03-11 14:37:55,212{GMT}	INFO	[jepsen worker 1] jepsen.util: 388	:invoke	:generate	nil
2026-03-11 14:37:55,213{GMT}	INFO	[jepsen worker 0] jepsen.util: 417	:info	:generate	nil	[:crash "Unexpected exception handling (msg c8 n0 {\"type\":\"generate\",\"msg_id\":140}) : java.lang.UnsupportedOperationException: Not a string: 140\njava.lang.UnsupportedOperationException: Not a string: 140\n\tat com.eclipsesource.json.JsonValue.asString(JsonValue.java:384)\n\tat com.eclipsesource.json.JsonObject.getString(JsonObject.java:674)\n\tat lab.UniqueId$1.accept(UniqueId.java:27)\n\tat lab.UniqueId$1.accept(UniqueId.java:24)\n\tat lab.Node.handleRequest(Node.java:97)\n\tat lab.Node.handleMessage(Node.java:71)\n\tat lab.Node.lambda$run$0(Node.java:44)\n\tat java.base/java.util.concurrent.ThreadPoolExecutor.runWorker(ThreadPoolExecutor.java:1144)\n\tat java.base/java.util.concurrent.ThreadPoolExecutor$Worker.run(ThreadPoolExecutor.java:642)\n\tat java.base/java.lang.Thread.run(Thread.java:1583)\n"]
2026-03-11 14:37:55,213{GMT}	INFO	[jepsen worker 2] jepsen.util: 371	:info	:generate	nil	[:crash "Unexpected exception handling (msg c7 n2 {\"type\":\"generate\",\"msg_id\":124}) : java.lang.UnsupportedOperationException: Not a string: 124\njava.lang.UnsupportedOperationException: Not a string: 124\n\tat com.eclipsesource.json.JsonValue.asString(JsonValue.java:384)\n\tat com.eclipsesource.json.JsonObject.getString(JsonObject.java:674)\n\tat lab.UniqueId$1.accept(UniqueId.java:27)\n\tat lab.UniqueId$1.accept(UniqueId.java:24)\n\tat lab.Node.handleRequest(Node.java:97)\n\tat lab.Node.handleMessage(Node.java:71)\n\tat lab.Node.lambda$run$0(Node.java:44)\n\tat java.base/java.util.concurrent.ThreadPoolExecutor.runWorker(ThreadPoolExecutor.java:1144)\n\tat java.base/java.util.concurrent.ThreadPoolExecutor$Worker.run(ThreadPoolExecutor.java:642)\n\tat java.base/java.lang.Thread.run(Thread.java:1583)\n"]
2026-03-11 14:37:55,214{GMT}	INFO	[jepsen worker 0] jepsen.util: 420	:invoke	:generate	nil
2026-03-11 14:37:55,214{GMT}	INFO	[jepsen worker 1] jepsen.util: 388	:info	:generate	nil	[:crash "Unexpected exception handling (msg c6 n1 {\"type\":\"generate\",\"msg_id\":130}) : java.lang.UnsupportedOperationException: Not a string: 130\njava.lang.UnsupportedOperationException: Not a string: 130\n\tat com.eclipsesource.json.JsonValue.asString(JsonValue.java:384)\n\tat com.eclipsesource.json.JsonObject.getString(JsonObject.java:674)\n\tat lab.UniqueId$1.accept(UniqueId.java:27)\n\tat lab.UniqueId$1.accept(UniqueId.java:24)\n\tat lab.Node.handleRequest(Node.java:97)\n\tat lab.Node.handleMessage(Node.java:71)\n\tat lab.Node.lambda$run$0(Node.java:44)\n\tat java.base/java.util.concurrent.ThreadPoolExecutor.runWorker(ThreadPoolExecutor.java:1144)\n\tat java.base/java.util.concurrent.ThreadPoolExecutor$Worker.run(ThreadPoolExecutor.java:642)\n\tat java.base/java.lang.Thread.run(Thread.java:1583)\n"]
2026-03-11 14:37:55,215{GMT}	INFO	[jepsen worker 0] jepsen.util: 420	:info	:generate	nil	[:crash "Unexpected exception handling (msg c8 n0 {\"type\":\"generate\",\"msg_id\":141}) : java.lang.UnsupportedOperationException: Not a string: 141\njava.lang.UnsupportedOperationException: Not a string: 141\n\tat com.eclipsesource.json.JsonValue.asString(JsonValue.java:384)\n\tat com.eclipsesource.json.JsonObject.getString(JsonObject.java:674)\n\tat lab.UniqueId$1.accept(UniqueId.java:27)\n\tat lab.UniqueId$1.accept(UniqueId.java:24)\n\tat lab.Node.handleRequest(Node.java:97)\n\tat lab.Node.handleMessage(Node.java:71)\n\tat lab.Node.lambda$run$0(Node.java:44)\n\tat java.base/java.util.concurrent.ThreadPoolExecutor.runWorker(ThreadPoolExecutor.java:1144)\n\tat java.base/java.util.concurrent.ThreadPoolExecutor$Worker.run(ThreadPoolExecutor.java:642)\n\tat java.base/java.lang.Thread.run(Thread.java:1583)\n"]
2026-03-11 14:37:55,216{GMT}	INFO	[jepsen worker 1] jepsen.util: 391	:invoke	:generate	nil
2026-03-11 14:37:55,218{GMT}	INFO	[jepsen worker 2] jepsen.util: 374	:invoke	:generate	nil
2026-03-11 14:37:55,218{GMT}	INFO	[jepsen worker 0] jepsen.util: 423	:invoke	:generate	nil
2026-03-11 14:37:55,218{GMT}	INFO	[jepsen worker 1] jepsen.util: 391	:info	:generate	nil	[:crash "Unexpected exception handling (msg c6 n1 {\"type\":\"generate\",\"msg_id\":131}) : java.lang.UnsupportedOperationException: Not a string: 131\njava.lang.UnsupportedOperationException: Not a string: 131\n\tat com.eclipsesource.json.JsonValue.asString(JsonValue.java:384)\n\tat com.eclipsesource.json.JsonObject.getString(JsonObject.java:674)\n\tat lab.UniqueId$1.accept(UniqueId.java:27)\n\tat lab.UniqueId$1.accept(UniqueId.java:24)\n\tat lab.Node.handleRequest(Node.java:97)\n\tat lab.Node.handleMessage(Node.java:71)\n\tat lab.Node.lambda$run$0(Node.java:44)\n\tat java.base/java.util.concurrent.ThreadPoolExecutor.runWorker(ThreadPoolExecutor.java:1144)\n\tat java.base/java.util.concurrent.ThreadPoolExecutor$Worker.run(ThreadPoolExecutor.java:642)\n\tat java.base/java.lang.Thread.run(Thread.java:1583)\n"]
2026-03-11 14:37:55,220{GMT}	INFO	[jepsen worker 0] jepsen.util: 423	:info	:generate	nil	[:crash "Unexpected exception handling (msg c8 n0 {\"type\":\"generate\",\"msg_id\":142}) : java.lang.UnsupportedOperationException: Not a string: 142\njava.lang.UnsupportedOperationException: Not a string: 142\n\tat com.eclipsesource.json.JsonValue.asString(JsonValue.java:384)\n\tat com.eclipsesource.json.JsonObject.getString(JsonObject.java:674)\n\tat lab.UniqueId$1.accept(UniqueId.java:27)\n\tat lab.UniqueId$1.accept(UniqueId.java:24)\n\tat lab.Node.handleRequest(Node.java:97)\n\tat lab.Node.handleMessage(Node.java:71)\n\tat lab.Node.lambda$run$0(Node.java:44)\n\tat java.base/java.util.concurrent.ThreadPoolExecutor.runWorker(ThreadPoolExecutor.java:1144)\n\tat java.base/java.util.concurrent.ThreadPoolExecutor$Worker.run(ThreadPoolExecutor.java:642)\n\tat java.base/java.lang.Thread.run(Thread.java:1583)\n"]
2026-03-11 14:37:55,220{GMT}	INFO	[jepsen worker 2] jepsen.util: 374	:info	:generate	nil	[:crash "Unexpected exception handling (msg c7 n2 {\"type\":\"generate\",\"msg_id\":125}) : java.lang.UnsupportedOperationException: Not a string: 125\njava.lang.UnsupportedOperationException: Not a string: 125\n\tat com.eclipsesource.json.JsonValue.asString(JsonValue.java:384)\n\tat com.eclipsesource.json.JsonObject.getString(JsonObject.java:674)\n\tat lab.UniqueId$1.accept(UniqueId.java:27)\n\tat lab.UniqueId$1.accept(UniqueId.java:24)\n\tat lab.Node.handleRequest(Node.java:97)\n\tat lab.Node.handleMessage(Node.java:71)\n\tat lab.Node.lambda$run$0(Node.java:44)\n\tat java.base/java.util.concurrent.ThreadPoolExecutor.runWorker(ThreadPoolExecutor.java:1144)\n\tat java.base/java.util.concurrent.ThreadPoolExecutor$Worker.run(ThreadPoolExecutor.java:642)\n\tat java.base/java.lang.Thread.run(Thread.java:1583)\n"]
2026-03-11 14:37:55,237{GMT}	INFO	[jepsen worker 0] jepsen.util: 426	:invoke	:generate	nil
2026-03-11 14:37:55,237{GMT}	INFO	[jepsen worker 2] jepsen.util: 377	:invoke	:generate	nil
2026-03-11 14:37:55,237{GMT}	INFO	[jepsen worker 1] jepsen.util: 394	:invoke	:generate	nil
2026-03-11 14:37:55,239{GMT}	INFO	[jepsen worker 0] jepsen.util: 426	:info	:generate	nil	[:crash "Unexpected exception handling (msg c8 n0 {\"type\":\"generate\",\"msg_id\":143}) : java.lang.UnsupportedOperationException: Not a string: 143\njava.lang.UnsupportedOperationException: Not a string: 143\n\tat com.eclipsesource.json.JsonValue.asString(JsonValue.java:384)\n\tat com.eclipsesource.json.JsonObject.getString(JsonObject.java:674)\n\tat lab.UniqueId$1.accept(UniqueId.java:27)\n\tat lab.UniqueId$1.accept(UniqueId.java:24)\n\tat lab.Node.handleRequest(Node.java:97)\n\tat lab.Node.handleMessage(Node.java:71)\n\tat lab.Node.lambda$run$0(Node.java:44)\n\tat java.base/java.util.concurrent.ThreadPoolExecutor.runWorker(ThreadPoolExecutor.java:1144)\n\tat java.base/java.util.concurrent.ThreadPoolExecutor$Worker.run(ThreadPoolExecutor.java:642)\n\tat java.base/java.lang.Thread.run(Thread.java:1583)\n"]
2026-03-11 14:37:55,239{GMT}	INFO	[jepsen worker 2] jepsen.util: 377	:info	:generate	nil	[:crash "Unexpected exception handling (msg c7 n2 {\"type\":\"generate\",\"msg_id\":126}) : java.lang.UnsupportedOperationException: Not a string: 126\njava.lang.UnsupportedOperationException: Not a string: 126\n\tat com.eclipsesource.json.JsonValue.asString(JsonValue.java:384)\n\tat com.eclipsesource.json.JsonObject.getString(JsonObject.java:674)\n\tat lab.UniqueId$1.accept(UniqueId.java:27)\n\tat lab.UniqueId$1.accept(UniqueId.java:24)\n\tat lab.Node.handleRequest(Node.java:97)\n\tat lab.Node.handleMessage(Node.java:71)\n\tat lab.Node.lambda$run$0(Node.java:44)\n\tat java.base/java.util.concurrent.ThreadPoolExecutor.runWorker(ThreadPoolExecutor.java:1144)\n\tat java.base/java.util.concurrent.ThreadPoolExecutor$Worker.run(ThreadPoolExecutor.java:642)\n\tat java.base/java.lang.Thread.run(Thread.java:1583)\n"]
2026-03-11 14:37:55,239{GMT}	INFO	[jepsen worker 1] jepsen.util: 394	:info	:generate	nil	[:crash "Unexpected exception handling (msg c6 n1 {\"type\":\"generate\",\"msg_id\":132}) : java.lang.UnsupportedOperationException: Not a string: 132\njava.lang.UnsupportedOperationException: Not a string: 132\n\tat com.eclipsesource.json.JsonValue.asString(JsonValue.java:384)\n\tat com.eclipsesource.json.JsonObject.getString(JsonObject.java:674)\n\tat lab.UniqueId$1.accept(UniqueId.java:27)\n\tat lab.UniqueId$1.accept(UniqueId.java:24)\n\tat lab.Node.handleRequest(Node.java:97)\n\tat lab.Node.handleMessage(Node.java:71)\n\tat lab.Node.lambda$run$0(Node.java:44)\n\tat java.base/java.util.concurrent.ThreadPoolExecutor.runWorker(ThreadPoolExecutor.java:1144)\n\tat java.base/java.util.concurrent.ThreadPoolExecutor$Worker.run(ThreadPoolExecutor.java:642)\n\tat java.base/java.lang.Thread.run(Thread.java:1583)\n"]
2026-03-11 14:37:55,240{GMT}	INFO	[jepsen worker 0] jepsen.util: 429	:invoke	:generate	nil
2026-03-11 14:37:55,241{GMT}	INFO	[jepsen worker 0] jepsen.util: 429	:info	:generate	nil	[:crash "Unexpected exception handling (msg c8 n0 {\"type\":\"generate\",\"msg_id\":144}) : java.lang.UnsupportedOperationException: Not a string: 144\njava.lang.UnsupportedOperationException: Not a string: 144\n\tat com.eclipsesource.json.JsonValue.asString(JsonValue.java:384)\n\tat com.eclipsesource.json.JsonObject.getString(JsonObject.java:674)\n\tat lab.UniqueId$1.accept(UniqueId.java:27)\n\tat lab.UniqueId$1.accept(UniqueId.java:24)\n\tat lab.Node.handleRequest(Node.java:97)\n\tat lab.Node.handleMessage(Node.java:71)\n\tat lab.Node.lambda$run$0(Node.java:44)\n\tat java.base/java.util.concurrent.ThreadPoolExecutor.runWorker(ThreadPoolExecutor.java:1144)\n\tat java.base/java.util.concurrent.ThreadPoolExecutor$Worker.run(ThreadPoolExecutor.java:642)\n\tat java.base/java.lang.Thread.run(Thread.java:1583)\n"]
2026-03-11 14:37:55,242{GMT}	INFO	[jepsen worker 0] jepsen.util: 432	:invoke	:generate	nil
2026-03-11 14:37:55,242{GMT}	INFO	[jepsen worker 1] jepsen.util: 397	:invoke	:generate	nil
2026-03-11 14:37:55,244{GMT}	INFO	[jepsen worker 2] jepsen.util: 380	:invoke	:generate	nil
2026-03-11 14:37:55,243{GMT}	INFO	[jepsen worker 0] jepsen.util: 432	:info	:generate	nil	[:crash "Unexpected exception handling (msg c8 n0 {\"type\":\"generate\",\"msg_id\":145}) : java.lang.UnsupportedOperationException: Not a string: 145\njava.lang.UnsupportedOperationException: Not a string: 145\n\tat com.eclipsesource.json.JsonValue.asString(JsonValue.java:384)\n\tat com.eclipsesource.json.JsonObject.getString(JsonObject.java:674)\n\tat lab.UniqueId$1.accept(UniqueId.java:27)\n\tat lab.UniqueId$1.accept(UniqueId.java:24)\n\tat lab.Node.handleRequest(Node.java:97)\n\tat lab.Node.handleMessage(Node.java:71)\n\tat lab.Node.lambda$run$0(Node.java:44)\n\tat java.base/java.util.concurrent.ThreadPoolExecutor.runWorker(ThreadPoolExecutor.java:1144)\n\tat java.base/java.util.concurrent.ThreadPoolExecutor$Worker.run(ThreadPoolExecutor.java:642)\n\tat java.base/java.lang.Thread.run(Thread.java:1583)\n"]
2026-03-11 14:37:55,244{GMT}	INFO	[jepsen worker 1] jepsen.util: 397	:info	:generate	nil	[:crash "Unexpected exception handling (msg c6 n1 {\"type\":\"generate\",\"msg_id\":133}) : java.lang.UnsupportedOperationException: Not a string: 133\njava.lang.UnsupportedOperationException: Not a string: 133\n\tat com.eclipsesource.json.JsonValue.asString(JsonValue.java:384)\n\tat com.eclipsesource.json.JsonObject.getString(JsonObject.java:674)\n\tat lab.UniqueId$1.accept(UniqueId.java:27)\n\tat lab.UniqueId$1.accept(UniqueId.java:24)\n\tat lab.Node.handleRequest(Node.java:97)\n\tat lab.Node.handleMessage(Node.java:71)\n\tat lab.Node.lambda$run$0(Node.java:44)\n\tat java.base/java.util.concurrent.ThreadPoolExecutor.runWorker(ThreadPoolExecutor.java:1144)\n\tat java.base/java.util.concurrent.ThreadPoolExecutor$Worker.run(ThreadPoolExecutor.java:642)\n\tat java.base/java.lang.Thread.run(Thread.java:1583)\n"]
2026-03-11 14:37:55,255{GMT}	INFO	[jepsen worker 1] jepsen.util: 400	:invoke	:generate	nil
2026-03-11 14:37:55,255{GMT}	INFO	[jepsen worker 0] jepsen.util: 435	:invoke	:generate	nil
2026-03-11 14:37:55,257{GMT}	INFO	[jepsen worker 0] jepsen.util: 435	:info	:generate	nil	[:crash "Unexpected exception handling (msg c8 n0 {\"type\":\"generate\",\"msg_id\":146}) : java.lang.UnsupportedOperationException: Not a string: 146\njava.lang.UnsupportedOperationException: Not a string: 146\n\tat com.eclipsesource.json.JsonValue.asString(JsonValue.java:384)\n\tat com.eclipsesource.json.JsonObject.getString(JsonObject.java:674)\n\tat lab.UniqueId$1.accept(UniqueId.java:27)\n\tat lab.UniqueId$1.accept(UniqueId.java:24)\n\tat lab.Node.handleRequest(Node.java:97)\n\tat lab.Node.handleMessage(Node.java:71)\n\tat lab.Node.lambda$run$0(Node.java:44)\n\tat java.base/java.util.concurrent.ThreadPoolExecutor.runWorker(ThreadPoolExecutor.java:1144)\n\tat java.base/java.util.concurrent.ThreadPoolExecutor$Worker.run(ThreadPoolExecutor.java:642)\n\tat java.base/java.lang.Thread.run(Thread.java:1583)\n"]
2026-03-11 14:37:55,257{GMT}	INFO	[jepsen worker 1] jepsen.util: 400	:info	:generate	nil	[:crash "Unexpected exception handling (msg c6 n1 {\"type\":\"generate\",\"msg_id\":134}) : java.lang.UnsupportedOperationException: Not a string: 134\njava.lang.UnsupportedOperationException: Not a string: 134\n\tat com.eclipsesource.json.JsonValue.asString(JsonValue.java:384)\n\tat com.eclipsesource.json.JsonObject.getString(JsonObject.java:674)\n\tat lab.UniqueId$1.accept(UniqueId.java:27)\n\tat lab.UniqueId$1.accept(UniqueId.java:24)\n\tat lab.Node.handleRequest(Node.java:97)\n\tat lab.Node.handleMessage(Node.java:71)\n\tat lab.Node.lambda$run$0(Node.java:44)\n\tat java.base/java.util.concurrent.ThreadPoolExecutor.runWorker(ThreadPoolExecutor.java:1144)\n\tat java.base/java.util.concurrent.ThreadPoolExecutor$Worker.run(ThreadPoolExecutor.java:642)\n\tat java.base/java.lang.Thread.run(Thread.java:1583)\n"]
2026-03-11 14:37:55,257{GMT}	INFO	[jepsen worker 2] jepsen.util: 380	:info	:generate	nil	[:crash "Unexpected exception handling (msg c7 n2 {\"type\":\"generate\",\"msg_id\":127}) : java.lang.UnsupportedOperationException: Not a string: 127\njava.lang.UnsupportedOperationException: Not a string: 127\n\tat com.eclipsesource.json.JsonValue.asString(JsonValue.java:384)\n\tat com.eclipsesource.json.JsonObject.getString(JsonObject.java:674)\n\tat lab.UniqueId$1.accept(UniqueId.java:27)\n\tat lab.UniqueId$1.accept(UniqueId.java:24)\n\tat lab.Node.handleRequest(Node.java:97)\n\tat lab.Node.handleMessage(Node.java:71)\n\tat lab.Node.lambda$run$0(Node.java:44)\n\tat java.base/java.util.concurrent.ThreadPoolExecutor.runWorker(ThreadPoolExecutor.java:1144)\n\tat java.base/java.util.concurrent.ThreadPoolExecutor$Worker.run(ThreadPoolExecutor.java:642)\n\tat java.base/java.lang.Thread.run(Thread.java:1583)\n"]
2026-03-11 14:37:55,257{GMT}	INFO	[jepsen worker 1] jepsen.util: 403	:invoke	:generate	nil
2026-03-11 14:37:55,258{GMT}	INFO	[jepsen worker 2] jepsen.util: 383	:invoke	:generate	nil
2026-03-11 14:37:55,258{GMT}	INFO	[jepsen worker 1] jepsen.util: 403	:info	:generate	nil	[:crash "Unexpected exception handling (msg c6 n1 {\"type\":\"generate\",\"msg_id\":135}) : java.lang.UnsupportedOperationException: Not a string: 135\njava.lang.UnsupportedOperationException: Not a string: 135\n\tat com.eclipsesource.json.JsonValue.asString(JsonValue.java:384)\n\tat com.eclipsesource.json.JsonObject.getString(JsonObject.java:674)\n\tat lab.UniqueId$1.accept(UniqueId.java:27)\n\tat lab.UniqueId$1.accept(UniqueId.java:24)\n\tat lab.Node.handleRequest(Node.java:97)\n\tat lab.Node.handleMessage(Node.java:71)\n\tat lab.Node.lambda$run$0(Node.java:44)\n\tat java.base/java.util.concurrent.ThreadPoolExecutor.runWorker(ThreadPoolExecutor.java:1144)\n\tat java.base/java.util.concurrent.ThreadPoolExecutor$Worker.run(ThreadPoolExecutor.java:642)\n\tat java.base/java.lang.Thread.run(Thread.java:1583)\n"]
2026-03-11 14:37:55,260{GMT}	INFO	[jepsen worker 0] jepsen.util: 438	:invoke	:generate	nil
2026-03-11 14:37:55,260{GMT}	INFO	[jepsen worker 1] jepsen.util: 406	:invoke	:generate	nil
2026-03-11 14:37:55,260{GMT}	INFO	[jepsen worker 2] jepsen.util: 383	:info	:generate	nil	[:crash "Unexpected exception handling (msg c7 n2 {\"type\":\"generate\",\"msg_id\":128}) : java.lang.UnsupportedOperationException: Not a string: 128\njava.lang.UnsupportedOperationException: Not a string: 128\n\tat com.eclipsesource.json.JsonValue.asString(JsonValue.java:384)\n\tat com.eclipsesource.json.JsonObject.getString(JsonObject.java:674)\n\tat lab.UniqueId$1.accept(UniqueId.java:27)\n\tat lab.UniqueId$1.accept(UniqueId.java:24)\n\tat lab.Node.handleRequest(Node.java:97)\n\tat lab.Node.handleMessage(Node.java:71)\n\tat lab.Node.lambda$run$0(Node.java:44)\n\tat java.base/java.util.concurrent.ThreadPoolExecutor.runWorker(ThreadPoolExecutor.java:1144)\n\tat java.base/java.util.concurrent.ThreadPoolExecutor$Worker.run(ThreadPoolExecutor.java:642)\n\tat java.base/java.lang.Thread.run(Thread.java:1583)\n"]
2026-03-11 14:37:55,262{GMT}	INFO	[jepsen worker 0] jepsen.util: 438	:info	:generate	nil	[:crash "Unexpected exception handling (msg c8 n0 {\"type\":\"generate\",\"msg_id\":147}) : java.lang.UnsupportedOperationException: Not a string: 147\njava.lang.UnsupportedOperationException: Not a string: 147\n\tat com.eclipsesource.json.JsonValue.asString(JsonValue.java:384)\n\tat com.eclipsesource.json.JsonObject.getString(JsonObject.java:674)\n\tat lab.UniqueId$1.accept(UniqueId.java:27)\n\tat lab.UniqueId$1.accept(UniqueId.java:24)\n\tat lab.Node.handleRequest(Node.java:97)\n\tat lab.Node.handleMessage(Node.java:71)\n\tat lab.Node.lambda$run$0(Node.java:44)\n\tat java.base/java.util.concurrent.ThreadPoolExecutor.runWorker(ThreadPoolExecutor.java:1144)\n\tat java.base/java.util.concurrent.ThreadPoolExecutor$Worker.run(ThreadPoolExecutor.java:642)\n\tat java.base/java.lang.Thread.run(Thread.java:1583)\n"]
2026-03-11 14:37:55,262{GMT}	INFO	[jepsen worker 1] jepsen.util: 406	:info	:generate	nil	[:crash "Unexpected exception handling (msg c6 n1 {\"type\":\"generate\",\"msg_id\":136}) : java.lang.UnsupportedOperationException: Not a string: 136\njava.lang.UnsupportedOperationException: Not a string: 136\n\tat com.eclipsesource.json.JsonValue.asString(JsonValue.java:384)\n\tat com.eclipsesource.json.JsonObject.getString(JsonObject.java:674)\n\tat lab.UniqueId$1.accept(UniqueId.java:27)\n\tat lab.UniqueId$1.accept(UniqueId.java:24)\n\tat lab.Node.handleRequest(Node.java:97)\n\tat lab.Node.handleMessage(Node.java:71)\n\tat lab.Node.lambda$run$0(Node.java:44)\n\tat java.base/java.util.concurrent.ThreadPoolExecutor.runWorker(ThreadPoolExecutor.java:1144)\n\tat java.base/java.util.concurrent.ThreadPoolExecutor$Worker.run(ThreadPoolExecutor.java:642)\n\tat java.base/java.lang.Thread.run(Thread.java:1583)\n"]
2026-03-11 14:37:55,262{GMT}	INFO	[jepsen worker 2] jepsen.util: 386	:invoke	:generate	nil
2026-03-11 14:37:55,265{GMT}	INFO	[jepsen worker 1] jepsen.util: 409	:invoke	:generate	nil
2026-03-11 14:37:55,265{GMT}	INFO	[jepsen worker 0] jepsen.util: 441	:invoke	:generate	nil
2026-03-11 14:37:55,267{GMT}	INFO	[jepsen worker 0] jepsen.util: 441	:info	:generate	nil	[:crash "Unexpected exception handling (msg c8 n0 {\"type\":\"generate\",\"msg_id\":148}) : java.lang.UnsupportedOperationException: Not a string: 148\njava.lang.UnsupportedOperationException: Not a string: 148\n\tat com.eclipsesource.json.JsonValue.asString(JsonValue.java:384)\n\tat com.eclipsesource.json.JsonObject.getString(JsonObject.java:674)\n\tat lab.UniqueId$1.accept(UniqueId.java:27)\n\tat lab.UniqueId$1.accept(UniqueId.java:24)\n\tat lab.Node.handleRequest(Node.java:97)\n\tat lab.Node.handleMessage(Node.java:71)\n\tat lab.Node.lambda$run$0(Node.java:44)\n\tat java.base/java.util.concurrent.ThreadPoolExecutor.runWorker(ThreadPoolExecutor.java:1144)\n\tat java.base/java.util.concurrent.ThreadPoolExecutor$Worker.run(ThreadPoolExecutor.java:642)\n\tat java.base/java.lang.Thread.run(Thread.java:1583)\n"]
2026-03-11 14:37:55,267{GMT}	INFO	[jepsen worker 2] jepsen.util: 386	:info	:generate	nil	[:crash "Unexpected exception handling (msg c7 n2 {\"type\":\"generate\",\"msg_id\":129}) : java.lang.UnsupportedOperationException: Not a string: 129\njava.lang.UnsupportedOperationException: Not a string: 129\n\tat com.eclipsesource.json.JsonValue.asString(JsonValue.java:384)\n\tat com.eclipsesource.json.JsonObject.getString(JsonObject.java:674)\n\tat lab.UniqueId$1.accept(UniqueId.java:27)\n\tat lab.UniqueId$1.accept(UniqueId.java:24)\n\tat lab.Node.handleRequest(Node.java:97)\n\tat lab.Node.handleMessage(Node.java:71)\n\tat lab.Node.lambda$run$0(Node.java:44)\n\tat java.base/java.util.concurrent.ThreadPoolExecutor.runWorker(ThreadPoolExecutor.java:1144)\n\tat java.base/java.util.concurrent.ThreadPoolExecutor$Worker.run(ThreadPoolExecutor.java:642)\n\tat java.base/java.lang.Thread.run(Thread.java:1583)\n"]
2026-03-11 14:37:55,269{GMT}	INFO	[jepsen worker 1] jepsen.util: 409	:info	:generate	nil	[:crash "Unexpected exception handling (msg c6 n1 {\"type\":\"generate\",\"msg_id\":137}) : java.lang.UnsupportedOperationException: Not a string: 137\njava.lang.UnsupportedOperationException: Not a string: 137\n\tat com.eclipsesource.json.JsonValue.asString(JsonValue.java:384)\n\tat com.eclipsesource.json.JsonObject.getString(JsonObject.java:674)\n\tat lab.UniqueId$1.accept(UniqueId.java:27)\n\tat lab.UniqueId$1.accept(UniqueId.java:24)\n\tat lab.Node.handleRequest(Node.java:97)\n\tat lab.Node.handleMessage(Node.java:71)\n\tat lab.Node.lambda$run$0(Node.java:44)\n\tat java.base/java.util.concurrent.ThreadPoolExecutor.runWorker(ThreadPoolExecutor.java:1144)\n\tat java.base/java.util.concurrent.ThreadPoolExecutor$Worker.run(ThreadPoolExecutor.java:642)\n\tat java.base/java.lang.Thread.run(Thread.java:1583)\n"]
2026-03-11 14:37:55,267{GMT}	INFO	[jepsen worker 0] jepsen.util: 444	:invoke	:generate	nil
2026-03-11 14:37:55,282{GMT}	INFO	[jepsen worker 2] jepsen.util: 389	:invoke	:generate	nil
2026-03-11 14:37:55,282{GMT}	INFO	[jepsen worker 1] jepsen.util: 412	:invoke	:generate	nil
2026-03-11 14:37:55,283{GMT}	INFO	[jepsen worker 1] jepsen.util: 412	:info	:generate	nil	[:crash "Unexpected exception handling (msg c6 n1 {\"type\":\"generate\",\"msg_id\":138}) : java.lang.UnsupportedOperationException: Not a string: 138\njava.lang.UnsupportedOperationException: Not a string: 138\n\tat com.eclipsesource.json.JsonValue.asString(JsonValue.java:384)\n\tat com.eclipsesource.json.JsonObject.getString(JsonObject.java:674)\n\tat lab.UniqueId$1.accept(UniqueId.java:27)\n\tat lab.UniqueId$1.accept(UniqueId.java:24)\n\tat lab.Node.handleRequest(Node.java:97)\n\tat lab.Node.handleMessage(Node.java:71)\n\tat lab.Node.lambda$run$0(Node.java:44)\n\tat java.base/java.util.concurrent.ThreadPoolExecutor.runWorker(ThreadPoolExecutor.java:1144)\n\tat java.base/java.util.concurrent.ThreadPoolExecutor$Worker.run(ThreadPoolExecutor.java:642)\n\tat java.base/java.lang.Thread.run(Thread.java:1583)\n"]
2026-03-11 14:37:55,283{GMT}	INFO	[jepsen worker 0] jepsen.util: 444	:info	:generate	nil	[:crash "Unexpected exception handling (msg c8 n0 {\"type\":\"generate\",\"msg_id\":149}) : java.lang.UnsupportedOperationException: Not a string: 149\njava.lang.UnsupportedOperationException: Not a string: 149\n\tat com.eclipsesource.json.JsonValue.asString(JsonValue.java:384)\n\tat com.eclipsesource.json.JsonObject.getString(JsonObject.java:674)\n\tat lab.UniqueId$1.accept(UniqueId.java:27)\n\tat lab.UniqueId$1.accept(UniqueId.java:24)\n\tat lab.Node.handleRequest(Node.java:97)\n\tat lab.Node.handleMessage(Node.java:71)\n\tat lab.Node.lambda$run$0(Node.java:44)\n\tat java.base/java.util.concurrent.ThreadPoolExecutor.runWorker(ThreadPoolExecutor.java:1144)\n\tat java.base/java.util.concurrent.ThreadPoolExecutor$Worker.run(ThreadPoolExecutor.java:642)\n\tat java.base/java.lang.Thread.run(Thread.java:1583)\n"]
2026-03-11 14:37:55,283{GMT}	INFO	[jepsen worker 2] jepsen.util: 389	:info	:generate	nil	[:crash "Unexpected exception handling (msg c7 n2 {\"type\":\"generate\",\"msg_id\":130}) : java.lang.UnsupportedOperationException: Not a string: 130\njava.lang.UnsupportedOperationException: Not a string: 130\n\tat com.eclipsesource.json.JsonValue.asString(JsonValue.java:384)\n\tat com.eclipsesource.json.JsonObject.getString(JsonObject.java:674)\n\tat lab.UniqueId$1.accept(UniqueId.java:27)\n\tat lab.UniqueId$1.accept(UniqueId.java:24)\n\tat lab.Node.handleRequest(Node.java:97)\n\tat lab.Node.handleMessage(Node.java:71)\n\tat lab.Node.lambda$run$0(Node.java:44)\n\tat java.base/java.util.concurrent.ThreadPoolExecutor.runWorker(ThreadPoolExecutor.java:1144)\n\tat java.base/java.util.concurrent.ThreadPoolExecutor$Worker.run(ThreadPoolExecutor.java:642)\n\tat java.base/java.lang.Thread.run(Thread.java:1583)\n"]
2026-03-11 14:37:55,284{GMT}	INFO	[jepsen worker 0] jepsen.util: 447	:invoke	:generate	nil
2026-03-11 14:37:55,284{GMT}	INFO	[jepsen worker 1] jepsen.util: 415	:invoke	:generate	nil
2026-03-11 14:37:55,284{GMT}	INFO	[jepsen worker 2] jepsen.util: 392	:invoke	:generate	nil
2026-03-11 14:37:55,285{GMT}	INFO	[jepsen worker 0] jepsen.util: 447	:info	:generate	nil	[:crash "Unexpected exception handling (msg c8 n0 {\"type\":\"generate\",\"msg_id\":150}) : java.lang.UnsupportedOperationException: Not a string: 150\njava.lang.UnsupportedOperationException: Not a string: 150\n\tat com.eclipsesource.json.JsonValue.asString(JsonValue.java:384)\n\tat com.eclipsesource.json.JsonObject.getString(JsonObject.java:674)\n\tat lab.UniqueId$1.accept(UniqueId.java:27)\n\tat lab.UniqueId$1.accept(UniqueId.java:24)\n\tat lab.Node.handleRequest(Node.java:97)\n\tat lab.Node.handleMessage(Node.java:71)\n\tat lab.Node.lambda$run$0(Node.java:44)\n\tat java.base/java.util.concurrent.ThreadPoolExecutor.runWorker(ThreadPoolExecutor.java:1144)\n\tat java.base/java.util.concurrent.ThreadPoolExecutor$Worker.run(ThreadPoolExecutor.java:642)\n\tat java.base/java.lang.Thread.run(Thread.java:1583)\n"]
2026-03-11 14:37:55,286{GMT}	INFO	[jepsen worker 0] jepsen.util: 450	:invoke	:generate	nil
2026-03-11 14:37:55,286{GMT}	INFO	[jepsen worker 1] jepsen.util: 415	:info	:generate	nil	[:crash "Unexpected exception handling (msg c6 n1 {\"type\":\"generate\",\"msg_id\":139}) : java.lang.UnsupportedOperationException: Not a string: 139\njava.lang.UnsupportedOperationException: Not a string: 139\n\tat com.eclipsesource.json.JsonValue.asString(JsonValue.java:384)\n\tat com.eclipsesource.json.JsonObject.getString(JsonObject.java:674)\n\tat lab.UniqueId$1.accept(UniqueId.java:27)\n\tat lab.UniqueId$1.accept(UniqueId.java:24)\n\tat lab.Node.handleRequest(Node.java:97)\n\tat lab.Node.handleMessage(Node.java:71)\n\tat lab.Node.lambda$run$0(Node.java:44)\n\tat java.base/java.util.concurrent.ThreadPoolExecutor.runWorker(ThreadPoolExecutor.java:1144)\n\tat java.base/java.util.concurrent.ThreadPoolExecutor$Worker.run(ThreadPoolExecutor.java:642)\n\tat java.base/java.lang.Thread.run(Thread.java:1583)\n"]
2026-03-11 14:37:55,287{GMT}	INFO	[jepsen worker 1] jepsen.util: 418	:invoke	:generate	nil
2026-03-11 14:37:55,287{GMT}	INFO	[jepsen worker 2] jepsen.util: 392	:info	:generate	nil	[:crash "Unexpected exception handling (msg c7 n2 {\"type\":\"generate\",\"msg_id\":131}) : java.lang.UnsupportedOperationException: Not a string: 131\njava.lang.UnsupportedOperationException: Not a string: 131\n\tat com.eclipsesource.json.JsonValue.asString(JsonValue.java:384)\n\tat com.eclipsesource.json.JsonObject.getString(JsonObject.java:674)\n\tat lab.UniqueId$1.accept(UniqueId.java:27)\n\tat lab.UniqueId$1.accept(UniqueId.java:24)\n\tat lab.Node.handleRequest(Node.java:97)\n\tat lab.Node.handleMessage(Node.java:71)\n\tat lab.Node.lambda$run$0(Node.java:44)\n\tat java.base/java.util.concurrent.ThreadPoolExecutor.runWorker(ThreadPoolExecutor.java:1144)\n\tat java.base/java.util.concurrent.ThreadPoolExecutor$Worker.run(ThreadPoolExecutor.java:642)\n\tat java.base/java.lang.Thread.run(Thread.java:1583)\n"]
2026-03-11 14:37:55,287{GMT}	INFO	[jepsen worker 0] jepsen.util: 450	:info	:generate	nil	[:crash "Unexpected exception handling (msg c8 n0 {\"type\":\"generate\",\"msg_id\":151}) : java.lang.UnsupportedOperationException: Not a string: 151\njava.lang.UnsupportedOperationException: Not a string: 151\n\tat com.eclipsesource.json.JsonValue.asString(JsonValue.java:384)\n\tat com.eclipsesource.json.JsonObject.getString(JsonObject.java:674)\n\tat lab.UniqueId$1.accept(UniqueId.java:27)\n\tat lab.UniqueId$1.accept(UniqueId.java:24)\n\tat lab.Node.handleRequest(Node.java:97)\n\tat lab.Node.handleMessage(Node.java:71)\n\tat lab.Node.lambda$run$0(Node.java:44)\n\tat java.base/java.util.concurrent.ThreadPoolExecutor.runWorker(ThreadPoolExecutor.java:1144)\n\tat java.base/java.util.concurrent.ThreadPoolExecutor$Worker.run(ThreadPoolExecutor.java:642)\n\tat java.base/java.lang.Thread.run(Thread.java:1583)\n"]
2026-03-11 14:37:55,288{GMT}	INFO	[jepsen worker 0] jepsen.util: 453	:invoke	:generate	nil
2026-03-11 14:37:55,289{GMT}	INFO	[jepsen worker 1] jepsen.util: 418	:info	:generate	nil	[:crash "Unexpected exception handling (msg c6 n1 {\"type\":\"generate\",\"msg_id\":140}) : java.lang.UnsupportedOperationException: Not a string: 140\njava.lang.UnsupportedOperationException: Not a string: 140\n\tat com.eclipsesource.json.JsonValue.asString(JsonValue.java:384)\n\tat com.eclipsesource.json.JsonObject.getString(JsonObject.java:674)\n\tat lab.UniqueId$1.accept(UniqueId.java:27)\n\tat lab.UniqueId$1.accept(UniqueId.java:24)\n\tat lab.Node.handleRequest(Node.java:97)\n\tat lab.Node.handleMessage(Node.java:71)\n\tat lab.Node.lambda$run$0(Node.java:44)\n\tat java.base/java.util.concurrent.ThreadPoolExecutor.runWorker(ThreadPoolExecutor.java:1144)\n\tat java.base/java.util.concurrent.ThreadPoolExecutor$Worker.run(ThreadPoolExecutor.java:642)\n\tat java.base/java.lang.Thread.run(Thread.java:1583)\n"]
2026-03-11 14:37:55,289{GMT}	INFO	[jepsen worker 1] jepsen.util: 421	:invoke	:generate	nil
2026-03-11 14:37:55,289{GMT}	INFO	[jepsen worker 0] jepsen.util: 453	:info	:generate	nil	[:crash "Unexpected exception handling (msg c8 n0 {\"type\":\"generate\",\"msg_id\":152}) : java.lang.UnsupportedOperationException: Not a string: 152\njava.lang.UnsupportedOperationException: Not a string: 152\n\tat com.eclipsesource.json.JsonValue.asString(JsonValue.java:384)\n\tat com.eclipsesource.json.JsonObject.getString(JsonObject.java:674)\n\tat lab.UniqueId$1.accept(UniqueId.java:27)\n\tat lab.UniqueId$1.accept(UniqueId.java:24)\n\tat lab.Node.handleRequest(Node.java:97)\n\tat lab.Node.handleMessage(Node.java:71)\n\tat lab.Node.lambda$run$0(Node.java:44)\n\tat java.base/java.util.concurrent.ThreadPoolExecutor.runWorker(ThreadPoolExecutor.java:1144)\n\tat java.base/java.util.concurrent.ThreadPoolExecutor$Worker.run(ThreadPoolExecutor.java:642)\n\tat java.base/java.lang.Thread.run(Thread.java:1583)\n"]
2026-03-11 14:37:55,291{GMT}	INFO	[jepsen worker 1] jepsen.util: 421	:info	:generate	nil	[:crash "Unexpected exception handling (msg c6 n1 {\"type\":\"generate\",\"msg_id\":141}) : java.lang.UnsupportedOperationException: Not a string: 141\njava.lang.UnsupportedOperationException: Not a string: 141\n\tat com.eclipsesource.json.JsonValue.asString(JsonValue.java:384)\n\tat com.eclipsesource.json.JsonObject.getString(JsonObject.java:674)\n\tat lab.UniqueId$1.accept(UniqueId.java:27)\n\tat lab.UniqueId$1.accept(UniqueId.java:24)\n\tat lab.Node.handleRequest(Node.java:97)\n\tat lab.Node.handleMessage(Node.java:71)\n\tat lab.Node.lambda$run$0(Node.java:44)\n\tat java.base/java.util.concurrent.ThreadPoolExecutor.runWorker(ThreadPoolExecutor.java:1144)\n\tat java.base/java.util.concurrent.ThreadPoolExecutor$Worker.run(ThreadPoolExecutor.java:642)\n\tat java.base/java.lang.Thread.run(Thread.java:1583)\n"]
2026-03-11 14:37:55,291{GMT}	INFO	[jepsen worker 2] jepsen.util: 395	:invoke	:generate	nil
2026-03-11 14:37:55,292{GMT}	INFO	[jepsen worker 2] jepsen.util: 395	:info	:generate	nil	[:crash "Unexpected exception handling (msg c7 n2 {\"type\":\"generate\",\"msg_id\":132}) : java.lang.UnsupportedOperationException: Not a string: 132\njava.lang.UnsupportedOperationException: Not a string: 132\n\tat com.eclipsesource.json.JsonValue.asString(JsonValue.java:384)\n\tat com.eclipsesource.json.JsonObject.getString(JsonObject.java:674)\n\tat lab.UniqueId$1.accept(UniqueId.java:27)\n\tat lab.UniqueId$1.accept(UniqueId.java:24)\n\tat lab.Node.handleRequest(Node.java:97)\n\tat lab.Node.handleMessage(Node.java:71)\n\tat lab.Node.lambda$run$0(Node.java:44)\n\tat java.base/java.util.concurrent.ThreadPoolExecutor.runWorker(ThreadPoolExecutor.java:1144)\n\tat java.base/java.util.concurrent.ThreadPoolExecutor$Worker.run(ThreadPoolExecutor.java:642)\n\tat java.base/java.lang.Thread.run(Thread.java:1583)\n"]
2026-03-11 14:37:55,293{GMT}	INFO	[jepsen worker 0] jepsen.util: 456	:invoke	:generate	nil
2026-03-11 14:37:55,294{GMT}	INFO	[jepsen worker 0] jepsen.util: 456	:info	:generate	nil	[:crash "Unexpected exception handling (msg c8 n0 {\"type\":\"generate\",\"msg_id\":153}) : java.lang.UnsupportedOperationException: Not a string: 153\njava.lang.UnsupportedOperationException: Not a string: 153\n\tat com.eclipsesource.json.JsonValue.asString(JsonValue.java:384)\n\tat com.eclipsesource.json.JsonObject.getString(JsonObject.java:674)\n\tat lab.UniqueId$1.accept(UniqueId.java:27)\n\tat lab.UniqueId$1.accept(UniqueId.java:24)\n\tat lab.Node.handleRequest(Node.java:97)\n\tat lab.Node.handleMessage(Node.java:71)\n\tat lab.Node.lambda$run$0(Node.java:44)\n\tat java.base/java.util.concurrent.ThreadPoolExecutor.runWorker(ThreadPoolExecutor.java:1144)\n\tat java.base/java.util.concurrent.ThreadPoolExecutor$Worker.run(ThreadPoolExecutor.java:642)\n\tat java.base/java.lang.Thread.run(Thread.java:1583)\n"]
2026-03-11 14:37:55,295{GMT}	INFO	[jepsen worker 0] jepsen.util: 459	:invoke	:generate	nil
2026-03-11 14:37:55,295{GMT}	INFO	[jepsen worker 1] jepsen.util: 424	:invoke	:generate	nil
2026-03-11 14:37:55,297{GMT}	INFO	[jepsen worker 0] jepsen.util: 459	:info	:generate	nil	[:crash "Unexpected exception handling (msg c8 n0 {\"type\":\"generate\",\"msg_id\":154}) : java.lang.UnsupportedOperationException: Not a string: 154\njava.lang.UnsupportedOperationException: Not a string: 154\n\tat com.eclipsesource.json.JsonValue.asString(JsonValue.java:384)\n\tat com.eclipsesource.json.JsonObject.getString(JsonObject.java:674)\n\tat lab.UniqueId$1.accept(UniqueId.java:27)\n\tat lab.UniqueId$1.accept(UniqueId.java:24)\n\tat lab.Node.handleRequest(Node.java:97)\n\tat lab.Node.handleMessage(Node.java:71)\n\tat lab.Node.lambda$run$0(Node.java:44)\n\tat java.base/java.util.concurrent.ThreadPoolExecutor.runWorker(ThreadPoolExecutor.java:1144)\n\tat java.base/java.util.concurrent.ThreadPoolExecutor$Worker.run(ThreadPoolExecutor.java:642)\n\tat java.base/java.lang.Thread.run(Thread.java:1583)\n"]
2026-03-11 14:37:55,297{GMT}	INFO	[jepsen worker 1] jepsen.util: 424	:info	:generate	nil	[:crash "Unexpected exception handling (msg c6 n1 {\"type\":\"generate\",\"msg_id\":142}) : java.lang.UnsupportedOperationException: Not a string: 142\njava.lang.UnsupportedOperationException: Not a string: 142\n\tat com.eclipsesource.json.JsonValue.asString(JsonValue.java:384)\n\tat com.eclipsesource.json.JsonObject.getString(JsonObject.java:674)\n\tat lab.UniqueId$1.accept(UniqueId.java:27)\n\tat lab.UniqueId$1.accept(UniqueId.java:24)\n\tat lab.Node.handleRequest(Node.java:97)\n\tat lab.Node.handleMessage(Node.java:71)\n\tat lab.Node.lambda$run$0(Node.java:44)\n\tat java.base/java.util.concurrent.ThreadPoolExecutor.runWorker(ThreadPoolExecutor.java:1144)\n\tat java.base/java.util.concurrent.ThreadPoolExecutor$Worker.run(ThreadPoolExecutor.java:642)\n\tat java.base/java.lang.Thread.run(Thread.java:1583)\n"]
2026-03-11 14:37:55,298{GMT}	INFO	[jepsen worker 0] jepsen.util: 462	:invoke	:generate	nil
2026-03-11 14:37:55,297{GMT}	INFO	[jepsen worker 2] jepsen.util: 398	:invoke	:generate	nil
2026-03-11 14:37:55,300{GMT}	INFO	[jepsen worker 1] jepsen.util: 427	:invoke	:generate	nil
2026-03-11 14:37:55,302{GMT}	INFO	[jepsen worker 2] jepsen.util: 398	:info	:generate	nil	[:crash "Unexpected exception handling (msg c7 n2 {\"type\":\"generate\",\"msg_id\":133}) : java.lang.UnsupportedOperationException: Not a string: 133\njava.lang.UnsupportedOperationException: Not a string: 133\n\tat com.eclipsesource.json.JsonValue.asString(JsonValue.java:384)\n\tat com.eclipsesource.json.JsonObject.getString(JsonObject.java:674)\n\tat lab.UniqueId$1.accept(UniqueId.java:27)\n\tat lab.UniqueId$1.accept(UniqueId.java:24)\n\tat lab.Node.handleRequest(Node.java:97)\n\tat lab.Node.handleMessage(Node.java:71)\n\tat lab.Node.lambda$run$0(Node.java:44)\n\tat java.base/java.util.concurrent.ThreadPoolExecutor.runWorker(ThreadPoolExecutor.java:1144)\n\tat java.base/java.util.concurrent.ThreadPoolExecutor$Worker.run(ThreadPoolExecutor.java:642)\n\tat java.base/java.lang.Thread.run(Thread.java:1583)\n"]
2026-03-11 14:37:55,302{GMT}	INFO	[jepsen worker 1] jepsen.util: 427	:info	:generate	nil	[:crash "Unexpected exception handling (msg c6 n1 {\"type\":\"generate\",\"msg_id\":143}) : java.lang.UnsupportedOperationException: Not a string: 143\njava.lang.UnsupportedOperationException: Not a string: 143\n\tat com.eclipsesource.json.JsonValue.asString(JsonValue.java:384)\n\tat com.eclipsesource.json.JsonObject.getString(JsonObject.java:674)\n\tat lab.UniqueId$1.accept(UniqueId.java:27)\n\tat lab.UniqueId$1.accept(UniqueId.java:24)\n\tat lab.Node.handleRequest(Node.java:97)\n\tat lab.Node.handleMessage(Node.java:71)\n\tat lab.Node.lambda$run$0(Node.java:44)\n\tat java.base/java.util.concurrent.ThreadPoolExecutor.runWorker(ThreadPoolExecutor.java:1144)\n\tat java.base/java.util.concurrent.ThreadPoolExecutor$Worker.run(ThreadPoolExecutor.java:642)\n\tat java.base/java.lang.Thread.run(Thread.java:1583)\n"]
2026-03-11 14:37:55,302{GMT}	INFO	[jepsen worker 0] jepsen.util: 462	:info	:generate	nil	[:crash "Unexpected exception handling (msg c8 n0 {\"type\":\"generate\",\"msg_id\":155}) : java.lang.UnsupportedOperationException: Not a string: 155\njava.lang.UnsupportedOperationException: Not a string: 155\n\tat com.eclipsesource.json.JsonValue.asString(JsonValue.java:384)\n\tat com.eclipsesource.json.JsonObject.getString(JsonObject.java:674)\n\tat lab.UniqueId$1.accept(UniqueId.java:27)\n\tat lab.UniqueId$1.accept(UniqueId.java:24)\n\tat lab.Node.handleRequest(Node.java:97)\n\tat lab.Node.handleMessage(Node.java:71)\n\tat lab.Node.lambda$run$0(Node.java:44)\n\tat java.base/java.util.concurrent.ThreadPoolExecutor.runWorker(ThreadPoolExecutor.java:1144)\n\tat java.base/java.util.concurrent.ThreadPoolExecutor$Worker.run(ThreadPoolExecutor.java:642)\n\tat java.base/java.lang.Thread.run(Thread.java:1583)\n"]
2026-03-11 14:37:55,302{GMT}	INFO	[jepsen worker 1] jepsen.util: 430	:invoke	:generate	nil
2026-03-11 14:37:55,304{GMT}	INFO	[jepsen worker 2] jepsen.util: 401	:invoke	:generate	nil
2026-03-11 14:37:55,304{GMT}	INFO	[jepsen worker 1] jepsen.util: 430	:info	:generate	nil	[:crash "Unexpected exception handling (msg c6 n1 {\"type\":\"generate\",\"msg_id\":144}) : java.lang.UnsupportedOperationException: Not a string: 144\njava.lang.UnsupportedOperationException: Not a string: 144\n\tat com.eclipsesource.json.JsonValue.asString(JsonValue.java:384)\n\tat com.eclipsesource.json.JsonObject.getString(JsonObject.java:674)\n\tat lab.UniqueId$1.accept(UniqueId.java:27)\n\tat lab.UniqueId$1.accept(UniqueId.java:24)\n\tat lab.Node.handleRequest(Node.java:97)\n\tat lab.Node.handleMessage(Node.java:71)\n\tat lab.Node.lambda$run$0(Node.java:44)\n\tat java.base/java.util.concurrent.ThreadPoolExecutor.runWorker(ThreadPoolExecutor.java:1144)\n\tat java.base/java.util.concurrent.ThreadPoolExecutor$Worker.run(ThreadPoolExecutor.java:642)\n\tat java.base/java.lang.Thread.run(Thread.java:1583)\n"]
2026-03-11 14:37:55,305{GMT}	INFO	[jepsen worker 0] jepsen.util: 465	:invoke	:generate	nil
2026-03-11 14:37:55,305{GMT}	INFO	[jepsen worker 2] jepsen.util: 401	:info	:generate	nil	[:crash "Unexpected exception handling (msg c7 n2 {\"type\":\"generate\",\"msg_id\":134}) : java.lang.UnsupportedOperationException: Not a string: 134\njava.lang.UnsupportedOperationException: Not a string: 134\n\tat com.eclipsesource.json.JsonValue.asString(JsonValue.java:384)\n\tat com.eclipsesource.json.JsonObject.getString(JsonObject.java:674)\n\tat lab.UniqueId$1.accept(UniqueId.java:27)\n\tat lab.UniqueId$1.accept(UniqueId.java:24)\n\tat lab.Node.handleRequest(Node.java:97)\n\tat lab.Node.handleMessage(Node.java:71)\n\tat lab.Node.lambda$run$0(Node.java:44)\n\tat java.base/java.util.concurrent.ThreadPoolExecutor.runWorker(ThreadPoolExecutor.java:1144)\n\tat java.base/java.util.concurrent.ThreadPoolExecutor$Worker.run(ThreadPoolExecutor.java:642)\n\tat java.base/java.lang.Thread.run(Thread.java:1583)\n"]
2026-03-11 14:37:55,306{GMT}	INFO	[jepsen worker 0] jepsen.util: 465	:info	:generate	nil	[:crash "Unexpected exception handling (msg c8 n0 {\"type\":\"generate\",\"msg_id\":156}) : java.lang.UnsupportedOperationException: Not a string: 156\njava.lang.UnsupportedOperationException: Not a string: 156\n\tat com.eclipsesource.json.JsonValue.asString(JsonValue.java:384)\n\tat com.eclipsesource.json.JsonObject.getString(JsonObject.java:674)\n\tat lab.UniqueId$1.accept(UniqueId.java:27)\n\tat lab.UniqueId$1.accept(UniqueId.java:24)\n\tat lab.Node.handleRequest(Node.java:97)\n\tat lab.Node.handleMessage(Node.java:71)\n\tat lab.Node.lambda$run$0(Node.java:44)\n\tat java.base/java.util.concurrent.ThreadPoolExecutor.runWorker(ThreadPoolExecutor.java:1144)\n\tat java.base/java.util.concurrent.ThreadPoolExecutor$Worker.run(ThreadPoolExecutor.java:642)\n\tat java.base/java.lang.Thread.run(Thread.java:1583)\n"]
2026-03-11 14:37:55,306{GMT}	INFO	[jepsen worker 1] jepsen.util: 433	:invoke	:generate	nil
2026-03-11 14:37:55,316{GMT}	INFO	[jepsen worker 0] jepsen.util: 468	:invoke	:generate	nil
2026-03-11 14:37:55,316{GMT}	INFO	[jepsen worker 2] jepsen.util: 404	:invoke	:generate	nil
2026-03-11 14:37:55,318{GMT}	INFO	[jepsen worker 2] jepsen.util: 404	:info	:generate	nil	[:crash "Unexpected exception handling (msg c7 n2 {\"type\":\"generate\",\"msg_id\":135}) : java.lang.UnsupportedOperationException: Not a string: 135\njava.lang.UnsupportedOperationException: Not a string: 135\n\tat com.eclipsesource.json.JsonValue.asString(JsonValue.java:384)\n\tat com.eclipsesource.json.JsonObject.getString(JsonObject.java:674)\n\tat lab.UniqueId$1.accept(UniqueId.java:27)\n\tat lab.UniqueId$1.accept(UniqueId.java:24)\n\tat lab.Node.handleRequest(Node.java:97)\n\tat lab.Node.handleMessage(Node.java:71)\n\tat lab.Node.lambda$run$0(Node.java:44)\n\tat java.base/java.util.concurrent.ThreadPoolExecutor.runWorker(ThreadPoolExecutor.java:1144)\n\tat java.base/java.util.concurrent.ThreadPoolExecutor$Worker.run(ThreadPoolExecutor.java:642)\n\tat java.base/java.lang.Thread.run(Thread.java:1583)\n"]
2026-03-11 14:37:55,318{GMT}	INFO	[jepsen worker 1] jepsen.util: 433	:info	:generate	nil	[:crash "Unexpected exception handling (msg c6 n1 {\"type\":\"generate\",\"msg_id\":145}) : java.lang.UnsupportedOperationException: Not a string: 145\njava.lang.UnsupportedOperationException: Not a string: 145\n\tat com.eclipsesource.json.JsonValue.asString(JsonValue.java:384)\n\tat com.eclipsesource.json.JsonObject.getString(JsonObject.java:674)\n\tat lab.UniqueId$1.accept(UniqueId.java:27)\n\tat lab.UniqueId$1.accept(UniqueId.java:24)\n\tat lab.Node.handleRequest(Node.java:97)\n\tat lab.Node.handleMessage(Node.java:71)\n\tat lab.Node.lambda$run$0(Node.java:44)\n\tat java.base/java.util.concurrent.ThreadPoolExecutor.runWorker(ThreadPoolExecutor.java:1144)\n\tat java.base/java.util.concurrent.ThreadPoolExecutor$Worker.run(ThreadPoolExecutor.java:642)\n\tat java.base/java.lang.Thread.run(Thread.java:1583)\n"]
2026-03-11 14:37:55,318{GMT}	INFO	[jepsen worker 1] jepsen.util: 436	:invoke	:generate	nil
2026-03-11 14:37:55,318{GMT}	INFO	[jepsen worker 0] jepsen.util: 468	:info	:generate	nil	[:crash "Unexpected exception handling (msg c8 n0 {\"type\":\"generate\",\"msg_id\":157}) : java.lang.UnsupportedOperationException: Not a string: 157\njava.lang.UnsupportedOperationException: Not a string: 157\n\tat com.eclipsesource.json.JsonValue.asString(JsonValue.java:384)\n\tat com.eclipsesource.json.JsonObject.getString(JsonObject.java:674)\n\tat lab.UniqueId$1.accept(UniqueId.java:27)\n\tat lab.UniqueId$1.accept(UniqueId.java:24)\n\tat lab.Node.handleRequest(Node.java:97)\n\tat lab.Node.handleMessage(Node.java:71)\n\tat lab.Node.lambda$run$0(Node.java:44)\n\tat java.base/java.util.concurrent.ThreadPoolExecutor.runWorker(ThreadPoolExecutor.java:1144)\n\tat java.base/java.util.concurrent.ThreadPoolExecutor$Worker.run(ThreadPoolExecutor.java:642)\n\tat java.base/java.lang.Thread.run(Thread.java:1583)\n"]
2026-03-11 14:37:55,319{GMT}	INFO	[jepsen worker 1] jepsen.util: 436	:info	:generate	nil	[:crash "Unexpected exception handling (msg c6 n1 {\"type\":\"generate\",\"msg_id\":146}) : java.lang.UnsupportedOperationException: Not a string: 146\njava.lang.UnsupportedOperationException: Not a string: 146\n\tat com.eclipsesource.json.JsonValue.asString(JsonValue.java:384)\n\tat com.eclipsesource.json.JsonObject.getString(JsonObject.java:674)\n\tat lab.UniqueId$1.accept(UniqueId.java:27)\n\tat lab.UniqueId$1.accept(UniqueId.java:24)\n\tat lab.Node.handleRequest(Node.java:97)\n\tat lab.Node.handleMessage(Node.java:71)\n\tat lab.Node.lambda$run$0(Node.java:44)\n\tat java.base/java.util.concurrent.ThreadPoolExecutor.runWorker(ThreadPoolExecutor.java:1144)\n\tat java.base/java.util.concurrent.ThreadPoolExecutor$Worker.run(ThreadPoolExecutor.java:642)\n\tat java.base/java.lang.Thread.run(Thread.java:1583)\n"]
2026-03-11 14:37:55,320{GMT}	INFO	[jepsen worker 0] jepsen.util: 471	:invoke	:generate	nil
2026-03-11 14:37:55,321{GMT}	INFO	[jepsen worker 1] jepsen.util: 439	:invoke	:generate	nil
2026-03-11 14:37:55,321{GMT}	INFO	[jepsen worker 0] jepsen.util: 471	:info	:generate	nil	[:crash "Unexpected exception handling (msg c8 n0 {\"type\":\"generate\",\"msg_id\":158}) : java.lang.UnsupportedOperationException: Not a string: 158\njava.lang.UnsupportedOperationException: Not a string: 158\n\tat com.eclipsesource.json.JsonValue.asString(JsonValue.java:384)\n\tat com.eclipsesource.json.JsonObject.getString(JsonObject.java:674)\n\tat lab.UniqueId$1.accept(UniqueId.java:27)\n\tat lab.UniqueId$1.accept(UniqueId.java:24)\n\tat lab.Node.handleRequest(Node.java:97)\n\tat lab.Node.handleMessage(Node.java:71)\n\tat lab.Node.lambda$run$0(Node.java:44)\n\tat java.base/java.util.concurrent.ThreadPoolExecutor.runWorker(ThreadPoolExecutor.java:1144)\n\tat java.base/java.util.concurrent.ThreadPoolExecutor$Worker.run(ThreadPoolExecutor.java:642)\n\tat java.base/java.lang.Thread.run(Thread.java:1583)\n"]
2026-03-11 14:37:55,323{GMT}	INFO	[jepsen worker 2] jepsen.util: 407	:invoke	:generate	nil
2026-03-11 14:37:55,323{GMT}	INFO	[jepsen worker 1] jepsen.util: 439	:info	:generate	nil	[:crash "Unexpected exception handling (msg c6 n1 {\"type\":\"generate\",\"msg_id\":147}) : java.lang.UnsupportedOperationException: Not a string: 147\njava.lang.UnsupportedOperationException: Not a string: 147\n\tat com.eclipsesource.json.JsonValue.asString(JsonValue.java:384)\n\tat com.eclipsesource.json.JsonObject.getString(JsonObject.java:674)\n\tat lab.UniqueId$1.accept(UniqueId.java:27)\n\tat lab.UniqueId$1.accept(UniqueId.java:24)\n\tat lab.Node.handleRequest(Node.java:97)\n\tat lab.Node.handleMessage(Node.java:71)\n\tat lab.Node.lambda$run$0(Node.java:44)\n\tat java.base/java.util.concurrent.ThreadPoolExecutor.runWorker(ThreadPoolExecutor.java:1144)\n\tat java.base/java.util.concurrent.ThreadPoolExecutor$Worker.run(ThreadPoolExecutor.java:642)\n\tat java.base/java.lang.Thread.run(Thread.java:1583)\n"]
2026-03-11 14:37:55,332{GMT}	INFO	[jepsen worker 1] jepsen.util: 442	:invoke	:generate	nil
2026-03-11 14:37:55,332{GMT}	INFO	[jepsen worker 0] jepsen.util: 474	:invoke	:generate	nil
2026-03-11 14:37:55,335{GMT}	INFO	[jepsen worker 1] jepsen.util: 442	:info	:generate	nil	[:crash "Unexpected exception handling (msg c6 n1 {\"type\":\"generate\",\"msg_id\":148}) : java.lang.UnsupportedOperationException: Not a string: 148\njava.lang.UnsupportedOperationException: Not a string: 148\n\tat com.eclipsesource.json.JsonValue.asString(JsonValue.java:384)\n\tat com.eclipsesource.json.JsonObject.getString(JsonObject.java:674)\n\tat lab.UniqueId$1.accept(UniqueId.java:27)\n\tat lab.UniqueId$1.accept(UniqueId.java:24)\n\tat lab.Node.handleRequest(Node.java:97)\n\tat lab.Node.handleMessage(Node.java:71)\n\tat lab.Node.lambda$run$0(Node.java:44)\n\tat java.base/java.util.concurrent.ThreadPoolExecutor.runWorker(ThreadPoolExecutor.java:1144)\n\tat java.base/java.util.concurrent.ThreadPoolExecutor$Worker.run(ThreadPoolExecutor.java:642)\n\tat java.base/java.lang.Thread.run(Thread.java:1583)\n"]
2026-03-11 14:37:55,335{GMT}	INFO	[jepsen worker 1] jepsen.util: 445	:invoke	:generate	nil
2026-03-11 14:37:55,335{GMT}	INFO	[jepsen worker 2] jepsen.util: 407	:info	:generate	nil	[:crash "Unexpected exception handling (msg c7 n2 {\"type\":\"generate\",\"msg_id\":136}) : java.lang.UnsupportedOperationException: Not a string: 136\njava.lang.UnsupportedOperationException: Not a string: 136\n\tat com.eclipsesource.json.JsonValue.asString(JsonValue.java:384)\n\tat com.eclipsesource.json.JsonObject.getString(JsonObject.java:674)\n\tat lab.UniqueId$1.accept(UniqueId.java:27)\n\tat lab.UniqueId$1.accept(UniqueId.java:24)\n\tat lab.Node.handleRequest(Node.java:97)\n\tat lab.Node.handleMessage(Node.java:71)\n\tat lab.Node.lambda$run$0(Node.java:44)\n\tat java.base/java.util.concurrent.ThreadPoolExecutor.runWorker(ThreadPoolExecutor.java:1144)\n\tat java.base/java.util.concurrent.ThreadPoolExecutor$Worker.run(ThreadPoolExecutor.java:642)\n\tat java.base/java.lang.Thread.run(Thread.java:1583)\n"]
2026-03-11 14:37:55,335{GMT}	INFO	[jepsen worker 0] jepsen.util: 474	:info	:generate	nil	[:crash "Unexpected exception handling (msg c8 n0 {\"type\":\"generate\",\"msg_id\":159}) : java.lang.UnsupportedOperationException: Not a string: 159\njava.lang.UnsupportedOperationException: Not a string: 159\n\tat com.eclipsesource.json.JsonValue.asString(JsonValue.java:384)\n\tat com.eclipsesource.json.JsonObject.getString(JsonObject.java:674)\n\tat lab.UniqueId$1.accept(UniqueId.java:27)\n\tat lab.UniqueId$1.accept(UniqueId.java:24)\n\tat lab.Node.handleRequest(Node.java:97)\n\tat lab.Node.handleMessage(Node.java:71)\n\tat lab.Node.lambda$run$0(Node.java:44)\n\tat java.base/java.util.concurrent.ThreadPoolExecutor.runWorker(ThreadPoolExecutor.java:1144)\n\tat java.base/java.util.concurrent.ThreadPoolExecutor$Worker.run(ThreadPoolExecutor.java:642)\n\tat java.base/java.lang.Thread.run(Thread.java:1583)\n"]
2026-03-11 14:37:55,336{GMT}	INFO	[jepsen worker 2] jepsen.util: 410	:invoke	:generate	nil
2026-03-11 14:37:55,337{GMT}	INFO	[jepsen worker 1] jepsen.util: 445	:info	:generate	nil	[:crash "Unexpected exception handling (msg c6 n1 {\"type\":\"generate\",\"msg_id\":149}) : java.lang.UnsupportedOperationException: Not a string: 149\njava.lang.UnsupportedOperationException: Not a string: 149\n\tat com.eclipsesource.json.JsonValue.asString(JsonValue.java:384)\n\tat com.eclipsesource.json.JsonObject.getString(JsonObject.java:674)\n\tat lab.UniqueId$1.accept(UniqueId.java:27)\n\tat lab.UniqueId$1.accept(UniqueId.java:24)\n\tat lab.Node.handleRequest(Node.java:97)\n\tat lab.Node.handleMessage(Node.java:71)\n\tat lab.Node.lambda$run$0(Node.java:44)\n\tat java.base/java.util.concurrent.ThreadPoolExecutor.runWorker(ThreadPoolExecutor.java:1144)\n\tat java.base/java.util.concurrent.ThreadPoolExecutor$Worker.run(ThreadPoolExecutor.java:642)\n\tat java.base/java.lang.Thread.run(Thread.java:1583)\n"]
2026-03-11 14:37:55,338{GMT}	INFO	[jepsen worker 0] jepsen.util: 477	:invoke	:generate	nil
2026-03-11 14:37:55,338{GMT}	INFO	[jepsen worker 2] jepsen.util: 410	:info	:generate	nil	[:crash "Unexpected exception handling (msg c7 n2 {\"type\":\"generate\",\"msg_id\":137}) : java.lang.UnsupportedOperationException: Not a string: 137\njava.lang.UnsupportedOperationException: Not a string: 137\n\tat com.eclipsesource.json.JsonValue.asString(JsonValue.java:384)\n\tat com.eclipsesource.json.JsonObject.getString(JsonObject.java:674)\n\tat lab.UniqueId$1.accept(UniqueId.java:27)\n\tat lab.UniqueId$1.accept(UniqueId.java:24)\n\tat lab.Node.handleRequest(Node.java:97)\n\tat lab.Node.handleMessage(Node.java:71)\n\tat lab.Node.lambda$run$0(Node.java:44)\n\tat java.base/java.util.concurrent.ThreadPoolExecutor.runWorker(ThreadPoolExecutor.java:1144)\n\tat java.base/java.util.concurrent.ThreadPoolExecutor$Worker.run(ThreadPoolExecutor.java:642)\n\tat java.base/java.lang.Thread.run(Thread.java:1583)\n"]
2026-03-11 14:37:55,340{GMT}	INFO	[jepsen worker 0] jepsen.util: 477	:info	:generate	nil	[:crash "Unexpected exception handling (msg c8 n0 {\"type\":\"generate\",\"msg_id\":160}) : java.lang.UnsupportedOperationException: Not a string: 160\njava.lang.UnsupportedOperationException: Not a string: 160\n\tat com.eclipsesource.json.JsonValue.asString(JsonValue.java:384)\n\tat com.eclipsesource.json.JsonObject.getString(JsonObject.java:674)\n\tat lab.UniqueId$1.accept(UniqueId.java:27)\n\tat lab.UniqueId$1.accept(UniqueId.java:24)\n\tat lab.Node.handleRequest(Node.java:97)\n\tat lab.Node.handleMessage(Node.java:71)\n\tat lab.Node.lambda$run$0(Node.java:44)\n\tat java.base/java.util.concurrent.ThreadPoolExecutor.runWorker(ThreadPoolExecutor.java:1144)\n\tat java.base/java.util.concurrent.ThreadPoolExecutor$Worker.run(ThreadPoolExecutor.java:642)\n\tat java.base/java.lang.Thread.run(Thread.java:1583)\n"]
2026-03-11 14:37:55,340{GMT}	INFO	[jepsen worker 1] jepsen.util: 448	:invoke	:generate	nil
2026-03-11 14:37:55,341{GMT}	INFO	[jepsen worker 2] jepsen.util: 413	:invoke	:generate	nil
2026-03-11 14:37:55,341{GMT}	INFO	[jepsen worker 0] jepsen.util: 480	:invoke	:generate	nil
2026-03-11 14:37:55,342{GMT}	INFO	[jepsen worker 1] jepsen.util: 448	:info	:generate	nil	[:crash "Unexpected exception handling (msg c6 n1 {\"type\":\"generate\",\"msg_id\":150}) : java.lang.UnsupportedOperationException: Not a string: 150\njava.lang.UnsupportedOperationException: Not a string: 150\n\tat com.eclipsesource.json.JsonValue.asString(JsonValue.java:384)\n\tat com.eclipsesource.json.JsonObject.getString(JsonObject.java:674)\n\tat lab.UniqueId$1.accept(UniqueId.java:27)\n\tat lab.UniqueId$1.accept(UniqueId.java:24)\n\tat lab.Node.handleRequest(Node.java:97)\n\tat lab.Node.handleMessage(Node.java:71)\n\tat lab.Node.lambda$run$0(Node.java:44)\n\tat java.base/java.util.concurrent.ThreadPoolExecutor.runWorker(ThreadPoolExecutor.java:1144)\n\tat java.base/java.util.concurrent.ThreadPoolExecutor$Worker.run(ThreadPoolExecutor.java:642)\n\tat java.base/java.lang.Thread.run(Thread.java:1583)\n"]
2026-03-11 14:37:55,342{GMT}	INFO	[jepsen worker 1] jepsen.util: 451	:invoke	:generate	nil
2026-03-11 14:37:55,343{GMT}	INFO	[jepsen worker 2] jepsen.util: 413	:info	:generate	nil	[:crash "Unexpected exception handling (msg c7 n2 {\"type\":\"generate\",\"msg_id\":138}) : java.lang.UnsupportedOperationException: Not a string: 138\njava.lang.UnsupportedOperationException: Not a string: 138\n\tat com.eclipsesource.json.JsonValue.asString(JsonValue.java:384)\n\tat com.eclipsesource.json.JsonObject.getString(JsonObject.java:674)\n\tat lab.UniqueId$1.accept(UniqueId.java:27)\n\tat lab.UniqueId$1.accept(UniqueId.java:24)\n\tat lab.Node.handleRequest(Node.java:97)\n\tat lab.Node.handleMessage(Node.java:71)\n\tat lab.Node.lambda$run$0(Node.java:44)\n\tat java.base/java.util.concurrent.ThreadPoolExecutor.runWorker(ThreadPoolExecutor.java:1144)\n\tat java.base/java.util.concurrent.ThreadPoolExecutor$Worker.run(ThreadPoolExecutor.java:642)\n\tat java.base/java.lang.Thread.run(Thread.java:1583)\n"]
2026-03-11 14:37:55,343{GMT}	INFO	[jepsen worker 1] jepsen.util: 451	:info	:generate	nil	[:crash "Unexpected exception handling (msg c6 n1 {\"type\":\"generate\",\"msg_id\":151}) : java.lang.UnsupportedOperationException: Not a string: 151\njava.lang.UnsupportedOperationException: Not a string: 151\n\tat com.eclipsesource.json.JsonValue.asString(JsonValue.java:384)\n\tat com.eclipsesource.json.JsonObject.getString(JsonObject.java:674)\n\tat lab.UniqueId$1.accept(UniqueId.java:27)\n\tat lab.UniqueId$1.accept(UniqueId.java:24)\n\tat lab.Node.handleRequest(Node.java:97)\n\tat lab.Node.handleMessage(Node.java:71)\n\tat lab.Node.lambda$run$0(Node.java:44)\n\tat java.base/java.util.concurrent.ThreadPoolExecutor.runWorker(ThreadPoolExecutor.java:1144)\n\tat java.base/java.util.concurrent.ThreadPoolExecutor$Worker.run(ThreadPoolExecutor.java:642)\n\tat java.base/java.lang.Thread.run(Thread.java:1583)\n"]
2026-03-11 14:37:55,343{GMT}	INFO	[jepsen worker 1] jepsen.util: 454	:invoke	:generate	nil
2026-03-11 14:37:55,344{GMT}	INFO	[jepsen worker 0] jepsen.util: 480	:info	:generate	nil	[:crash "Unexpected exception handling (msg c8 n0 {\"type\":\"generate\",\"msg_id\":161}) : java.lang.UnsupportedOperationException: Not a string: 161\njava.lang.UnsupportedOperationException: Not a string: 161\n\tat com.eclipsesource.json.JsonValue.asString(JsonValue.java:384)\n\tat com.eclipsesource.json.JsonObject.getString(JsonObject.java:674)\n\tat lab.UniqueId$1.accept(UniqueId.java:27)\n\tat lab.UniqueId$1.accept(UniqueId.java:24)\n\tat lab.Node.handleRequest(Node.java:97)\n\tat lab.Node.handleMessage(Node.java:71)\n\tat lab.Node.lambda$run$0(Node.java:44)\n\tat java.base/java.util.concurrent.ThreadPoolExecutor.runWorker(ThreadPoolExecutor.java:1144)\n\tat java.base/java.util.concurrent.ThreadPoolExecutor$Worker.run(ThreadPoolExecutor.java:642)\n\tat java.base/java.lang.Thread.run(Thread.java:1583)\n"]
2026-03-11 14:37:55,345{GMT}	INFO	[jepsen worker 1] jepsen.util: 454	:info	:generate	nil	[:crash "Unexpected exception handling (msg c6 n1 {\"type\":\"generate\",\"msg_id\":152}) : java.lang.UnsupportedOperationException: Not a string: 152\njava.lang.UnsupportedOperationException: Not a string: 152\n\tat com.eclipsesource.json.JsonValue.asString(JsonValue.java:384)\n\tat com.eclipsesource.json.JsonObject.getString(JsonObject.java:674)\n\tat lab.UniqueId$1.accept(UniqueId.java:27)\n\tat lab.UniqueId$1.accept(UniqueId.java:24)\n\tat lab.Node.handleRequest(Node.java:97)\n\tat lab.Node.handleMessage(Node.java:71)\n\tat lab.Node.lambda$run$0(Node.java:44)\n\tat java.base/java.util.concurrent.ThreadPoolExecutor.runWorker(ThreadPoolExecutor.java:1144)\n\tat java.base/java.util.concurrent.ThreadPoolExecutor$Worker.run(ThreadPoolExecutor.java:642)\n\tat java.base/java.lang.Thread.run(Thread.java:1583)\n"]
2026-03-11 14:37:55,345{GMT}	INFO	[jepsen worker 1] jepsen.util: 457	:invoke	:generate	nil
2026-03-11 14:37:55,347{GMT}	INFO	[jepsen worker 2] jepsen.util: 416	:invoke	:generate	nil
2026-03-11 14:37:55,347{GMT}	INFO	[jepsen worker 1] jepsen.util: 457	:info	:generate	nil	[:crash "Unexpected exception handling (msg c6 n1 {\"type\":\"generate\",\"msg_id\":153}) : java.lang.UnsupportedOperationException: Not a string: 153\njava.lang.UnsupportedOperationException: Not a string: 153\n\tat com.eclipsesource.json.JsonValue.asString(JsonValue.java:384)\n\tat com.eclipsesource.json.JsonObject.getString(JsonObject.java:674)\n\tat lab.UniqueId$1.accept(UniqueId.java:27)\n\tat lab.UniqueId$1.accept(UniqueId.java:24)\n\tat lab.Node.handleRequest(Node.java:97)\n\tat lab.Node.handleMessage(Node.java:71)\n\tat lab.Node.lambda$run$0(Node.java:44)\n\tat java.base/java.util.concurrent.ThreadPoolExecutor.runWorker(ThreadPoolExecutor.java:1144)\n\tat java.base/java.util.concurrent.ThreadPoolExecutor$Worker.run(ThreadPoolExecutor.java:642)\n\tat java.base/java.lang.Thread.run(Thread.java:1583)\n"]
2026-03-11 14:37:55,347{GMT}	INFO	[jepsen worker 0] jepsen.util: 483	:invoke	:generate	nil
2026-03-11 14:37:55,349{GMT}	INFO	[jepsen worker 2] jepsen.util: 416	:info	:generate	nil	[:crash "Unexpected exception handling (msg c7 n2 {\"type\":\"generate\",\"msg_id\":139}) : java.lang.UnsupportedOperationException: Not a string: 139\njava.lang.UnsupportedOperationException: Not a string: 139\n\tat com.eclipsesource.json.JsonValue.asString(JsonValue.java:384)\n\tat com.eclipsesource.json.JsonObject.getString(JsonObject.java:674)\n\tat lab.UniqueId$1.accept(UniqueId.java:27)\n\tat lab.UniqueId$1.accept(UniqueId.java:24)\n\tat lab.Node.handleRequest(Node.java:97)\n\tat lab.Node.handleMessage(Node.java:71)\n\tat lab.Node.lambda$run$0(Node.java:44)\n\tat java.base/java.util.concurrent.ThreadPoolExecutor.runWorker(ThreadPoolExecutor.java:1144)\n\tat java.base/java.util.concurrent.ThreadPoolExecutor$Worker.run(ThreadPoolExecutor.java:642)\n\tat java.base/java.lang.Thread.run(Thread.java:1583)\n"]
2026-03-11 14:37:55,355{GMT}	INFO	[jepsen worker 2] jepsen.util: 419	:invoke	:generate	nil
2026-03-11 14:37:55,355{GMT}	INFO	[jepsen worker 1] jepsen.util: 460	:invoke	:generate	nil
2026-03-11 14:37:55,357{GMT}	INFO	[jepsen worker 0] jepsen.util: 483	:info	:generate	nil	[:crash "Unexpected exception handling (msg c8 n0 {\"type\":\"generate\",\"msg_id\":162}) : java.lang.UnsupportedOperationException: Not a string: 162\njava.lang.UnsupportedOperationException: Not a string: 162\n\tat com.eclipsesource.json.JsonValue.asString(JsonValue.java:384)\n\tat com.eclipsesource.json.JsonObject.getString(JsonObject.java:674)\n\tat lab.UniqueId$1.accept(UniqueId.java:27)\n\tat lab.UniqueId$1.accept(UniqueId.java:24)\n\tat lab.Node.handleRequest(Node.java:97)\n\tat lab.Node.handleMessage(Node.java:71)\n\tat lab.Node.lambda$run$0(Node.java:44)\n\tat java.base/java.util.concurrent.ThreadPoolExecutor.runWorker(ThreadPoolExecutor.java:1144)\n\tat java.base/java.util.concurrent.ThreadPoolExecutor$Worker.run(ThreadPoolExecutor.java:642)\n\tat java.base/java.lang.Thread.run(Thread.java:1583)\n"]
2026-03-11 14:37:55,357{GMT}	INFO	[jepsen worker 0] jepsen.util: 486	:invoke	:generate	nil
2026-03-11 14:37:55,357{GMT}	INFO	[jepsen worker 1] jepsen.util: 460	:info	:generate	nil	[:crash "Unexpected exception handling (msg c6 n1 {\"type\":\"generate\",\"msg_id\":154}) : java.lang.UnsupportedOperationException: Not a string: 154\njava.lang.UnsupportedOperationException: Not a string: 154\n\tat com.eclipsesource.json.JsonValue.asString(JsonValue.java:384)\n\tat com.eclipsesource.json.JsonObject.getString(JsonObject.java:674)\n\tat lab.UniqueId$1.accept(UniqueId.java:27)\n\tat lab.UniqueId$1.accept(UniqueId.java:24)\n\tat lab.Node.handleRequest(Node.java:97)\n\tat lab.Node.handleMessage(Node.java:71)\n\tat lab.Node.lambda$run$0(Node.java:44)\n\tat java.base/java.util.concurrent.ThreadPoolExecutor.runWorker(ThreadPoolExecutor.java:1144)\n\tat java.base/java.util.concurrent.ThreadPoolExecutor$Worker.run(ThreadPoolExecutor.java:642)\n\tat java.base/java.lang.Thread.run(Thread.java:1583)\n"]
2026-03-11 14:37:55,357{GMT}	INFO	[jepsen worker 2] jepsen.util: 419	:info	:generate	nil	[:crash "Unexpected exception handling (msg c7 n2 {\"type\":\"generate\",\"msg_id\":140}) : java.lang.UnsupportedOperationException: Not a string: 140\njava.lang.UnsupportedOperationException: Not a string: 140\n\tat com.eclipsesource.json.JsonValue.asString(JsonValue.java:384)\n\tat com.eclipsesource.json.JsonObject.getString(JsonObject.java:674)\n\tat lab.UniqueId$1.accept(UniqueId.java:27)\n\tat lab.UniqueId$1.accept(UniqueId.java:24)\n\tat lab.Node.handleRequest(Node.java:97)\n\tat lab.Node.handleMessage(Node.java:71)\n\tat lab.Node.lambda$run$0(Node.java:44)\n\tat java.base/java.util.concurrent.ThreadPoolExecutor.runWorker(ThreadPoolExecutor.java:1144)\n\tat java.base/java.util.concurrent.ThreadPoolExecutor$Worker.run(ThreadPoolExecutor.java:642)\n\tat java.base/java.lang.Thread.run(Thread.java:1583)\n"]
2026-03-11 14:37:55,359{GMT}	INFO	[jepsen worker 0] jepsen.util: 486	:info	:generate	nil	[:crash "Unexpected exception handling (msg c8 n0 {\"type\":\"generate\",\"msg_id\":163}) : java.lang.UnsupportedOperationException: Not a string: 163\njava.lang.UnsupportedOperationException: Not a string: 163\n\tat com.eclipsesource.json.JsonValue.asString(JsonValue.java:384)\n\tat com.eclipsesource.json.JsonObject.getString(JsonObject.java:674)\n\tat lab.UniqueId$1.accept(UniqueId.java:27)\n\tat lab.UniqueId$1.accept(UniqueId.java:24)\n\tat lab.Node.handleRequest(Node.java:97)\n\tat lab.Node.handleMessage(Node.java:71)\n\tat lab.Node.lambda$run$0(Node.java:44)\n\tat java.base/java.util.concurrent.ThreadPoolExecutor.runWorker(ThreadPoolExecutor.java:1144)\n\tat java.base/java.util.concurrent.ThreadPoolExecutor$Worker.run(ThreadPoolExecutor.java:642)\n\tat java.base/java.lang.Thread.run(Thread.java:1583)\n"]
2026-03-11 14:37:55,368{GMT}	INFO	[jepsen worker 0] jepsen.util: 489	:invoke	:generate	nil
2026-03-11 14:37:55,368{GMT}	INFO	[jepsen worker 2] jepsen.util: 422	:invoke	:generate	nil
2026-03-11 14:37:55,368{GMT}	INFO	[jepsen worker 1] jepsen.util: 463	:invoke	:generate	nil
2026-03-11 14:37:55,370{GMT}	INFO	[jepsen worker 2] jepsen.util: 422	:info	:generate	nil	[:crash "Unexpected exception handling (msg c7 n2 {\"type\":\"generate\",\"msg_id\":141}) : java.lang.UnsupportedOperationException: Not a string: 141\njava.lang.UnsupportedOperationException: Not a string: 141\n\tat com.eclipsesource.json.JsonValue.asString(JsonValue.java:384)\n\tat com.eclipsesource.json.JsonObject.getString(JsonObject.java:674)\n\tat lab.UniqueId$1.accept(UniqueId.java:27)\n\tat lab.UniqueId$1.accept(UniqueId.java:24)\n\tat lab.Node.handleRequest(Node.java:97)\n\tat lab.Node.handleMessage(Node.java:71)\n\tat lab.Node.lambda$run$0(Node.java:44)\n\tat java.base/java.util.concurrent.ThreadPoolExecutor.runWorker(ThreadPoolExecutor.java:1144)\n\tat java.base/java.util.concurrent.ThreadPoolExecutor$Worker.run(ThreadPoolExecutor.java:642)\n\tat java.base/java.lang.Thread.run(Thread.java:1583)\n"]
2026-03-11 14:37:55,370{GMT}	INFO	[jepsen worker 0] jepsen.util: 489	:info	:generate	nil	[:crash "Unexpected exception handling (msg c8 n0 {\"type\":\"generate\",\"msg_id\":164}) : java.lang.UnsupportedOperationException: Not a string: 164\njava.lang.UnsupportedOperationException: Not a string: 164\n\tat com.eclipsesource.json.JsonValue.asString(JsonValue.java:384)\n\tat com.eclipsesource.json.JsonObject.getString(JsonObject.java:674)\n\tat lab.UniqueId$1.accept(UniqueId.java:27)\n\tat lab.UniqueId$1.accept(UniqueId.java:24)\n\tat lab.Node.handleRequest(Node.java:97)\n\tat lab.Node.handleMessage(Node.java:71)\n\tat lab.Node.lambda$run$0(Node.java:44)\n\tat java.base/java.util.concurrent.ThreadPoolExecutor.runWorker(ThreadPoolExecutor.java:1144)\n\tat java.base/java.util.concurrent.ThreadPoolExecutor$Worker.run(ThreadPoolExecutor.java:642)\n\tat java.base/java.lang.Thread.run(Thread.java:1583)\n"]
2026-03-11 14:37:55,370{GMT}	INFO	[jepsen worker 1] jepsen.util: 463	:info	:generate	nil	[:crash "Unexpected exception handling (msg c6 n1 {\"type\":\"generate\",\"msg_id\":155}) : java.lang.UnsupportedOperationException: Not a string: 155\njava.lang.UnsupportedOperationException: Not a string: 155\n\tat com.eclipsesource.json.JsonValue.asString(JsonValue.java:384)\n\tat com.eclipsesource.json.JsonObject.getString(JsonObject.java:674)\n\tat lab.UniqueId$1.accept(UniqueId.java:27)\n\tat lab.UniqueId$1.accept(UniqueId.java:24)\n\tat lab.Node.handleRequest(Node.java:97)\n\tat lab.Node.handleMessage(Node.java:71)\n\tat lab.Node.lambda$run$0(Node.java:44)\n\tat java.base/java.util.concurrent.ThreadPoolExecutor.runWorker(ThreadPoolExecutor.java:1144)\n\tat java.base/java.util.concurrent.ThreadPoolExecutor$Worker.run(ThreadPoolExecutor.java:642)\n\tat java.base/java.lang.Thread.run(Thread.java:1583)\n"]
2026-03-11 14:37:55,370{GMT}	INFO	[jepsen worker 2] jepsen.util: 425	:invoke	:generate	nil
2026-03-11 14:37:55,370{GMT}	INFO	[jepsen worker 0] jepsen.util: 492	:invoke	:generate	nil
2026-03-11 14:37:55,372{GMT}	INFO	[jepsen worker 1] jepsen.util: 466	:invoke	:generate	nil
2026-03-11 14:37:55,372{GMT}	INFO	[jepsen worker 0] jepsen.util: 492	:info	:generate	nil	[:crash "Unexpected exception handling (msg c8 n0 {\"type\":\"generate\",\"msg_id\":165}) : java.lang.UnsupportedOperationException: Not a string: 165\njava.lang.UnsupportedOperationException: Not a string: 165\n\tat com.eclipsesource.json.JsonValue.asString(JsonValue.java:384)\n\tat com.eclipsesource.json.JsonObject.getString(JsonObject.java:674)\n\tat lab.UniqueId$1.accept(UniqueId.java:27)\n\tat lab.UniqueId$1.accept(UniqueId.java:24)\n\tat lab.Node.handleRequest(Node.java:97)\n\tat lab.Node.handleMessage(Node.java:71)\n\tat lab.Node.lambda$run$0(Node.java:44)\n\tat java.base/java.util.concurrent.ThreadPoolExecutor.runWorker(ThreadPoolExecutor.java:1144)\n\tat java.base/java.util.concurrent.ThreadPoolExecutor$Worker.run(ThreadPoolExecutor.java:642)\n\tat java.base/java.lang.Thread.run(Thread.java:1583)\n"]
2026-03-11 14:37:55,372{GMT}	INFO	[jepsen worker 2] jepsen.util: 425	:info	:generate	nil	[:crash "Unexpected exception handling (msg c7 n2 {\"type\":\"generate\",\"msg_id\":142}) : java.lang.UnsupportedOperationException: Not a string: 142\njava.lang.UnsupportedOperationException: Not a string: 142\n\tat com.eclipsesource.json.JsonValue.asString(JsonValue.java:384)\n\tat com.eclipsesource.json.JsonObject.getString(JsonObject.java:674)\n\tat lab.UniqueId$1.accept(UniqueId.java:27)\n\tat lab.UniqueId$1.accept(UniqueId.java:24)\n\tat lab.Node.handleRequest(Node.java:97)\n\tat lab.Node.handleMessage(Node.java:71)\n\tat lab.Node.lambda$run$0(Node.java:44)\n\tat java.base/java.util.concurrent.ThreadPoolExecutor.runWorker(ThreadPoolExecutor.java:1144)\n\tat java.base/java.util.concurrent.ThreadPoolExecutor$Worker.run(ThreadPoolExecutor.java:642)\n\tat java.base/java.lang.Thread.run(Thread.java:1583)\n"]
2026-03-11 14:37:55,373{GMT}	INFO	[jepsen worker 2] jepsen.util: 428	:invoke	:generate	nil
2026-03-11 14:37:55,374{GMT}	INFO	[jepsen worker 1] jepsen.util: 466	:info	:generate	nil	[:crash "Unexpected exception handling (msg c6 n1 {\"type\":\"generate\",\"msg_id\":156}) : java.lang.UnsupportedOperationException: Not a string: 156\njava.lang.UnsupportedOperationException: Not a string: 156\n\tat com.eclipsesource.json.JsonValue.asString(JsonValue.java:384)\n\tat com.eclipsesource.json.JsonObject.getString(JsonObject.java:674)\n\tat lab.UniqueId$1.accept(UniqueId.java:27)\n\tat lab.UniqueId$1.accept(UniqueId.java:24)\n\tat lab.Node.handleRequest(Node.java:97)\n\tat lab.Node.handleMessage(Node.java:71)\n\tat lab.Node.lambda$run$0(Node.java:44)\n\tat java.base/java.util.concurrent.ThreadPoolExecutor.runWorker(ThreadPoolExecutor.java:1144)\n\tat java.base/java.util.concurrent.ThreadPoolExecutor$Worker.run(ThreadPoolExecutor.java:642)\n\tat java.base/java.lang.Thread.run(Thread.java:1583)\n"]
2026-03-11 14:37:55,375{GMT}	INFO	[jepsen worker 0] jepsen.util: 495	:invoke	:generate	nil
2026-03-11 14:37:55,375{GMT}	INFO	[jepsen worker 1] jepsen.util: 469	:invoke	:generate	nil
2026-03-11 14:37:55,375{GMT}	INFO	[jepsen worker 2] jepsen.util: 428	:info	:generate	nil	[:crash "Unexpected exception handling (msg c7 n2 {\"type\":\"generate\",\"msg_id\":143}) : java.lang.UnsupportedOperationException: Not a string: 143\njava.lang.UnsupportedOperationException: Not a string: 143\n\tat com.eclipsesource.json.JsonValue.asString(JsonValue.java:384)\n\tat com.eclipsesource.json.JsonObject.getString(JsonObject.java:674)\n\tat lab.UniqueId$1.accept(UniqueId.java:27)\n\tat lab.UniqueId$1.accept(UniqueId.java:24)\n\tat lab.Node.handleRequest(Node.java:97)\n\tat lab.Node.handleMessage(Node.java:71)\n\tat lab.Node.lambda$run$0(Node.java:44)\n\tat java.base/java.util.concurrent.ThreadPoolExecutor.runWorker(ThreadPoolExecutor.java:1144)\n\tat java.base/java.util.concurrent.ThreadPoolExecutor$Worker.run(ThreadPoolExecutor.java:642)\n\tat java.base/java.lang.Thread.run(Thread.java:1583)\n"]
2026-03-11 14:37:55,377{GMT}	INFO	[jepsen worker 0] jepsen.util: 495	:info	:generate	nil	[:crash "Unexpected exception handling (msg c8 n0 {\"type\":\"generate\",\"msg_id\":166}) : java.lang.UnsupportedOperationException: Not a string: 166\njava.lang.UnsupportedOperationException: Not a string: 166\n\tat com.eclipsesource.json.JsonValue.asString(JsonValue.java:384)\n\tat com.eclipsesource.json.JsonObject.getString(JsonObject.java:674)\n\tat lab.UniqueId$1.accept(UniqueId.java:27)\n\tat lab.UniqueId$1.accept(UniqueId.java:24)\n\tat lab.Node.handleRequest(Node.java:97)\n\tat lab.Node.handleMessage(Node.java:71)\n\tat lab.Node.lambda$run$0(Node.java:44)\n\tat java.base/java.util.concurrent.ThreadPoolExecutor.runWorker(ThreadPoolExecutor.java:1144)\n\tat java.base/java.util.concurrent.ThreadPoolExecutor$Worker.run(ThreadPoolExecutor.java:642)\n\tat java.base/java.lang.Thread.run(Thread.java:1583)\n"]
2026-03-11 14:37:55,380{GMT}	INFO	[jepsen worker 2] jepsen.util: 431	:invoke	:generate	nil
2026-03-11 14:37:55,380{GMT}	INFO	[jepsen worker 0] jepsen.util: 498	:invoke	:generate	nil
2026-03-11 14:37:55,379{GMT}	INFO	[jepsen worker 1] jepsen.util: 469	:info	:generate	nil	[:crash "Unexpected exception handling (msg c6 n1 {\"type\":\"generate\",\"msg_id\":157}) : java.lang.UnsupportedOperationException: Not a string: 157\njava.lang.UnsupportedOperationException: Not a string: 157\n\tat com.eclipsesource.json.JsonValue.asString(JsonValue.java:384)\n\tat com.eclipsesource.json.JsonObject.getString(JsonObject.java:674)\n\tat lab.UniqueId$1.accept(UniqueId.java:27)\n\tat lab.UniqueId$1.accept(UniqueId.java:24)\n\tat lab.Node.handleRequest(Node.java:97)\n\tat lab.Node.handleMessage(Node.java:71)\n\tat lab.Node.lambda$run$0(Node.java:44)\n\tat java.base/java.util.concurrent.ThreadPoolExecutor.runWorker(ThreadPoolExecutor.java:1144)\n\tat java.base/java.util.concurrent.ThreadPoolExecutor$Worker.run(ThreadPoolExecutor.java:642)\n\tat java.base/java.lang.Thread.run(Thread.java:1583)\n"]
2026-03-11 14:37:55,381{GMT}	INFO	[jepsen worker 1] jepsen.util: 472	:invoke	:generate	nil
2026-03-11 14:37:55,383{GMT}	INFO	[jepsen worker 0] jepsen.util: 498	:info	:generate	nil	[:crash "Unexpected exception handling (msg c8 n0 {\"type\":\"generate\",\"msg_id\":167}) : java.lang.UnsupportedOperationException: Not a string: 167\njava.lang.UnsupportedOperationException: Not a string: 167\n\tat com.eclipsesource.json.JsonValue.asString(JsonValue.java:384)\n\tat com.eclipsesource.json.JsonObject.getString(JsonObject.java:674)\n\tat lab.UniqueId$1.accept(UniqueId.java:27)\n\tat lab.UniqueId$1.accept(UniqueId.java:24)\n\tat lab.Node.handleRequest(Node.java:97)\n\tat lab.Node.handleMessage(Node.java:71)\n\tat lab.Node.lambda$run$0(Node.java:44)\n\tat java.base/java.util.concurrent.ThreadPoolExecutor.runWorker(ThreadPoolExecutor.java:1144)\n\tat java.base/java.util.concurrent.ThreadPoolExecutor$Worker.run(ThreadPoolExecutor.java:642)\n\tat java.base/java.lang.Thread.run(Thread.java:1583)\n"]
2026-03-11 14:37:55,383{GMT}	INFO	[jepsen worker 1] jepsen.util: 472	:info	:generate	nil	[:crash "Unexpected exception handling (msg c6 n1 {\"type\":\"generate\",\"msg_id\":158}) : java.lang.UnsupportedOperationException: Not a string: 158\njava.lang.UnsupportedOperationException: Not a string: 158\n\tat com.eclipsesource.json.JsonValue.asString(JsonValue.java:384)\n\tat com.eclipsesource.json.JsonObject.getString(JsonObject.java:674)\n\tat lab.UniqueId$1.accept(UniqueId.java:27)\n\tat lab.UniqueId$1.accept(UniqueId.java:24)\n\tat lab.Node.handleRequest(Node.java:97)\n\tat lab.Node.handleMessage(Node.java:71)\n\tat lab.Node.lambda$run$0(Node.java:44)\n\tat java.base/java.util.concurrent.ThreadPoolExecutor.runWorker(ThreadPoolExecutor.java:1144)\n\tat java.base/java.util.concurrent.ThreadPoolExecutor$Worker.run(ThreadPoolExecutor.java:642)\n\tat java.base/java.lang.Thread.run(Thread.java:1583)\n"]
2026-03-11 14:37:55,383{GMT}	INFO	[jepsen worker 2] jepsen.util: 431	:info	:generate	nil	[:crash "Unexpected exception handling (msg c7 n2 {\"type\":\"generate\",\"msg_id\":144}) : java.lang.UnsupportedOperationException: Not a string: 144\njava.lang.UnsupportedOperationException: Not a string: 144\n\tat com.eclipsesource.json.JsonValue.asString(JsonValue.java:384)\n\tat com.eclipsesource.json.JsonObject.getString(JsonObject.java:674)\n\tat lab.UniqueId$1.accept(UniqueId.java:27)\n\tat lab.UniqueId$1.accept(UniqueId.java:24)\n\tat lab.Node.handleRequest(Node.java:97)\n\tat lab.Node.handleMessage(Node.java:71)\n\tat lab.Node.lambda$run$0(Node.java:44)\n\tat java.base/java.util.concurrent.ThreadPoolExecutor.runWorker(ThreadPoolExecutor.java:1144)\n\tat java.base/java.util.concurrent.ThreadPoolExecutor$Worker.run(ThreadPoolExecutor.java:642)\n\tat java.base/java.lang.Thread.run(Thread.java:1583)\n"]
2026-03-11 14:37:55,383{GMT}	INFO	[jepsen worker 0] jepsen.util: 501	:invoke	:generate	nil
2026-03-11 14:37:55,383{GMT}	INFO	[jepsen worker 1] jepsen.util: 475	:invoke	:generate	nil
2026-03-11 14:37:55,387{GMT}	INFO	[jepsen worker 2] jepsen.util: 434	:invoke	:generate	nil
2026-03-11 14:37:55,389{GMT}	INFO	[jepsen worker 2] jepsen.util: 434	:info	:generate	nil	[:crash "Unexpected exception handling (msg c7 n2 {\"type\":\"generate\",\"msg_id\":145}) : java.lang.UnsupportedOperationException: Not a string: 145\njava.lang.UnsupportedOperationException: Not a string: 145\n\tat com.eclipsesource.json.JsonValue.asString(JsonValue.java:384)\n\tat com.eclipsesource.json.JsonObject.getString(JsonObject.java:674)\n\tat lab.UniqueId$1.accept(UniqueId.java:27)\n\tat lab.UniqueId$1.accept(UniqueId.java:24)\n\tat lab.Node.handleRequest(Node.java:97)\n\tat lab.Node.handleMessage(Node.java:71)\n\tat lab.Node.lambda$run$0(Node.java:44)\n\tat java.base/java.util.concurrent.ThreadPoolExecutor.runWorker(ThreadPoolExecutor.java:1144)\n\tat java.base/java.util.concurrent.ThreadPoolExecutor$Worker.run(ThreadPoolExecutor.java:642)\n\tat java.base/java.lang.Thread.run(Thread.java:1583)\n"]
2026-03-11 14:37:55,389{GMT}	INFO	[jepsen worker 0] jepsen.util: 501	:info	:generate	nil	[:crash "Unexpected exception handling (msg c8 n0 {\"type\":\"generate\",\"msg_id\":168}) : java.lang.UnsupportedOperationException: Not a string: 168\njava.lang.UnsupportedOperationException: Not a string: 168\n\tat com.eclipsesource.json.JsonValue.asString(JsonValue.java:384)\n\tat com.eclipsesource.json.JsonObject.getString(JsonObject.java:674)\n\tat lab.UniqueId$1.accept(UniqueId.java:27)\n\tat lab.UniqueId$1.accept(UniqueId.java:24)\n\tat lab.Node.handleRequest(Node.java:97)\n\tat lab.Node.handleMessage(Node.java:71)\n\tat lab.Node.lambda$run$0(Node.java:44)\n\tat java.base/java.util.concurrent.ThreadPoolExecutor.runWorker(ThreadPoolExecutor.java:1144)\n\tat java.base/java.util.concurrent.ThreadPoolExecutor$Worker.run(ThreadPoolExecutor.java:642)\n\tat java.base/java.lang.Thread.run(Thread.java:1583)\n"]
2026-03-11 14:37:55,389{GMT}	INFO	[jepsen worker 1] jepsen.util: 475	:info	:generate	nil	[:crash "Unexpected exception handling (msg c6 n1 {\"type\":\"generate\",\"msg_id\":159}) : java.lang.UnsupportedOperationException: Not a string: 159\njava.lang.UnsupportedOperationException: Not a string: 159\n\tat com.eclipsesource.json.JsonValue.asString(JsonValue.java:384)\n\tat com.eclipsesource.json.JsonObject.getString(JsonObject.java:674)\n\tat lab.UniqueId$1.accept(UniqueId.java:27)\n\tat lab.UniqueId$1.accept(UniqueId.java:24)\n\tat lab.Node.handleRequest(Node.java:97)\n\tat lab.Node.handleMessage(Node.java:71)\n\tat lab.Node.lambda$run$0(Node.java:44)\n\tat java.base/java.util.concurrent.ThreadPoolExecutor.runWorker(ThreadPoolExecutor.java:1144)\n\tat java.base/java.util.concurrent.ThreadPoolExecutor$Worker.run(ThreadPoolExecutor.java:642)\n\tat java.base/java.lang.Thread.run(Thread.java:1583)\n"]
2026-03-11 14:37:55,389{GMT}	INFO	[jepsen worker 2] jepsen.util: 437	:invoke	:generate	nil
2026-03-11 14:37:55,390{GMT}	INFO	[jepsen worker 0] jepsen.util: 504	:invoke	:generate	nil
2026-03-11 14:37:55,396{GMT}	INFO	[jepsen worker 1] jepsen.util: 478	:invoke	:generate	nil
2026-03-11 14:37:55,398{GMT}	INFO	[jepsen worker 2] jepsen.util: 437	:info	:generate	nil	[:crash "Unexpected exception handling (msg c7 n2 {\"type\":\"generate\",\"msg_id\":146}) : java.lang.UnsupportedOperationException: Not a string: 146\njava.lang.UnsupportedOperationException: Not a string: 146\n\tat com.eclipsesource.json.JsonValue.asString(JsonValue.java:384)\n\tat com.eclipsesource.json.JsonObject.getString(JsonObject.java:674)\n\tat lab.UniqueId$1.accept(UniqueId.java:27)\n\tat lab.UniqueId$1.accept(UniqueId.java:24)\n\tat lab.Node.handleRequest(Node.java:97)\n\tat lab.Node.handleMessage(Node.java:71)\n\tat lab.Node.lambda$run$0(Node.java:44)\n\tat java.base/java.util.concurrent.ThreadPoolExecutor.runWorker(ThreadPoolExecutor.java:1144)\n\tat java.base/java.util.concurrent.ThreadPoolExecutor$Worker.run(ThreadPoolExecutor.java:642)\n\tat java.base/java.lang.Thread.run(Thread.java:1583)\n"]
2026-03-11 14:37:55,398{GMT}	INFO	[jepsen worker 2] jepsen.util: 440	:invoke	:generate	nil
2026-03-11 14:37:55,399{GMT}	INFO	[jepsen worker 0] jepsen.util: 504	:info	:generate	nil	[:crash "Unexpected exception handling (msg c8 n0 {\"type\":\"generate\",\"msg_id\":169}) : java.lang.UnsupportedOperationException: Not a string: 169\njava.lang.UnsupportedOperationException: Not a string: 169\n\tat com.eclipsesource.json.JsonValue.asString(JsonValue.java:384)\n\tat com.eclipsesource.json.JsonObject.getString(JsonObject.java:674)\n\tat lab.UniqueId$1.accept(UniqueId.java:27)\n\tat lab.UniqueId$1.accept(UniqueId.java:24)\n\tat lab.Node.handleRequest(Node.java:97)\n\tat lab.Node.handleMessage(Node.java:71)\n\tat lab.Node.lambda$run$0(Node.java:44)\n\tat java.base/java.util.concurrent.ThreadPoolExecutor.runWorker(ThreadPoolExecutor.java:1144)\n\tat java.base/java.util.concurrent.ThreadPoolExecutor$Worker.run(ThreadPoolExecutor.java:642)\n\tat java.base/java.lang.Thread.run(Thread.java:1583)\n"]
2026-03-11 14:37:55,399{GMT}	INFO	[jepsen worker 1] jepsen.util: 478	:info	:generate	nil	[:crash "Unexpected exception handling (msg c6 n1 {\"type\":\"generate\",\"msg_id\":160}) : java.lang.UnsupportedOperationException: Not a string: 160\njava.lang.UnsupportedOperationException: Not a string: 160\n\tat com.eclipsesource.json.JsonValue.asString(JsonValue.java:384)\n\tat com.eclipsesource.json.JsonObject.getString(JsonObject.java:674)\n\tat lab.UniqueId$1.accept(UniqueId.java:27)\n\tat lab.UniqueId$1.accept(UniqueId.java:24)\n\tat lab.Node.handleRequest(Node.java:97)\n\tat lab.Node.handleMessage(Node.java:71)\n\tat lab.Node.lambda$run$0(Node.java:44)\n\tat java.base/java.util.concurrent.ThreadPoolExecutor.runWorker(ThreadPoolExecutor.java:1144)\n\tat java.base/java.util.concurrent.ThreadPoolExecutor$Worker.run(ThreadPoolExecutor.java:642)\n\tat java.base/java.lang.Thread.run(Thread.java:1583)\n"]
2026-03-11 14:37:55,399{GMT}	INFO	[jepsen worker 0] jepsen.util: 507	:invoke	:generate	nil
2026-03-11 14:37:55,400{GMT}	INFO	[jepsen worker 2] jepsen.util: 440	:info	:generate	nil	[:crash "Unexpected exception handling (msg c7 n2 {\"type\":\"generate\",\"msg_id\":147}) : java.lang.UnsupportedOperationException: Not a string: 147\njava.lang.UnsupportedOperationException: Not a string: 147\n\tat com.eclipsesource.json.JsonValue.asString(JsonValue.java:384)\n\tat com.eclipsesource.json.JsonObject.getString(JsonObject.java:674)\n\tat lab.UniqueId$1.accept(UniqueId.java:27)\n\tat lab.UniqueId$1.accept(UniqueId.java:24)\n\tat lab.Node.handleRequest(Node.java:97)\n\tat lab.Node.handleMessage(Node.java:71)\n\tat lab.Node.lambda$run$0(Node.java:44)\n\tat java.base/java.util.concurrent.ThreadPoolExecutor.runWorker(ThreadPoolExecutor.java:1144)\n\tat java.base/java.util.concurrent.ThreadPoolExecutor$Worker.run(ThreadPoolExecutor.java:642)\n\tat java.base/java.lang.Thread.run(Thread.java:1583)\n"]
2026-03-11 14:37:55,401{GMT}	INFO	[jepsen worker 1] jepsen.util: 481	:invoke	:generate	nil
2026-03-11 14:37:55,402{GMT}	INFO	[jepsen worker 0] jepsen.util: 507	:info	:generate	nil	[:crash "Unexpected exception handling (msg c8 n0 {\"type\":\"generate\",\"msg_id\":170}) : java.lang.UnsupportedOperationException: Not a string: 170\njava.lang.UnsupportedOperationException: Not a string: 170\n\tat com.eclipsesource.json.JsonValue.asString(JsonValue.java:384)\n\tat com.eclipsesource.json.JsonObject.getString(JsonObject.java:674)\n\tat lab.UniqueId$1.accept(UniqueId.java:27)\n\tat lab.UniqueId$1.accept(UniqueId.java:24)\n\tat lab.Node.handleRequest(Node.java:97)\n\tat lab.Node.handleMessage(Node.java:71)\n\tat lab.Node.lambda$run$0(Node.java:44)\n\tat java.base/java.util.concurrent.ThreadPoolExecutor.runWorker(ThreadPoolExecutor.java:1144)\n\tat java.base/java.util.concurrent.ThreadPoolExecutor$Worker.run(ThreadPoolExecutor.java:642)\n\tat java.base/java.lang.Thread.run(Thread.java:1583)\n"]
2026-03-11 14:37:55,403{GMT}	INFO	[jepsen worker 0] jepsen.util: 510	:invoke	:generate	nil
2026-03-11 14:37:55,403{GMT}	INFO	[jepsen worker 1] jepsen.util: 481	:info	:generate	nil	[:crash "Unexpected exception handling (msg c6 n1 {\"type\":\"generate\",\"msg_id\":161}) : java.lang.UnsupportedOperationException: Not a string: 161\njava.lang.UnsupportedOperationException: Not a string: 161\n\tat com.eclipsesource.json.JsonValue.asString(JsonValue.java:384)\n\tat com.eclipsesource.json.JsonObject.getString(JsonObject.java:674)\n\tat lab.UniqueId$1.accept(UniqueId.java:27)\n\tat lab.UniqueId$1.accept(UniqueId.java:24)\n\tat lab.Node.handleRequest(Node.java:97)\n\tat lab.Node.handleMessage(Node.java:71)\n\tat lab.Node.lambda$run$0(Node.java:44)\n\tat java.base/java.util.concurrent.ThreadPoolExecutor.runWorker(ThreadPoolExecutor.java:1144)\n\tat java.base/java.util.concurrent.ThreadPoolExecutor$Worker.run(ThreadPoolExecutor.java:642)\n\tat java.base/java.lang.Thread.run(Thread.java:1583)\n"]
2026-03-11 14:37:55,405{GMT}	INFO	[jepsen worker 0] jepsen.util: 510	:info	:generate	nil	[:crash "Unexpected exception handling (msg c8 n0 {\"type\":\"generate\",\"msg_id\":171}) : java.lang.UnsupportedOperationException: Not a string: 171\njava.lang.UnsupportedOperationException: Not a string: 171\n\tat com.eclipsesource.json.JsonValue.asString(JsonValue.java:384)\n\tat com.eclipsesource.json.JsonObject.getString(JsonObject.java:674)\n\tat lab.UniqueId$1.accept(UniqueId.java:27)\n\tat lab.UniqueId$1.accept(UniqueId.java:24)\n\tat lab.Node.handleRequest(Node.java:97)\n\tat lab.Node.handleMessage(Node.java:71)\n\tat lab.Node.lambda$run$0(Node.java:44)\n\tat java.base/java.util.concurrent.ThreadPoolExecutor.runWorker(ThreadPoolExecutor.java:1144)\n\tat java.base/java.util.concurrent.ThreadPoolExecutor$Worker.run(ThreadPoolExecutor.java:642)\n\tat java.base/java.lang.Thread.run(Thread.java:1583)\n"]
2026-03-11 14:37:55,405{GMT}	INFO	[jepsen worker 1] jepsen.util: 484	:invoke	:generate	nil
2026-03-11 14:37:55,406{GMT}	INFO	[jepsen worker 2] jepsen.util: 443	:invoke	:generate	nil
2026-03-11 14:37:55,407{GMT}	INFO	[jepsen worker 1] jepsen.util: 484	:info	:generate	nil	[:crash "Unexpected exception handling (msg c6 n1 {\"type\":\"generate\",\"msg_id\":162}) : java.lang.UnsupportedOperationException: Not a string: 162\njava.lang.UnsupportedOperationException: Not a string: 162\n\tat com.eclipsesource.json.JsonValue.asString(JsonValue.java:384)\n\tat com.eclipsesource.json.JsonObject.getString(JsonObject.java:674)\n\tat lab.UniqueId$1.accept(UniqueId.java:27)\n\tat lab.UniqueId$1.accept(UniqueId.java:24)\n\tat lab.Node.handleRequest(Node.java:97)\n\tat lab.Node.handleMessage(Node.java:71)\n\tat lab.Node.lambda$run$0(Node.java:44)\n\tat java.base/java.util.concurrent.ThreadPoolExecutor.runWorker(ThreadPoolExecutor.java:1144)\n\tat java.base/java.util.concurrent.ThreadPoolExecutor$Worker.run(ThreadPoolExecutor.java:642)\n\tat java.base/java.lang.Thread.run(Thread.java:1583)\n"]
2026-03-11 14:37:55,407{GMT}	INFO	[jepsen worker 0] jepsen.util: 513	:invoke	:generate	nil
2026-03-11 14:37:55,407{GMT}	INFO	[jepsen worker 2] jepsen.util: 443	:info	:generate	nil	[:crash "Unexpected exception handling (msg c7 n2 {\"type\":\"generate\",\"msg_id\":148}) : java.lang.UnsupportedOperationException: Not a string: 148\njava.lang.UnsupportedOperationException: Not a string: 148\n\tat com.eclipsesource.json.JsonValue.asString(JsonValue.java:384)\n\tat com.eclipsesource.json.JsonObject.getString(JsonObject.java:674)\n\tat lab.UniqueId$1.accept(UniqueId.java:27)\n\tat lab.UniqueId$1.accept(UniqueId.java:24)\n\tat lab.Node.handleRequest(Node.java:97)\n\tat lab.Node.handleMessage(Node.java:71)\n\tat lab.Node.lambda$run$0(Node.java:44)\n\tat java.base/java.util.concurrent.ThreadPoolExecutor.runWorker(ThreadPoolExecutor.java:1144)\n\tat java.base/java.util.concurrent.ThreadPoolExecutor$Worker.run(ThreadPoolExecutor.java:642)\n\tat java.base/java.lang.Thread.run(Thread.java:1583)\n"]
2026-03-11 14:37:55,408{GMT}	INFO	[jepsen worker 0] jepsen.util: 513	:info	:generate	nil	[:crash "Unexpected exception handling (msg c8 n0 {\"type\":\"generate\",\"msg_id\":172}) : java.lang.UnsupportedOperationException: Not a string: 172\njava.lang.UnsupportedOperationException: Not a string: 172\n\tat com.eclipsesource.json.JsonValue.asString(JsonValue.java:384)\n\tat com.eclipsesource.json.JsonObject.getString(JsonObject.java:674)\n\tat lab.UniqueId$1.accept(UniqueId.java:27)\n\tat lab.UniqueId$1.accept(UniqueId.java:24)\n\tat lab.Node.handleRequest(Node.java:97)\n\tat lab.Node.handleMessage(Node.java:71)\n\tat lab.Node.lambda$run$0(Node.java:44)\n\tat java.base/java.util.concurrent.ThreadPoolExecutor.runWorker(ThreadPoolExecutor.java:1144)\n\tat java.base/java.util.concurrent.ThreadPoolExecutor$Worker.run(ThreadPoolExecutor.java:642)\n\tat java.base/java.lang.Thread.run(Thread.java:1583)\n"]
2026-03-11 14:37:55,409{GMT}	INFO	[jepsen worker 1] jepsen.util: 487	:invoke	:generate	nil
2026-03-11 14:37:55,414{GMT}	INFO	[jepsen worker 0] jepsen.util: 516	:invoke	:generate	nil
2026-03-11 14:37:55,414{GMT}	INFO	[jepsen worker 2] jepsen.util: 446	:invoke	:generate	nil
2026-03-11 14:37:55,416{GMT}	INFO	[jepsen worker 2] jepsen.util: 446	:info	:generate	nil	[:crash "Unexpected exception handling (msg c7 n2 {\"type\":\"generate\",\"msg_id\":149}) : java.lang.UnsupportedOperationException: Not a string: 149\njava.lang.UnsupportedOperationException: Not a string: 149\n\tat com.eclipsesource.json.JsonValue.asString(JsonValue.java:384)\n\tat com.eclipsesource.json.JsonObject.getString(JsonObject.java:674)\n\tat lab.UniqueId$1.accept(UniqueId.java:27)\n\tat lab.UniqueId$1.accept(UniqueId.java:24)\n\tat lab.Node.handleRequest(Node.java:97)\n\tat lab.Node.handleMessage(Node.java:71)\n\tat lab.Node.lambda$run$0(Node.java:44)\n\tat java.base/java.util.concurrent.ThreadPoolExecutor.runWorker(ThreadPoolExecutor.java:1144)\n\tat java.base/java.util.concurrent.ThreadPoolExecutor$Worker.run(ThreadPoolExecutor.java:642)\n\tat java.base/java.lang.Thread.run(Thread.java:1583)\n"]
2026-03-11 14:37:55,416{GMT}	INFO	[jepsen worker 1] jepsen.util: 487	:info	:generate	nil	[:crash "Unexpected exception handling (msg c6 n1 {\"type\":\"generate\",\"msg_id\":163}) : java.lang.UnsupportedOperationException: Not a string: 163\njava.lang.UnsupportedOperationException: Not a string: 163\n\tat com.eclipsesource.json.JsonValue.asString(JsonValue.java:384)\n\tat com.eclipsesource.json.JsonObject.getString(JsonObject.java:674)\n\tat lab.UniqueId$1.accept(UniqueId.java:27)\n\tat lab.UniqueId$1.accept(UniqueId.java:24)\n\tat lab.Node.handleRequest(Node.java:97)\n\tat lab.Node.handleMessage(Node.java:71)\n\tat lab.Node.lambda$run$0(Node.java:44)\n\tat java.base/java.util.concurrent.ThreadPoolExecutor.runWorker(ThreadPoolExecutor.java:1144)\n\tat java.base/java.util.concurrent.ThreadPoolExecutor$Worker.run(ThreadPoolExecutor.java:642)\n\tat java.base/java.lang.Thread.run(Thread.java:1583)\n"]
2026-03-11 14:37:55,416{GMT}	INFO	[jepsen worker 0] jepsen.util: 516	:info	:generate	nil	[:crash "Unexpected exception handling (msg c8 n0 {\"type\":\"generate\",\"msg_id\":173}) : java.lang.UnsupportedOperationException: Not a string: 173\njava.lang.UnsupportedOperationException: Not a string: 173\n\tat com.eclipsesource.json.JsonValue.asString(JsonValue.java:384)\n\tat com.eclipsesource.json.JsonObject.getString(JsonObject.java:674)\n\tat lab.UniqueId$1.accept(UniqueId.java:27)\n\tat lab.UniqueId$1.accept(UniqueId.java:24)\n\tat lab.Node.handleRequest(Node.java:97)\n\tat lab.Node.handleMessage(Node.java:71)\n\tat lab.Node.lambda$run$0(Node.java:44)\n\tat java.base/java.util.concurrent.ThreadPoolExecutor.runWorker(ThreadPoolExecutor.java:1144)\n\tat java.base/java.util.concurrent.ThreadPoolExecutor$Worker.run(ThreadPoolExecutor.java:642)\n\tat java.base/java.lang.Thread.run(Thread.java:1583)\n"]
2026-03-11 14:37:55,418{GMT}	INFO	[jepsen worker 1] jepsen.util: 490	:invoke	:generate	nil
2026-03-11 14:37:55,420{GMT}	INFO	[jepsen worker 2] jepsen.util: 449	:invoke	:generate	nil
2026-03-11 14:37:55,421{GMT}	INFO	[jepsen worker 0] jepsen.util: 519	:invoke	:generate	nil
2026-03-11 14:37:55,423{GMT}	INFO	[jepsen worker 0] jepsen.util: 519	:info	:generate	nil	[:crash "Unexpected exception handling (msg c8 n0 {\"type\":\"generate\",\"msg_id\":174}) : java.lang.UnsupportedOperationException: Not a string: 174\njava.lang.UnsupportedOperationException: Not a string: 174\n\tat com.eclipsesource.json.JsonValue.asString(JsonValue.java:384)\n\tat com.eclipsesource.json.JsonObject.getString(JsonObject.java:674)\n\tat lab.UniqueId$1.accept(UniqueId.java:27)\n\tat lab.UniqueId$1.accept(UniqueId.java:24)\n\tat lab.Node.handleRequest(Node.java:97)\n\tat lab.Node.handleMessage(Node.java:71)\n\tat lab.Node.lambda$run$0(Node.java:44)\n\tat java.base/java.util.concurrent.ThreadPoolExecutor.runWorker(ThreadPoolExecutor.java:1144)\n\tat java.base/java.util.concurrent.ThreadPoolExecutor$Worker.run(ThreadPoolExecutor.java:642)\n\tat java.base/java.lang.Thread.run(Thread.java:1583)\n"]
2026-03-11 14:37:55,423{GMT}	INFO	[jepsen worker 1] jepsen.util: 490	:info	:generate	nil	[:crash "Unexpected exception handling (msg c6 n1 {\"type\":\"generate\",\"msg_id\":164}) : java.lang.UnsupportedOperationException: Not a string: 164\njava.lang.UnsupportedOperationException: Not a string: 164\n\tat com.eclipsesource.json.JsonValue.asString(JsonValue.java:384)\n\tat com.eclipsesource.json.JsonObject.getString(JsonObject.java:674)\n\tat lab.UniqueId$1.accept(UniqueId.java:27)\n\tat lab.UniqueId$1.accept(UniqueId.java:24)\n\tat lab.Node.handleRequest(Node.java:97)\n\tat lab.Node.handleMessage(Node.java:71)\n\tat lab.Node.lambda$run$0(Node.java:44)\n\tat java.base/java.util.concurrent.ThreadPoolExecutor.runWorker(ThreadPoolExecutor.java:1144)\n\tat java.base/java.util.concurrent.ThreadPoolExecutor$Worker.run(ThreadPoolExecutor.java:642)\n\tat java.base/java.lang.Thread.run(Thread.java:1583)\n"]
2026-03-11 14:37:55,423{GMT}	INFO	[jepsen worker 2] jepsen.util: 449	:info	:generate	nil	[:crash "Unexpected exception handling (msg c7 n2 {\"type\":\"generate\",\"msg_id\":150}) : java.lang.UnsupportedOperationException: Not a string: 150\njava.lang.UnsupportedOperationException: Not a string: 150\n\tat com.eclipsesource.json.JsonValue.asString(JsonValue.java:384)\n\tat com.eclipsesource.json.JsonObject.getString(JsonObject.java:674)\n\tat lab.UniqueId$1.accept(UniqueId.java:27)\n\tat lab.UniqueId$1.accept(UniqueId.java:24)\n\tat lab.Node.handleRequest(Node.java:97)\n\tat lab.Node.handleMessage(Node.java:71)\n\tat lab.Node.lambda$run$0(Node.java:44)\n\tat java.base/java.util.concurrent.ThreadPoolExecutor.runWorker(ThreadPoolExecutor.java:1144)\n\tat java.base/java.util.concurrent.ThreadPoolExecutor$Worker.run(ThreadPoolExecutor.java:642)\n\tat java.base/java.lang.Thread.run(Thread.java:1583)\n"]
2026-03-11 14:37:55,425{GMT}	INFO	[jepsen worker 0] jepsen.util: 522	:invoke	:generate	nil
2026-03-11 14:37:55,426{GMT}	INFO	[jepsen worker 1] jepsen.util: 493	:invoke	:generate	nil
2026-03-11 14:37:55,429{GMT}	INFO	[jepsen worker 2] jepsen.util: 452	:invoke	:generate	nil
2026-03-11 14:37:55,431{GMT}	INFO	[jepsen worker 1] jepsen.util: 493	:info	:generate	nil	[:crash "Unexpected exception handling (msg c6 n1 {\"type\":\"generate\",\"msg_id\":165}) : java.lang.UnsupportedOperationException: Not a string: 165\njava.lang.UnsupportedOperationException: Not a string: 165\n\tat com.eclipsesource.json.JsonValue.asString(JsonValue.java:384)\n\tat com.eclipsesource.json.JsonObject.getString(JsonObject.java:674)\n\tat lab.UniqueId$1.accept(UniqueId.java:27)\n\tat lab.UniqueId$1.accept(UniqueId.java:24)\n\tat lab.Node.handleRequest(Node.java:97)\n\tat lab.Node.handleMessage(Node.java:71)\n\tat lab.Node.lambda$run$0(Node.java:44)\n\tat java.base/java.util.concurrent.ThreadPoolExecutor.runWorker(ThreadPoolExecutor.java:1144)\n\tat java.base/java.util.concurrent.ThreadPoolExecutor$Worker.run(ThreadPoolExecutor.java:642)\n\tat java.base/java.lang.Thread.run(Thread.java:1583)\n"]
2026-03-11 14:37:55,431{GMT}	INFO	[jepsen worker 2] jepsen.util: 452	:info	:generate	nil	[:crash "Unexpected exception handling (msg c7 n2 {\"type\":\"generate\",\"msg_id\":151}) : java.lang.UnsupportedOperationException: Not a string: 151\njava.lang.UnsupportedOperationException: Not a string: 151\n\tat com.eclipsesource.json.JsonValue.asString(JsonValue.java:384)\n\tat com.eclipsesource.json.JsonObject.getString(JsonObject.java:674)\n\tat lab.UniqueId$1.accept(UniqueId.java:27)\n\tat lab.UniqueId$1.accept(UniqueId.java:24)\n\tat lab.Node.handleRequest(Node.java:97)\n\tat lab.Node.handleMessage(Node.java:71)\n\tat lab.Node.lambda$run$0(Node.java:44)\n\tat java.base/java.util.concurrent.ThreadPoolExecutor.runWorker(ThreadPoolExecutor.java:1144)\n\tat java.base/java.util.concurrent.ThreadPoolExecutor$Worker.run(ThreadPoolExecutor.java:642)\n\tat java.base/java.lang.Thread.run(Thread.java:1583)\n"]
2026-03-11 14:37:55,431{GMT}	INFO	[jepsen worker 1] jepsen.util: 496	:invoke	:generate	nil
2026-03-11 14:37:55,432{GMT}	INFO	[jepsen worker 0] jepsen.util: 522	:info	:generate	nil	[:crash "Unexpected exception handling (msg c8 n0 {\"type\":\"generate\",\"msg_id\":175}) : java.lang.UnsupportedOperationException: Not a string: 175\njava.lang.UnsupportedOperationException: Not a string: 175\n\tat com.eclipsesource.json.JsonValue.asString(JsonValue.java:384)\n\tat com.eclipsesource.json.JsonObject.getString(JsonObject.java:674)\n\tat lab.UniqueId$1.accept(UniqueId.java:27)\n\tat lab.UniqueId$1.accept(UniqueId.java:24)\n\tat lab.Node.handleRequest(Node.java:97)\n\tat lab.Node.handleMessage(Node.java:71)\n\tat lab.Node.lambda$run$0(Node.java:44)\n\tat java.base/java.util.concurrent.ThreadPoolExecutor.runWorker(ThreadPoolExecutor.java:1144)\n\tat java.base/java.util.concurrent.ThreadPoolExecutor$Worker.run(ThreadPoolExecutor.java:642)\n\tat java.base/java.lang.Thread.run(Thread.java:1583)\n"]
2026-03-11 14:37:55,432{GMT}	INFO	[jepsen worker 2] jepsen.util: 455	:invoke	:generate	nil
2026-03-11 14:37:55,433{GMT}	INFO	[jepsen worker 1] jepsen.util: 496	:info	:generate	nil	[:crash "Unexpected exception handling (msg c6 n1 {\"type\":\"generate\",\"msg_id\":166}) : java.lang.UnsupportedOperationException: Not a string: 166\njava.lang.UnsupportedOperationException: Not a string: 166\n\tat com.eclipsesource.json.JsonValue.asString(JsonValue.java:384)\n\tat com.eclipsesource.json.JsonObject.getString(JsonObject.java:674)\n\tat lab.UniqueId$1.accept(UniqueId.java:27)\n\tat lab.UniqueId$1.accept(UniqueId.java:24)\n\tat lab.Node.handleRequest(Node.java:97)\n\tat lab.Node.handleMessage(Node.java:71)\n\tat lab.Node.lambda$run$0(Node.java:44)\n\tat java.base/java.util.concurrent.ThreadPoolExecutor.runWorker(ThreadPoolExecutor.java:1144)\n\tat java.base/java.util.concurrent.ThreadPoolExecutor$Worker.run(ThreadPoolExecutor.java:642)\n\tat java.base/java.lang.Thread.run(Thread.java:1583)\n"]
2026-03-11 14:37:55,434{GMT}	INFO	[jepsen worker 2] jepsen.util: 455	:info	:generate	nil	[:crash "Unexpected exception handling (msg c7 n2 {\"type\":\"generate\",\"msg_id\":152}) : java.lang.UnsupportedOperationException: Not a string: 152\njava.lang.UnsupportedOperationException: Not a string: 152\n\tat com.eclipsesource.json.JsonValue.asString(JsonValue.java:384)\n\tat com.eclipsesource.json.JsonObject.getString(JsonObject.java:674)\n\tat lab.UniqueId$1.accept(UniqueId.java:27)\n\tat lab.UniqueId$1.accept(UniqueId.java:24)\n\tat lab.Node.handleRequest(Node.java:97)\n\tat lab.Node.handleMessage(Node.java:71)\n\tat lab.Node.lambda$run$0(Node.java:44)\n\tat java.base/java.util.concurrent.ThreadPoolExecutor.runWorker(ThreadPoolExecutor.java:1144)\n\tat java.base/java.util.concurrent.ThreadPoolExecutor$Worker.run(ThreadPoolExecutor.java:642)\n\tat java.base/java.lang.Thread.run(Thread.java:1583)\n"]
2026-03-11 14:37:55,434{GMT}	INFO	[jepsen worker 0] jepsen.util: 525	:invoke	:generate	nil
2026-03-11 14:37:55,435{GMT}	INFO	[jepsen worker 1] jepsen.util: 499	:invoke	:generate	nil
2026-03-11 14:37:55,436{GMT}	INFO	[jepsen worker 0] jepsen.util: 525	:info	:generate	nil	[:crash "Unexpected exception handling (msg c8 n0 {\"type\":\"generate\",\"msg_id\":176}) : java.lang.UnsupportedOperationException: Not a string: 176\njava.lang.UnsupportedOperationException: Not a string: 176\n\tat com.eclipsesource.json.JsonValue.asString(JsonValue.java:384)\n\tat com.eclipsesource.json.JsonObject.getString(JsonObject.java:674)\n\tat lab.UniqueId$1.accept(UniqueId.java:27)\n\tat lab.UniqueId$1.accept(UniqueId.java:24)\n\tat lab.Node.handleRequest(Node.java:97)\n\tat lab.Node.handleMessage(Node.java:71)\n\tat lab.Node.lambda$run$0(Node.java:44)\n\tat java.base/java.util.concurrent.ThreadPoolExecutor.runWorker(ThreadPoolExecutor.java:1144)\n\tat java.base/java.util.concurrent.ThreadPoolExecutor$Worker.run(ThreadPoolExecutor.java:642)\n\tat java.base/java.lang.Thread.run(Thread.java:1583)\n"]
2026-03-11 14:37:55,439{GMT}	INFO	[jepsen worker 2] jepsen.util: 458	:invoke	:generate	nil
2026-03-11 14:37:55,437{GMT}	INFO	[jepsen worker 1] jepsen.util: 499	:info	:generate	nil	[:crash "Unexpected exception handling (msg c6 n1 {\"type\":\"generate\",\"msg_id\":167}) : java.lang.UnsupportedOperationException: Not a string: 167\njava.lang.UnsupportedOperationException: Not a string: 167\n\tat com.eclipsesource.json.JsonValue.asString(JsonValue.java:384)\n\tat com.eclipsesource.json.JsonObject.getString(JsonObject.java:674)\n\tat lab.UniqueId$1.accept(UniqueId.java:27)\n\tat lab.UniqueId$1.accept(UniqueId.java:24)\n\tat lab.Node.handleRequest(Node.java:97)\n\tat lab.Node.handleMessage(Node.java:71)\n\tat lab.Node.lambda$run$0(Node.java:44)\n\tat java.base/java.util.concurrent.ThreadPoolExecutor.runWorker(ThreadPoolExecutor.java:1144)\n\tat java.base/java.util.concurrent.ThreadPoolExecutor$Worker.run(ThreadPoolExecutor.java:642)\n\tat java.base/java.lang.Thread.run(Thread.java:1583)\n"]
2026-03-11 14:37:55,440{GMT}	INFO	[jepsen worker 1] jepsen.util: 502	:invoke	:generate	nil
2026-03-11 14:37:55,440{GMT}	INFO	[jepsen worker 0] jepsen.util: 528	:invoke	:generate	nil
2026-03-11 14:37:55,442{GMT}	INFO	[jepsen worker 0] jepsen.util: 528	:info	:generate	nil	[:crash "Unexpected exception handling (msg c8 n0 {\"type\":\"generate\",\"msg_id\":177}) : java.lang.UnsupportedOperationException: Not a string: 177\njava.lang.UnsupportedOperationException: Not a string: 177\n\tat com.eclipsesource.json.JsonValue.asString(JsonValue.java:384)\n\tat com.eclipsesource.json.JsonObject.getString(JsonObject.java:674)\n\tat lab.UniqueId$1.accept(UniqueId.java:27)\n\tat lab.UniqueId$1.accept(UniqueId.java:24)\n\tat lab.Node.handleRequest(Node.java:97)\n\tat lab.Node.handleMessage(Node.java:71)\n\tat lab.Node.lambda$run$0(Node.java:44)\n\tat java.base/java.util.concurrent.ThreadPoolExecutor.runWorker(ThreadPoolExecutor.java:1144)\n\tat java.base/java.util.concurrent.ThreadPoolExecutor$Worker.run(ThreadPoolExecutor.java:642)\n\tat java.base/java.lang.Thread.run(Thread.java:1583)\n"]
2026-03-11 14:37:55,442{GMT}	INFO	[jepsen worker 2] jepsen.util: 458	:info	:generate	nil	[:crash "Unexpected exception handling (msg c7 n2 {\"type\":\"generate\",\"msg_id\":153}) : java.lang.UnsupportedOperationException: Not a string: 153\njava.lang.UnsupportedOperationException: Not a string: 153\n\tat com.eclipsesource.json.JsonValue.asString(JsonValue.java:384)\n\tat com.eclipsesource.json.JsonObject.getString(JsonObject.java:674)\n\tat lab.UniqueId$1.accept(UniqueId.java:27)\n\tat lab.UniqueId$1.accept(UniqueId.java:24)\n\tat lab.Node.handleRequest(Node.java:97)\n\tat lab.Node.handleMessage(Node.java:71)\n\tat lab.Node.lambda$run$0(Node.java:44)\n\tat java.base/java.util.concurrent.ThreadPoolExecutor.runWorker(ThreadPoolExecutor.java:1144)\n\tat java.base/java.util.concurrent.ThreadPoolExecutor$Worker.run(ThreadPoolExecutor.java:642)\n\tat java.base/java.lang.Thread.run(Thread.java:1583)\n"]
2026-03-11 14:37:55,442{GMT}	INFO	[jepsen worker 1] jepsen.util: 502	:info	:generate	nil	[:crash "Unexpected exception handling (msg c6 n1 {\"type\":\"generate\",\"msg_id\":168}) : java.lang.UnsupportedOperationException: Not a string: 168\njava.lang.UnsupportedOperationException: Not a string: 168\n\tat com.eclipsesource.json.JsonValue.asString(JsonValue.java:384)\n\tat com.eclipsesource.json.JsonObject.getString(JsonObject.java:674)\n\tat lab.UniqueId$1.accept(UniqueId.java:27)\n\tat lab.UniqueId$1.accept(UniqueId.java:24)\n\tat lab.Node.handleRequest(Node.java:97)\n\tat lab.Node.handleMessage(Node.java:71)\n\tat lab.Node.lambda$run$0(Node.java:44)\n\tat java.base/java.util.concurrent.ThreadPoolExecutor.runWorker(ThreadPoolExecutor.java:1144)\n\tat java.base/java.util.concurrent.ThreadPoolExecutor$Worker.run(ThreadPoolExecutor.java:642)\n\tat java.base/java.lang.Thread.run(Thread.java:1583)\n"]
2026-03-11 14:37:55,442{GMT}	INFO	[jepsen worker 0] jepsen.util: 531	:invoke	:generate	nil
2026-03-11 14:37:55,456{GMT}	INFO	[jepsen worker 1] jepsen.util: 505	:invoke	:generate	nil
2026-03-11 14:37:55,456{GMT}	INFO	[jepsen worker 2] jepsen.util: 461	:invoke	:generate	nil
2026-03-11 14:37:55,458{GMT}	INFO	[jepsen worker 0] jepsen.util: 531	:info	:generate	nil	[:crash "Unexpected exception handling (msg c8 n0 {\"type\":\"generate\",\"msg_id\":178}) : java.lang.UnsupportedOperationException: Not a string: 178\njava.lang.UnsupportedOperationException: Not a string: 178\n\tat com.eclipsesource.json.JsonValue.asString(JsonValue.java:384)\n\tat com.eclipsesource.json.JsonObject.getString(JsonObject.java:674)\n\tat lab.UniqueId$1.accept(UniqueId.java:27)\n\tat lab.UniqueId$1.accept(UniqueId.java:24)\n\tat lab.Node.handleRequest(Node.java:97)\n\tat lab.Node.handleMessage(Node.java:71)\n\tat lab.Node.lambda$run$0(Node.java:44)\n\tat java.base/java.util.concurrent.ThreadPoolExecutor.runWorker(ThreadPoolExecutor.java:1144)\n\tat java.base/java.util.concurrent.ThreadPoolExecutor$Worker.run(ThreadPoolExecutor.java:642)\n\tat java.base/java.lang.Thread.run(Thread.java:1583)\n"]
2026-03-11 14:37:55,458{GMT}	INFO	[jepsen worker 1] jepsen.util: 505	:info	:generate	nil	[:crash "Unexpected exception handling (msg c6 n1 {\"type\":\"generate\",\"msg_id\":169}) : java.lang.UnsupportedOperationException: Not a string: 169\njava.lang.UnsupportedOperationException: Not a string: 169\n\tat com.eclipsesource.json.JsonValue.asString(JsonValue.java:384)\n\tat com.eclipsesource.json.JsonObject.getString(JsonObject.java:674)\n\tat lab.UniqueId$1.accept(UniqueId.java:27)\n\tat lab.UniqueId$1.accept(UniqueId.java:24)\n\tat lab.Node.handleRequest(Node.java:97)\n\tat lab.Node.handleMessage(Node.java:71)\n\tat lab.Node.lambda$run$0(Node.java:44)\n\tat java.base/java.util.concurrent.ThreadPoolExecutor.runWorker(ThreadPoolExecutor.java:1144)\n\tat java.base/java.util.concurrent.ThreadPoolExecutor$Worker.run(ThreadPoolExecutor.java:642)\n\tat java.base/java.lang.Thread.run(Thread.java:1583)\n"]
2026-03-11 14:37:55,458{GMT}	INFO	[jepsen worker 2] jepsen.util: 461	:info	:generate	nil	[:crash "Unexpected exception handling (msg c7 n2 {\"type\":\"generate\",\"msg_id\":154}) : java.lang.UnsupportedOperationException: Not a string: 154\njava.lang.UnsupportedOperationException: Not a string: 154\n\tat com.eclipsesource.json.JsonValue.asString(JsonValue.java:384)\n\tat com.eclipsesource.json.JsonObject.getString(JsonObject.java:674)\n\tat lab.UniqueId$1.accept(UniqueId.java:27)\n\tat lab.UniqueId$1.accept(UniqueId.java:24)\n\tat lab.Node.handleRequest(Node.java:97)\n\tat lab.Node.handleMessage(Node.java:71)\n\tat lab.Node.lambda$run$0(Node.java:44)\n\tat java.base/java.util.concurrent.ThreadPoolExecutor.runWorker(ThreadPoolExecutor.java:1144)\n\tat java.base/java.util.concurrent.ThreadPoolExecutor$Worker.run(ThreadPoolExecutor.java:642)\n\tat java.base/java.lang.Thread.run(Thread.java:1583)\n"]
2026-03-11 14:37:55,458{GMT}	INFO	[jepsen worker 0] jepsen.util: 534	:invoke	:generate	nil
2026-03-11 14:37:55,459{GMT}	INFO	[jepsen worker 1] jepsen.util: 508	:invoke	:generate	nil
2026-03-11 14:37:55,460{GMT}	INFO	[jepsen worker 0] jepsen.util: 534	:info	:generate	nil	[:crash "Unexpected exception handling (msg c8 n0 {\"type\":\"generate\",\"msg_id\":179}) : java.lang.UnsupportedOperationException: Not a string: 179\njava.lang.UnsupportedOperationException: Not a string: 179\n\tat com.eclipsesource.json.JsonValue.asString(JsonValue.java:384)\n\tat com.eclipsesource.json.JsonObject.getString(JsonObject.java:674)\n\tat lab.UniqueId$1.accept(UniqueId.java:27)\n\tat lab.UniqueId$1.accept(UniqueId.java:24)\n\tat lab.Node.handleRequest(Node.java:97)\n\tat lab.Node.handleMessage(Node.java:71)\n\tat lab.Node.lambda$run$0(Node.java:44)\n\tat java.base/java.util.concurrent.ThreadPoolExecutor.runWorker(ThreadPoolExecutor.java:1144)\n\tat java.base/java.util.concurrent.ThreadPoolExecutor$Worker.run(ThreadPoolExecutor.java:642)\n\tat java.base/java.lang.Thread.run(Thread.java:1583)\n"]
2026-03-11 14:37:55,460{GMT}	INFO	[jepsen worker 1] jepsen.util: 508	:info	:generate	nil	[:crash "Unexpected exception handling (msg c6 n1 {\"type\":\"generate\",\"msg_id\":170}) : java.lang.UnsupportedOperationException: Not a string: 170\njava.lang.UnsupportedOperationException: Not a string: 170\n\tat com.eclipsesource.json.JsonValue.asString(JsonValue.java:384)\n\tat com.eclipsesource.json.JsonObject.getString(JsonObject.java:674)\n\tat lab.UniqueId$1.accept(UniqueId.java:27)\n\tat lab.UniqueId$1.accept(UniqueId.java:24)\n\tat lab.Node.handleRequest(Node.java:97)\n\tat lab.Node.handleMessage(Node.java:71)\n\tat lab.Node.lambda$run$0(Node.java:44)\n\tat java.base/java.util.concurrent.ThreadPoolExecutor.runWorker(ThreadPoolExecutor.java:1144)\n\tat java.base/java.util.concurrent.ThreadPoolExecutor$Worker.run(ThreadPoolExecutor.java:642)\n\tat java.base/java.lang.Thread.run(Thread.java:1583)\n"]
2026-03-11 14:37:55,461{GMT}	INFO	[jepsen worker 1] jepsen.util: 511	:invoke	:generate	nil
2026-03-11 14:37:55,462{GMT}	INFO	[jepsen worker 2] jepsen.util: 464	:invoke	:generate	nil
2026-03-11 14:37:55,462{GMT}	INFO	[jepsen worker 1] jepsen.util: 511	:info	:generate	nil	[:crash "Unexpected exception handling (msg c6 n1 {\"type\":\"generate\",\"msg_id\":171}) : java.lang.UnsupportedOperationException: Not a string: 171\njava.lang.UnsupportedOperationException: Not a string: 171\n\tat com.eclipsesource.json.JsonValue.asString(JsonValue.java:384)\n\tat com.eclipsesource.json.JsonObject.getString(JsonObject.java:674)\n\tat lab.UniqueId$1.accept(UniqueId.java:27)\n\tat lab.UniqueId$1.accept(UniqueId.java:24)\n\tat lab.Node.handleRequest(Node.java:97)\n\tat lab.Node.handleMessage(Node.java:71)\n\tat lab.Node.lambda$run$0(Node.java:44)\n\tat java.base/java.util.concurrent.ThreadPoolExecutor.runWorker(ThreadPoolExecutor.java:1144)\n\tat java.base/java.util.concurrent.ThreadPoolExecutor$Worker.run(ThreadPoolExecutor.java:642)\n\tat java.base/java.lang.Thread.run(Thread.java:1583)\n"]
2026-03-11 14:37:55,463{GMT}	INFO	[jepsen worker 0] jepsen.util: 537	:invoke	:generate	nil
2026-03-11 14:37:55,464{GMT}	INFO	[jepsen worker 1] jepsen.util: 514	:invoke	:generate	nil
2026-03-11 14:37:55,464{GMT}	INFO	[jepsen worker 2] jepsen.util: 464	:info	:generate	nil	[:crash "Unexpected exception handling (msg c7 n2 {\"type\":\"generate\",\"msg_id\":155}) : java.lang.UnsupportedOperationException: Not a string: 155\njava.lang.UnsupportedOperationException: Not a string: 155\n\tat com.eclipsesource.json.JsonValue.asString(JsonValue.java:384)\n\tat com.eclipsesource.json.JsonObject.getString(JsonObject.java:674)\n\tat lab.UniqueId$1.accept(UniqueId.java:27)\n\tat lab.UniqueId$1.accept(UniqueId.java:24)\n\tat lab.Node.handleRequest(Node.java:97)\n\tat lab.Node.handleMessage(Node.java:71)\n\tat lab.Node.lambda$run$0(Node.java:44)\n\tat java.base/java.util.concurrent.ThreadPoolExecutor.runWorker(ThreadPoolExecutor.java:1144)\n\tat java.base/java.util.concurrent.ThreadPoolExecutor$Worker.run(ThreadPoolExecutor.java:642)\n\tat java.base/java.lang.Thread.run(Thread.java:1583)\n"]
2026-03-11 14:37:55,465{GMT}	INFO	[jepsen worker 0] jepsen.util: 537	:info	:generate	nil	[:crash "Unexpected exception handling (msg c8 n0 {\"type\":\"generate\",\"msg_id\":180}) : java.lang.UnsupportedOperationException: Not a string: 180\njava.lang.UnsupportedOperationException: Not a string: 180\n\tat com.eclipsesource.json.JsonValue.asString(JsonValue.java:384)\n\tat com.eclipsesource.json.JsonObject.getString(JsonObject.java:674)\n\tat lab.UniqueId$1.accept(UniqueId.java:27)\n\tat lab.UniqueId$1.accept(UniqueId.java:24)\n\tat lab.Node.handleRequest(Node.java:97)\n\tat lab.Node.handleMessage(Node.java:71)\n\tat lab.Node.lambda$run$0(Node.java:44)\n\tat java.base/java.util.concurrent.ThreadPoolExecutor.runWorker(ThreadPoolExecutor.java:1144)\n\tat java.base/java.util.concurrent.ThreadPoolExecutor$Worker.run(ThreadPoolExecutor.java:642)\n\tat java.base/java.lang.Thread.run(Thread.java:1583)\n"]
2026-03-11 14:37:55,466{GMT}	INFO	[jepsen worker 1] jepsen.util: 514	:info	:generate	nil	[:crash "Unexpected exception handling (msg c6 n1 {\"type\":\"generate\",\"msg_id\":172}) : java.lang.UnsupportedOperationException: Not a string: 172\njava.lang.UnsupportedOperationException: Not a string: 172\n\tat com.eclipsesource.json.JsonValue.asString(JsonValue.java:384)\n\tat com.eclipsesource.json.JsonObject.getString(JsonObject.java:674)\n\tat lab.UniqueId$1.accept(UniqueId.java:27)\n\tat lab.UniqueId$1.accept(UniqueId.java:24)\n\tat lab.Node.handleRequest(Node.java:97)\n\tat lab.Node.handleMessage(Node.java:71)\n\tat lab.Node.lambda$run$0(Node.java:44)\n\tat java.base/java.util.concurrent.ThreadPoolExecutor.runWorker(ThreadPoolExecutor.java:1144)\n\tat java.base/java.util.concurrent.ThreadPoolExecutor$Worker.run(ThreadPoolExecutor.java:642)\n\tat java.base/java.lang.Thread.run(Thread.java:1583)\n"]
2026-03-11 14:37:55,467{GMT}	INFO	[jepsen worker 2] jepsen.util: 467	:invoke	:generate	nil
2026-03-11 14:37:55,467{GMT}	INFO	[jepsen worker 0] jepsen.util: 540	:invoke	:generate	nil
2026-03-11 14:37:55,467{GMT}	INFO	[jepsen worker 1] jepsen.util: 517	:invoke	:generate	nil
2026-03-11 14:37:55,469{GMT}	INFO	[jepsen worker 2] jepsen.util: 467	:info	:generate	nil	[:crash "Unexpected exception handling (msg c7 n2 {\"type\":\"generate\",\"msg_id\":156}) : java.lang.UnsupportedOperationException: Not a string: 156\njava.lang.UnsupportedOperationException: Not a string: 156\n\tat com.eclipsesource.json.JsonValue.asString(JsonValue.java:384)\n\tat com.eclipsesource.json.JsonObject.getString(JsonObject.java:674)\n\tat lab.UniqueId$1.accept(UniqueId.java:27)\n\tat lab.UniqueId$1.accept(UniqueId.java:24)\n\tat lab.Node.handleRequest(Node.java:97)\n\tat lab.Node.handleMessage(Node.java:71)\n\tat lab.Node.lambda$run$0(Node.java:44)\n\tat java.base/java.util.concurrent.ThreadPoolExecutor.runWorker(ThreadPoolExecutor.java:1144)\n\tat java.base/java.util.concurrent.ThreadPoolExecutor$Worker.run(ThreadPoolExecutor.java:642)\n\tat java.base/java.lang.Thread.run(Thread.java:1583)\n"]
2026-03-11 14:37:55,469{GMT}	INFO	[jepsen worker 0] jepsen.util: 540	:info	:generate	nil	[:crash "Unexpected exception handling (msg c8 n0 {\"type\":\"generate\",\"msg_id\":181}) : java.lang.UnsupportedOperationException: Not a string: 181\njava.lang.UnsupportedOperationException: Not a string: 181\n\tat com.eclipsesource.json.JsonValue.asString(JsonValue.java:384)\n\tat com.eclipsesource.json.JsonObject.getString(JsonObject.java:674)\n\tat lab.UniqueId$1.accept(UniqueId.java:27)\n\tat lab.UniqueId$1.accept(UniqueId.java:24)\n\tat lab.Node.handleRequest(Node.java:97)\n\tat lab.Node.handleMessage(Node.java:71)\n\tat lab.Node.lambda$run$0(Node.java:44)\n\tat java.base/java.util.concurrent.ThreadPoolExecutor.runWorker(ThreadPoolExecutor.java:1144)\n\tat java.base/java.util.concurrent.ThreadPoolExecutor$Worker.run(ThreadPoolExecutor.java:642)\n\tat java.base/java.lang.Thread.run(Thread.java:1583)\n"]
2026-03-11 14:37:55,469{GMT}	INFO	[jepsen worker 1] jepsen.util: 517	:info	:generate	nil	[:crash "Unexpected exception handling (msg c6 n1 {\"type\":\"generate\",\"msg_id\":173}) : java.lang.UnsupportedOperationException: Not a string: 173\njava.lang.UnsupportedOperationException: Not a string: 173\n\tat com.eclipsesource.json.JsonValue.asString(JsonValue.java:384)\n\tat com.eclipsesource.json.JsonObject.getString(JsonObject.java:674)\n\tat lab.UniqueId$1.accept(UniqueId.java:27)\n\tat lab.UniqueId$1.accept(UniqueId.java:24)\n\tat lab.Node.handleRequest(Node.java:97)\n\tat lab.Node.handleMessage(Node.java:71)\n\tat lab.Node.lambda$run$0(Node.java:44)\n\tat java.base/java.util.concurrent.ThreadPoolExecutor.runWorker(ThreadPoolExecutor.java:1144)\n\tat java.base/java.util.concurrent.ThreadPoolExecutor$Worker.run(ThreadPoolExecutor.java:642)\n\tat java.base/java.lang.Thread.run(Thread.java:1583)\n"]
2026-03-11 14:37:55,471{GMT}	INFO	[jepsen worker 0] jepsen.util: 543	:invoke	:generate	nil
2026-03-11 14:37:55,469{GMT}	INFO	[jepsen worker 2] jepsen.util: 470	:invoke	:generate	nil
2026-03-11 14:37:55,483{GMT}	INFO	[jepsen worker 1] jepsen.util: 520	:invoke	:generate	nil
2026-03-11 14:37:55,485{GMT}	INFO	[jepsen worker 0] jepsen.util: 543	:info	:generate	nil	[:crash "Unexpected exception handling (msg c8 n0 {\"type\":\"generate\",\"msg_id\":182}) : java.lang.UnsupportedOperationException: Not a string: 182\njava.lang.UnsupportedOperationException: Not a string: 182\n\tat com.eclipsesource.json.JsonValue.asString(JsonValue.java:384)\n\tat com.eclipsesource.json.JsonObject.getString(JsonObject.java:674)\n\tat lab.UniqueId$1.accept(UniqueId.java:27)\n\tat lab.UniqueId$1.accept(UniqueId.java:24)\n\tat lab.Node.handleRequest(Node.java:97)\n\tat lab.Node.handleMessage(Node.java:71)\n\tat lab.Node.lambda$run$0(Node.java:44)\n\tat java.base/java.util.concurrent.ThreadPoolExecutor.runWorker(ThreadPoolExecutor.java:1144)\n\tat java.base/java.util.concurrent.ThreadPoolExecutor$Worker.run(ThreadPoolExecutor.java:642)\n\tat java.base/java.lang.Thread.run(Thread.java:1583)\n"]
2026-03-11 14:37:55,485{GMT}	INFO	[jepsen worker 2] jepsen.util: 470	:info	:generate	nil	[:crash "Unexpected exception handling (msg c7 n2 {\"type\":\"generate\",\"msg_id\":157}) : java.lang.UnsupportedOperationException: Not a string: 157\njava.lang.UnsupportedOperationException: Not a string: 157\n\tat com.eclipsesource.json.JsonValue.asString(JsonValue.java:384)\n\tat com.eclipsesource.json.JsonObject.getString(JsonObject.java:674)\n\tat lab.UniqueId$1.accept(UniqueId.java:27)\n\tat lab.UniqueId$1.accept(UniqueId.java:24)\n\tat lab.Node.handleRequest(Node.java:97)\n\tat lab.Node.handleMessage(Node.java:71)\n\tat lab.Node.lambda$run$0(Node.java:44)\n\tat java.base/java.util.concurrent.ThreadPoolExecutor.runWorker(ThreadPoolExecutor.java:1144)\n\tat java.base/java.util.concurrent.ThreadPoolExecutor$Worker.run(ThreadPoolExecutor.java:642)\n\tat java.base/java.lang.Thread.run(Thread.java:1583)\n"]
2026-03-11 14:37:55,486{GMT}	INFO	[jepsen worker 0] jepsen.util: 546	:invoke	:generate	nil
2026-03-11 14:37:55,486{GMT}	INFO	[jepsen worker 1] jepsen.util: 520	:info	:generate	nil	[:crash "Unexpected exception handling (msg c6 n1 {\"type\":\"generate\",\"msg_id\":174}) : java.lang.UnsupportedOperationException: Not a string: 174\njava.lang.UnsupportedOperationException: Not a string: 174\n\tat com.eclipsesource.json.JsonValue.asString(JsonValue.java:384)\n\tat com.eclipsesource.json.JsonObject.getString(JsonObject.java:674)\n\tat lab.UniqueId$1.accept(UniqueId.java:27)\n\tat lab.UniqueId$1.accept(UniqueId.java:24)\n\tat lab.Node.handleRequest(Node.java:97)\n\tat lab.Node.handleMessage(Node.java:71)\n\tat lab.Node.lambda$run$0(Node.java:44)\n\tat java.base/java.util.concurrent.ThreadPoolExecutor.runWorker(ThreadPoolExecutor.java:1144)\n\tat java.base/java.util.concurrent.ThreadPoolExecutor$Worker.run(ThreadPoolExecutor.java:642)\n\tat java.base/java.lang.Thread.run(Thread.java:1583)\n"]
2026-03-11 14:37:55,486{GMT}	INFO	[jepsen worker 1] jepsen.util: 523	:invoke	:generate	nil
2026-03-11 14:37:55,488{GMT}	INFO	[jepsen worker 0] jepsen.util: 546	:info	:generate	nil	[:crash "Unexpected exception handling (msg c8 n0 {\"type\":\"generate\",\"msg_id\":183}) : java.lang.UnsupportedOperationException: Not a string: 183\njava.lang.UnsupportedOperationException: Not a string: 183\n\tat com.eclipsesource.json.JsonValue.asString(JsonValue.java:384)\n\tat com.eclipsesource.json.JsonObject.getString(JsonObject.java:674)\n\tat lab.UniqueId$1.accept(UniqueId.java:27)\n\tat lab.UniqueId$1.accept(UniqueId.java:24)\n\tat lab.Node.handleRequest(Node.java:97)\n\tat lab.Node.handleMessage(Node.java:71)\n\tat lab.Node.lambda$run$0(Node.java:44)\n\tat java.base/java.util.concurrent.ThreadPoolExecutor.runWorker(ThreadPoolExecutor.java:1144)\n\tat java.base/java.util.concurrent.ThreadPoolExecutor$Worker.run(ThreadPoolExecutor.java:642)\n\tat java.base/java.lang.Thread.run(Thread.java:1583)\n"]
2026-03-11 14:37:55,488{GMT}	INFO	[jepsen worker 2] jepsen.util: 473	:invoke	:generate	nil
2026-03-11 14:37:55,488{GMT}	INFO	[jepsen worker 1] jepsen.util: 523	:info	:generate	nil	[:crash "Unexpected exception handling (msg c6 n1 {\"type\":\"generate\",\"msg_id\":175}) : java.lang.UnsupportedOperationException: Not a string: 175\njava.lang.UnsupportedOperationException: Not a string: 175\n\tat com.eclipsesource.json.JsonValue.asString(JsonValue.java:384)\n\tat com.eclipsesource.json.JsonObject.getString(JsonObject.java:674)\n\tat lab.UniqueId$1.accept(UniqueId.java:27)\n\tat lab.UniqueId$1.accept(UniqueId.java:24)\n\tat lab.Node.handleRequest(Node.java:97)\n\tat lab.Node.handleMessage(Node.java:71)\n\tat lab.Node.lambda$run$0(Node.java:44)\n\tat java.base/java.util.concurrent.ThreadPoolExecutor.runWorker(ThreadPoolExecutor.java:1144)\n\tat java.base/java.util.concurrent.ThreadPoolExecutor$Worker.run(ThreadPoolExecutor.java:642)\n\tat java.base/java.lang.Thread.run(Thread.java:1583)\n"]
2026-03-11 14:37:55,490{GMT}	INFO	[jepsen worker 2] jepsen.util: 473	:info	:generate	nil	[:crash "Unexpected exception handling (msg c7 n2 {\"type\":\"generate\",\"msg_id\":158}) : java.lang.UnsupportedOperationException: Not a string: 158\njava.lang.UnsupportedOperationException: Not a string: 158\n\tat com.eclipsesource.json.JsonValue.asString(JsonValue.java:384)\n\tat com.eclipsesource.json.JsonObject.getString(JsonObject.java:674)\n\tat lab.UniqueId$1.accept(UniqueId.java:27)\n\tat lab.UniqueId$1.accept(UniqueId.java:24)\n\tat lab.Node.handleRequest(Node.java:97)\n\tat lab.Node.handleMessage(Node.java:71)\n\tat lab.Node.lambda$run$0(Node.java:44)\n\tat java.base/java.util.concurrent.ThreadPoolExecutor.runWorker(ThreadPoolExecutor.java:1144)\n\tat java.base/java.util.concurrent.ThreadPoolExecutor$Worker.run(ThreadPoolExecutor.java:642)\n\tat java.base/java.lang.Thread.run(Thread.java:1583)\n"]
2026-03-11 14:37:55,490{GMT}	INFO	[jepsen worker 0] jepsen.util: 549	:invoke	:generate	nil
2026-03-11 14:37:55,491{GMT}	INFO	[jepsen worker 1] jepsen.util: 526	:invoke	:generate	nil
2026-03-11 14:37:55,491{GMT}	INFO	[jepsen worker 2] jepsen.util: 476	:invoke	:generate	nil
2026-03-11 14:37:55,491{GMT}	INFO	[jepsen worker 0] jepsen.util: 549	:info	:generate	nil	[:crash "Unexpected exception handling (msg c8 n0 {\"type\":\"generate\",\"msg_id\":184}) : java.lang.UnsupportedOperationException: Not a string: 184\njava.lang.UnsupportedOperationException: Not a string: 184\n\tat com.eclipsesource.json.JsonValue.asString(JsonValue.java:384)\n\tat com.eclipsesource.json.JsonObject.getString(JsonObject.java:674)\n\tat lab.UniqueId$1.accept(UniqueId.java:27)\n\tat lab.UniqueId$1.accept(UniqueId.java:24)\n\tat lab.Node.handleRequest(Node.java:97)\n\tat lab.Node.handleMessage(Node.java:71)\n\tat lab.Node.lambda$run$0(Node.java:44)\n\tat java.base/java.util.concurrent.ThreadPoolExecutor.runWorker(ThreadPoolExecutor.java:1144)\n\tat java.base/java.util.concurrent.ThreadPoolExecutor$Worker.run(ThreadPoolExecutor.java:642)\n\tat java.base/java.lang.Thread.run(Thread.java:1583)\n"]
2026-03-11 14:37:55,493{GMT}	INFO	[jepsen worker 0] jepsen.util: 552	:invoke	:generate	nil
2026-03-11 14:37:55,493{GMT}	INFO	[jepsen worker 1] jepsen.util: 526	:info	:generate	nil	[:crash "Unexpected exception handling (msg c6 n1 {\"type\":\"generate\",\"msg_id\":176}) : java.lang.UnsupportedOperationException: Not a string: 176\njava.lang.UnsupportedOperationException: Not a string: 176\n\tat com.eclipsesource.json.JsonValue.asString(JsonValue.java:384)\n\tat com.eclipsesource.json.JsonObject.getString(JsonObject.java:674)\n\tat lab.UniqueId$1.accept(UniqueId.java:27)\n\tat lab.UniqueId$1.accept(UniqueId.java:24)\n\tat lab.Node.handleRequest(Node.java:97)\n\tat lab.Node.handleMessage(Node.java:71)\n\tat lab.Node.lambda$run$0(Node.java:44)\n\tat java.base/java.util.concurrent.ThreadPoolExecutor.runWorker(ThreadPoolExecutor.java:1144)\n\tat java.base/java.util.concurrent.ThreadPoolExecutor$Worker.run(ThreadPoolExecutor.java:642)\n\tat java.base/java.lang.Thread.run(Thread.java:1583)\n"]
2026-03-11 14:37:55,495{GMT}	INFO	[jepsen worker 0] jepsen.util: 552	:info	:generate	nil	[:crash "Unexpected exception handling (msg c8 n0 {\"type\":\"generate\",\"msg_id\":185}) : java.lang.UnsupportedOperationException: Not a string: 185\njava.lang.UnsupportedOperationException: Not a string: 185\n\tat com.eclipsesource.json.JsonValue.asString(JsonValue.java:384)\n\tat com.eclipsesource.json.JsonObject.getString(JsonObject.java:674)\n\tat lab.UniqueId$1.accept(UniqueId.java:27)\n\tat lab.UniqueId$1.accept(UniqueId.java:24)\n\tat lab.Node.handleRequest(Node.java:97)\n\tat lab.Node.handleMessage(Node.java:71)\n\tat lab.Node.lambda$run$0(Node.java:44)\n\tat java.base/java.util.concurrent.ThreadPoolExecutor.runWorker(ThreadPoolExecutor.java:1144)\n\tat java.base/java.util.concurrent.ThreadPoolExecutor$Worker.run(ThreadPoolExecutor.java:642)\n\tat java.base/java.lang.Thread.run(Thread.java:1583)\n"]
2026-03-11 14:37:55,494{GMT}	INFO	[jepsen worker 2] jepsen.util: 476	:info	:generate	nil	[:crash "Unexpected exception handling (msg c7 n2 {\"type\":\"generate\",\"msg_id\":159}) : java.lang.UnsupportedOperationException: Not a string: 159\njava.lang.UnsupportedOperationException: Not a string: 159\n\tat com.eclipsesource.json.JsonValue.asString(JsonValue.java:384)\n\tat com.eclipsesource.json.JsonObject.getString(JsonObject.java:674)\n\tat lab.UniqueId$1.accept(UniqueId.java:27)\n\tat lab.UniqueId$1.accept(UniqueId.java:24)\n\tat lab.Node.handleRequest(Node.java:97)\n\tat lab.Node.handleMessage(Node.java:71)\n\tat lab.Node.lambda$run$0(Node.java:44)\n\tat java.base/java.util.concurrent.ThreadPoolExecutor.runWorker(ThreadPoolExecutor.java:1144)\n\tat java.base/java.util.concurrent.ThreadPoolExecutor$Worker.run(ThreadPoolExecutor.java:642)\n\tat java.base/java.lang.Thread.run(Thread.java:1583)\n"]
2026-03-11 14:37:55,498{GMT}	INFO	[jepsen worker 0] jepsen.util: 555	:invoke	:generate	nil
2026-03-11 14:37:55,498{GMT}	INFO	[jepsen worker 2] jepsen.util: 479	:invoke	:generate	nil
2026-03-11 14:37:55,498{GMT}	INFO	[jepsen worker 1] jepsen.util: 529	:invoke	:generate	nil
2026-03-11 14:37:55,500{GMT}	INFO	[jepsen worker 2] jepsen.util: 479	:info	:generate	nil	[:crash "Unexpected exception handling (msg c7 n2 {\"type\":\"generate\",\"msg_id\":160}) : java.lang.UnsupportedOperationException: Not a string: 160\njava.lang.UnsupportedOperationException: Not a string: 160\n\tat com.eclipsesource.json.JsonValue.asString(JsonValue.java:384)\n\tat com.eclipsesource.json.JsonObject.getString(JsonObject.java:674)\n\tat lab.UniqueId$1.accept(UniqueId.java:27)\n\tat lab.UniqueId$1.accept(UniqueId.java:24)\n\tat lab.Node.handleRequest(Node.java:97)\n\tat lab.Node.handleMessage(Node.java:71)\n\tat lab.Node.lambda$run$0(Node.java:44)\n\tat java.base/java.util.concurrent.ThreadPoolExecutor.runWorker(ThreadPoolExecutor.java:1144)\n\tat java.base/java.util.concurrent.ThreadPoolExecutor$Worker.run(ThreadPoolExecutor.java:642)\n\tat java.base/java.lang.Thread.run(Thread.java:1583)\n"]
2026-03-11 14:37:55,500{GMT}	INFO	[jepsen worker 1] jepsen.util: 529	:info	:generate	nil	[:crash "Unexpected exception handling (msg c6 n1 {\"type\":\"generate\",\"msg_id\":177}) : java.lang.UnsupportedOperationException: Not a string: 177\njava.lang.UnsupportedOperationException: Not a string: 177\n\tat com.eclipsesource.json.JsonValue.asString(JsonValue.java:384)\n\tat com.eclipsesource.json.JsonObject.getString(JsonObject.java:674)\n\tat lab.UniqueId$1.accept(UniqueId.java:27)\n\tat lab.UniqueId$1.accept(UniqueId.java:24)\n\tat lab.Node.handleRequest(Node.java:97)\n\tat lab.Node.handleMessage(Node.java:71)\n\tat lab.Node.lambda$run$0(Node.java:44)\n\tat java.base/java.util.concurrent.ThreadPoolExecutor.runWorker(ThreadPoolExecutor.java:1144)\n\tat java.base/java.util.concurrent.ThreadPoolExecutor$Worker.run(ThreadPoolExecutor.java:642)\n\tat java.base/java.lang.Thread.run(Thread.java:1583)\n"]
2026-03-11 14:37:55,500{GMT}	INFO	[jepsen worker 0] jepsen.util: 555	:info	:generate	nil	[:crash "Unexpected exception handling (msg c8 n0 {\"type\":\"generate\",\"msg_id\":186}) : java.lang.UnsupportedOperationException: Not a string: 186\njava.lang.UnsupportedOperationException: Not a string: 186\n\tat com.eclipsesource.json.JsonValue.asString(JsonValue.java:384)\n\tat com.eclipsesource.json.JsonObject.getString(JsonObject.java:674)\n\tat lab.UniqueId$1.accept(UniqueId.java:27)\n\tat lab.UniqueId$1.accept(UniqueId.java:24)\n\tat lab.Node.handleRequest(Node.java:97)\n\tat lab.Node.handleMessage(Node.java:71)\n\tat lab.Node.lambda$run$0(Node.java:44)\n\tat java.base/java.util.concurrent.ThreadPoolExecutor.runWorker(ThreadPoolExecutor.java:1144)\n\tat java.base/java.util.concurrent.ThreadPoolExecutor$Worker.run(ThreadPoolExecutor.java:642)\n\tat java.base/java.lang.Thread.run(Thread.java:1583)\n"]
2026-03-11 14:37:55,506{GMT}	INFO	[jepsen worker 1] jepsen.util: 532	:invoke	:generate	nil
2026-03-11 14:37:55,506{GMT}	INFO	[jepsen worker 0] jepsen.util: 558	:invoke	:generate	nil
2026-03-11 14:37:55,506{GMT}	INFO	[jepsen worker 2] jepsen.util: 482	:invoke	:generate	nil
2026-03-11 14:37:55,508{GMT}	INFO	[jepsen worker 1] jepsen.util: 532	:info	:generate	nil	[:crash "Unexpected exception handling (msg c6 n1 {\"type\":\"generate\",\"msg_id\":178}) : java.lang.UnsupportedOperationException: Not a string: 178\njava.lang.UnsupportedOperationException: Not a string: 178\n\tat com.eclipsesource.json.JsonValue.asString(JsonValue.java:384)\n\tat com.eclipsesource.json.JsonObject.getString(JsonObject.java:674)\n\tat lab.UniqueId$1.accept(UniqueId.java:27)\n\tat lab.UniqueId$1.accept(UniqueId.java:24)\n\tat lab.Node.handleRequest(Node.java:97)\n\tat lab.Node.handleMessage(Node.java:71)\n\tat lab.Node.lambda$run$0(Node.java:44)\n\tat java.base/java.util.concurrent.ThreadPoolExecutor.runWorker(ThreadPoolExecutor.java:1144)\n\tat java.base/java.util.concurrent.ThreadPoolExecutor$Worker.run(ThreadPoolExecutor.java:642)\n\tat java.base/java.lang.Thread.run(Thread.java:1583)\n"]
2026-03-11 14:37:55,508{GMT}	INFO	[jepsen worker 1] jepsen.util: 535	:invoke	:generate	nil
2026-03-11 14:37:55,508{GMT}	INFO	[jepsen worker 0] jepsen.util: 558	:info	:generate	nil	[:crash "Unexpected exception handling (msg c8 n0 {\"type\":\"generate\",\"msg_id\":187}) : java.lang.UnsupportedOperationException: Not a string: 187\njava.lang.UnsupportedOperationException: Not a string: 187\n\tat com.eclipsesource.json.JsonValue.asString(JsonValue.java:384)\n\tat com.eclipsesource.json.JsonObject.getString(JsonObject.java:674)\n\tat lab.UniqueId$1.accept(UniqueId.java:27)\n\tat lab.UniqueId$1.accept(UniqueId.java:24)\n\tat lab.Node.handleRequest(Node.java:97)\n\tat lab.Node.handleMessage(Node.java:71)\n\tat lab.Node.lambda$run$0(Node.java:44)\n\tat java.base/java.util.concurrent.ThreadPoolExecutor.runWorker(ThreadPoolExecutor.java:1144)\n\tat java.base/java.util.concurrent.ThreadPoolExecutor$Worker.run(ThreadPoolExecutor.java:642)\n\tat java.base/java.lang.Thread.run(Thread.java:1583)\n"]
2026-03-11 14:37:55,508{GMT}	INFO	[jepsen worker 2] jepsen.util: 482	:info	:generate	nil	[:crash "Unexpected exception handling (msg c7 n2 {\"type\":\"generate\",\"msg_id\":161}) : java.lang.UnsupportedOperationException: Not a string: 161\njava.lang.UnsupportedOperationException: Not a string: 161\n\tat com.eclipsesource.json.JsonValue.asString(JsonValue.java:384)\n\tat com.eclipsesource.json.JsonObject.getString(JsonObject.java:674)\n\tat lab.UniqueId$1.accept(UniqueId.java:27)\n\tat lab.UniqueId$1.accept(UniqueId.java:24)\n\tat lab.Node.handleRequest(Node.java:97)\n\tat lab.Node.handleMessage(Node.java:71)\n\tat lab.Node.lambda$run$0(Node.java:44)\n\tat java.base/java.util.concurrent.ThreadPoolExecutor.runWorker(ThreadPoolExecutor.java:1144)\n\tat java.base/java.util.concurrent.ThreadPoolExecutor$Worker.run(ThreadPoolExecutor.java:642)\n\tat java.base/java.lang.Thread.run(Thread.java:1583)\n"]
2026-03-11 14:37:55,509{GMT}	INFO	[jepsen worker 0] jepsen.util: 561	:invoke	:generate	nil
2026-03-11 14:37:55,509{GMT}	INFO	[jepsen worker 1] jepsen.util: 535	:info	:generate	nil	[:crash "Unexpected exception handling (msg c6 n1 {\"type\":\"generate\",\"msg_id\":179}) : java.lang.UnsupportedOperationException: Not a string: 179\njava.lang.UnsupportedOperationException: Not a string: 179\n\tat com.eclipsesource.json.JsonValue.asString(JsonValue.java:384)\n\tat com.eclipsesource.json.JsonObject.getString(JsonObject.java:674)\n\tat lab.UniqueId$1.accept(UniqueId.java:27)\n\tat lab.UniqueId$1.accept(UniqueId.java:24)\n\tat lab.Node.handleRequest(Node.java:97)\n\tat lab.Node.handleMessage(Node.java:71)\n\tat lab.Node.lambda$run$0(Node.java:44)\n\tat java.base/java.util.concurrent.ThreadPoolExecutor.runWorker(ThreadPoolExecutor.java:1144)\n\tat java.base/java.util.concurrent.ThreadPoolExecutor$Worker.run(ThreadPoolExecutor.java:642)\n\tat java.base/java.lang.Thread.run(Thread.java:1583)\n"]
2026-03-11 14:37:55,521{GMT}	INFO	[jepsen worker 2] jepsen.util: 485	:invoke	:generate	nil
2026-03-11 14:37:55,521{GMT}	INFO	[jepsen worker 1] jepsen.util: 538	:invoke	:generate	nil
2026-03-11 14:37:55,523{GMT}	INFO	[jepsen worker 0] jepsen.util: 561	:info	:generate	nil	[:crash "Unexpected exception handling (msg c8 n0 {\"type\":\"generate\",\"msg_id\":188}) : java.lang.UnsupportedOperationException: Not a string: 188\njava.lang.UnsupportedOperationException: Not a string: 188\n\tat com.eclipsesource.json.JsonValue.asString(JsonValue.java:384)\n\tat com.eclipsesource.json.JsonObject.getString(JsonObject.java:674)\n\tat lab.UniqueId$1.accept(UniqueId.java:27)\n\tat lab.UniqueId$1.accept(UniqueId.java:24)\n\tat lab.Node.handleRequest(Node.java:97)\n\tat lab.Node.handleMessage(Node.java:71)\n\tat lab.Node.lambda$run$0(Node.java:44)\n\tat java.base/java.util.concurrent.ThreadPoolExecutor.runWorker(ThreadPoolExecutor.java:1144)\n\tat java.base/java.util.concurrent.ThreadPoolExecutor$Worker.run(ThreadPoolExecutor.java:642)\n\tat java.base/java.lang.Thread.run(Thread.java:1583)\n"]
2026-03-11 14:37:55,523{GMT}	INFO	[jepsen worker 2] jepsen.util: 485	:info	:generate	nil	[:crash "Unexpected exception handling (msg c7 n2 {\"type\":\"generate\",\"msg_id\":162}) : java.lang.UnsupportedOperationException: Not a string: 162\njava.lang.UnsupportedOperationException: Not a string: 162\n\tat com.eclipsesource.json.JsonValue.asString(JsonValue.java:384)\n\tat com.eclipsesource.json.JsonObject.getString(JsonObject.java:674)\n\tat lab.UniqueId$1.accept(UniqueId.java:27)\n\tat lab.UniqueId$1.accept(UniqueId.java:24)\n\tat lab.Node.handleRequest(Node.java:97)\n\tat lab.Node.handleMessage(Node.java:71)\n\tat lab.Node.lambda$run$0(Node.java:44)\n\tat java.base/java.util.concurrent.ThreadPoolExecutor.runWorker(ThreadPoolExecutor.java:1144)\n\tat java.base/java.util.concurrent.ThreadPoolExecutor$Worker.run(ThreadPoolExecutor.java:642)\n\tat java.base/java.lang.Thread.run(Thread.java:1583)\n"]
2026-03-11 14:37:55,523{GMT}	INFO	[jepsen worker 1] jepsen.util: 538	:info	:generate	nil	[:crash "Unexpected exception handling (msg c6 n1 {\"type\":\"generate\",\"msg_id\":180}) : java.lang.UnsupportedOperationException: Not a string: 180\njava.lang.UnsupportedOperationException: Not a string: 180\n\tat com.eclipsesource.json.JsonValue.asString(JsonValue.java:384)\n\tat com.eclipsesource.json.JsonObject.getString(JsonObject.java:674)\n\tat lab.UniqueId$1.accept(UniqueId.java:27)\n\tat lab.UniqueId$1.accept(UniqueId.java:24)\n\tat lab.Node.handleRequest(Node.java:97)\n\tat lab.Node.handleMessage(Node.java:71)\n\tat lab.Node.lambda$run$0(Node.java:44)\n\tat java.base/java.util.concurrent.ThreadPoolExecutor.runWorker(ThreadPoolExecutor.java:1144)\n\tat java.base/java.util.concurrent.ThreadPoolExecutor$Worker.run(ThreadPoolExecutor.java:642)\n\tat java.base/java.lang.Thread.run(Thread.java:1583)\n"]
2026-03-11 14:37:55,524{GMT}	INFO	[jepsen worker 0] jepsen.util: 564	:invoke	:generate	nil
2026-03-11 14:37:55,525{GMT}	INFO	[jepsen worker 1] jepsen.util: 541	:invoke	:generate	nil
2026-03-11 14:37:55,525{GMT}	INFO	[jepsen worker 0] jepsen.util: 564	:info	:generate	nil	[:crash "Unexpected exception handling (msg c8 n0 {\"type\":\"generate\",\"msg_id\":189}) : java.lang.UnsupportedOperationException: Not a string: 189\njava.lang.UnsupportedOperationException: Not a string: 189\n\tat com.eclipsesource.json.JsonValue.asString(JsonValue.java:384)\n\tat com.eclipsesource.json.JsonObject.getString(JsonObject.java:674)\n\tat lab.UniqueId$1.accept(UniqueId.java:27)\n\tat lab.UniqueId$1.accept(UniqueId.java:24)\n\tat lab.Node.handleRequest(Node.java:97)\n\tat lab.Node.handleMessage(Node.java:71)\n\tat lab.Node.lambda$run$0(Node.java:44)\n\tat java.base/java.util.concurrent.ThreadPoolExecutor.runWorker(ThreadPoolExecutor.java:1144)\n\tat java.base/java.util.concurrent.ThreadPoolExecutor$Worker.run(ThreadPoolExecutor.java:642)\n\tat java.base/java.lang.Thread.run(Thread.java:1583)\n"]
2026-03-11 14:37:55,526{GMT}	INFO	[jepsen worker 2] jepsen.util: 488	:invoke	:generate	nil
2026-03-11 14:37:55,527{GMT}	INFO	[jepsen worker 0] jepsen.util: 567	:invoke	:generate	nil
2026-03-11 14:37:55,528{GMT}	INFO	[jepsen worker 2] jepsen.util: 488	:info	:generate	nil	[:crash "Unexpected exception handling (msg c7 n2 {\"type\":\"generate\",\"msg_id\":163}) : java.lang.UnsupportedOperationException: Not a string: 163\njava.lang.UnsupportedOperationException: Not a string: 163\n\tat com.eclipsesource.json.JsonValue.asString(JsonValue.java:384)\n\tat com.eclipsesource.json.JsonObject.getString(JsonObject.java:674)\n\tat lab.UniqueId$1.accept(UniqueId.java:27)\n\tat lab.UniqueId$1.accept(UniqueId.java:24)\n\tat lab.Node.handleRequest(Node.java:97)\n\tat lab.Node.handleMessage(Node.java:71)\n\tat lab.Node.lambda$run$0(Node.java:44)\n\tat java.base/java.util.concurrent.ThreadPoolExecutor.runWorker(ThreadPoolExecutor.java:1144)\n\tat java.base/java.util.concurrent.ThreadPoolExecutor$Worker.run(ThreadPoolExecutor.java:642)\n\tat java.base/java.lang.Thread.run(Thread.java:1583)\n"]
2026-03-11 14:37:55,528{GMT}	INFO	[jepsen worker 1] jepsen.util: 541	:info	:generate	nil	[:crash "Unexpected exception handling (msg c6 n1 {\"type\":\"generate\",\"msg_id\":181}) : java.lang.UnsupportedOperationException: Not a string: 181\njava.lang.UnsupportedOperationException: Not a string: 181\n\tat com.eclipsesource.json.JsonValue.asString(JsonValue.java:384)\n\tat com.eclipsesource.json.JsonObject.getString(JsonObject.java:674)\n\tat lab.UniqueId$1.accept(UniqueId.java:27)\n\tat lab.UniqueId$1.accept(UniqueId.java:24)\n\tat lab.Node.handleRequest(Node.java:97)\n\tat lab.Node.handleMessage(Node.java:71)\n\tat lab.Node.lambda$run$0(Node.java:44)\n\tat java.base/java.util.concurrent.ThreadPoolExecutor.runWorker(ThreadPoolExecutor.java:1144)\n\tat java.base/java.util.concurrent.ThreadPoolExecutor$Worker.run(ThreadPoolExecutor.java:642)\n\tat java.base/java.lang.Thread.run(Thread.java:1583)\n"]
2026-03-11 14:37:55,528{GMT}	INFO	[jepsen worker 1] jepsen.util: 544	:invoke	:generate	nil
2026-03-11 14:37:55,529{GMT}	INFO	[jepsen worker 0] jepsen.util: 567	:info	:generate	nil	[:crash "Unexpected exception handling (msg c8 n0 {\"type\":\"generate\",\"msg_id\":190}) : java.lang.UnsupportedOperationException: Not a string: 190\njava.lang.UnsupportedOperationException: Not a string: 190\n\tat com.eclipsesource.json.JsonValue.asString(JsonValue.java:384)\n\tat com.eclipsesource.json.JsonObject.getString(JsonObject.java:674)\n\tat lab.UniqueId$1.accept(UniqueId.java:27)\n\tat lab.UniqueId$1.accept(UniqueId.java:24)\n\tat lab.Node.handleRequest(Node.java:97)\n\tat lab.Node.handleMessage(Node.java:71)\n\tat lab.Node.lambda$run$0(Node.java:44)\n\tat java.base/java.util.concurrent.ThreadPoolExecutor.runWorker(ThreadPoolExecutor.java:1144)\n\tat java.base/java.util.concurrent.ThreadPoolExecutor$Worker.run(ThreadPoolExecutor.java:642)\n\tat java.base/java.lang.Thread.run(Thread.java:1583)\n"]
2026-03-11 14:37:55,531{GMT}	INFO	[jepsen worker 1] jepsen.util: 544	:info	:generate	nil	[:crash "Unexpected exception handling (msg c6 n1 {\"type\":\"generate\",\"msg_id\":182}) : java.lang.UnsupportedOperationException: Not a string: 182\njava.lang.UnsupportedOperationException: Not a string: 182\n\tat com.eclipsesource.json.JsonValue.asString(JsonValue.java:384)\n\tat com.eclipsesource.json.JsonObject.getString(JsonObject.java:674)\n\tat lab.UniqueId$1.accept(UniqueId.java:27)\n\tat lab.UniqueId$1.accept(UniqueId.java:24)\n\tat lab.Node.handleRequest(Node.java:97)\n\tat lab.Node.handleMessage(Node.java:71)\n\tat lab.Node.lambda$run$0(Node.java:44)\n\tat java.base/java.util.concurrent.ThreadPoolExecutor.runWorker(ThreadPoolExecutor.java:1144)\n\tat java.base/java.util.concurrent.ThreadPoolExecutor$Worker.run(ThreadPoolExecutor.java:642)\n\tat java.base/java.lang.Thread.run(Thread.java:1583)\n"]
2026-03-11 14:37:55,531{GMT}	INFO	[jepsen worker 2] jepsen.util: 491	:invoke	:generate	nil
2026-03-11 14:37:55,532{GMT}	INFO	[jepsen worker 0] jepsen.util: 570	:invoke	:generate	nil
2026-03-11 14:37:55,533{GMT}	INFO	[jepsen worker 2] jepsen.util: 491	:info	:generate	nil	[:crash "Unexpected exception handling (msg c7 n2 {\"type\":\"generate\",\"msg_id\":164}) : java.lang.UnsupportedOperationException: Not a string: 164\njava.lang.UnsupportedOperationException: Not a string: 164\n\tat com.eclipsesource.json.JsonValue.asString(JsonValue.java:384)\n\tat com.eclipsesource.json.JsonObject.getString(JsonObject.java:674)\n\tat lab.UniqueId$1.accept(UniqueId.java:27)\n\tat lab.UniqueId$1.accept(UniqueId.java:24)\n\tat lab.Node.handleRequest(Node.java:97)\n\tat lab.Node.handleMessage(Node.java:71)\n\tat lab.Node.lambda$run$0(Node.java:44)\n\tat java.base/java.util.concurrent.ThreadPoolExecutor.runWorker(ThreadPoolExecutor.java:1144)\n\tat java.base/java.util.concurrent.ThreadPoolExecutor$Worker.run(ThreadPoolExecutor.java:642)\n\tat java.base/java.lang.Thread.run(Thread.java:1583)\n"]
2026-03-11 14:37:55,534{GMT}	INFO	[jepsen worker 1] jepsen.util: 547	:invoke	:generate	nil
2026-03-11 14:37:55,534{GMT}	INFO	[jepsen worker 2] jepsen.util: 494	:invoke	:generate	nil
2026-03-11 14:37:55,535{GMT}	INFO	[jepsen worker 0] jepsen.util: 570	:info	:generate	nil	[:crash "Unexpected exception handling (msg c8 n0 {\"type\":\"generate\",\"msg_id\":191}) : java.lang.UnsupportedOperationException: Not a string: 191\njava.lang.UnsupportedOperationException: Not a string: 191\n\tat com.eclipsesource.json.JsonValue.asString(JsonValue.java:384)\n\tat com.eclipsesource.json.JsonObject.getString(JsonObject.java:674)\n\tat lab.UniqueId$1.accept(UniqueId.java:27)\n\tat lab.UniqueId$1.accept(UniqueId.java:24)\n\tat lab.Node.handleRequest(Node.java:97)\n\tat lab.Node.handleMessage(Node.java:71)\n\tat lab.Node.lambda$run$0(Node.java:44)\n\tat java.base/java.util.concurrent.ThreadPoolExecutor.runWorker(ThreadPoolExecutor.java:1144)\n\tat java.base/java.util.concurrent.ThreadPoolExecutor$Worker.run(ThreadPoolExecutor.java:642)\n\tat java.base/java.lang.Thread.run(Thread.java:1583)\n"]
2026-03-11 14:37:55,536{GMT}	INFO	[jepsen worker 0] jepsen.util: 573	:invoke	:generate	nil
2026-03-11 14:37:55,537{GMT}	INFO	[jepsen worker 1] jepsen.util: 547	:info	:generate	nil	[:crash "Unexpected exception handling (msg c6 n1 {\"type\":\"generate\",\"msg_id\":183}) : java.lang.UnsupportedOperationException: Not a string: 183\njava.lang.UnsupportedOperationException: Not a string: 183\n\tat com.eclipsesource.json.JsonValue.asString(JsonValue.java:384)\n\tat com.eclipsesource.json.JsonObject.getString(JsonObject.java:674)\n\tat lab.UniqueId$1.accept(UniqueId.java:27)\n\tat lab.UniqueId$1.accept(UniqueId.java:24)\n\tat lab.Node.handleRequest(Node.java:97)\n\tat lab.Node.handleMessage(Node.java:71)\n\tat lab.Node.lambda$run$0(Node.java:44)\n\tat java.base/java.util.concurrent.ThreadPoolExecutor.runWorker(ThreadPoolExecutor.java:1144)\n\tat java.base/java.util.concurrent.ThreadPoolExecutor$Worker.run(ThreadPoolExecutor.java:642)\n\tat java.base/java.lang.Thread.run(Thread.java:1583)\n"]
2026-03-11 14:37:55,538{GMT}	INFO	[jepsen worker 0] jepsen.util: 573	:info	:generate	nil	[:crash "Unexpected exception handling (msg c8 n0 {\"type\":\"generate\",\"msg_id\":192}) : java.lang.UnsupportedOperationException: Not a string: 192\njava.lang.UnsupportedOperationException: Not a string: 192\n\tat com.eclipsesource.json.JsonValue.asString(JsonValue.java:384)\n\tat com.eclipsesource.json.JsonObject.getString(JsonObject.java:674)\n\tat lab.UniqueId$1.accept(UniqueId.java:27)\n\tat lab.UniqueId$1.accept(UniqueId.java:24)\n\tat lab.Node.handleRequest(Node.java:97)\n\tat lab.Node.handleMessage(Node.java:71)\n\tat lab.Node.lambda$run$0(Node.java:44)\n\tat java.base/java.util.concurrent.ThreadPoolExecutor.runWorker(ThreadPoolExecutor.java:1144)\n\tat java.base/java.util.concurrent.ThreadPoolExecutor$Worker.run(ThreadPoolExecutor.java:642)\n\tat java.base/java.lang.Thread.run(Thread.java:1583)\n"]
2026-03-11 14:37:55,540{GMT}	INFO	[jepsen worker 2] jepsen.util: 494	:info	:generate	nil	[:crash "Unexpected exception handling (msg c7 n2 {\"type\":\"generate\",\"msg_id\":165}) : java.lang.UnsupportedOperationException: Not a string: 165\njava.lang.UnsupportedOperationException: Not a string: 165\n\tat com.eclipsesource.json.JsonValue.asString(JsonValue.java:384)\n\tat com.eclipsesource.json.JsonObject.getString(JsonObject.java:674)\n\tat lab.UniqueId$1.accept(UniqueId.java:27)\n\tat lab.UniqueId$1.accept(UniqueId.java:24)\n\tat lab.Node.handleRequest(Node.java:97)\n\tat lab.Node.handleMessage(Node.java:71)\n\tat lab.Node.lambda$run$0(Node.java:44)\n\tat java.base/java.util.concurrent.ThreadPoolExecutor.runWorker(ThreadPoolExecutor.java:1144)\n\tat java.base/java.util.concurrent.ThreadPoolExecutor$Worker.run(ThreadPoolExecutor.java:642)\n\tat java.base/java.lang.Thread.run(Thread.java:1583)\n"]
2026-03-11 14:37:55,540{GMT}	INFO	[jepsen worker 2] jepsen.util: 497	:invoke	:generate	nil
2026-03-11 14:37:55,541{GMT}	INFO	[jepsen worker 2] jepsen.util: 497	:info	:generate	nil	[:crash "Unexpected exception handling (msg c7 n2 {\"type\":\"generate\",\"msg_id\":166}) : java.lang.UnsupportedOperationException: Not a string: 166\njava.lang.UnsupportedOperationException: Not a string: 166\n\tat com.eclipsesource.json.JsonValue.asString(JsonValue.java:384)\n\tat com.eclipsesource.json.JsonObject.getString(JsonObject.java:674)\n\tat lab.UniqueId$1.accept(UniqueId.java:27)\n\tat lab.UniqueId$1.accept(UniqueId.java:24)\n\tat lab.Node.handleRequest(Node.java:97)\n\tat lab.Node.handleMessage(Node.java:71)\n\tat lab.Node.lambda$run$0(Node.java:44)\n\tat java.base/java.util.concurrent.ThreadPoolExecutor.runWorker(ThreadPoolExecutor.java:1144)\n\tat java.base/java.util.concurrent.ThreadPoolExecutor$Worker.run(ThreadPoolExecutor.java:642)\n\tat java.base/java.lang.Thread.run(Thread.java:1583)\n"]
2026-03-11 14:37:55,542{GMT}	INFO	[jepsen worker 1] jepsen.util: 550	:invoke	:generate	nil
2026-03-11 14:37:55,542{GMT}	INFO	[jepsen worker 0] jepsen.util: 576	:invoke	:generate	nil
2026-03-11 14:37:55,544{GMT}	INFO	[jepsen worker 2] jepsen.util: 500	:invoke	:generate	nil
2026-03-11 14:37:55,546{GMT}	INFO	[jepsen worker 0] jepsen.util: 576	:info	:generate	nil	[:crash "Unexpected exception handling (msg c8 n0 {\"type\":\"generate\",\"msg_id\":193}) : java.lang.UnsupportedOperationException: Not a string: 193\njava.lang.UnsupportedOperationException: Not a string: 193\n\tat com.eclipsesource.json.JsonValue.asString(JsonValue.java:384)\n\tat com.eclipsesource.json.JsonObject.getString(JsonObject.java:674)\n\tat lab.UniqueId$1.accept(UniqueId.java:27)\n\tat lab.UniqueId$1.accept(UniqueId.java:24)\n\tat lab.Node.handleRequest(Node.java:97)\n\tat lab.Node.handleMessage(Node.java:71)\n\tat lab.Node.lambda$run$0(Node.java:44)\n\tat java.base/java.util.concurrent.ThreadPoolExecutor.runWorker(ThreadPoolExecutor.java:1144)\n\tat java.base/java.util.concurrent.ThreadPoolExecutor$Worker.run(ThreadPoolExecutor.java:642)\n\tat java.base/java.lang.Thread.run(Thread.java:1583)\n"]
2026-03-11 14:37:55,546{GMT}	INFO	[jepsen worker 1] jepsen.util: 550	:info	:generate	nil	[:crash "Unexpected exception handling (msg c6 n1 {\"type\":\"generate\",\"msg_id\":184}) : java.lang.UnsupportedOperationException: Not a string: 184\njava.lang.UnsupportedOperationException: Not a string: 184\n\tat com.eclipsesource.json.JsonValue.asString(JsonValue.java:384)\n\tat com.eclipsesource.json.JsonObject.getString(JsonObject.java:674)\n\tat lab.UniqueId$1.accept(UniqueId.java:27)\n\tat lab.UniqueId$1.accept(UniqueId.java:24)\n\tat lab.Node.handleRequest(Node.java:97)\n\tat lab.Node.handleMessage(Node.java:71)\n\tat lab.Node.lambda$run$0(Node.java:44)\n\tat java.base/java.util.concurrent.ThreadPoolExecutor.runWorker(ThreadPoolExecutor.java:1144)\n\tat java.base/java.util.concurrent.ThreadPoolExecutor$Worker.run(ThreadPoolExecutor.java:642)\n\tat java.base/java.lang.Thread.run(Thread.java:1583)\n"]
2026-03-11 14:37:55,546{GMT}	INFO	[jepsen worker 2] jepsen.util: 500	:info	:generate	nil	[:crash "Unexpected exception handling (msg c7 n2 {\"type\":\"generate\",\"msg_id\":167}) : java.lang.UnsupportedOperationException: Not a string: 167\njava.lang.UnsupportedOperationException: Not a string: 167\n\tat com.eclipsesource.json.JsonValue.asString(JsonValue.java:384)\n\tat com.eclipsesource.json.JsonObject.getString(JsonObject.java:674)\n\tat lab.UniqueId$1.accept(UniqueId.java:27)\n\tat lab.UniqueId$1.accept(UniqueId.java:24)\n\tat lab.Node.handleRequest(Node.java:97)\n\tat lab.Node.handleMessage(Node.java:71)\n\tat lab.Node.lambda$run$0(Node.java:44)\n\tat java.base/java.util.concurrent.ThreadPoolExecutor.runWorker(ThreadPoolExecutor.java:1144)\n\tat java.base/java.util.concurrent.ThreadPoolExecutor$Worker.run(ThreadPoolExecutor.java:642)\n\tat java.base/java.lang.Thread.run(Thread.java:1583)\n"]
2026-03-11 14:37:55,559{GMT}	INFO	[jepsen worker 0] jepsen.util: 579	:invoke	:generate	nil
2026-03-11 14:37:55,559{GMT}	INFO	[jepsen worker 1] jepsen.util: 553	:invoke	:generate	nil
2026-03-11 14:37:55,559{GMT}	INFO	[jepsen worker 2] jepsen.util: 503	:invoke	:generate	nil
2026-03-11 14:37:55,560{GMT}	INFO	[jepsen worker 0] jepsen.util: 579	:info	:generate	nil	[:crash "Unexpected exception handling (msg c8 n0 {\"type\":\"generate\",\"msg_id\":194}) : java.lang.UnsupportedOperationException: Not a string: 194\njava.lang.UnsupportedOperationException: Not a string: 194\n\tat com.eclipsesource.json.JsonValue.asString(JsonValue.java:384)\n\tat com.eclipsesource.json.JsonObject.getString(JsonObject.java:674)\n\tat lab.UniqueId$1.accept(UniqueId.java:27)\n\tat lab.UniqueId$1.accept(UniqueId.java:24)\n\tat lab.Node.handleRequest(Node.java:97)\n\tat lab.Node.handleMessage(Node.java:71)\n\tat lab.Node.lambda$run$0(Node.java:44)\n\tat java.base/java.util.concurrent.ThreadPoolExecutor.runWorker(ThreadPoolExecutor.java:1144)\n\tat java.base/java.util.concurrent.ThreadPoolExecutor$Worker.run(ThreadPoolExecutor.java:642)\n\tat java.base/java.lang.Thread.run(Thread.java:1583)\n"]
2026-03-11 14:37:55,560{GMT}	INFO	[jepsen worker 2] jepsen.util: 503	:info	:generate	nil	[:crash "Unexpected exception handling (msg c7 n2 {\"type\":\"generate\",\"msg_id\":168}) : java.lang.UnsupportedOperationException: Not a string: 168\njava.lang.UnsupportedOperationException: Not a string: 168\n\tat com.eclipsesource.json.JsonValue.asString(JsonValue.java:384)\n\tat com.eclipsesource.json.JsonObject.getString(JsonObject.java:674)\n\tat lab.UniqueId$1.accept(UniqueId.java:27)\n\tat lab.UniqueId$1.accept(UniqueId.java:24)\n\tat lab.Node.handleRequest(Node.java:97)\n\tat lab.Node.handleMessage(Node.java:71)\n\tat lab.Node.lambda$run$0(Node.java:44)\n\tat java.base/java.util.concurrent.ThreadPoolExecutor.runWorker(ThreadPoolExecutor.java:1144)\n\tat java.base/java.util.concurrent.ThreadPoolExecutor$Worker.run(ThreadPoolExecutor.java:642)\n\tat java.base/java.lang.Thread.run(Thread.java:1583)\n"]
2026-03-11 14:37:55,560{GMT}	INFO	[jepsen worker 1] jepsen.util: 553	:info	:generate	nil	[:crash "Unexpected exception handling (msg c6 n1 {\"type\":\"generate\",\"msg_id\":185}) : java.lang.UnsupportedOperationException: Not a string: 185\njava.lang.UnsupportedOperationException: Not a string: 185\n\tat com.eclipsesource.json.JsonValue.asString(JsonValue.java:384)\n\tat com.eclipsesource.json.JsonObject.getString(JsonObject.java:674)\n\tat lab.UniqueId$1.accept(UniqueId.java:27)\n\tat lab.UniqueId$1.accept(UniqueId.java:24)\n\tat lab.Node.handleRequest(Node.java:97)\n\tat lab.Node.handleMessage(Node.java:71)\n\tat lab.Node.lambda$run$0(Node.java:44)\n\tat java.base/java.util.concurrent.ThreadPoolExecutor.runWorker(ThreadPoolExecutor.java:1144)\n\tat java.base/java.util.concurrent.ThreadPoolExecutor$Worker.run(ThreadPoolExecutor.java:642)\n\tat java.base/java.lang.Thread.run(Thread.java:1583)\n"]
2026-03-11 14:37:55,561{GMT}	INFO	[jepsen worker 1] jepsen.util: 556	:invoke	:generate	nil
2026-03-11 14:37:55,562{GMT}	INFO	[jepsen worker 1] jepsen.util: 556	:info	:generate	nil	[:crash "Unexpected exception handling (msg c6 n1 {\"type\":\"generate\",\"msg_id\":186}) : java.lang.UnsupportedOperationException: Not a string: 186\njava.lang.UnsupportedOperationException: Not a string: 186\n\tat com.eclipsesource.json.JsonValue.asString(JsonValue.java:384)\n\tat com.eclipsesource.json.JsonObject.getString(JsonObject.java:674)\n\tat lab.UniqueId$1.accept(UniqueId.java:27)\n\tat lab.UniqueId$1.accept(UniqueId.java:24)\n\tat lab.Node.handleRequest(Node.java:97)\n\tat lab.Node.handleMessage(Node.java:71)\n\tat lab.Node.lambda$run$0(Node.java:44)\n\tat java.base/java.util.concurrent.ThreadPoolExecutor.runWorker(ThreadPoolExecutor.java:1144)\n\tat java.base/java.util.concurrent.ThreadPoolExecutor$Worker.run(ThreadPoolExecutor.java:642)\n\tat java.base/java.lang.Thread.run(Thread.java:1583)\n"]
2026-03-11 14:37:55,562{GMT}	INFO	[jepsen worker 2] jepsen.util: 506	:invoke	:generate	nil
2026-03-11 14:37:55,564{GMT}	INFO	[jepsen worker 2] jepsen.util: 506	:info	:generate	nil	[:crash "Unexpected exception handling (msg c7 n2 {\"type\":\"generate\",\"msg_id\":169}) : java.lang.UnsupportedOperationException: Not a string: 169\njava.lang.UnsupportedOperationException: Not a string: 169\n\tat com.eclipsesource.json.JsonValue.asString(JsonValue.java:384)\n\tat com.eclipsesource.json.JsonObject.getString(JsonObject.java:674)\n\tat lab.UniqueId$1.accept(UniqueId.java:27)\n\tat lab.UniqueId$1.accept(UniqueId.java:24)\n\tat lab.Node.handleRequest(Node.java:97)\n\tat lab.Node.handleMessage(Node.java:71)\n\tat lab.Node.lambda$run$0(Node.java:44)\n\tat java.base/java.util.concurrent.ThreadPoolExecutor.runWorker(ThreadPoolExecutor.java:1144)\n\tat java.base/java.util.concurrent.ThreadPoolExecutor$Worker.run(ThreadPoolExecutor.java:642)\n\tat java.base/java.lang.Thread.run(Thread.java:1583)\n"]
2026-03-11 14:37:55,564{GMT}	INFO	[jepsen worker 0] jepsen.util: 582	:invoke	:generate	nil
2026-03-11 14:37:55,564{GMT}	INFO	[jepsen worker 1] jepsen.util: 559	:invoke	:generate	nil
2026-03-11 14:37:55,567{GMT}	INFO	[jepsen worker 2] jepsen.util: 509	:invoke	:generate	nil
2026-03-11 14:37:55,569{GMT}	INFO	[jepsen worker 0] jepsen.util: 582	:info	:generate	nil	[:crash "Unexpected exception handling (msg c8 n0 {\"type\":\"generate\",\"msg_id\":195}) : java.lang.UnsupportedOperationException: Not a string: 195\njava.lang.UnsupportedOperationException: Not a string: 195\n\tat com.eclipsesource.json.JsonValue.asString(JsonValue.java:384)\n\tat com.eclipsesource.json.JsonObject.getString(JsonObject.java:674)\n\tat lab.UniqueId$1.accept(UniqueId.java:27)\n\tat lab.UniqueId$1.accept(UniqueId.java:24)\n\tat lab.Node.handleRequest(Node.java:97)\n\tat lab.Node.handleMessage(Node.java:71)\n\tat lab.Node.lambda$run$0(Node.java:44)\n\tat java.base/java.util.concurrent.ThreadPoolExecutor.runWorker(ThreadPoolExecutor.java:1144)\n\tat java.base/java.util.concurrent.ThreadPoolExecutor$Worker.run(ThreadPoolExecutor.java:642)\n\tat java.base/java.lang.Thread.run(Thread.java:1583)\n"]
2026-03-11 14:37:55,569{GMT}	INFO	[jepsen worker 1] jepsen.util: 559	:info	:generate	nil	[:crash "Unexpected exception handling (msg c6 n1 {\"type\":\"generate\",\"msg_id\":187}) : java.lang.UnsupportedOperationException: Not a string: 187\njava.lang.UnsupportedOperationException: Not a string: 187\n\tat com.eclipsesource.json.JsonValue.asString(JsonValue.java:384)\n\tat com.eclipsesource.json.JsonObject.getString(JsonObject.java:674)\n\tat lab.UniqueId$1.accept(UniqueId.java:27)\n\tat lab.UniqueId$1.accept(UniqueId.java:24)\n\tat lab.Node.handleRequest(Node.java:97)\n\tat lab.Node.handleMessage(Node.java:71)\n\tat lab.Node.lambda$run$0(Node.java:44)\n\tat java.base/java.util.concurrent.ThreadPoolExecutor.runWorker(ThreadPoolExecutor.java:1144)\n\tat java.base/java.util.concurrent.ThreadPoolExecutor$Worker.run(ThreadPoolExecutor.java:642)\n\tat java.base/java.lang.Thread.run(Thread.java:1583)\n"]
2026-03-11 14:37:55,569{GMT}	INFO	[jepsen worker 2] jepsen.util: 509	:info	:generate	nil	[:crash "Unexpected exception handling (msg c7 n2 {\"type\":\"generate\",\"msg_id\":170}) : java.lang.UnsupportedOperationException: Not a string: 170\njava.lang.UnsupportedOperationException: Not a string: 170\n\tat com.eclipsesource.json.JsonValue.asString(JsonValue.java:384)\n\tat com.eclipsesource.json.JsonObject.getString(JsonObject.java:674)\n\tat lab.UniqueId$1.accept(UniqueId.java:27)\n\tat lab.UniqueId$1.accept(UniqueId.java:24)\n\tat lab.Node.handleRequest(Node.java:97)\n\tat lab.Node.handleMessage(Node.java:71)\n\tat lab.Node.lambda$run$0(Node.java:44)\n\tat java.base/java.util.concurrent.ThreadPoolExecutor.runWorker(ThreadPoolExecutor.java:1144)\n\tat java.base/java.util.concurrent.ThreadPoolExecutor$Worker.run(ThreadPoolExecutor.java:642)\n\tat java.base/java.lang.Thread.run(Thread.java:1583)\n"]
2026-03-11 14:37:55,569{GMT}	INFO	[jepsen worker 0] jepsen.util: 585	:invoke	:generate	nil
2026-03-11 14:37:55,569{GMT}	INFO	[jepsen worker 1] jepsen.util: 562	:invoke	:generate	nil
2026-03-11 14:37:55,571{GMT}	INFO	[jepsen worker 2] jepsen.util: 512	:invoke	:generate	nil
2026-03-11 14:37:55,571{GMT}	INFO	[jepsen worker 0] jepsen.util: 585	:info	:generate	nil	[:crash "Unexpected exception handling (msg c8 n0 {\"type\":\"generate\",\"msg_id\":196}) : java.lang.UnsupportedOperationException: Not a string: 196\njava.lang.UnsupportedOperationException: Not a string: 196\n\tat com.eclipsesource.json.JsonValue.asString(JsonValue.java:384)\n\tat com.eclipsesource.json.JsonObject.getString(JsonObject.java:674)\n\tat lab.UniqueId$1.accept(UniqueId.java:27)\n\tat lab.UniqueId$1.accept(UniqueId.java:24)\n\tat lab.Node.handleRequest(Node.java:97)\n\tat lab.Node.handleMessage(Node.java:71)\n\tat lab.Node.lambda$run$0(Node.java:44)\n\tat java.base/java.util.concurrent.ThreadPoolExecutor.runWorker(ThreadPoolExecutor.java:1144)\n\tat java.base/java.util.concurrent.ThreadPoolExecutor$Worker.run(ThreadPoolExecutor.java:642)\n\tat java.base/java.lang.Thread.run(Thread.java:1583)\n"]
2026-03-11 14:37:55,572{GMT}	INFO	[jepsen worker 0] jepsen.util: 588	:invoke	:generate	nil
2026-03-11 14:37:55,573{GMT}	INFO	[jepsen worker 2] jepsen.util: 512	:info	:generate	nil	[:crash "Unexpected exception handling (msg c7 n2 {\"type\":\"generate\",\"msg_id\":171}) : java.lang.UnsupportedOperationException: Not a string: 171\njava.lang.UnsupportedOperationException: Not a string: 171\n\tat com.eclipsesource.json.JsonValue.asString(JsonValue.java:384)\n\tat com.eclipsesource.json.JsonObject.getString(JsonObject.java:674)\n\tat lab.UniqueId$1.accept(UniqueId.java:27)\n\tat lab.UniqueId$1.accept(UniqueId.java:24)\n\tat lab.Node.handleRequest(Node.java:97)\n\tat lab.Node.handleMessage(Node.java:71)\n\tat lab.Node.lambda$run$0(Node.java:44)\n\tat java.base/java.util.concurrent.ThreadPoolExecutor.runWorker(ThreadPoolExecutor.java:1144)\n\tat java.base/java.util.concurrent.ThreadPoolExecutor$Worker.run(ThreadPoolExecutor.java:642)\n\tat java.base/java.lang.Thread.run(Thread.java:1583)\n"]
2026-03-11 14:37:55,573{GMT}	INFO	[jepsen worker 1] jepsen.util: 562	:info	:generate	nil	[:crash "Unexpected exception handling (msg c6 n1 {\"type\":\"generate\",\"msg_id\":188}) : java.lang.UnsupportedOperationException: Not a string: 188\njava.lang.UnsupportedOperationException: Not a string: 188\n\tat com.eclipsesource.json.JsonValue.asString(JsonValue.java:384)\n\tat com.eclipsesource.json.JsonObject.getString(JsonObject.java:674)\n\tat lab.UniqueId$1.accept(UniqueId.java:27)\n\tat lab.UniqueId$1.accept(UniqueId.java:24)\n\tat lab.Node.handleRequest(Node.java:97)\n\tat lab.Node.handleMessage(Node.java:71)\n\tat lab.Node.lambda$run$0(Node.java:44)\n\tat java.base/java.util.concurrent.ThreadPoolExecutor.runWorker(ThreadPoolExecutor.java:1144)\n\tat java.base/java.util.concurrent.ThreadPoolExecutor$Worker.run(ThreadPoolExecutor.java:642)\n\tat java.base/java.lang.Thread.run(Thread.java:1583)\n"]
2026-03-11 14:37:55,573{GMT}	INFO	[jepsen worker 2] jepsen.util: 515	:invoke	:generate	nil
2026-03-11 14:37:55,573{GMT}	INFO	[jepsen worker 0] jepsen.util: 588	:info	:generate	nil	[:crash "Unexpected exception handling (msg c8 n0 {\"type\":\"generate\",\"msg_id\":197}) : java.lang.UnsupportedOperationException: Not a string: 197\njava.lang.UnsupportedOperationException: Not a string: 197\n\tat com.eclipsesource.json.JsonValue.asString(JsonValue.java:384)\n\tat com.eclipsesource.json.JsonObject.getString(JsonObject.java:674)\n\tat lab.UniqueId$1.accept(UniqueId.java:27)\n\tat lab.UniqueId$1.accept(UniqueId.java:24)\n\tat lab.Node.handleRequest(Node.java:97)\n\tat lab.Node.handleMessage(Node.java:71)\n\tat lab.Node.lambda$run$0(Node.java:44)\n\tat java.base/java.util.concurrent.ThreadPoolExecutor.runWorker(ThreadPoolExecutor.java:1144)\n\tat java.base/java.util.concurrent.ThreadPoolExecutor$Worker.run(ThreadPoolExecutor.java:642)\n\tat java.base/java.lang.Thread.run(Thread.java:1583)\n"]
2026-03-11 14:37:55,579{GMT}	INFO	[jepsen worker 0] jepsen.util: 591	:invoke	:generate	nil
2026-03-11 14:37:55,579{GMT}	INFO	[jepsen worker 1] jepsen.util: 565	:invoke	:generate	nil
2026-03-11 14:37:55,581{GMT}	INFO	[jepsen worker 0] jepsen.util: 591	:info	:generate	nil	[:crash "Unexpected exception handling (msg c8 n0 {\"type\":\"generate\",\"msg_id\":198}) : java.lang.UnsupportedOperationException: Not a string: 198\njava.lang.UnsupportedOperationException: Not a string: 198\n\tat com.eclipsesource.json.JsonValue.asString(JsonValue.java:384)\n\tat com.eclipsesource.json.JsonObject.getString(JsonObject.java:674)\n\tat lab.UniqueId$1.accept(UniqueId.java:27)\n\tat lab.UniqueId$1.accept(UniqueId.java:24)\n\tat lab.Node.handleRequest(Node.java:97)\n\tat lab.Node.handleMessage(Node.java:71)\n\tat lab.Node.lambda$run$0(Node.java:44)\n\tat java.base/java.util.concurrent.ThreadPoolExecutor.runWorker(ThreadPoolExecutor.java:1144)\n\tat java.base/java.util.concurrent.ThreadPoolExecutor$Worker.run(ThreadPoolExecutor.java:642)\n\tat java.base/java.lang.Thread.run(Thread.java:1583)\n"]
2026-03-11 14:37:55,581{GMT}	INFO	[jepsen worker 2] jepsen.util: 515	:info	:generate	nil	[:crash "Unexpected exception handling (msg c7 n2 {\"type\":\"generate\",\"msg_id\":172}) : java.lang.UnsupportedOperationException: Not a string: 172\njava.lang.UnsupportedOperationException: Not a string: 172\n\tat com.eclipsesource.json.JsonValue.asString(JsonValue.java:384)\n\tat com.eclipsesource.json.JsonObject.getString(JsonObject.java:674)\n\tat lab.UniqueId$1.accept(UniqueId.java:27)\n\tat lab.UniqueId$1.accept(UniqueId.java:24)\n\tat lab.Node.handleRequest(Node.java:97)\n\tat lab.Node.handleMessage(Node.java:71)\n\tat lab.Node.lambda$run$0(Node.java:44)\n\tat java.base/java.util.concurrent.ThreadPoolExecutor.runWorker(ThreadPoolExecutor.java:1144)\n\tat java.base/java.util.concurrent.ThreadPoolExecutor$Worker.run(ThreadPoolExecutor.java:642)\n\tat java.base/java.lang.Thread.run(Thread.java:1583)\n"]
2026-03-11 14:37:55,581{GMT}	INFO	[jepsen worker 1] jepsen.util: 565	:info	:generate	nil	[:crash "Unexpected exception handling (msg c6 n1 {\"type\":\"generate\",\"msg_id\":189}) : java.lang.UnsupportedOperationException: Not a string: 189\njava.lang.UnsupportedOperationException: Not a string: 189\n\tat com.eclipsesource.json.JsonValue.asString(JsonValue.java:384)\n\tat com.eclipsesource.json.JsonObject.getString(JsonObject.java:674)\n\tat lab.UniqueId$1.accept(UniqueId.java:27)\n\tat lab.UniqueId$1.accept(UniqueId.java:24)\n\tat lab.Node.handleRequest(Node.java:97)\n\tat lab.Node.handleMessage(Node.java:71)\n\tat lab.Node.lambda$run$0(Node.java:44)\n\tat java.base/java.util.concurrent.ThreadPoolExecutor.runWorker(ThreadPoolExecutor.java:1144)\n\tat java.base/java.util.concurrent.ThreadPoolExecutor$Worker.run(ThreadPoolExecutor.java:642)\n\tat java.base/java.lang.Thread.run(Thread.java:1583)\n"]
2026-03-11 14:37:55,583{GMT}	INFO	[jepsen worker 0] jepsen.util: 594	:invoke	:generate	nil
2026-03-11 14:37:55,594{GMT}	INFO	[jepsen worker 1] jepsen.util: 568	:invoke	:generate	nil
2026-03-11 14:37:55,594{GMT}	INFO	[jepsen worker 2] jepsen.util: 518	:invoke	:generate	nil
2026-03-11 14:37:55,596{GMT}	INFO	[jepsen worker 0] jepsen.util: 594	:info	:generate	nil	[:crash "Unexpected exception handling (msg c8 n0 {\"type\":\"generate\",\"msg_id\":199}) : java.lang.UnsupportedOperationException: Not a string: 199\njava.lang.UnsupportedOperationException: Not a string: 199\n\tat com.eclipsesource.json.JsonValue.asString(JsonValue.java:384)\n\tat com.eclipsesource.json.JsonObject.getString(JsonObject.java:674)\n\tat lab.UniqueId$1.accept(UniqueId.java:27)\n\tat lab.UniqueId$1.accept(UniqueId.java:24)\n\tat lab.Node.handleRequest(Node.java:97)\n\tat lab.Node.handleMessage(Node.java:71)\n\tat lab.Node.lambda$run$0(Node.java:44)\n\tat java.base/java.util.concurrent.ThreadPoolExecutor.runWorker(ThreadPoolExecutor.java:1144)\n\tat java.base/java.util.concurrent.ThreadPoolExecutor$Worker.run(ThreadPoolExecutor.java:642)\n\tat java.base/java.lang.Thread.run(Thread.java:1583)\n"]
2026-03-11 14:37:55,596{GMT}	INFO	[jepsen worker 2] jepsen.util: 518	:info	:generate	nil	[:crash "Unexpected exception handling (msg c7 n2 {\"type\":\"generate\",\"msg_id\":173}) : java.lang.UnsupportedOperationException: Not a string: 173\njava.lang.UnsupportedOperationException: Not a string: 173\n\tat com.eclipsesource.json.JsonValue.asString(JsonValue.java:384)\n\tat com.eclipsesource.json.JsonObject.getString(JsonObject.java:674)\n\tat lab.UniqueId$1.accept(UniqueId.java:27)\n\tat lab.UniqueId$1.accept(UniqueId.java:24)\n\tat lab.Node.handleRequest(Node.java:97)\n\tat lab.Node.handleMessage(Node.java:71)\n\tat lab.Node.lambda$run$0(Node.java:44)\n\tat java.base/java.util.concurrent.ThreadPoolExecutor.runWorker(ThreadPoolExecutor.java:1144)\n\tat java.base/java.util.concurrent.ThreadPoolExecutor$Worker.run(ThreadPoolExecutor.java:642)\n\tat java.base/java.lang.Thread.run(Thread.java:1583)\n"]
2026-03-11 14:37:55,596{GMT}	INFO	[jepsen worker 0] jepsen.util: 597	:invoke	:generate	nil
2026-03-11 14:37:55,596{GMT}	INFO	[jepsen worker 1] jepsen.util: 568	:info	:generate	nil	[:crash "Unexpected exception handling (msg c6 n1 {\"type\":\"generate\",\"msg_id\":190}) : java.lang.UnsupportedOperationException: Not a string: 190\njava.lang.UnsupportedOperationException: Not a string: 190\n\tat com.eclipsesource.json.JsonValue.asString(JsonValue.java:384)\n\tat com.eclipsesource.json.JsonObject.getString(JsonObject.java:674)\n\tat lab.UniqueId$1.accept(UniqueId.java:27)\n\tat lab.UniqueId$1.accept(UniqueId.java:24)\n\tat lab.Node.handleRequest(Node.java:97)\n\tat lab.Node.handleMessage(Node.java:71)\n\tat lab.Node.lambda$run$0(Node.java:44)\n\tat java.base/java.util.concurrent.ThreadPoolExecutor.runWorker(ThreadPoolExecutor.java:1144)\n\tat java.base/java.util.concurrent.ThreadPoolExecutor$Worker.run(ThreadPoolExecutor.java:642)\n\tat java.base/java.lang.Thread.run(Thread.java:1583)\n"]
2026-03-11 14:37:55,596{GMT}	INFO	[jepsen worker 1] jepsen.util: 571	:invoke	:generate	nil
2026-03-11 14:37:55,597{GMT}	INFO	[jepsen worker 2] jepsen.util: 521	:invoke	:generate	nil
2026-03-11 14:37:55,598{GMT}	INFO	[jepsen worker 0] jepsen.util: 597	:info	:generate	nil	[:crash "Unexpected exception handling (msg c8 n0 {\"type\":\"generate\",\"msg_id\":200}) : java.lang.UnsupportedOperationException: Not a string: 200\njava.lang.UnsupportedOperationException: Not a string: 200\n\tat com.eclipsesource.json.JsonValue.asString(JsonValue.java:384)\n\tat com.eclipsesource.json.JsonObject.getString(JsonObject.java:674)\n\tat lab.UniqueId$1.accept(UniqueId.java:27)\n\tat lab.UniqueId$1.accept(UniqueId.java:24)\n\tat lab.Node.handleRequest(Node.java:97)\n\tat lab.Node.handleMessage(Node.java:71)\n\tat lab.Node.lambda$run$0(Node.java:44)\n\tat java.base/java.util.concurrent.ThreadPoolExecutor.runWorker(ThreadPoolExecutor.java:1144)\n\tat java.base/java.util.concurrent.ThreadPoolExecutor$Worker.run(ThreadPoolExecutor.java:642)\n\tat java.base/java.lang.Thread.run(Thread.java:1583)\n"]
2026-03-11 14:37:55,598{GMT}	INFO	[jepsen worker 2] jepsen.util: 521	:info	:generate	nil	[:crash "Unexpected exception handling (msg c7 n2 {\"type\":\"generate\",\"msg_id\":174}) : java.lang.UnsupportedOperationException: Not a string: 174\njava.lang.UnsupportedOperationException: Not a string: 174\n\tat com.eclipsesource.json.JsonValue.asString(JsonValue.java:384)\n\tat com.eclipsesource.json.JsonObject.getString(JsonObject.java:674)\n\tat lab.UniqueId$1.accept(UniqueId.java:27)\n\tat lab.UniqueId$1.accept(UniqueId.java:24)\n\tat lab.Node.handleRequest(Node.java:97)\n\tat lab.Node.handleMessage(Node.java:71)\n\tat lab.Node.lambda$run$0(Node.java:44)\n\tat java.base/java.util.concurrent.ThreadPoolExecutor.runWorker(ThreadPoolExecutor.java:1144)\n\tat java.base/java.util.concurrent.ThreadPoolExecutor$Worker.run(ThreadPoolExecutor.java:642)\n\tat java.base/java.lang.Thread.run(Thread.java:1583)\n"]
2026-03-11 14:37:55,598{GMT}	INFO	[jepsen worker 0] jepsen.util: 600	:invoke	:generate	nil
2026-03-11 14:37:55,600{GMT}	INFO	[jepsen worker 1] jepsen.util: 571	:info	:generate	nil	[:crash "Unexpected exception handling (msg c6 n1 {\"type\":\"generate\",\"msg_id\":191}) : java.lang.UnsupportedOperationException: Not a string: 191\njava.lang.UnsupportedOperationException: Not a string: 191\n\tat com.eclipsesource.json.JsonValue.asString(JsonValue.java:384)\n\tat com.eclipsesource.json.JsonObject.getString(JsonObject.java:674)\n\tat lab.UniqueId$1.accept(UniqueId.java:27)\n\tat lab.UniqueId$1.accept(UniqueId.java:24)\n\tat lab.Node.handleRequest(Node.java:97)\n\tat lab.Node.handleMessage(Node.java:71)\n\tat lab.Node.lambda$run$0(Node.java:44)\n\tat java.base/java.util.concurrent.ThreadPoolExecutor.runWorker(ThreadPoolExecutor.java:1144)\n\tat java.base/java.util.concurrent.ThreadPoolExecutor$Worker.run(ThreadPoolExecutor.java:642)\n\tat java.base/java.lang.Thread.run(Thread.java:1583)\n"]
2026-03-11 14:37:55,600{GMT}	INFO	[jepsen worker 1] jepsen.util: 574	:invoke	:generate	nil
2026-03-11 14:37:55,600{GMT}	INFO	[jepsen worker 0] jepsen.util: 600	:info	:generate	nil	[:crash "Unexpected exception handling (msg c8 n0 {\"type\":\"generate\",\"msg_id\":201}) : java.lang.UnsupportedOperationException: Not a string: 201\njava.lang.UnsupportedOperationException: Not a string: 201\n\tat com.eclipsesource.json.JsonValue.asString(JsonValue.java:384)\n\tat com.eclipsesource.json.JsonObject.getString(JsonObject.java:674)\n\tat lab.UniqueId$1.accept(UniqueId.java:27)\n\tat lab.UniqueId$1.accept(UniqueId.java:24)\n\tat lab.Node.handleRequest(Node.java:97)\n\tat lab.Node.handleMessage(Node.java:71)\n\tat lab.Node.lambda$run$0(Node.java:44)\n\tat java.base/java.util.concurrent.ThreadPoolExecutor.runWorker(ThreadPoolExecutor.java:1144)\n\tat java.base/java.util.concurrent.ThreadPoolExecutor$Worker.run(ThreadPoolExecutor.java:642)\n\tat java.base/java.lang.Thread.run(Thread.java:1583)\n"]
2026-03-11 14:37:55,600{GMT}	INFO	[jepsen worker 2] jepsen.util: 524	:invoke	:generate	nil
2026-03-11 14:37:55,602{GMT}	INFO	[jepsen worker 1] jepsen.util: 574	:info	:generate	nil	[:crash "Unexpected exception handling (msg c6 n1 {\"type\":\"generate\",\"msg_id\":192}) : java.lang.UnsupportedOperationException: Not a string: 192\njava.lang.UnsupportedOperationException: Not a string: 192\n\tat com.eclipsesource.json.JsonValue.asString(JsonValue.java:384)\n\tat com.eclipsesource.json.JsonObject.getString(JsonObject.java:674)\n\tat lab.UniqueId$1.accept(UniqueId.java:27)\n\tat lab.UniqueId$1.accept(UniqueId.java:24)\n\tat lab.Node.handleRequest(Node.java:97)\n\tat lab.Node.handleMessage(Node.java:71)\n\tat lab.Node.lambda$run$0(Node.java:44)\n\tat java.base/java.util.concurrent.ThreadPoolExecutor.runWorker(ThreadPoolExecutor.java:1144)\n\tat java.base/java.util.concurrent.ThreadPoolExecutor$Worker.run(ThreadPoolExecutor.java:642)\n\tat java.base/java.lang.Thread.run(Thread.java:1583)\n"]
2026-03-11 14:37:55,602{GMT}	INFO	[jepsen worker 1] jepsen.util: 577	:invoke	:generate	nil
2026-03-11 14:37:55,601{GMT}	INFO	[jepsen worker 0] jepsen.util: 603	:invoke	:generate	nil
2026-03-11 14:37:55,602{GMT}	INFO	[jepsen worker 2] jepsen.util: 524	:info	:generate	nil	[:crash "Unexpected exception handling (msg c7 n2 {\"type\":\"generate\",\"msg_id\":175}) : java.lang.UnsupportedOperationException: Not a string: 175\njava.lang.UnsupportedOperationException: Not a string: 175\n\tat com.eclipsesource.json.JsonValue.asString(JsonValue.java:384)\n\tat com.eclipsesource.json.JsonObject.getString(JsonObject.java:674)\n\tat lab.UniqueId$1.accept(UniqueId.java:27)\n\tat lab.UniqueId$1.accept(UniqueId.java:24)\n\tat lab.Node.handleRequest(Node.java:97)\n\tat lab.Node.handleMessage(Node.java:71)\n\tat lab.Node.lambda$run$0(Node.java:44)\n\tat java.base/java.util.concurrent.ThreadPoolExecutor.runWorker(ThreadPoolExecutor.java:1144)\n\tat java.base/java.util.concurrent.ThreadPoolExecutor$Worker.run(ThreadPoolExecutor.java:642)\n\tat java.base/java.lang.Thread.run(Thread.java:1583)\n"]
2026-03-11 14:37:55,604{GMT}	INFO	[jepsen worker 2] jepsen.util: 527	:invoke	:generate	nil
2026-03-11 14:37:55,604{GMT}	INFO	[jepsen worker 1] jepsen.util: 577	:info	:generate	nil	[:crash "Unexpected exception handling (msg c6 n1 {\"type\":\"generate\",\"msg_id\":193}) : java.lang.UnsupportedOperationException: Not a string: 193\njava.lang.UnsupportedOperationException: Not a string: 193\n\tat com.eclipsesource.json.JsonValue.asString(JsonValue.java:384)\n\tat com.eclipsesource.json.JsonObject.getString(JsonObject.java:674)\n\tat lab.UniqueId$1.accept(UniqueId.java:27)\n\tat lab.UniqueId$1.accept(UniqueId.java:24)\n\tat lab.Node.handleRequest(Node.java:97)\n\tat lab.Node.handleMessage(Node.java:71)\n\tat lab.Node.lambda$run$0(Node.java:44)\n\tat java.base/java.util.concurrent.ThreadPoolExecutor.runWorker(ThreadPoolExecutor.java:1144)\n\tat java.base/java.util.concurrent.ThreadPoolExecutor$Worker.run(ThreadPoolExecutor.java:642)\n\tat java.base/java.lang.Thread.run(Thread.java:1583)\n"]
2026-03-11 14:37:55,606{GMT}	INFO	[jepsen worker 2] jepsen.util: 527	:info	:generate	nil	[:crash "Unexpected exception handling (msg c7 n2 {\"type\":\"generate\",\"msg_id\":176}) : java.lang.UnsupportedOperationException: Not a string: 176\njava.lang.UnsupportedOperationException: Not a string: 176\n\tat com.eclipsesource.json.JsonValue.asString(JsonValue.java:384)\n\tat com.eclipsesource.json.JsonObject.getString(JsonObject.java:674)\n\tat lab.UniqueId$1.accept(UniqueId.java:27)\n\tat lab.UniqueId$1.accept(UniqueId.java:24)\n\tat lab.Node.handleRequest(Node.java:97)\n\tat lab.Node.handleMessage(Node.java:71)\n\tat lab.Node.lambda$run$0(Node.java:44)\n\tat java.base/java.util.concurrent.ThreadPoolExecutor.runWorker(ThreadPoolExecutor.java:1144)\n\tat java.base/java.util.concurrent.ThreadPoolExecutor$Worker.run(ThreadPoolExecutor.java:642)\n\tat java.base/java.lang.Thread.run(Thread.java:1583)\n"]
2026-03-11 14:37:55,608{GMT}	INFO	[jepsen worker 0] jepsen.util: 603	:info	:generate	nil	[:crash "Unexpected exception handling (msg c8 n0 {\"type\":\"generate\",\"msg_id\":202}) : java.lang.UnsupportedOperationException: Not a string: 202\njava.lang.UnsupportedOperationException: Not a string: 202\n\tat com.eclipsesource.json.JsonValue.asString(JsonValue.java:384)\n\tat com.eclipsesource.json.JsonObject.getString(JsonObject.java:674)\n\tat lab.UniqueId$1.accept(UniqueId.java:27)\n\tat lab.UniqueId$1.accept(UniqueId.java:24)\n\tat lab.Node.handleRequest(Node.java:97)\n\tat lab.Node.handleMessage(Node.java:71)\n\tat lab.Node.lambda$run$0(Node.java:44)\n\tat java.base/java.util.concurrent.ThreadPoolExecutor.runWorker(ThreadPoolExecutor.java:1144)\n\tat java.base/java.util.concurrent.ThreadPoolExecutor$Worker.run(ThreadPoolExecutor.java:642)\n\tat java.base/java.lang.Thread.run(Thread.java:1583)\n"]
2026-03-11 14:37:55,608{GMT}	INFO	[jepsen worker 1] jepsen.util: 580	:invoke	:generate	nil
2026-03-11 14:37:55,608{GMT}	INFO	[jepsen worker 2] jepsen.util: 530	:invoke	:generate	nil
2026-03-11 14:37:55,610{GMT}	INFO	[jepsen worker 1] jepsen.util: 580	:info	:generate	nil	[:crash "Unexpected exception handling (msg c6 n1 {\"type\":\"generate\",\"msg_id\":194}) : java.lang.UnsupportedOperationException: Not a string: 194\njava.lang.UnsupportedOperationException: Not a string: 194\n\tat com.eclipsesource.json.JsonValue.asString(JsonValue.java:384)\n\tat com.eclipsesource.json.JsonObject.getString(JsonObject.java:674)\n\tat lab.UniqueId$1.accept(UniqueId.java:27)\n\tat lab.UniqueId$1.accept(UniqueId.java:24)\n\tat lab.Node.handleRequest(Node.java:97)\n\tat lab.Node.handleMessage(Node.java:71)\n\tat lab.Node.lambda$run$0(Node.java:44)\n\tat java.base/java.util.concurrent.ThreadPoolExecutor.runWorker(ThreadPoolExecutor.java:1144)\n\tat java.base/java.util.concurrent.ThreadPoolExecutor$Worker.run(ThreadPoolExecutor.java:642)\n\tat java.base/java.lang.Thread.run(Thread.java:1583)\n"]
2026-03-11 14:37:55,609{GMT}	INFO	[jepsen worker 2] jepsen.util: 530	:info	:generate	nil	[:crash "Unexpected exception handling (msg c7 n2 {\"type\":\"generate\",\"msg_id\":177}) : java.lang.UnsupportedOperationException: Not a string: 177\njava.lang.UnsupportedOperationException: Not a string: 177\n\tat com.eclipsesource.json.JsonValue.asString(JsonValue.java:384)\n\tat com.eclipsesource.json.JsonObject.getString(JsonObject.java:674)\n\tat lab.UniqueId$1.accept(UniqueId.java:27)\n\tat lab.UniqueId$1.accept(UniqueId.java:24)\n\tat lab.Node.handleRequest(Node.java:97)\n\tat lab.Node.handleMessage(Node.java:71)\n\tat lab.Node.lambda$run$0(Node.java:44)\n\tat java.base/java.util.concurrent.ThreadPoolExecutor.runWorker(ThreadPoolExecutor.java:1144)\n\tat java.base/java.util.concurrent.ThreadPoolExecutor$Worker.run(ThreadPoolExecutor.java:642)\n\tat java.base/java.lang.Thread.run(Thread.java:1583)\n"]
2026-03-11 14:37:55,610{GMT}	INFO	[jepsen worker 0] jepsen.util: 606	:invoke	:generate	nil
2026-03-11 14:37:55,612{GMT}	INFO	[jepsen worker 1] jepsen.util: 583	:invoke	:generate	nil
2026-03-11 14:37:55,613{GMT}	INFO	[jepsen worker 2] jepsen.util: 533	:invoke	:generate	nil
2026-03-11 14:37:55,613{GMT}	INFO	[jepsen worker 1] jepsen.util: 583	:info	:generate	nil	[:crash "Unexpected exception handling (msg c6 n1 {\"type\":\"generate\",\"msg_id\":195}) : java.lang.UnsupportedOperationException: Not a string: 195\njava.lang.UnsupportedOperationException: Not a string: 195\n\tat com.eclipsesource.json.JsonValue.asString(JsonValue.java:384)\n\tat com.eclipsesource.json.JsonObject.getString(JsonObject.java:674)\n\tat lab.UniqueId$1.accept(UniqueId.java:27)\n\tat lab.UniqueId$1.accept(UniqueId.java:24)\n\tat lab.Node.handleRequest(Node.java:97)\n\tat lab.Node.handleMessage(Node.java:71)\n\tat lab.Node.lambda$run$0(Node.java:44)\n\tat java.base/java.util.concurrent.ThreadPoolExecutor.runWorker(ThreadPoolExecutor.java:1144)\n\tat java.base/java.util.concurrent.ThreadPoolExecutor$Worker.run(ThreadPoolExecutor.java:642)\n\tat java.base/java.lang.Thread.run(Thread.java:1583)\n"]
2026-03-11 14:37:55,613{GMT}	INFO	[jepsen worker 0] jepsen.util: 606	:info	:generate	nil	[:crash "Unexpected exception handling (msg c8 n0 {\"type\":\"generate\",\"msg_id\":203}) : java.lang.UnsupportedOperationException: Not a string: 203\njava.lang.UnsupportedOperationException: Not a string: 203\n\tat com.eclipsesource.json.JsonValue.asString(JsonValue.java:384)\n\tat com.eclipsesource.json.JsonObject.getString(JsonObject.java:674)\n\tat lab.UniqueId$1.accept(UniqueId.java:27)\n\tat lab.UniqueId$1.accept(UniqueId.java:24)\n\tat lab.Node.handleRequest(Node.java:97)\n\tat lab.Node.handleMessage(Node.java:71)\n\tat lab.Node.lambda$run$0(Node.java:44)\n\tat java.base/java.util.concurrent.ThreadPoolExecutor.runWorker(ThreadPoolExecutor.java:1144)\n\tat java.base/java.util.concurrent.ThreadPoolExecutor$Worker.run(ThreadPoolExecutor.java:642)\n\tat java.base/java.lang.Thread.run(Thread.java:1583)\n"]
2026-03-11 14:37:55,615{GMT}	INFO	[jepsen worker 2] jepsen.util: 533	:info	:generate	nil	[:crash "Unexpected exception handling (msg c7 n2 {\"type\":\"generate\",\"msg_id\":178}) : java.lang.UnsupportedOperationException: Not a string: 178\njava.lang.UnsupportedOperationException: Not a string: 178\n\tat com.eclipsesource.json.JsonValue.asString(JsonValue.java:384)\n\tat com.eclipsesource.json.JsonObject.getString(JsonObject.java:674)\n\tat lab.UniqueId$1.accept(UniqueId.java:27)\n\tat lab.UniqueId$1.accept(UniqueId.java:24)\n\tat lab.Node.handleRequest(Node.java:97)\n\tat lab.Node.handleMessage(Node.java:71)\n\tat lab.Node.lambda$run$0(Node.java:44)\n\tat java.base/java.util.concurrent.ThreadPoolExecutor.runWorker(ThreadPoolExecutor.java:1144)\n\tat java.base/java.util.concurrent.ThreadPoolExecutor$Worker.run(ThreadPoolExecutor.java:642)\n\tat java.base/java.lang.Thread.run(Thread.java:1583)\n"]
2026-03-11 14:37:55,613{GMT}	INFO	[jepsen worker 1] jepsen.util: 586	:invoke	:generate	nil
2026-03-11 14:37:55,620{GMT}	INFO	[jepsen worker 2] jepsen.util: 536	:invoke	:generate	nil
2026-03-11 14:37:55,620{GMT}	INFO	[jepsen worker 0] jepsen.util: 609	:invoke	:generate	nil
2026-03-11 14:37:55,621{GMT}	INFO	[jepsen worker 1] jepsen.util: 586	:info	:generate	nil	[:crash "Unexpected exception handling (msg c6 n1 {\"type\":\"generate\",\"msg_id\":196}) : java.lang.UnsupportedOperationException: Not a string: 196\njava.lang.UnsupportedOperationException: Not a string: 196\n\tat com.eclipsesource.json.JsonValue.asString(JsonValue.java:384)\n\tat com.eclipsesource.json.JsonObject.getString(JsonObject.java:674)\n\tat lab.UniqueId$1.accept(UniqueId.java:27)\n\tat lab.UniqueId$1.accept(UniqueId.java:24)\n\tat lab.Node.handleRequest(Node.java:97)\n\tat lab.Node.handleMessage(Node.java:71)\n\tat lab.Node.lambda$run$0(Node.java:44)\n\tat java.base/java.util.concurrent.ThreadPoolExecutor.runWorker(ThreadPoolExecutor.java:1144)\n\tat java.base/java.util.concurrent.ThreadPoolExecutor$Worker.run(ThreadPoolExecutor.java:642)\n\tat java.base/java.lang.Thread.run(Thread.java:1583)\n"]
2026-03-11 14:37:55,621{GMT}	INFO	[jepsen worker 2] jepsen.util: 536	:info	:generate	nil	[:crash "Unexpected exception handling (msg c7 n2 {\"type\":\"generate\",\"msg_id\":179}) : java.lang.UnsupportedOperationException: Not a string: 179\njava.lang.UnsupportedOperationException: Not a string: 179\n\tat com.eclipsesource.json.JsonValue.asString(JsonValue.java:384)\n\tat com.eclipsesource.json.JsonObject.getString(JsonObject.java:674)\n\tat lab.UniqueId$1.accept(UniqueId.java:27)\n\tat lab.UniqueId$1.accept(UniqueId.java:24)\n\tat lab.Node.handleRequest(Node.java:97)\n\tat lab.Node.handleMessage(Node.java:71)\n\tat lab.Node.lambda$run$0(Node.java:44)\n\tat java.base/java.util.concurrent.ThreadPoolExecutor.runWorker(ThreadPoolExecutor.java:1144)\n\tat java.base/java.util.concurrent.ThreadPoolExecutor$Worker.run(ThreadPoolExecutor.java:642)\n\tat java.base/java.lang.Thread.run(Thread.java:1583)\n"]
2026-03-11 14:37:55,621{GMT}	INFO	[jepsen worker 0] jepsen.util: 609	:info	:generate	nil	[:crash "Unexpected exception handling (msg c8 n0 {\"type\":\"generate\",\"msg_id\":204}) : java.lang.UnsupportedOperationException: Not a string: 204\njava.lang.UnsupportedOperationException: Not a string: 204\n\tat com.eclipsesource.json.JsonValue.asString(JsonValue.java:384)\n\tat com.eclipsesource.json.JsonObject.getString(JsonObject.java:674)\n\tat lab.UniqueId$1.accept(UniqueId.java:27)\n\tat lab.UniqueId$1.accept(UniqueId.java:24)\n\tat lab.Node.handleRequest(Node.java:97)\n\tat lab.Node.handleMessage(Node.java:71)\n\tat lab.Node.lambda$run$0(Node.java:44)\n\tat java.base/java.util.concurrent.ThreadPoolExecutor.runWorker(ThreadPoolExecutor.java:1144)\n\tat java.base/java.util.concurrent.ThreadPoolExecutor$Worker.run(ThreadPoolExecutor.java:642)\n\tat java.base/java.lang.Thread.run(Thread.java:1583)\n"]
2026-03-11 14:37:55,622{GMT}	INFO	[jepsen worker 1] jepsen.util: 589	:invoke	:generate	nil
2026-03-11 14:37:55,622{GMT}	INFO	[jepsen worker 2] jepsen.util: 539	:invoke	:generate	nil
2026-03-11 14:37:55,634{GMT}	INFO	[jepsen worker 0] jepsen.util: 612	:invoke	:generate	nil
2026-03-11 14:37:55,637{GMT}	INFO	[jepsen worker 0] jepsen.util: 612	:info	:generate	nil	[:crash "Unexpected exception handling (msg c8 n0 {\"type\":\"generate\",\"msg_id\":205}) : java.lang.UnsupportedOperationException: Not a string: 205\njava.lang.UnsupportedOperationException: Not a string: 205\n\tat com.eclipsesource.json.JsonValue.asString(JsonValue.java:384)\n\tat com.eclipsesource.json.JsonObject.getString(JsonObject.java:674)\n\tat lab.UniqueId$1.accept(UniqueId.java:27)\n\tat lab.UniqueId$1.accept(UniqueId.java:24)\n\tat lab.Node.handleRequest(Node.java:97)\n\tat lab.Node.handleMessage(Node.java:71)\n\tat lab.Node.lambda$run$0(Node.java:44)\n\tat java.base/java.util.concurrent.ThreadPoolExecutor.runWorker(ThreadPoolExecutor.java:1144)\n\tat java.base/java.util.concurrent.ThreadPoolExecutor$Worker.run(ThreadPoolExecutor.java:642)\n\tat java.base/java.lang.Thread.run(Thread.java:1583)\n"]
2026-03-11 14:37:55,637{GMT}	INFO	[jepsen worker 2] jepsen.util: 539	:info	:generate	nil	[:crash "Unexpected exception handling (msg c7 n2 {\"type\":\"generate\",\"msg_id\":180}) : java.lang.UnsupportedOperationException: Not a string: 180\njava.lang.UnsupportedOperationException: Not a string: 180\n\tat com.eclipsesource.json.JsonValue.asString(JsonValue.java:384)\n\tat com.eclipsesource.json.JsonObject.getString(JsonObject.java:674)\n\tat lab.UniqueId$1.accept(UniqueId.java:27)\n\tat lab.UniqueId$1.accept(UniqueId.java:24)\n\tat lab.Node.handleRequest(Node.java:97)\n\tat lab.Node.handleMessage(Node.java:71)\n\tat lab.Node.lambda$run$0(Node.java:44)\n\tat java.base/java.util.concurrent.ThreadPoolExecutor.runWorker(ThreadPoolExecutor.java:1144)\n\tat java.base/java.util.concurrent.ThreadPoolExecutor$Worker.run(ThreadPoolExecutor.java:642)\n\tat java.base/java.lang.Thread.run(Thread.java:1583)\n"]
2026-03-11 14:37:55,637{GMT}	INFO	[jepsen worker 0] jepsen.util: 615	:invoke	:generate	nil
2026-03-11 14:37:55,637{GMT}	INFO	[jepsen worker 2] jepsen.util: 542	:invoke	:generate	nil
2026-03-11 14:37:55,637{GMT}	INFO	[jepsen worker 1] jepsen.util: 589	:info	:generate	nil	[:crash "Unexpected exception handling (msg c6 n1 {\"type\":\"generate\",\"msg_id\":197}) : java.lang.UnsupportedOperationException: Not a string: 197\njava.lang.UnsupportedOperationException: Not a string: 197\n\tat com.eclipsesource.json.JsonValue.asString(JsonValue.java:384)\n\tat com.eclipsesource.json.JsonObject.getString(JsonObject.java:674)\n\tat lab.UniqueId$1.accept(UniqueId.java:27)\n\tat lab.UniqueId$1.accept(UniqueId.java:24)\n\tat lab.Node.handleRequest(Node.java:97)\n\tat lab.Node.handleMessage(Node.java:71)\n\tat lab.Node.lambda$run$0(Node.java:44)\n\tat java.base/java.util.concurrent.ThreadPoolExecutor.runWorker(ThreadPoolExecutor.java:1144)\n\tat java.base/java.util.concurrent.ThreadPoolExecutor$Worker.run(ThreadPoolExecutor.java:642)\n\tat java.base/java.lang.Thread.run(Thread.java:1583)\n"]
2026-03-11 14:37:55,638{GMT}	INFO	[jepsen worker 1] jepsen.util: 592	:invoke	:generate	nil
2026-03-11 14:37:55,639{GMT}	INFO	[jepsen worker 0] jepsen.util: 615	:info	:generate	nil	[:crash "Unexpected exception handling (msg c8 n0 {\"type\":\"generate\",\"msg_id\":206}) : java.lang.UnsupportedOperationException: Not a string: 206\njava.lang.UnsupportedOperationException: Not a string: 206\n\tat com.eclipsesource.json.JsonValue.asString(JsonValue.java:384)\n\tat com.eclipsesource.json.JsonObject.getString(JsonObject.java:674)\n\tat lab.UniqueId$1.accept(UniqueId.java:27)\n\tat lab.UniqueId$1.accept(UniqueId.java:24)\n\tat lab.Node.handleRequest(Node.java:97)\n\tat lab.Node.handleMessage(Node.java:71)\n\tat lab.Node.lambda$run$0(Node.java:44)\n\tat java.base/java.util.concurrent.ThreadPoolExecutor.runWorker(ThreadPoolExecutor.java:1144)\n\tat java.base/java.util.concurrent.ThreadPoolExecutor$Worker.run(ThreadPoolExecutor.java:642)\n\tat java.base/java.lang.Thread.run(Thread.java:1583)\n"]
2026-03-11 14:37:55,639{GMT}	INFO	[jepsen worker 2] jepsen.util: 542	:info	:generate	nil	[:crash "Unexpected exception handling (msg c7 n2 {\"type\":\"generate\",\"msg_id\":181}) : java.lang.UnsupportedOperationException: Not a string: 181\njava.lang.UnsupportedOperationException: Not a string: 181\n\tat com.eclipsesource.json.JsonValue.asString(JsonValue.java:384)\n\tat com.eclipsesource.json.JsonObject.getString(JsonObject.java:674)\n\tat lab.UniqueId$1.accept(UniqueId.java:27)\n\tat lab.UniqueId$1.accept(UniqueId.java:24)\n\tat lab.Node.handleRequest(Node.java:97)\n\tat lab.Node.handleMessage(Node.java:71)\n\tat lab.Node.lambda$run$0(Node.java:44)\n\tat java.base/java.util.concurrent.ThreadPoolExecutor.runWorker(ThreadPoolExecutor.java:1144)\n\tat java.base/java.util.concurrent.ThreadPoolExecutor$Worker.run(ThreadPoolExecutor.java:642)\n\tat java.base/java.lang.Thread.run(Thread.java:1583)\n"]
2026-03-11 14:37:55,639{GMT}	INFO	[jepsen worker 0] jepsen.util: 618	:invoke	:generate	nil
2026-03-11 14:37:55,640{GMT}	INFO	[jepsen worker 1] jepsen.util: 592	:info	:generate	nil	[:crash "Unexpected exception handling (msg c6 n1 {\"type\":\"generate\",\"msg_id\":198}) : java.lang.UnsupportedOperationException: Not a string: 198\njava.lang.UnsupportedOperationException: Not a string: 198\n\tat com.eclipsesource.json.JsonValue.asString(JsonValue.java:384)\n\tat com.eclipsesource.json.JsonObject.getString(JsonObject.java:674)\n\tat lab.UniqueId$1.accept(UniqueId.java:27)\n\tat lab.UniqueId$1.accept(UniqueId.java:24)\n\tat lab.Node.handleRequest(Node.java:97)\n\tat lab.Node.handleMessage(Node.java:71)\n\tat lab.Node.lambda$run$0(Node.java:44)\n\tat java.base/java.util.concurrent.ThreadPoolExecutor.runWorker(ThreadPoolExecutor.java:1144)\n\tat java.base/java.util.concurrent.ThreadPoolExecutor$Worker.run(ThreadPoolExecutor.java:642)\n\tat java.base/java.lang.Thread.run(Thread.java:1583)\n"]
2026-03-11 14:37:55,641{GMT}	INFO	[jepsen worker 0] jepsen.util: 618	:info	:generate	nil	[:crash "Unexpected exception handling (msg c8 n0 {\"type\":\"generate\",\"msg_id\":207}) : java.lang.UnsupportedOperationException: Not a string: 207\njava.lang.UnsupportedOperationException: Not a string: 207\n\tat com.eclipsesource.json.JsonValue.asString(JsonValue.java:384)\n\tat com.eclipsesource.json.JsonObject.getString(JsonObject.java:674)\n\tat lab.UniqueId$1.accept(UniqueId.java:27)\n\tat lab.UniqueId$1.accept(UniqueId.java:24)\n\tat lab.Node.handleRequest(Node.java:97)\n\tat lab.Node.handleMessage(Node.java:71)\n\tat lab.Node.lambda$run$0(Node.java:44)\n\tat java.base/java.util.concurrent.ThreadPoolExecutor.runWorker(ThreadPoolExecutor.java:1144)\n\tat java.base/java.util.concurrent.ThreadPoolExecutor$Worker.run(ThreadPoolExecutor.java:642)\n\tat java.base/java.lang.Thread.run(Thread.java:1583)\n"]
2026-03-11 14:37:55,641{GMT}	INFO	[jepsen worker 0] jepsen.util: 621	:invoke	:generate	nil
2026-03-11 14:37:55,642{GMT}	INFO	[jepsen worker 1] jepsen.util: 595	:invoke	:generate	nil
2026-03-11 14:37:55,642{GMT}	INFO	[jepsen worker 0] jepsen.util: 621	:info	:generate	nil	[:crash "Unexpected exception handling (msg c8 n0 {\"type\":\"generate\",\"msg_id\":208}) : java.lang.UnsupportedOperationException: Not a string: 208\njava.lang.UnsupportedOperationException: Not a string: 208\n\tat com.eclipsesource.json.JsonValue.asString(JsonValue.java:384)\n\tat com.eclipsesource.json.JsonObject.getString(JsonObject.java:674)\n\tat lab.UniqueId$1.accept(UniqueId.java:27)\n\tat lab.UniqueId$1.accept(UniqueId.java:24)\n\tat lab.Node.handleRequest(Node.java:97)\n\tat lab.Node.handleMessage(Node.java:71)\n\tat lab.Node.lambda$run$0(Node.java:44)\n\tat java.base/java.util.concurrent.ThreadPoolExecutor.runWorker(ThreadPoolExecutor.java:1144)\n\tat java.base/java.util.concurrent.ThreadPoolExecutor$Worker.run(ThreadPoolExecutor.java:642)\n\tat java.base/java.lang.Thread.run(Thread.java:1583)\n"]
2026-03-11 14:37:55,643{GMT}	INFO	[jepsen worker 2] jepsen.util: 545	:invoke	:generate	nil
2026-03-11 14:37:55,643{GMT}	INFO	[jepsen worker 0] jepsen.util: 624	:invoke	:generate	nil
2026-03-11 14:37:55,643{GMT}	INFO	[jepsen worker 1] jepsen.util: 595	:info	:generate	nil	[:crash "Unexpected exception handling (msg c6 n1 {\"type\":\"generate\",\"msg_id\":199}) : java.lang.UnsupportedOperationException: Not a string: 199\njava.lang.UnsupportedOperationException: Not a string: 199\n\tat com.eclipsesource.json.JsonValue.asString(JsonValue.java:384)\n\tat com.eclipsesource.json.JsonObject.getString(JsonObject.java:674)\n\tat lab.UniqueId$1.accept(UniqueId.java:27)\n\tat lab.UniqueId$1.accept(UniqueId.java:24)\n\tat lab.Node.handleRequest(Node.java:97)\n\tat lab.Node.handleMessage(Node.java:71)\n\tat lab.Node.lambda$run$0(Node.java:44)\n\tat java.base/java.util.concurrent.ThreadPoolExecutor.runWorker(ThreadPoolExecutor.java:1144)\n\tat java.base/java.util.concurrent.ThreadPoolExecutor$Worker.run(ThreadPoolExecutor.java:642)\n\tat java.base/java.lang.Thread.run(Thread.java:1583)\n"]
2026-03-11 14:37:55,645{GMT}	INFO	[jepsen worker 1] jepsen.util: 598	:invoke	:generate	nil
2026-03-11 14:37:55,645{GMT}	INFO	[jepsen worker 0] jepsen.util: 624	:info	:generate	nil	[:crash "Unexpected exception handling (msg c8 n0 {\"type\":\"generate\",\"msg_id\":209}) : java.lang.UnsupportedOperationException: Not a string: 209\njava.lang.UnsupportedOperationException: Not a string: 209\n\tat com.eclipsesource.json.JsonValue.asString(JsonValue.java:384)\n\tat com.eclipsesource.json.JsonObject.getString(JsonObject.java:674)\n\tat lab.UniqueId$1.accept(UniqueId.java:27)\n\tat lab.UniqueId$1.accept(UniqueId.java:24)\n\tat lab.Node.handleRequest(Node.java:97)\n\tat lab.Node.handleMessage(Node.java:71)\n\tat lab.Node.lambda$run$0(Node.java:44)\n\tat java.base/java.util.concurrent.ThreadPoolExecutor.runWorker(ThreadPoolExecutor.java:1144)\n\tat java.base/java.util.concurrent.ThreadPoolExecutor$Worker.run(ThreadPoolExecutor.java:642)\n\tat java.base/java.lang.Thread.run(Thread.java:1583)\n"]
2026-03-11 14:37:55,645{GMT}	INFO	[jepsen worker 2] jepsen.util: 545	:info	:generate	nil	[:crash "Unexpected exception handling (msg c7 n2 {\"type\":\"generate\",\"msg_id\":182}) : java.lang.UnsupportedOperationException: Not a string: 182\njava.lang.UnsupportedOperationException: Not a string: 182\n\tat com.eclipsesource.json.JsonValue.asString(JsonValue.java:384)\n\tat com.eclipsesource.json.JsonObject.getString(JsonObject.java:674)\n\tat lab.UniqueId$1.accept(UniqueId.java:27)\n\tat lab.UniqueId$1.accept(UniqueId.java:24)\n\tat lab.Node.handleRequest(Node.java:97)\n\tat lab.Node.handleMessage(Node.java:71)\n\tat lab.Node.lambda$run$0(Node.java:44)\n\tat java.base/java.util.concurrent.ThreadPoolExecutor.runWorker(ThreadPoolExecutor.java:1144)\n\tat java.base/java.util.concurrent.ThreadPoolExecutor$Worker.run(ThreadPoolExecutor.java:642)\n\tat java.base/java.lang.Thread.run(Thread.java:1583)\n"]
2026-03-11 14:37:55,646{GMT}	INFO	[jepsen worker 1] jepsen.util: 598	:info	:generate	nil	[:crash "Unexpected exception handling (msg c6 n1 {\"type\":\"generate\",\"msg_id\":200}) : java.lang.UnsupportedOperationException: Not a string: 200\njava.lang.UnsupportedOperationException: Not a string: 200\n\tat com.eclipsesource.json.JsonValue.asString(JsonValue.java:384)\n\tat com.eclipsesource.json.JsonObject.getString(JsonObject.java:674)\n\tat lab.UniqueId$1.accept(UniqueId.java:27)\n\tat lab.UniqueId$1.accept(UniqueId.java:24)\n\tat lab.Node.handleRequest(Node.java:97)\n\tat lab.Node.handleMessage(Node.java:71)\n\tat lab.Node.lambda$run$0(Node.java:44)\n\tat java.base/java.util.concurrent.ThreadPoolExecutor.runWorker(ThreadPoolExecutor.java:1144)\n\tat java.base/java.util.concurrent.ThreadPoolExecutor$Worker.run(ThreadPoolExecutor.java:642)\n\tat java.base/java.lang.Thread.run(Thread.java:1583)\n"]
2026-03-11 14:37:55,646{GMT}	INFO	[jepsen worker 1] jepsen.util: 601	:invoke	:generate	nil
2026-03-11 14:37:55,647{GMT}	INFO	[jepsen worker 2] jepsen.util: 548	:invoke	:generate	nil
2026-03-11 14:37:55,648{GMT}	INFO	[jepsen worker 1] jepsen.util: 601	:info	:generate	nil	[:crash "Unexpected exception handling (msg c6 n1 {\"type\":\"generate\",\"msg_id\":201}) : java.lang.UnsupportedOperationException: Not a string: 201\njava.lang.UnsupportedOperationException: Not a string: 201\n\tat com.eclipsesource.json.JsonValue.asString(JsonValue.java:384)\n\tat com.eclipsesource.json.JsonObject.getString(JsonObject.java:674)\n\tat lab.UniqueId$1.accept(UniqueId.java:27)\n\tat lab.UniqueId$1.accept(UniqueId.java:24)\n\tat lab.Node.handleRequest(Node.java:97)\n\tat lab.Node.handleMessage(Node.java:71)\n\tat lab.Node.lambda$run$0(Node.java:44)\n\tat java.base/java.util.concurrent.ThreadPoolExecutor.runWorker(ThreadPoolExecutor.java:1144)\n\tat java.base/java.util.concurrent.ThreadPoolExecutor$Worker.run(ThreadPoolExecutor.java:642)\n\tat java.base/java.lang.Thread.run(Thread.java:1583)\n"]
2026-03-11 14:37:55,648{GMT}	INFO	[jepsen worker 0] jepsen.util: 627	:invoke	:generate	nil
2026-03-11 14:37:55,649{GMT}	INFO	[jepsen worker 1] jepsen.util: 604	:invoke	:generate	nil
2026-03-11 14:37:55,649{GMT}	INFO	[jepsen worker 2] jepsen.util: 548	:info	:generate	nil	[:crash "Unexpected exception handling (msg c7 n2 {\"type\":\"generate\",\"msg_id\":183}) : java.lang.UnsupportedOperationException: Not a string: 183\njava.lang.UnsupportedOperationException: Not a string: 183\n\tat com.eclipsesource.json.JsonValue.asString(JsonValue.java:384)\n\tat com.eclipsesource.json.JsonObject.getString(JsonObject.java:674)\n\tat lab.UniqueId$1.accept(UniqueId.java:27)\n\tat lab.UniqueId$1.accept(UniqueId.java:24)\n\tat lab.Node.handleRequest(Node.java:97)\n\tat lab.Node.handleMessage(Node.java:71)\n\tat lab.Node.lambda$run$0(Node.java:44)\n\tat java.base/java.util.concurrent.ThreadPoolExecutor.runWorker(ThreadPoolExecutor.java:1144)\n\tat java.base/java.util.concurrent.ThreadPoolExecutor$Worker.run(ThreadPoolExecutor.java:642)\n\tat java.base/java.lang.Thread.run(Thread.java:1583)\n"]
2026-03-11 14:37:55,650{GMT}	INFO	[jepsen worker 0] jepsen.util: 627	:info	:generate	nil	[:crash "Unexpected exception handling (msg c8 n0 {\"type\":\"generate\",\"msg_id\":210}) : java.lang.UnsupportedOperationException: Not a string: 210\njava.lang.UnsupportedOperationException: Not a string: 210\n\tat com.eclipsesource.json.JsonValue.asString(JsonValue.java:384)\n\tat com.eclipsesource.json.JsonObject.getString(JsonObject.java:674)\n\tat lab.UniqueId$1.accept(UniqueId.java:27)\n\tat lab.UniqueId$1.accept(UniqueId.java:24)\n\tat lab.Node.handleRequest(Node.java:97)\n\tat lab.Node.handleMessage(Node.java:71)\n\tat lab.Node.lambda$run$0(Node.java:44)\n\tat java.base/java.util.concurrent.ThreadPoolExecutor.runWorker(ThreadPoolExecutor.java:1144)\n\tat java.base/java.util.concurrent.ThreadPoolExecutor$Worker.run(ThreadPoolExecutor.java:642)\n\tat java.base/java.lang.Thread.run(Thread.java:1583)\n"]
2026-03-11 14:37:55,655{GMT}	INFO	[jepsen worker 0] jepsen.util: 630	:invoke	:generate	nil
2026-03-11 14:37:55,655{GMT}	INFO	[jepsen worker 2] jepsen.util: 551	:invoke	:generate	nil
2026-03-11 14:37:55,657{GMT}	INFO	[jepsen worker 2] jepsen.util: 551	:info	:generate	nil	[:crash "Unexpected exception handling (msg c7 n2 {\"type\":\"generate\",\"msg_id\":184}) : java.lang.UnsupportedOperationException: Not a string: 184\njava.lang.UnsupportedOperationException: Not a string: 184\n\tat com.eclipsesource.json.JsonValue.asString(JsonValue.java:384)\n\tat com.eclipsesource.json.JsonObject.getString(JsonObject.java:674)\n\tat lab.UniqueId$1.accept(UniqueId.java:27)\n\tat lab.UniqueId$1.accept(UniqueId.java:24)\n\tat lab.Node.handleRequest(Node.java:97)\n\tat lab.Node.handleMessage(Node.java:71)\n\tat lab.Node.lambda$run$0(Node.java:44)\n\tat java.base/java.util.concurrent.ThreadPoolExecutor.runWorker(ThreadPoolExecutor.java:1144)\n\tat java.base/java.util.concurrent.ThreadPoolExecutor$Worker.run(ThreadPoolExecutor.java:642)\n\tat java.base/java.lang.Thread.run(Thread.java:1583)\n"]
2026-03-11 14:37:55,657{GMT}	INFO	[jepsen worker 0] jepsen.util: 630	:info	:generate	nil	[:crash "Unexpected exception handling (msg c8 n0 {\"type\":\"generate\",\"msg_id\":211}) : java.lang.UnsupportedOperationException: Not a string: 211\njava.lang.UnsupportedOperationException: Not a string: 211\n\tat com.eclipsesource.json.JsonValue.asString(JsonValue.java:384)\n\tat com.eclipsesource.json.JsonObject.getString(JsonObject.java:674)\n\tat lab.UniqueId$1.accept(UniqueId.java:27)\n\tat lab.UniqueId$1.accept(UniqueId.java:24)\n\tat lab.Node.handleRequest(Node.java:97)\n\tat lab.Node.handleMessage(Node.java:71)\n\tat lab.Node.lambda$run$0(Node.java:44)\n\tat java.base/java.util.concurrent.ThreadPoolExecutor.runWorker(ThreadPoolExecutor.java:1144)\n\tat java.base/java.util.concurrent.ThreadPoolExecutor$Worker.run(ThreadPoolExecutor.java:642)\n\tat java.base/java.lang.Thread.run(Thread.java:1583)\n"]
2026-03-11 14:37:55,657{GMT}	INFO	[jepsen worker 1] jepsen.util: 604	:info	:generate	nil	[:crash "Unexpected exception handling (msg c6 n1 {\"type\":\"generate\",\"msg_id\":202}) : java.lang.UnsupportedOperationException: Not a string: 202\njava.lang.UnsupportedOperationException: Not a string: 202\n\tat com.eclipsesource.json.JsonValue.asString(JsonValue.java:384)\n\tat com.eclipsesource.json.JsonObject.getString(JsonObject.java:674)\n\tat lab.UniqueId$1.accept(UniqueId.java:27)\n\tat lab.UniqueId$1.accept(UniqueId.java:24)\n\tat lab.Node.handleRequest(Node.java:97)\n\tat lab.Node.handleMessage(Node.java:71)\n\tat lab.Node.lambda$run$0(Node.java:44)\n\tat java.base/java.util.concurrent.ThreadPoolExecutor.runWorker(ThreadPoolExecutor.java:1144)\n\tat java.base/java.util.concurrent.ThreadPoolExecutor$Worker.run(ThreadPoolExecutor.java:642)\n\tat java.base/java.lang.Thread.run(Thread.java:1583)\n"]
2026-03-11 14:37:55,663{GMT}	INFO	[jepsen worker 2] jepsen.util: 554	:invoke	:generate	nil
2026-03-11 14:37:55,663{GMT}	INFO	[jepsen worker 1] jepsen.util: 607	:invoke	:generate	nil
2026-03-11 14:37:55,663{GMT}	INFO	[jepsen worker 0] jepsen.util: 633	:invoke	:generate	nil
2026-03-11 14:37:55,665{GMT}	INFO	[jepsen worker 1] jepsen.util: 607	:info	:generate	nil	[:crash "Unexpected exception handling (msg c6 n1 {\"type\":\"generate\",\"msg_id\":203}) : java.lang.UnsupportedOperationException: Not a string: 203\njava.lang.UnsupportedOperationException: Not a string: 203\n\tat com.eclipsesource.json.JsonValue.asString(JsonValue.java:384)\n\tat com.eclipsesource.json.JsonObject.getString(JsonObject.java:674)\n\tat lab.UniqueId$1.accept(UniqueId.java:27)\n\tat lab.UniqueId$1.accept(UniqueId.java:24)\n\tat lab.Node.handleRequest(Node.java:97)\n\tat lab.Node.handleMessage(Node.java:71)\n\tat lab.Node.lambda$run$0(Node.java:44)\n\tat java.base/java.util.concurrent.ThreadPoolExecutor.runWorker(ThreadPoolExecutor.java:1144)\n\tat java.base/java.util.concurrent.ThreadPoolExecutor$Worker.run(ThreadPoolExecutor.java:642)\n\tat java.base/java.lang.Thread.run(Thread.java:1583)\n"]
2026-03-11 14:37:55,665{GMT}	INFO	[jepsen worker 0] jepsen.util: 633	:info	:generate	nil	[:crash "Unexpected exception handling (msg c8 n0 {\"type\":\"generate\",\"msg_id\":212}) : java.lang.UnsupportedOperationException: Not a string: 212\njava.lang.UnsupportedOperationException: Not a string: 212\n\tat com.eclipsesource.json.JsonValue.asString(JsonValue.java:384)\n\tat com.eclipsesource.json.JsonObject.getString(JsonObject.java:674)\n\tat lab.UniqueId$1.accept(UniqueId.java:27)\n\tat lab.UniqueId$1.accept(UniqueId.java:24)\n\tat lab.Node.handleRequest(Node.java:97)\n\tat lab.Node.handleMessage(Node.java:71)\n\tat lab.Node.lambda$run$0(Node.java:44)\n\tat java.base/java.util.concurrent.ThreadPoolExecutor.runWorker(ThreadPoolExecutor.java:1144)\n\tat java.base/java.util.concurrent.ThreadPoolExecutor$Worker.run(ThreadPoolExecutor.java:642)\n\tat java.base/java.lang.Thread.run(Thread.java:1583)\n"]
2026-03-11 14:37:55,665{GMT}	INFO	[jepsen worker 0] jepsen.util: 636	:invoke	:generate	nil
2026-03-11 14:37:55,665{GMT}	INFO	[jepsen worker 2] jepsen.util: 554	:info	:generate	nil	[:crash "Unexpected exception handling (msg c7 n2 {\"type\":\"generate\",\"msg_id\":185}) : java.lang.UnsupportedOperationException: Not a string: 185\njava.lang.UnsupportedOperationException: Not a string: 185\n\tat com.eclipsesource.json.JsonValue.asString(JsonValue.java:384)\n\tat com.eclipsesource.json.JsonObject.getString(JsonObject.java:674)\n\tat lab.UniqueId$1.accept(UniqueId.java:27)\n\tat lab.UniqueId$1.accept(UniqueId.java:24)\n\tat lab.Node.handleRequest(Node.java:97)\n\tat lab.Node.handleMessage(Node.java:71)\n\tat lab.Node.lambda$run$0(Node.java:44)\n\tat java.base/java.util.concurrent.ThreadPoolExecutor.runWorker(ThreadPoolExecutor.java:1144)\n\tat java.base/java.util.concurrent.ThreadPoolExecutor$Worker.run(ThreadPoolExecutor.java:642)\n\tat java.base/java.lang.Thread.run(Thread.java:1583)\n"]
2026-03-11 14:37:55,666{GMT}	INFO	[jepsen worker 1] jepsen.util: 610	:invoke	:generate	nil
2026-03-11 14:37:55,667{GMT}	INFO	[jepsen worker 0] jepsen.util: 636	:info	:generate	nil	[:crash "Unexpected exception handling (msg c8 n0 {\"type\":\"generate\",\"msg_id\":213}) : java.lang.UnsupportedOperationException: Not a string: 213\njava.lang.UnsupportedOperationException: Not a string: 213\n\tat com.eclipsesource.json.JsonValue.asString(JsonValue.java:384)\n\tat com.eclipsesource.json.JsonObject.getString(JsonObject.java:674)\n\tat lab.UniqueId$1.accept(UniqueId.java:27)\n\tat lab.UniqueId$1.accept(UniqueId.java:24)\n\tat lab.Node.handleRequest(Node.java:97)\n\tat lab.Node.handleMessage(Node.java:71)\n\tat lab.Node.lambda$run$0(Node.java:44)\n\tat java.base/java.util.concurrent.ThreadPoolExecutor.runWorker(ThreadPoolExecutor.java:1144)\n\tat java.base/java.util.concurrent.ThreadPoolExecutor$Worker.run(ThreadPoolExecutor.java:642)\n\tat java.base/java.lang.Thread.run(Thread.java:1583)\n"]
2026-03-11 14:37:55,671{GMT}	INFO	[jepsen worker 0] jepsen.util: 639	:invoke	:generate	nil
2026-03-11 14:37:55,671{GMT}	INFO	[jepsen worker 2] jepsen.util: 557	:invoke	:generate	nil
2026-03-11 14:37:55,672{GMT}	INFO	[jepsen worker 0] jepsen.util: 639	:info	:generate	nil	[:crash "Unexpected exception handling (msg c8 n0 {\"type\":\"generate\",\"msg_id\":214}) : java.lang.UnsupportedOperationException: Not a string: 214\njava.lang.UnsupportedOperationException: Not a string: 214\n\tat com.eclipsesource.json.JsonValue.asString(JsonValue.java:384)\n\tat com.eclipsesource.json.JsonObject.getString(JsonObject.java:674)\n\tat lab.UniqueId$1.accept(UniqueId.java:27)\n\tat lab.UniqueId$1.accept(UniqueId.java:24)\n\tat lab.Node.handleRequest(Node.java:97)\n\tat lab.Node.handleMessage(Node.java:71)\n\tat lab.Node.lambda$run$0(Node.java:44)\n\tat java.base/java.util.concurrent.ThreadPoolExecutor.runWorker(ThreadPoolExecutor.java:1144)\n\tat java.base/java.util.concurrent.ThreadPoolExecutor$Worker.run(ThreadPoolExecutor.java:642)\n\tat java.base/java.lang.Thread.run(Thread.java:1583)\n"]
2026-03-11 14:37:55,672{GMT}	INFO	[jepsen worker 2] jepsen.util: 557	:info	:generate	nil	[:crash "Unexpected exception handling (msg c7 n2 {\"type\":\"generate\",\"msg_id\":186}) : java.lang.UnsupportedOperationException: Not a string: 186\njava.lang.UnsupportedOperationException: Not a string: 186\n\tat com.eclipsesource.json.JsonValue.asString(JsonValue.java:384)\n\tat com.eclipsesource.json.JsonObject.getString(JsonObject.java:674)\n\tat lab.UniqueId$1.accept(UniqueId.java:27)\n\tat lab.UniqueId$1.accept(UniqueId.java:24)\n\tat lab.Node.handleRequest(Node.java:97)\n\tat lab.Node.handleMessage(Node.java:71)\n\tat lab.Node.lambda$run$0(Node.java:44)\n\tat java.base/java.util.concurrent.ThreadPoolExecutor.runWorker(ThreadPoolExecutor.java:1144)\n\tat java.base/java.util.concurrent.ThreadPoolExecutor$Worker.run(ThreadPoolExecutor.java:642)\n\tat java.base/java.lang.Thread.run(Thread.java:1583)\n"]
2026-03-11 14:37:55,672{GMT}	INFO	[jepsen worker 1] jepsen.util: 610	:info	:generate	nil	[:crash "Unexpected exception handling (msg c6 n1 {\"type\":\"generate\",\"msg_id\":204}) : java.lang.UnsupportedOperationException: Not a string: 204\njava.lang.UnsupportedOperationException: Not a string: 204\n\tat com.eclipsesource.json.JsonValue.asString(JsonValue.java:384)\n\tat com.eclipsesource.json.JsonObject.getString(JsonObject.java:674)\n\tat lab.UniqueId$1.accept(UniqueId.java:27)\n\tat lab.UniqueId$1.accept(UniqueId.java:24)\n\tat lab.Node.handleRequest(Node.java:97)\n\tat lab.Node.handleMessage(Node.java:71)\n\tat lab.Node.lambda$run$0(Node.java:44)\n\tat java.base/java.util.concurrent.ThreadPoolExecutor.runWorker(ThreadPoolExecutor.java:1144)\n\tat java.base/java.util.concurrent.ThreadPoolExecutor$Worker.run(ThreadPoolExecutor.java:642)\n\tat java.base/java.lang.Thread.run(Thread.java:1583)\n"]
2026-03-11 14:37:55,673{GMT}	INFO	[jepsen worker 0] jepsen.util: 642	:invoke	:generate	nil
2026-03-11 14:37:55,680{GMT}	INFO	[jepsen worker 2] jepsen.util: 560	:invoke	:generate	nil
2026-03-11 14:37:55,680{GMT}	INFO	[jepsen worker 1] jepsen.util: 613	:invoke	:generate	nil
2026-03-11 14:37:55,682{GMT}	INFO	[jepsen worker 0] jepsen.util: 642	:info	:generate	nil	[:crash "Unexpected exception handling (msg c8 n0 {\"type\":\"generate\",\"msg_id\":215}) : java.lang.UnsupportedOperationException: Not a string: 215\njava.lang.UnsupportedOperationException: Not a string: 215\n\tat com.eclipsesource.json.JsonValue.asString(JsonValue.java:384)\n\tat com.eclipsesource.json.JsonObject.getString(JsonObject.java:674)\n\tat lab.UniqueId$1.accept(UniqueId.java:27)\n\tat lab.UniqueId$1.accept(UniqueId.java:24)\n\tat lab.Node.handleRequest(Node.java:97)\n\tat lab.Node.handleMessage(Node.java:71)\n\tat lab.Node.lambda$run$0(Node.java:44)\n\tat java.base/java.util.concurrent.ThreadPoolExecutor.runWorker(ThreadPoolExecutor.java:1144)\n\tat java.base/java.util.concurrent.ThreadPoolExecutor$Worker.run(ThreadPoolExecutor.java:642)\n\tat java.base/java.lang.Thread.run(Thread.java:1583)\n"]
2026-03-11 14:37:55,683{GMT}	INFO	[jepsen worker 0] jepsen.util: 645	:invoke	:generate	nil
2026-03-11 14:37:55,683{GMT}	INFO	[jepsen worker 1] jepsen.util: 613	:info	:generate	nil	[:crash "Unexpected exception handling (msg c6 n1 {\"type\":\"generate\",\"msg_id\":205}) : java.lang.UnsupportedOperationException: Not a string: 205\njava.lang.UnsupportedOperationException: Not a string: 205\n\tat com.eclipsesource.json.JsonValue.asString(JsonValue.java:384)\n\tat com.eclipsesource.json.JsonObject.getString(JsonObject.java:674)\n\tat lab.UniqueId$1.accept(UniqueId.java:27)\n\tat lab.UniqueId$1.accept(UniqueId.java:24)\n\tat lab.Node.handleRequest(Node.java:97)\n\tat lab.Node.handleMessage(Node.java:71)\n\tat lab.Node.lambda$run$0(Node.java:44)\n\tat java.base/java.util.concurrent.ThreadPoolExecutor.runWorker(ThreadPoolExecutor.java:1144)\n\tat java.base/java.util.concurrent.ThreadPoolExecutor$Worker.run(ThreadPoolExecutor.java:642)\n\tat java.base/java.lang.Thread.run(Thread.java:1583)\n"]
2026-03-11 14:37:55,683{GMT}	INFO	[jepsen worker 1] jepsen.util: 616	:invoke	:generate	nil
2026-03-11 14:37:55,683{GMT}	INFO	[jepsen worker 2] jepsen.util: 560	:info	:generate	nil	[:crash "Unexpected exception handling (msg c7 n2 {\"type\":\"generate\",\"msg_id\":187}) : java.lang.UnsupportedOperationException: Not a string: 187\njava.lang.UnsupportedOperationException: Not a string: 187\n\tat com.eclipsesource.json.JsonValue.asString(JsonValue.java:384)\n\tat com.eclipsesource.json.JsonObject.getString(JsonObject.java:674)\n\tat lab.UniqueId$1.accept(UniqueId.java:27)\n\tat lab.UniqueId$1.accept(UniqueId.java:24)\n\tat lab.Node.handleRequest(Node.java:97)\n\tat lab.Node.handleMessage(Node.java:71)\n\tat lab.Node.lambda$run$0(Node.java:44)\n\tat java.base/java.util.concurrent.ThreadPoolExecutor.runWorker(ThreadPoolExecutor.java:1144)\n\tat java.base/java.util.concurrent.ThreadPoolExecutor$Worker.run(ThreadPoolExecutor.java:642)\n\tat java.base/java.lang.Thread.run(Thread.java:1583)\n"]
2026-03-11 14:37:55,685{GMT}	INFO	[jepsen worker 0] jepsen.util: 645	:info	:generate	nil	[:crash "Unexpected exception handling (msg c8 n0 {\"type\":\"generate\",\"msg_id\":216}) : java.lang.UnsupportedOperationException: Not a string: 216\njava.lang.UnsupportedOperationException: Not a string: 216\n\tat com.eclipsesource.json.JsonValue.asString(JsonValue.java:384)\n\tat com.eclipsesource.json.JsonObject.getString(JsonObject.java:674)\n\tat lab.UniqueId$1.accept(UniqueId.java:27)\n\tat lab.UniqueId$1.accept(UniqueId.java:24)\n\tat lab.Node.handleRequest(Node.java:97)\n\tat lab.Node.handleMessage(Node.java:71)\n\tat lab.Node.lambda$run$0(Node.java:44)\n\tat java.base/java.util.concurrent.ThreadPoolExecutor.runWorker(ThreadPoolExecutor.java:1144)\n\tat java.base/java.util.concurrent.ThreadPoolExecutor$Worker.run(ThreadPoolExecutor.java:642)\n\tat java.base/java.lang.Thread.run(Thread.java:1583)\n"]
2026-03-11 14:37:55,685{GMT}	INFO	[jepsen worker 1] jepsen.util: 616	:info	:generate	nil	[:crash "Unexpected exception handling (msg c6 n1 {\"type\":\"generate\",\"msg_id\":206}) : java.lang.UnsupportedOperationException: Not a string: 206\njava.lang.UnsupportedOperationException: Not a string: 206\n\tat com.eclipsesource.json.JsonValue.asString(JsonValue.java:384)\n\tat com.eclipsesource.json.JsonObject.getString(JsonObject.java:674)\n\tat lab.UniqueId$1.accept(UniqueId.java:27)\n\tat lab.UniqueId$1.accept(UniqueId.java:24)\n\tat lab.Node.handleRequest(Node.java:97)\n\tat lab.Node.handleMessage(Node.java:71)\n\tat lab.Node.lambda$run$0(Node.java:44)\n\tat java.base/java.util.concurrent.ThreadPoolExecutor.runWorker(ThreadPoolExecutor.java:1144)\n\tat java.base/java.util.concurrent.ThreadPoolExecutor$Worker.run(ThreadPoolExecutor.java:642)\n\tat java.base/java.lang.Thread.run(Thread.java:1583)\n"]
2026-03-11 14:37:55,686{GMT}	INFO	[jepsen worker 0] jepsen.util: 648	:invoke	:generate	nil
2026-03-11 14:37:55,686{GMT}	INFO	[jepsen worker 2] jepsen.util: 563	:invoke	:generate	nil
2026-03-11 14:37:55,696{GMT}	INFO	[jepsen worker 1] jepsen.util: 619	:invoke	:generate	nil
2026-03-11 14:37:55,698{GMT}	INFO	[jepsen worker 1] jepsen.util: 619	:info	:generate	nil	[:crash "Unexpected exception handling (msg c6 n1 {\"type\":\"generate\",\"msg_id\":207}) : java.lang.UnsupportedOperationException: Not a string: 207\njava.lang.UnsupportedOperationException: Not a string: 207\n\tat com.eclipsesource.json.JsonValue.asString(JsonValue.java:384)\n\tat com.eclipsesource.json.JsonObject.getString(JsonObject.java:674)\n\tat lab.UniqueId$1.accept(UniqueId.java:27)\n\tat lab.UniqueId$1.accept(UniqueId.java:24)\n\tat lab.Node.handleRequest(Node.java:97)\n\tat lab.Node.handleMessage(Node.java:71)\n\tat lab.Node.lambda$run$0(Node.java:44)\n\tat java.base/java.util.concurrent.ThreadPoolExecutor.runWorker(ThreadPoolExecutor.java:1144)\n\tat java.base/java.util.concurrent.ThreadPoolExecutor$Worker.run(ThreadPoolExecutor.java:642)\n\tat java.base/java.lang.Thread.run(Thread.java:1583)\n"]
2026-03-11 14:37:55,698{GMT}	INFO	[jepsen worker 0] jepsen.util: 648	:info	:generate	nil	[:crash "Unexpected exception handling (msg c8 n0 {\"type\":\"generate\",\"msg_id\":217}) : java.lang.UnsupportedOperationException: Not a string: 217\njava.lang.UnsupportedOperationException: Not a string: 217\n\tat com.eclipsesource.json.JsonValue.asString(JsonValue.java:384)\n\tat com.eclipsesource.json.JsonObject.getString(JsonObject.java:674)\n\tat lab.UniqueId$1.accept(UniqueId.java:27)\n\tat lab.UniqueId$1.accept(UniqueId.java:24)\n\tat lab.Node.handleRequest(Node.java:97)\n\tat lab.Node.handleMessage(Node.java:71)\n\tat lab.Node.lambda$run$0(Node.java:44)\n\tat java.base/java.util.concurrent.ThreadPoolExecutor.runWorker(ThreadPoolExecutor.java:1144)\n\tat java.base/java.util.concurrent.ThreadPoolExecutor$Worker.run(ThreadPoolExecutor.java:642)\n\tat java.base/java.lang.Thread.run(Thread.java:1583)\n"]
2026-03-11 14:37:55,698{GMT}	INFO	[jepsen worker 2] jepsen.util: 563	:info	:generate	nil	[:crash "Unexpected exception handling (msg c7 n2 {\"type\":\"generate\",\"msg_id\":188}) : java.lang.UnsupportedOperationException: Not a string: 188\njava.lang.UnsupportedOperationException: Not a string: 188\n\tat com.eclipsesource.json.JsonValue.asString(JsonValue.java:384)\n\tat com.eclipsesource.json.JsonObject.getString(JsonObject.java:674)\n\tat lab.UniqueId$1.accept(UniqueId.java:27)\n\tat lab.UniqueId$1.accept(UniqueId.java:24)\n\tat lab.Node.handleRequest(Node.java:97)\n\tat lab.Node.handleMessage(Node.java:71)\n\tat lab.Node.lambda$run$0(Node.java:44)\n\tat java.base/java.util.concurrent.ThreadPoolExecutor.runWorker(ThreadPoolExecutor.java:1144)\n\tat java.base/java.util.concurrent.ThreadPoolExecutor$Worker.run(ThreadPoolExecutor.java:642)\n\tat java.base/java.lang.Thread.run(Thread.java:1583)\n"]
2026-03-11 14:37:55,698{GMT}	INFO	[jepsen worker 2] jepsen.util: 566	:invoke	:generate	nil
2026-03-11 14:37:55,699{GMT}	INFO	[jepsen worker 0] jepsen.util: 651	:invoke	:generate	nil
2026-03-11 14:37:55,699{GMT}	INFO	[jepsen worker 2] jepsen.util: 566	:info	:generate	nil	[:crash "Unexpected exception handling (msg c7 n2 {\"type\":\"generate\",\"msg_id\":189}) : java.lang.UnsupportedOperationException: Not a string: 189\njava.lang.UnsupportedOperationException: Not a string: 189\n\tat com.eclipsesource.json.JsonValue.asString(JsonValue.java:384)\n\tat com.eclipsesource.json.JsonObject.getString(JsonObject.java:674)\n\tat lab.UniqueId$1.accept(UniqueId.java:27)\n\tat lab.UniqueId$1.accept(UniqueId.java:24)\n\tat lab.Node.handleRequest(Node.java:97)\n\tat lab.Node.handleMessage(Node.java:71)\n\tat lab.Node.lambda$run$0(Node.java:44)\n\tat java.base/java.util.concurrent.ThreadPoolExecutor.runWorker(ThreadPoolExecutor.java:1144)\n\tat java.base/java.util.concurrent.ThreadPoolExecutor$Worker.run(ThreadPoolExecutor.java:642)\n\tat java.base/java.lang.Thread.run(Thread.java:1583)\n"]
2026-03-11 14:37:55,701{GMT}	INFO	[jepsen worker 1] jepsen.util: 622	:invoke	:generate	nil
2026-03-11 14:37:55,701{GMT}	INFO	[jepsen worker 2] jepsen.util: 569	:invoke	:generate	nil
2026-03-11 14:37:55,701{GMT}	INFO	[jepsen worker 0] jepsen.util: 651	:info	:generate	nil	[:crash "Unexpected exception handling (msg c8 n0 {\"type\":\"generate\",\"msg_id\":218}) : java.lang.UnsupportedOperationException: Not a string: 218\njava.lang.UnsupportedOperationException: Not a string: 218\n\tat com.eclipsesource.json.JsonValue.asString(JsonValue.java:384)\n\tat com.eclipsesource.json.JsonObject.getString(JsonObject.java:674)\n\tat lab.UniqueId$1.accept(UniqueId.java:27)\n\tat lab.UniqueId$1.accept(UniqueId.java:24)\n\tat lab.Node.handleRequest(Node.java:97)\n\tat lab.Node.handleMessage(Node.java:71)\n\tat lab.Node.lambda$run$0(Node.java:44)\n\tat java.base/java.util.concurrent.ThreadPoolExecutor.runWorker(ThreadPoolExecutor.java:1144)\n\tat java.base/java.util.concurrent.ThreadPoolExecutor$Worker.run(ThreadPoolExecutor.java:642)\n\tat java.base/java.lang.Thread.run(Thread.java:1583)\n"]
2026-03-11 14:37:55,702{GMT}	INFO	[jepsen worker 2] jepsen.util: 569	:info	:generate	nil	[:crash "Unexpected exception handling (msg c7 n2 {\"type\":\"generate\",\"msg_id\":190}) : java.lang.UnsupportedOperationException: Not a string: 190\njava.lang.UnsupportedOperationException: Not a string: 190\n\tat com.eclipsesource.json.JsonValue.asString(JsonValue.java:384)\n\tat com.eclipsesource.json.JsonObject.getString(JsonObject.java:674)\n\tat lab.UniqueId$1.accept(UniqueId.java:27)\n\tat lab.UniqueId$1.accept(UniqueId.java:24)\n\tat lab.Node.handleRequest(Node.java:97)\n\tat lab.Node.handleMessage(Node.java:71)\n\tat lab.Node.lambda$run$0(Node.java:44)\n\tat java.base/java.util.concurrent.ThreadPoolExecutor.runWorker(ThreadPoolExecutor.java:1144)\n\tat java.base/java.util.concurrent.ThreadPoolExecutor$Worker.run(ThreadPoolExecutor.java:642)\n\tat java.base/java.lang.Thread.run(Thread.java:1583)\n"]
2026-03-11 14:37:55,702{GMT}	INFO	[jepsen worker 1] jepsen.util: 622	:info	:generate	nil	[:crash "Unexpected exception handling (msg c6 n1 {\"type\":\"generate\",\"msg_id\":208}) : java.lang.UnsupportedOperationException: Not a string: 208\njava.lang.UnsupportedOperationException: Not a string: 208\n\tat com.eclipsesource.json.JsonValue.asString(JsonValue.java:384)\n\tat com.eclipsesource.json.JsonObject.getString(JsonObject.java:674)\n\tat lab.UniqueId$1.accept(UniqueId.java:27)\n\tat lab.UniqueId$1.accept(UniqueId.java:24)\n\tat lab.Node.handleRequest(Node.java:97)\n\tat lab.Node.handleMessage(Node.java:71)\n\tat lab.Node.lambda$run$0(Node.java:44)\n\tat java.base/java.util.concurrent.ThreadPoolExecutor.runWorker(ThreadPoolExecutor.java:1144)\n\tat java.base/java.util.concurrent.ThreadPoolExecutor$Worker.run(ThreadPoolExecutor.java:642)\n\tat java.base/java.lang.Thread.run(Thread.java:1583)\n"]
2026-03-11 14:37:55,703{GMT}	INFO	[jepsen worker 2] jepsen.util: 572	:invoke	:generate	nil
2026-03-11 14:37:55,703{GMT}	INFO	[jepsen worker 0] jepsen.util: 654	:invoke	:generate	nil
2026-03-11 14:37:55,710{GMT}	INFO	[jepsen worker 1] jepsen.util: 625	:invoke	:generate	nil
2026-03-11 14:37:55,712{GMT}	INFO	[jepsen worker 0] jepsen.util: 654	:info	:generate	nil	[:crash "Unexpected exception handling (msg c8 n0 {\"type\":\"generate\",\"msg_id\":219}) : java.lang.UnsupportedOperationException: Not a string: 219\njava.lang.UnsupportedOperationException: Not a string: 219\n\tat com.eclipsesource.json.JsonValue.asString(JsonValue.java:384)\n\tat com.eclipsesource.json.JsonObject.getString(JsonObject.java:674)\n\tat lab.UniqueId$1.accept(UniqueId.java:27)\n\tat lab.UniqueId$1.accept(UniqueId.java:24)\n\tat lab.Node.handleRequest(Node.java:97)\n\tat lab.Node.handleMessage(Node.java:71)\n\tat lab.Node.lambda$run$0(Node.java:44)\n\tat java.base/java.util.concurrent.ThreadPoolExecutor.runWorker(ThreadPoolExecutor.java:1144)\n\tat java.base/java.util.concurrent.ThreadPoolExecutor$Worker.run(ThreadPoolExecutor.java:642)\n\tat java.base/java.lang.Thread.run(Thread.java:1583)\n"]
2026-03-11 14:37:55,712{GMT}	INFO	[jepsen worker 1] jepsen.util: 625	:info	:generate	nil	[:crash "Unexpected exception handling (msg c6 n1 {\"type\":\"generate\",\"msg_id\":209}) : java.lang.UnsupportedOperationException: Not a string: 209\njava.lang.UnsupportedOperationException: Not a string: 209\n\tat com.eclipsesource.json.JsonValue.asString(JsonValue.java:384)\n\tat com.eclipsesource.json.JsonObject.getString(JsonObject.java:674)\n\tat lab.UniqueId$1.accept(UniqueId.java:27)\n\tat lab.UniqueId$1.accept(UniqueId.java:24)\n\tat lab.Node.handleRequest(Node.java:97)\n\tat lab.Node.handleMessage(Node.java:71)\n\tat lab.Node.lambda$run$0(Node.java:44)\n\tat java.base/java.util.concurrent.ThreadPoolExecutor.runWorker(ThreadPoolExecutor.java:1144)\n\tat java.base/java.util.concurrent.ThreadPoolExecutor$Worker.run(ThreadPoolExecutor.java:642)\n\tat java.base/java.lang.Thread.run(Thread.java:1583)\n"]
2026-03-11 14:37:55,713{GMT}	INFO	[jepsen worker 2] jepsen.util: 572	:info	:generate	nil	[:crash "Unexpected exception handling (msg c7 n2 {\"type\":\"generate\",\"msg_id\":191}) : java.lang.UnsupportedOperationException: Not a string: 191\njava.lang.UnsupportedOperationException: Not a string: 191\n\tat com.eclipsesource.json.JsonValue.asString(JsonValue.java:384)\n\tat com.eclipsesource.json.JsonObject.getString(JsonObject.java:674)\n\tat lab.UniqueId$1.accept(UniqueId.java:27)\n\tat lab.UniqueId$1.accept(UniqueId.java:24)\n\tat lab.Node.handleRequest(Node.java:97)\n\tat lab.Node.handleMessage(Node.java:71)\n\tat lab.Node.lambda$run$0(Node.java:44)\n\tat java.base/java.util.concurrent.ThreadPoolExecutor.runWorker(ThreadPoolExecutor.java:1144)\n\tat java.base/java.util.concurrent.ThreadPoolExecutor$Worker.run(ThreadPoolExecutor.java:642)\n\tat java.base/java.lang.Thread.run(Thread.java:1583)\n"]
2026-03-11 14:37:55,713{GMT}	INFO	[jepsen worker 1] jepsen.util: 628	:invoke	:generate	nil
2026-03-11 14:37:55,714{GMT}	INFO	[jepsen worker 2] jepsen.util: 575	:invoke	:generate	nil
2026-03-11 14:37:55,714{GMT}	INFO	[jepsen worker 0] jepsen.util: 657	:invoke	:generate	nil
2026-03-11 14:37:55,715{GMT}	INFO	[jepsen worker 1] jepsen.util: 628	:info	:generate	nil	[:crash "Unexpected exception handling (msg c6 n1 {\"type\":\"generate\",\"msg_id\":210}) : java.lang.UnsupportedOperationException: Not a string: 210\njava.lang.UnsupportedOperationException: Not a string: 210\n\tat com.eclipsesource.json.JsonValue.asString(JsonValue.java:384)\n\tat com.eclipsesource.json.JsonObject.getString(JsonObject.java:674)\n\tat lab.UniqueId$1.accept(UniqueId.java:27)\n\tat lab.UniqueId$1.accept(UniqueId.java:24)\n\tat lab.Node.handleRequest(Node.java:97)\n\tat lab.Node.handleMessage(Node.java:71)\n\tat lab.Node.lambda$run$0(Node.java:44)\n\tat java.base/java.util.concurrent.ThreadPoolExecutor.runWorker(ThreadPoolExecutor.java:1144)\n\tat java.base/java.util.concurrent.ThreadPoolExecutor$Worker.run(ThreadPoolExecutor.java:642)\n\tat java.base/java.lang.Thread.run(Thread.java:1583)\n"]
2026-03-11 14:37:55,716{GMT}	INFO	[jepsen worker 1] jepsen.util: 631	:invoke	:generate	nil
2026-03-11 14:37:55,716{GMT}	INFO	[jepsen worker 0] jepsen.util: 657	:info	:generate	nil	[:crash "Unexpected exception handling (msg c8 n0 {\"type\":\"generate\",\"msg_id\":220}) : java.lang.UnsupportedOperationException: Not a string: 220\njava.lang.UnsupportedOperationException: Not a string: 220\n\tat com.eclipsesource.json.JsonValue.asString(JsonValue.java:384)\n\tat com.eclipsesource.json.JsonObject.getString(JsonObject.java:674)\n\tat lab.UniqueId$1.accept(UniqueId.java:27)\n\tat lab.UniqueId$1.accept(UniqueId.java:24)\n\tat lab.Node.handleRequest(Node.java:97)\n\tat lab.Node.handleMessage(Node.java:71)\n\tat lab.Node.lambda$run$0(Node.java:44)\n\tat java.base/java.util.concurrent.ThreadPoolExecutor.runWorker(ThreadPoolExecutor.java:1144)\n\tat java.base/java.util.concurrent.ThreadPoolExecutor$Worker.run(ThreadPoolExecutor.java:642)\n\tat java.base/java.lang.Thread.run(Thread.java:1583)\n"]
2026-03-11 14:37:55,716{GMT}	INFO	[jepsen worker 0] jepsen.util: 660	:invoke	:generate	nil
2026-03-11 14:37:55,717{GMT}	INFO	[jepsen worker 2] jepsen.util: 575	:info	:generate	nil	[:crash "Unexpected exception handling (msg c7 n2 {\"type\":\"generate\",\"msg_id\":192}) : java.lang.UnsupportedOperationException: Not a string: 192\njava.lang.UnsupportedOperationException: Not a string: 192\n\tat com.eclipsesource.json.JsonValue.asString(JsonValue.java:384)\n\tat com.eclipsesource.json.JsonObject.getString(JsonObject.java:674)\n\tat lab.UniqueId$1.accept(UniqueId.java:27)\n\tat lab.UniqueId$1.accept(UniqueId.java:24)\n\tat lab.Node.handleRequest(Node.java:97)\n\tat lab.Node.handleMessage(Node.java:71)\n\tat lab.Node.lambda$run$0(Node.java:44)\n\tat java.base/java.util.concurrent.ThreadPoolExecutor.runWorker(ThreadPoolExecutor.java:1144)\n\tat java.base/java.util.concurrent.ThreadPoolExecutor$Worker.run(ThreadPoolExecutor.java:642)\n\tat java.base/java.lang.Thread.run(Thread.java:1583)\n"]
2026-03-11 14:37:55,718{GMT}	INFO	[jepsen worker 0] jepsen.util: 660	:info	:generate	nil	[:crash "Unexpected exception handling (msg c8 n0 {\"type\":\"generate\",\"msg_id\":221}) : java.lang.UnsupportedOperationException: Not a string: 221\njava.lang.UnsupportedOperationException: Not a string: 221\n\tat com.eclipsesource.json.JsonValue.asString(JsonValue.java:384)\n\tat com.eclipsesource.json.JsonObject.getString(JsonObject.java:674)\n\tat lab.UniqueId$1.accept(UniqueId.java:27)\n\tat lab.UniqueId$1.accept(UniqueId.java:24)\n\tat lab.Node.handleRequest(Node.java:97)\n\tat lab.Node.handleMessage(Node.java:71)\n\tat lab.Node.lambda$run$0(Node.java:44)\n\tat java.base/java.util.concurrent.ThreadPoolExecutor.runWorker(ThreadPoolExecutor.java:1144)\n\tat java.base/java.util.concurrent.ThreadPoolExecutor$Worker.run(ThreadPoolExecutor.java:642)\n\tat java.base/java.lang.Thread.run(Thread.java:1583)\n"]
2026-03-11 14:37:55,718{GMT}	INFO	[jepsen worker 2] jepsen.util: 578	:invoke	:generate	nil
2026-03-11 14:37:55,719{GMT}	INFO	[jepsen worker 1] jepsen.util: 631	:info	:generate	nil	[:crash "Unexpected exception handling (msg c6 n1 {\"type\":\"generate\",\"msg_id\":211}) : java.lang.UnsupportedOperationException: Not a string: 211\njava.lang.UnsupportedOperationException: Not a string: 211\n\tat com.eclipsesource.json.JsonValue.asString(JsonValue.java:384)\n\tat com.eclipsesource.json.JsonObject.getString(JsonObject.java:674)\n\tat lab.UniqueId$1.accept(UniqueId.java:27)\n\tat lab.UniqueId$1.accept(UniqueId.java:24)\n\tat lab.Node.handleRequest(Node.java:97)\n\tat lab.Node.handleMessage(Node.java:71)\n\tat lab.Node.lambda$run$0(Node.java:44)\n\tat java.base/java.util.concurrent.ThreadPoolExecutor.runWorker(ThreadPoolExecutor.java:1144)\n\tat java.base/java.util.concurrent.ThreadPoolExecutor$Worker.run(ThreadPoolExecutor.java:642)\n\tat java.base/java.lang.Thread.run(Thread.java:1583)\n"]
2026-03-11 14:37:55,720{GMT}	INFO	[jepsen worker 0] jepsen.util: 663	:invoke	:generate	nil
2026-03-11 14:37:55,720{GMT}	INFO	[jepsen worker 2] jepsen.util: 578	:info	:generate	nil	[:crash "Unexpected exception handling (msg c7 n2 {\"type\":\"generate\",\"msg_id\":193}) : java.lang.UnsupportedOperationException: Not a string: 193\njava.lang.UnsupportedOperationException: Not a string: 193\n\tat com.eclipsesource.json.JsonValue.asString(JsonValue.java:384)\n\tat com.eclipsesource.json.JsonObject.getString(JsonObject.java:674)\n\tat lab.UniqueId$1.accept(UniqueId.java:27)\n\tat lab.UniqueId$1.accept(UniqueId.java:24)\n\tat lab.Node.handleRequest(Node.java:97)\n\tat lab.Node.handleMessage(Node.java:71)\n\tat lab.Node.lambda$run$0(Node.java:44)\n\tat java.base/java.util.concurrent.ThreadPoolExecutor.runWorker(ThreadPoolExecutor.java:1144)\n\tat java.base/java.util.concurrent.ThreadPoolExecutor$Worker.run(ThreadPoolExecutor.java:642)\n\tat java.base/java.lang.Thread.run(Thread.java:1583)\n"]
2026-03-11 14:37:55,721{GMT}	INFO	[jepsen worker 1] jepsen.util: 634	:invoke	:generate	nil
2026-03-11 14:37:55,722{GMT}	INFO	[jepsen worker 0] jepsen.util: 663	:info	:generate	nil	[:crash "Unexpected exception handling (msg c8 n0 {\"type\":\"generate\",\"msg_id\":222}) : java.lang.UnsupportedOperationException: Not a string: 222\njava.lang.UnsupportedOperationException: Not a string: 222\n\tat com.eclipsesource.json.JsonValue.asString(JsonValue.java:384)\n\tat com.eclipsesource.json.JsonObject.getString(JsonObject.java:674)\n\tat lab.UniqueId$1.accept(UniqueId.java:27)\n\tat lab.UniqueId$1.accept(UniqueId.java:24)\n\tat lab.Node.handleRequest(Node.java:97)\n\tat lab.Node.handleMessage(Node.java:71)\n\tat lab.Node.lambda$run$0(Node.java:44)\n\tat java.base/java.util.concurrent.ThreadPoolExecutor.runWorker(ThreadPoolExecutor.java:1144)\n\tat java.base/java.util.concurrent.ThreadPoolExecutor$Worker.run(ThreadPoolExecutor.java:642)\n\tat java.base/java.lang.Thread.run(Thread.java:1583)\n"]
2026-03-11 14:37:55,724{GMT}	INFO	[jepsen worker 2] jepsen.util: 581	:invoke	:generate	nil
2026-03-11 14:37:55,724{GMT}	INFO	[jepsen worker 0] jepsen.util: 666	:invoke	:generate	nil
2026-03-11 14:37:55,725{GMT}	INFO	[jepsen worker 2] jepsen.util: 581	:info	:generate	nil	[:crash "Unexpected exception handling (msg c7 n2 {\"type\":\"generate\",\"msg_id\":194}) : java.lang.UnsupportedOperationException: Not a string: 194\njava.lang.UnsupportedOperationException: Not a string: 194\n\tat com.eclipsesource.json.JsonValue.asString(JsonValue.java:384)\n\tat com.eclipsesource.json.JsonObject.getString(JsonObject.java:674)\n\tat lab.UniqueId$1.accept(UniqueId.java:27)\n\tat lab.UniqueId$1.accept(UniqueId.java:24)\n\tat lab.Node.handleRequest(Node.java:97)\n\tat lab.Node.handleMessage(Node.java:71)\n\tat lab.Node.lambda$run$0(Node.java:44)\n\tat java.base/java.util.concurrent.ThreadPoolExecutor.runWorker(ThreadPoolExecutor.java:1144)\n\tat java.base/java.util.concurrent.ThreadPoolExecutor$Worker.run(ThreadPoolExecutor.java:642)\n\tat java.base/java.lang.Thread.run(Thread.java:1583)\n"]
2026-03-11 14:37:55,726{GMT}	INFO	[jepsen worker 2] jepsen.util: 584	:invoke	:generate	nil
2026-03-11 14:37:55,726{GMT}	INFO	[jepsen worker 0] jepsen.util: 666	:info	:generate	nil	[:crash "Unexpected exception handling (msg c8 n0 {\"type\":\"generate\",\"msg_id\":223}) : java.lang.UnsupportedOperationException: Not a string: 223\njava.lang.UnsupportedOperationException: Not a string: 223\n\tat com.eclipsesource.json.JsonValue.asString(JsonValue.java:384)\n\tat com.eclipsesource.json.JsonObject.getString(JsonObject.java:674)\n\tat lab.UniqueId$1.accept(UniqueId.java:27)\n\tat lab.UniqueId$1.accept(UniqueId.java:24)\n\tat lab.Node.handleRequest(Node.java:97)\n\tat lab.Node.handleMessage(Node.java:71)\n\tat lab.Node.lambda$run$0(Node.java:44)\n\tat java.base/java.util.concurrent.ThreadPoolExecutor.runWorker(ThreadPoolExecutor.java:1144)\n\tat java.base/java.util.concurrent.ThreadPoolExecutor$Worker.run(ThreadPoolExecutor.java:642)\n\tat java.base/java.lang.Thread.run(Thread.java:1583)\n"]
2026-03-11 14:37:55,726{GMT}	INFO	[jepsen worker 1] jepsen.util: 634	:info	:generate	nil	[:crash "Unexpected exception handling (msg c6 n1 {\"type\":\"generate\",\"msg_id\":212}) : java.lang.UnsupportedOperationException: Not a string: 212\njava.lang.UnsupportedOperationException: Not a string: 212\n\tat com.eclipsesource.json.JsonValue.asString(JsonValue.java:384)\n\tat com.eclipsesource.json.JsonObject.getString(JsonObject.java:674)\n\tat lab.UniqueId$1.accept(UniqueId.java:27)\n\tat lab.UniqueId$1.accept(UniqueId.java:24)\n\tat lab.Node.handleRequest(Node.java:97)\n\tat lab.Node.handleMessage(Node.java:71)\n\tat lab.Node.lambda$run$0(Node.java:44)\n\tat java.base/java.util.concurrent.ThreadPoolExecutor.runWorker(ThreadPoolExecutor.java:1144)\n\tat java.base/java.util.concurrent.ThreadPoolExecutor$Worker.run(ThreadPoolExecutor.java:642)\n\tat java.base/java.lang.Thread.run(Thread.java:1583)\n"]
2026-03-11 14:37:55,727{GMT}	INFO	[jepsen worker 2] jepsen.util: 584	:info	:generate	nil	[:crash "Unexpected exception handling (msg c7 n2 {\"type\":\"generate\",\"msg_id\":195}) : java.lang.UnsupportedOperationException: Not a string: 195\njava.lang.UnsupportedOperationException: Not a string: 195\n\tat com.eclipsesource.json.JsonValue.asString(JsonValue.java:384)\n\tat com.eclipsesource.json.JsonObject.getString(JsonObject.java:674)\n\tat lab.UniqueId$1.accept(UniqueId.java:27)\n\tat lab.UniqueId$1.accept(UniqueId.java:24)\n\tat lab.Node.handleRequest(Node.java:97)\n\tat lab.Node.handleMessage(Node.java:71)\n\tat lab.Node.lambda$run$0(Node.java:44)\n\tat java.base/java.util.concurrent.ThreadPoolExecutor.runWorker(ThreadPoolExecutor.java:1144)\n\tat java.base/java.util.concurrent.ThreadPoolExecutor$Worker.run(ThreadPoolExecutor.java:642)\n\tat java.base/java.lang.Thread.run(Thread.java:1583)\n"]
2026-03-11 14:37:55,739{GMT}	INFO	[jepsen worker 1] jepsen.util: 637	:invoke	:generate	nil
2026-03-11 14:37:55,739{GMT}	INFO	[jepsen worker 2] jepsen.util: 587	:invoke	:generate	nil
2026-03-11 14:37:55,739{GMT}	INFO	[jepsen worker 0] jepsen.util: 669	:invoke	:generate	nil
2026-03-11 14:37:55,741{GMT}	INFO	[jepsen worker 1] jepsen.util: 637	:info	:generate	nil	[:crash "Unexpected exception handling (msg c6 n1 {\"type\":\"generate\",\"msg_id\":213}) : java.lang.UnsupportedOperationException: Not a string: 213\njava.lang.UnsupportedOperationException: Not a string: 213\n\tat com.eclipsesource.json.JsonValue.asString(JsonValue.java:384)\n\tat com.eclipsesource.json.JsonObject.getString(JsonObject.java:674)\n\tat lab.UniqueId$1.accept(UniqueId.java:27)\n\tat lab.UniqueId$1.accept(UniqueId.java:24)\n\tat lab.Node.handleRequest(Node.java:97)\n\tat lab.Node.handleMessage(Node.java:71)\n\tat lab.Node.lambda$run$0(Node.java:44)\n\tat java.base/java.util.concurrent.ThreadPoolExecutor.runWorker(ThreadPoolExecutor.java:1144)\n\tat java.base/java.util.concurrent.ThreadPoolExecutor$Worker.run(ThreadPoolExecutor.java:642)\n\tat java.base/java.lang.Thread.run(Thread.java:1583)\n"]
2026-03-11 14:37:55,741{GMT}	INFO	[jepsen worker 2] jepsen.util: 587	:info	:generate	nil	[:crash "Unexpected exception handling (msg c7 n2 {\"type\":\"generate\",\"msg_id\":196}) : java.lang.UnsupportedOperationException: Not a string: 196\njava.lang.UnsupportedOperationException: Not a string: 196\n\tat com.eclipsesource.json.JsonValue.asString(JsonValue.java:384)\n\tat com.eclipsesource.json.JsonObject.getString(JsonObject.java:674)\n\tat lab.UniqueId$1.accept(UniqueId.java:27)\n\tat lab.UniqueId$1.accept(UniqueId.java:24)\n\tat lab.Node.handleRequest(Node.java:97)\n\tat lab.Node.handleMessage(Node.java:71)\n\tat lab.Node.lambda$run$0(Node.java:44)\n\tat java.base/java.util.concurrent.ThreadPoolExecutor.runWorker(ThreadPoolExecutor.java:1144)\n\tat java.base/java.util.concurrent.ThreadPoolExecutor$Worker.run(ThreadPoolExecutor.java:642)\n\tat java.base/java.lang.Thread.run(Thread.java:1583)\n"]
2026-03-11 14:37:55,741{GMT}	INFO	[jepsen worker 1] jepsen.util: 640	:invoke	:generate	nil
2026-03-11 14:37:55,742{GMT}	INFO	[jepsen worker 2] jepsen.util: 590	:invoke	:generate	nil
2026-03-11 14:37:55,742{GMT}	INFO	[jepsen worker 0] jepsen.util: 669	:info	:generate	nil	[:crash "Unexpected exception handling (msg c8 n0 {\"type\":\"generate\",\"msg_id\":224}) : java.lang.UnsupportedOperationException: Not a string: 224\njava.lang.UnsupportedOperationException: Not a string: 224\n\tat com.eclipsesource.json.JsonValue.asString(JsonValue.java:384)\n\tat com.eclipsesource.json.JsonObject.getString(JsonObject.java:674)\n\tat lab.UniqueId$1.accept(UniqueId.java:27)\n\tat lab.UniqueId$1.accept(UniqueId.java:24)\n\tat lab.Node.handleRequest(Node.java:97)\n\tat lab.Node.handleMessage(Node.java:71)\n\tat lab.Node.lambda$run$0(Node.java:44)\n\tat java.base/java.util.concurrent.ThreadPoolExecutor.runWorker(ThreadPoolExecutor.java:1144)\n\tat java.base/java.util.concurrent.ThreadPoolExecutor$Worker.run(ThreadPoolExecutor.java:642)\n\tat java.base/java.lang.Thread.run(Thread.java:1583)\n"]
2026-03-11 14:37:55,742{GMT}	INFO	[jepsen worker 0] jepsen.util: 672	:invoke	:generate	nil
2026-03-11 14:37:55,742{GMT}	INFO	[jepsen worker 1] jepsen.util: 640	:info	:generate	nil	[:crash "Unexpected exception handling (msg c6 n1 {\"type\":\"generate\",\"msg_id\":214}) : java.lang.UnsupportedOperationException: Not a string: 214\njava.lang.UnsupportedOperationException: Not a string: 214\n\tat com.eclipsesource.json.JsonValue.asString(JsonValue.java:384)\n\tat com.eclipsesource.json.JsonObject.getString(JsonObject.java:674)\n\tat lab.UniqueId$1.accept(UniqueId.java:27)\n\tat lab.UniqueId$1.accept(UniqueId.java:24)\n\tat lab.Node.handleRequest(Node.java:97)\n\tat lab.Node.handleMessage(Node.java:71)\n\tat lab.Node.lambda$run$0(Node.java:44)\n\tat java.base/java.util.concurrent.ThreadPoolExecutor.runWorker(ThreadPoolExecutor.java:1144)\n\tat java.base/java.util.concurrent.ThreadPoolExecutor$Worker.run(ThreadPoolExecutor.java:642)\n\tat java.base/java.lang.Thread.run(Thread.java:1583)\n"]
2026-03-11 14:37:55,744{GMT}	INFO	[jepsen worker 0] jepsen.util: 672	:info	:generate	nil	[:crash "Unexpected exception handling (msg c8 n0 {\"type\":\"generate\",\"msg_id\":225}) : java.lang.UnsupportedOperationException: Not a string: 225\njava.lang.UnsupportedOperationException: Not a string: 225\n\tat com.eclipsesource.json.JsonValue.asString(JsonValue.java:384)\n\tat com.eclipsesource.json.JsonObject.getString(JsonObject.java:674)\n\tat lab.UniqueId$1.accept(UniqueId.java:27)\n\tat lab.UniqueId$1.accept(UniqueId.java:24)\n\tat lab.Node.handleRequest(Node.java:97)\n\tat lab.Node.handleMessage(Node.java:71)\n\tat lab.Node.lambda$run$0(Node.java:44)\n\tat java.base/java.util.concurrent.ThreadPoolExecutor.runWorker(ThreadPoolExecutor.java:1144)\n\tat java.base/java.util.concurrent.ThreadPoolExecutor$Worker.run(ThreadPoolExecutor.java:642)\n\tat java.base/java.lang.Thread.run(Thread.java:1583)\n"]
2026-03-11 14:37:55,744{GMT}	INFO	[jepsen worker 2] jepsen.util: 590	:info	:generate	nil	[:crash "Unexpected exception handling (msg c7 n2 {\"type\":\"generate\",\"msg_id\":197}) : java.lang.UnsupportedOperationException: Not a string: 197\njava.lang.UnsupportedOperationException: Not a string: 197\n\tat com.eclipsesource.json.JsonValue.asString(JsonValue.java:384)\n\tat com.eclipsesource.json.JsonObject.getString(JsonObject.java:674)\n\tat lab.UniqueId$1.accept(UniqueId.java:27)\n\tat lab.UniqueId$1.accept(UniqueId.java:24)\n\tat lab.Node.handleRequest(Node.java:97)\n\tat lab.Node.handleMessage(Node.java:71)\n\tat lab.Node.lambda$run$0(Node.java:44)\n\tat java.base/java.util.concurrent.ThreadPoolExecutor.runWorker(ThreadPoolExecutor.java:1144)\n\tat java.base/java.util.concurrent.ThreadPoolExecutor$Worker.run(ThreadPoolExecutor.java:642)\n\tat java.base/java.lang.Thread.run(Thread.java:1583)\n"]
2026-03-11 14:37:55,744{GMT}	INFO	[jepsen worker 2] jepsen.util: 593	:invoke	:generate	nil
2026-03-11 14:37:55,744{GMT}	INFO	[jepsen worker 0] jepsen.util: 675	:invoke	:generate	nil
2026-03-11 14:37:55,745{GMT}	INFO	[jepsen worker 0] jepsen.util: 675	:info	:generate	nil	[:crash "Unexpected exception handling (msg c8 n0 {\"type\":\"generate\",\"msg_id\":226}) : java.lang.UnsupportedOperationException: Not a string: 226\njava.lang.UnsupportedOperationException: Not a string: 226\n\tat com.eclipsesource.json.JsonValue.asString(JsonValue.java:384)\n\tat com.eclipsesource.json.JsonObject.getString(JsonObject.java:674)\n\tat lab.UniqueId$1.accept(UniqueId.java:27)\n\tat lab.UniqueId$1.accept(UniqueId.java:24)\n\tat lab.Node.handleRequest(Node.java:97)\n\tat lab.Node.handleMessage(Node.java:71)\n\tat lab.Node.lambda$run$0(Node.java:44)\n\tat java.base/java.util.concurrent.ThreadPoolExecutor.runWorker(ThreadPoolExecutor.java:1144)\n\tat java.base/java.util.concurrent.ThreadPoolExecutor$Worker.run(ThreadPoolExecutor.java:642)\n\tat java.base/java.lang.Thread.run(Thread.java:1583)\n"]
2026-03-11 14:37:55,745{GMT}	INFO	[jepsen worker 2] jepsen.util: 593	:info	:generate	nil	[:crash "Unexpected exception handling (msg c7 n2 {\"type\":\"generate\",\"msg_id\":198}) : java.lang.UnsupportedOperationException: Not a string: 198\njava.lang.UnsupportedOperationException: Not a string: 198\n\tat com.eclipsesource.json.JsonValue.asString(JsonValue.java:384)\n\tat com.eclipsesource.json.JsonObject.getString(JsonObject.java:674)\n\tat lab.UniqueId$1.accept(UniqueId.java:27)\n\tat lab.UniqueId$1.accept(UniqueId.java:24)\n\tat lab.Node.handleRequest(Node.java:97)\n\tat lab.Node.handleMessage(Node.java:71)\n\tat lab.Node.lambda$run$0(Node.java:44)\n\tat java.base/java.util.concurrent.ThreadPoolExecutor.runWorker(ThreadPoolExecutor.java:1144)\n\tat java.base/java.util.concurrent.ThreadPoolExecutor$Worker.run(ThreadPoolExecutor.java:642)\n\tat java.base/java.lang.Thread.run(Thread.java:1583)\n"]
2026-03-11 14:37:55,748{GMT}	INFO	[jepsen worker 1] jepsen.util: 643	:invoke	:generate	nil
2026-03-11 14:37:55,746{GMT}	INFO	[jepsen worker 0] jepsen.util: 678	:invoke	:generate	nil
2026-03-11 14:37:55,756{GMT}	INFO	[jepsen worker 2] jepsen.util: 596	:invoke	:generate	nil
2026-03-11 14:37:55,758{GMT}	INFO	[jepsen worker 2] jepsen.util: 596	:info	:generate	nil	[:crash "Unexpected exception handling (msg c7 n2 {\"type\":\"generate\",\"msg_id\":199}) : java.lang.UnsupportedOperationException: Not a string: 199\njava.lang.UnsupportedOperationException: Not a string: 199\n\tat com.eclipsesource.json.JsonValue.asString(JsonValue.java:384)\n\tat com.eclipsesource.json.JsonObject.getString(JsonObject.java:674)\n\tat lab.UniqueId$1.accept(UniqueId.java:27)\n\tat lab.UniqueId$1.accept(UniqueId.java:24)\n\tat lab.Node.handleRequest(Node.java:97)\n\tat lab.Node.handleMessage(Node.java:71)\n\tat lab.Node.lambda$run$0(Node.java:44)\n\tat java.base/java.util.concurrent.ThreadPoolExecutor.runWorker(ThreadPoolExecutor.java:1144)\n\tat java.base/java.util.concurrent.ThreadPoolExecutor$Worker.run(ThreadPoolExecutor.java:642)\n\tat java.base/java.lang.Thread.run(Thread.java:1583)\n"]
2026-03-11 14:37:55,758{GMT}	INFO	[jepsen worker 1] jepsen.util: 643	:info	:generate	nil	[:crash "Unexpected exception handling (msg c6 n1 {\"type\":\"generate\",\"msg_id\":215}) : java.lang.UnsupportedOperationException: Not a string: 215\njava.lang.UnsupportedOperationException: Not a string: 215\n\tat com.eclipsesource.json.JsonValue.asString(JsonValue.java:384)\n\tat com.eclipsesource.json.JsonObject.getString(JsonObject.java:674)\n\tat lab.UniqueId$1.accept(UniqueId.java:27)\n\tat lab.UniqueId$1.accept(UniqueId.java:24)\n\tat lab.Node.handleRequest(Node.java:97)\n\tat lab.Node.handleMessage(Node.java:71)\n\tat lab.Node.lambda$run$0(Node.java:44)\n\tat java.base/java.util.concurrent.ThreadPoolExecutor.runWorker(ThreadPoolExecutor.java:1144)\n\tat java.base/java.util.concurrent.ThreadPoolExecutor$Worker.run(ThreadPoolExecutor.java:642)\n\tat java.base/java.lang.Thread.run(Thread.java:1583)\n"]
2026-03-11 14:37:55,758{GMT}	INFO	[jepsen worker 1] jepsen.util: 646	:invoke	:generate	nil
2026-03-11 14:37:55,758{GMT}	INFO	[jepsen worker 0] jepsen.util: 678	:info	:generate	nil	[:crash "Unexpected exception handling (msg c8 n0 {\"type\":\"generate\",\"msg_id\":227}) : java.lang.UnsupportedOperationException: Not a string: 227\njava.lang.UnsupportedOperationException: Not a string: 227\n\tat com.eclipsesource.json.JsonValue.asString(JsonValue.java:384)\n\tat com.eclipsesource.json.JsonObject.getString(JsonObject.java:674)\n\tat lab.UniqueId$1.accept(UniqueId.java:27)\n\tat lab.UniqueId$1.accept(UniqueId.java:24)\n\tat lab.Node.handleRequest(Node.java:97)\n\tat lab.Node.handleMessage(Node.java:71)\n\tat lab.Node.lambda$run$0(Node.java:44)\n\tat java.base/java.util.concurrent.ThreadPoolExecutor.runWorker(ThreadPoolExecutor.java:1144)\n\tat java.base/java.util.concurrent.ThreadPoolExecutor$Worker.run(ThreadPoolExecutor.java:642)\n\tat java.base/java.lang.Thread.run(Thread.java:1583)\n"]
2026-03-11 14:37:55,760{GMT}	INFO	[jepsen worker 1] jepsen.util: 646	:info	:generate	nil	[:crash "Unexpected exception handling (msg c6 n1 {\"type\":\"generate\",\"msg_id\":216}) : java.lang.UnsupportedOperationException: Not a string: 216\njava.lang.UnsupportedOperationException: Not a string: 216\n\tat com.eclipsesource.json.JsonValue.asString(JsonValue.java:384)\n\tat com.eclipsesource.json.JsonObject.getString(JsonObject.java:674)\n\tat lab.UniqueId$1.accept(UniqueId.java:27)\n\tat lab.UniqueId$1.accept(UniqueId.java:24)\n\tat lab.Node.handleRequest(Node.java:97)\n\tat lab.Node.handleMessage(Node.java:71)\n\tat lab.Node.lambda$run$0(Node.java:44)\n\tat java.base/java.util.concurrent.ThreadPoolExecutor.runWorker(ThreadPoolExecutor.java:1144)\n\tat java.base/java.util.concurrent.ThreadPoolExecutor$Worker.run(ThreadPoolExecutor.java:642)\n\tat java.base/java.lang.Thread.run(Thread.java:1583)\n"]
2026-03-11 14:37:55,760{GMT}	INFO	[jepsen worker 0] jepsen.util: 681	:invoke	:generate	nil
2026-03-11 14:37:55,761{GMT}	INFO	[jepsen worker 1] jepsen.util: 649	:invoke	:generate	nil
2026-03-11 14:37:55,761{GMT}	INFO	[jepsen worker 0] jepsen.util: 681	:info	:generate	nil	[:crash "Unexpected exception handling (msg c8 n0 {\"type\":\"generate\",\"msg_id\":228}) : java.lang.UnsupportedOperationException: Not a string: 228\njava.lang.UnsupportedOperationException: Not a string: 228\n\tat com.eclipsesource.json.JsonValue.asString(JsonValue.java:384)\n\tat com.eclipsesource.json.JsonObject.getString(JsonObject.java:674)\n\tat lab.UniqueId$1.accept(UniqueId.java:27)\n\tat lab.UniqueId$1.accept(UniqueId.java:24)\n\tat lab.Node.handleRequest(Node.java:97)\n\tat lab.Node.handleMessage(Node.java:71)\n\tat lab.Node.lambda$run$0(Node.java:44)\n\tat java.base/java.util.concurrent.ThreadPoolExecutor.runWorker(ThreadPoolExecutor.java:1144)\n\tat java.base/java.util.concurrent.ThreadPoolExecutor$Worker.run(ThreadPoolExecutor.java:642)\n\tat java.base/java.lang.Thread.run(Thread.java:1583)\n"]
2026-03-11 14:37:55,763{GMT}	INFO	[jepsen worker 2] jepsen.util: 599	:invoke	:generate	nil
2026-03-11 14:37:55,763{GMT}	INFO	[jepsen worker 1] jepsen.util: 649	:info	:generate	nil	[:crash "Unexpected exception handling (msg c6 n1 {\"type\":\"generate\",\"msg_id\":217}) : java.lang.UnsupportedOperationException: Not a string: 217\njava.lang.UnsupportedOperationException: Not a string: 217\n\tat com.eclipsesource.json.JsonValue.asString(JsonValue.java:384)\n\tat com.eclipsesource.json.JsonObject.getString(JsonObject.java:674)\n\tat lab.UniqueId$1.accept(UniqueId.java:27)\n\tat lab.UniqueId$1.accept(UniqueId.java:24)\n\tat lab.Node.handleRequest(Node.java:97)\n\tat lab.Node.handleMessage(Node.java:71)\n\tat lab.Node.lambda$run$0(Node.java:44)\n\tat java.base/java.util.concurrent.ThreadPoolExecutor.runWorker(ThreadPoolExecutor.java:1144)\n\tat java.base/java.util.concurrent.ThreadPoolExecutor$Worker.run(ThreadPoolExecutor.java:642)\n\tat java.base/java.lang.Thread.run(Thread.java:1583)\n"]
2026-03-11 14:37:55,764{GMT}	INFO	[jepsen worker 1] jepsen.util: 652	:invoke	:generate	nil
2026-03-11 14:37:55,764{GMT}	INFO	[jepsen worker 0] jepsen.util: 684	:invoke	:generate	nil
2026-03-11 14:37:55,766{GMT}	INFO	[jepsen worker 1] jepsen.util: 652	:info	:generate	nil	[:crash "Unexpected exception handling (msg c6 n1 {\"type\":\"generate\",\"msg_id\":218}) : java.lang.UnsupportedOperationException: Not a string: 218\njava.lang.UnsupportedOperationException: Not a string: 218\n\tat com.eclipsesource.json.JsonValue.asString(JsonValue.java:384)\n\tat com.eclipsesource.json.JsonObject.getString(JsonObject.java:674)\n\tat lab.UniqueId$1.accept(UniqueId.java:27)\n\tat lab.UniqueId$1.accept(UniqueId.java:24)\n\tat lab.Node.handleRequest(Node.java:97)\n\tat lab.Node.handleMessage(Node.java:71)\n\tat lab.Node.lambda$run$0(Node.java:44)\n\tat java.base/java.util.concurrent.ThreadPoolExecutor.runWorker(ThreadPoolExecutor.java:1144)\n\tat java.base/java.util.concurrent.ThreadPoolExecutor$Worker.run(ThreadPoolExecutor.java:642)\n\tat java.base/java.lang.Thread.run(Thread.java:1583)\n"]
2026-03-11 14:37:55,765{GMT}	INFO	[jepsen worker 2] jepsen.util: 599	:info	:generate	nil	[:crash "Unexpected exception handling (msg c7 n2 {\"type\":\"generate\",\"msg_id\":200}) : java.lang.UnsupportedOperationException: Not a string: 200\njava.lang.UnsupportedOperationException: Not a string: 200\n\tat com.eclipsesource.json.JsonValue.asString(JsonValue.java:384)\n\tat com.eclipsesource.json.JsonObject.getString(JsonObject.java:674)\n\tat lab.UniqueId$1.accept(UniqueId.java:27)\n\tat lab.UniqueId$1.accept(UniqueId.java:24)\n\tat lab.Node.handleRequest(Node.java:97)\n\tat lab.Node.handleMessage(Node.java:71)\n\tat lab.Node.lambda$run$0(Node.java:44)\n\tat java.base/java.util.concurrent.ThreadPoolExecutor.runWorker(ThreadPoolExecutor.java:1144)\n\tat java.base/java.util.concurrent.ThreadPoolExecutor$Worker.run(ThreadPoolExecutor.java:642)\n\tat java.base/java.lang.Thread.run(Thread.java:1583)\n"]
2026-03-11 14:37:55,766{GMT}	INFO	[jepsen worker 0] jepsen.util: 684	:info	:generate	nil	[:crash "Unexpected exception handling (msg c8 n0 {\"type\":\"generate\",\"msg_id\":229}) : java.lang.UnsupportedOperationException: Not a string: 229\njava.lang.UnsupportedOperationException: Not a string: 229\n\tat com.eclipsesource.json.JsonValue.asString(JsonValue.java:384)\n\tat com.eclipsesource.json.JsonObject.getString(JsonObject.java:674)\n\tat lab.UniqueId$1.accept(UniqueId.java:27)\n\tat lab.UniqueId$1.accept(UniqueId.java:24)\n\tat lab.Node.handleRequest(Node.java:97)\n\tat lab.Node.handleMessage(Node.java:71)\n\tat lab.Node.lambda$run$0(Node.java:44)\n\tat java.base/java.util.concurrent.ThreadPoolExecutor.runWorker(ThreadPoolExecutor.java:1144)\n\tat java.base/java.util.concurrent.ThreadPoolExecutor$Worker.run(ThreadPoolExecutor.java:642)\n\tat java.base/java.lang.Thread.run(Thread.java:1583)\n"]
2026-03-11 14:37:55,767{GMT}	INFO	[jepsen worker 2] jepsen.util: 602	:invoke	:generate	nil
2026-03-11 14:37:55,767{GMT}	INFO	[jepsen worker 0] jepsen.util: 687	:invoke	:generate	nil
2026-03-11 14:37:55,768{GMT}	INFO	[jepsen worker 1] jepsen.util: 655	:invoke	:generate	nil
2026-03-11 14:37:55,769{GMT}	INFO	[jepsen worker 0] jepsen.util: 687	:info	:generate	nil	[:crash "Unexpected exception handling (msg c8 n0 {\"type\":\"generate\",\"msg_id\":230}) : java.lang.UnsupportedOperationException: Not a string: 230\njava.lang.UnsupportedOperationException: Not a string: 230\n\tat com.eclipsesource.json.JsonValue.asString(JsonValue.java:384)\n\tat com.eclipsesource.json.JsonObject.getString(JsonObject.java:674)\n\tat lab.UniqueId$1.accept(UniqueId.java:27)\n\tat lab.UniqueId$1.accept(UniqueId.java:24)\n\tat lab.Node.handleRequest(Node.java:97)\n\tat lab.Node.handleMessage(Node.java:71)\n\tat lab.Node.lambda$run$0(Node.java:44)\n\tat java.base/java.util.concurrent.ThreadPoolExecutor.runWorker(ThreadPoolExecutor.java:1144)\n\tat java.base/java.util.concurrent.ThreadPoolExecutor$Worker.run(ThreadPoolExecutor.java:642)\n\tat java.base/java.lang.Thread.run(Thread.java:1583)\n"]
2026-03-11 14:37:55,769{GMT}	INFO	[jepsen worker 2] jepsen.util: 602	:info	:generate	nil	[:crash "Unexpected exception handling (msg c7 n2 {\"type\":\"generate\",\"msg_id\":201}) : java.lang.UnsupportedOperationException: Not a string: 201\njava.lang.UnsupportedOperationException: Not a string: 201\n\tat com.eclipsesource.json.JsonValue.asString(JsonValue.java:384)\n\tat com.eclipsesource.json.JsonObject.getString(JsonObject.java:674)\n\tat lab.UniqueId$1.accept(UniqueId.java:27)\n\tat lab.UniqueId$1.accept(UniqueId.java:24)\n\tat lab.Node.handleRequest(Node.java:97)\n\tat lab.Node.handleMessage(Node.java:71)\n\tat lab.Node.lambda$run$0(Node.java:44)\n\tat java.base/java.util.concurrent.ThreadPoolExecutor.runWorker(ThreadPoolExecutor.java:1144)\n\tat java.base/java.util.concurrent.ThreadPoolExecutor$Worker.run(ThreadPoolExecutor.java:642)\n\tat java.base/java.lang.Thread.run(Thread.java:1583)\n"]
2026-03-11 14:37:55,770{GMT}	INFO	[jepsen worker 1] jepsen.util: 655	:info	:generate	nil	[:crash "Unexpected exception handling (msg c6 n1 {\"type\":\"generate\",\"msg_id\":219}) : java.lang.UnsupportedOperationException: Not a string: 219\njava.lang.UnsupportedOperationException: Not a string: 219\n\tat com.eclipsesource.json.JsonValue.asString(JsonValue.java:384)\n\tat com.eclipsesource.json.JsonObject.getString(JsonObject.java:674)\n\tat lab.UniqueId$1.accept(UniqueId.java:27)\n\tat lab.UniqueId$1.accept(UniqueId.java:24)\n\tat lab.Node.handleRequest(Node.java:97)\n\tat lab.Node.handleMessage(Node.java:71)\n\tat lab.Node.lambda$run$0(Node.java:44)\n\tat java.base/java.util.concurrent.ThreadPoolExecutor.runWorker(ThreadPoolExecutor.java:1144)\n\tat java.base/java.util.concurrent.ThreadPoolExecutor$Worker.run(ThreadPoolExecutor.java:642)\n\tat java.base/java.lang.Thread.run(Thread.java:1583)\n"]
2026-03-11 14:37:55,782{GMT}	INFO	[jepsen worker 0] jepsen.util: 690	:invoke	:generate	nil
2026-03-11 14:37:55,782{GMT}	INFO	[jepsen worker 2] jepsen.util: 605	:invoke	:generate	nil
2026-03-11 14:37:55,782{GMT}	INFO	[jepsen worker 1] jepsen.util: 658	:invoke	:generate	nil
2026-03-11 14:37:55,784{GMT}	INFO	[jepsen worker 1] jepsen.util: 658	:info	:generate	nil	[:crash "Unexpected exception handling (msg c6 n1 {\"type\":\"generate\",\"msg_id\":220}) : java.lang.UnsupportedOperationException: Not a string: 220\njava.lang.UnsupportedOperationException: Not a string: 220\n\tat com.eclipsesource.json.JsonValue.asString(JsonValue.java:384)\n\tat com.eclipsesource.json.JsonObject.getString(JsonObject.java:674)\n\tat lab.UniqueId$1.accept(UniqueId.java:27)\n\tat lab.UniqueId$1.accept(UniqueId.java:24)\n\tat lab.Node.handleRequest(Node.java:97)\n\tat lab.Node.handleMessage(Node.java:71)\n\tat lab.Node.lambda$run$0(Node.java:44)\n\tat java.base/java.util.concurrent.ThreadPoolExecutor.runWorker(ThreadPoolExecutor.java:1144)\n\tat java.base/java.util.concurrent.ThreadPoolExecutor$Worker.run(ThreadPoolExecutor.java:642)\n\tat java.base/java.lang.Thread.run(Thread.java:1583)\n"]
2026-03-11 14:37:55,784{GMT}	INFO	[jepsen worker 0] jepsen.util: 690	:info	:generate	nil	[:crash "Unexpected exception handling (msg c8 n0 {\"type\":\"generate\",\"msg_id\":231}) : java.lang.UnsupportedOperationException: Not a string: 231\njava.lang.UnsupportedOperationException: Not a string: 231\n\tat com.eclipsesource.json.JsonValue.asString(JsonValue.java:384)\n\tat com.eclipsesource.json.JsonObject.getString(JsonObject.java:674)\n\tat lab.UniqueId$1.accept(UniqueId.java:27)\n\tat lab.UniqueId$1.accept(UniqueId.java:24)\n\tat lab.Node.handleRequest(Node.java:97)\n\tat lab.Node.handleMessage(Node.java:71)\n\tat lab.Node.lambda$run$0(Node.java:44)\n\tat java.base/java.util.concurrent.ThreadPoolExecutor.runWorker(ThreadPoolExecutor.java:1144)\n\tat java.base/java.util.concurrent.ThreadPoolExecutor$Worker.run(ThreadPoolExecutor.java:642)\n\tat java.base/java.lang.Thread.run(Thread.java:1583)\n"]
2026-03-11 14:37:55,784{GMT}	INFO	[jepsen worker 2] jepsen.util: 605	:info	:generate	nil	[:crash "Unexpected exception handling (msg c7 n2 {\"type\":\"generate\",\"msg_id\":202}) : java.lang.UnsupportedOperationException: Not a string: 202\njava.lang.UnsupportedOperationException: Not a string: 202\n\tat com.eclipsesource.json.JsonValue.asString(JsonValue.java:384)\n\tat com.eclipsesource.json.JsonObject.getString(JsonObject.java:674)\n\tat lab.UniqueId$1.accept(UniqueId.java:27)\n\tat lab.UniqueId$1.accept(UniqueId.java:24)\n\tat lab.Node.handleRequest(Node.java:97)\n\tat lab.Node.handleMessage(Node.java:71)\n\tat lab.Node.lambda$run$0(Node.java:44)\n\tat java.base/java.util.concurrent.ThreadPoolExecutor.runWorker(ThreadPoolExecutor.java:1144)\n\tat java.base/java.util.concurrent.ThreadPoolExecutor$Worker.run(ThreadPoolExecutor.java:642)\n\tat java.base/java.lang.Thread.run(Thread.java:1583)\n"]
2026-03-11 14:37:55,784{GMT}	INFO	[jepsen worker 0] jepsen.util: 693	:invoke	:generate	nil
2026-03-11 14:37:55,785{GMT}	INFO	[jepsen worker 1] jepsen.util: 661	:invoke	:generate	nil
2026-03-11 14:37:55,786{GMT}	INFO	[jepsen worker 0] jepsen.util: 693	:info	:generate	nil	[:crash "Unexpected exception handling (msg c8 n0 {\"type\":\"generate\",\"msg_id\":232}) : java.lang.UnsupportedOperationException: Not a string: 232\njava.lang.UnsupportedOperationException: Not a string: 232\n\tat com.eclipsesource.json.JsonValue.asString(JsonValue.java:384)\n\tat com.eclipsesource.json.JsonObject.getString(JsonObject.java:674)\n\tat lab.UniqueId$1.accept(UniqueId.java:27)\n\tat lab.UniqueId$1.accept(UniqueId.java:24)\n\tat lab.Node.handleRequest(Node.java:97)\n\tat lab.Node.handleMessage(Node.java:71)\n\tat lab.Node.lambda$run$0(Node.java:44)\n\tat java.base/java.util.concurrent.ThreadPoolExecutor.runWorker(ThreadPoolExecutor.java:1144)\n\tat java.base/java.util.concurrent.ThreadPoolExecutor$Worker.run(ThreadPoolExecutor.java:642)\n\tat java.base/java.lang.Thread.run(Thread.java:1583)\n"]
2026-03-11 14:37:55,786{GMT}	INFO	[jepsen worker 2] jepsen.util: 608	:invoke	:generate	nil
2026-03-11 14:37:55,787{GMT}	INFO	[jepsen worker 1] jepsen.util: 661	:info	:generate	nil	[:crash "Unexpected exception handling (msg c6 n1 {\"type\":\"generate\",\"msg_id\":221}) : java.lang.UnsupportedOperationException: Not a string: 221\njava.lang.UnsupportedOperationException: Not a string: 221\n\tat com.eclipsesource.json.JsonValue.asString(JsonValue.java:384)\n\tat com.eclipsesource.json.JsonObject.getString(JsonObject.java:674)\n\tat lab.UniqueId$1.accept(UniqueId.java:27)\n\tat lab.UniqueId$1.accept(UniqueId.java:24)\n\tat lab.Node.handleRequest(Node.java:97)\n\tat lab.Node.handleMessage(Node.java:71)\n\tat lab.Node.lambda$run$0(Node.java:44)\n\tat java.base/java.util.concurrent.ThreadPoolExecutor.runWorker(ThreadPoolExecutor.java:1144)\n\tat java.base/java.util.concurrent.ThreadPoolExecutor$Worker.run(ThreadPoolExecutor.java:642)\n\tat java.base/java.lang.Thread.run(Thread.java:1583)\n"]
2026-03-11 14:37:55,788{GMT}	INFO	[jepsen worker 0] jepsen.util: 696	:invoke	:generate	nil
2026-03-11 14:37:55,788{GMT}	INFO	[jepsen worker 2] jepsen.util: 608	:info	:generate	nil	[:crash "Unexpected exception handling (msg c7 n2 {\"type\":\"generate\",\"msg_id\":203}) : java.lang.UnsupportedOperationException: Not a string: 203\njava.lang.UnsupportedOperationException: Not a string: 203\n\tat com.eclipsesource.json.JsonValue.asString(JsonValue.java:384)\n\tat com.eclipsesource.json.JsonObject.getString(JsonObject.java:674)\n\tat lab.UniqueId$1.accept(UniqueId.java:27)\n\tat lab.UniqueId$1.accept(UniqueId.java:24)\n\tat lab.Node.handleRequest(Node.java:97)\n\tat lab.Node.handleMessage(Node.java:71)\n\tat lab.Node.lambda$run$0(Node.java:44)\n\tat java.base/java.util.concurrent.ThreadPoolExecutor.runWorker(ThreadPoolExecutor.java:1144)\n\tat java.base/java.util.concurrent.ThreadPoolExecutor$Worker.run(ThreadPoolExecutor.java:642)\n\tat java.base/java.lang.Thread.run(Thread.java:1583)\n"]
2026-03-11 14:37:55,789{GMT}	INFO	[jepsen worker 1] jepsen.util: 664	:invoke	:generate	nil
2026-03-11 14:37:55,790{GMT}	INFO	[jepsen worker 0] jepsen.util: 696	:info	:generate	nil	[:crash "Unexpected exception handling (msg c8 n0 {\"type\":\"generate\",\"msg_id\":233}) : java.lang.UnsupportedOperationException: Not a string: 233\njava.lang.UnsupportedOperationException: Not a string: 233\n\tat com.eclipsesource.json.JsonValue.asString(JsonValue.java:384)\n\tat com.eclipsesource.json.JsonObject.getString(JsonObject.java:674)\n\tat lab.UniqueId$1.accept(UniqueId.java:27)\n\tat lab.UniqueId$1.accept(UniqueId.java:24)\n\tat lab.Node.handleRequest(Node.java:97)\n\tat lab.Node.handleMessage(Node.java:71)\n\tat lab.Node.lambda$run$0(Node.java:44)\n\tat java.base/java.util.concurrent.ThreadPoolExecutor.runWorker(ThreadPoolExecutor.java:1144)\n\tat java.base/java.util.concurrent.ThreadPoolExecutor$Worker.run(ThreadPoolExecutor.java:642)\n\tat java.base/java.lang.Thread.run(Thread.java:1583)\n"]
2026-03-11 14:37:55,791{GMT}	INFO	[jepsen worker 1] jepsen.util: 664	:info	:generate	nil	[:crash "Unexpected exception handling (msg c6 n1 {\"type\":\"generate\",\"msg_id\":222}) : java.lang.UnsupportedOperationException: Not a string: 222\njava.lang.UnsupportedOperationException: Not a string: 222\n\tat com.eclipsesource.json.JsonValue.asString(JsonValue.java:384)\n\tat com.eclipsesource.json.JsonObject.getString(JsonObject.java:674)\n\tat lab.UniqueId$1.accept(UniqueId.java:27)\n\tat lab.UniqueId$1.accept(UniqueId.java:24)\n\tat lab.Node.handleRequest(Node.java:97)\n\tat lab.Node.handleMessage(Node.java:71)\n\tat lab.Node.lambda$run$0(Node.java:44)\n\tat java.base/java.util.concurrent.ThreadPoolExecutor.runWorker(ThreadPoolExecutor.java:1144)\n\tat java.base/java.util.concurrent.ThreadPoolExecutor$Worker.run(ThreadPoolExecutor.java:642)\n\tat java.base/java.lang.Thread.run(Thread.java:1583)\n"]
2026-03-11 14:37:55,791{GMT}	INFO	[jepsen worker 0] jepsen.util: 699	:invoke	:generate	nil
2026-03-11 14:37:55,793{GMT}	INFO	[jepsen worker 2] jepsen.util: 611	:invoke	:generate	nil
2026-03-11 14:37:55,794{GMT}	INFO	[jepsen worker 1] jepsen.util: 667	:invoke	:generate	nil
2026-03-11 14:37:55,796{GMT}	INFO	[jepsen worker 1] jepsen.util: 667	:info	:generate	nil	[:crash "Unexpected exception handling (msg c6 n1 {\"type\":\"generate\",\"msg_id\":223}) : java.lang.UnsupportedOperationException: Not a string: 223\njava.lang.UnsupportedOperationException: Not a string: 223\n\tat com.eclipsesource.json.JsonValue.asString(JsonValue.java:384)\n\tat com.eclipsesource.json.JsonObject.getString(JsonObject.java:674)\n\tat lab.UniqueId$1.accept(UniqueId.java:27)\n\tat lab.UniqueId$1.accept(UniqueId.java:24)\n\tat lab.Node.handleRequest(Node.java:97)\n\tat lab.Node.handleMessage(Node.java:71)\n\tat lab.Node.lambda$run$0(Node.java:44)\n\tat java.base/java.util.concurrent.ThreadPoolExecutor.runWorker(ThreadPoolExecutor.java:1144)\n\tat java.base/java.util.concurrent.ThreadPoolExecutor$Worker.run(ThreadPoolExecutor.java:642)\n\tat java.base/java.lang.Thread.run(Thread.java:1583)\n"]
2026-03-11 14:37:55,796{GMT}	INFO	[jepsen worker 1] jepsen.util: 670	:invoke	:generate	nil
2026-03-11 14:37:55,797{GMT}	INFO	[jepsen worker 0] jepsen.util: 699	:info	:generate	nil	[:crash "Unexpected exception handling (msg c8 n0 {\"type\":\"generate\",\"msg_id\":234}) : java.lang.UnsupportedOperationException: Not a string: 234\njava.lang.UnsupportedOperationException: Not a string: 234\n\tat com.eclipsesource.json.JsonValue.asString(JsonValue.java:384)\n\tat com.eclipsesource.json.JsonObject.getString(JsonObject.java:674)\n\tat lab.UniqueId$1.accept(UniqueId.java:27)\n\tat lab.UniqueId$1.accept(UniqueId.java:24)\n\tat lab.Node.handleRequest(Node.java:97)\n\tat lab.Node.handleMessage(Node.java:71)\n\tat lab.Node.lambda$run$0(Node.java:44)\n\tat java.base/java.util.concurrent.ThreadPoolExecutor.runWorker(ThreadPoolExecutor.java:1144)\n\tat java.base/java.util.concurrent.ThreadPoolExecutor$Worker.run(ThreadPoolExecutor.java:642)\n\tat java.base/java.lang.Thread.run(Thread.java:1583)\n"]
2026-03-11 14:37:55,797{GMT}	INFO	[jepsen worker 0] jepsen.util: 702	:invoke	:generate	nil
2026-03-11 14:37:55,798{GMT}	INFO	[jepsen worker 1] jepsen.util: 670	:info	:generate	nil	[:crash "Unexpected exception handling (msg c6 n1 {\"type\":\"generate\",\"msg_id\":224}) : java.lang.UnsupportedOperationException: Not a string: 224\njava.lang.UnsupportedOperationException: Not a string: 224\n\tat com.eclipsesource.json.JsonValue.asString(JsonValue.java:384)\n\tat com.eclipsesource.json.JsonObject.getString(JsonObject.java:674)\n\tat lab.UniqueId$1.accept(UniqueId.java:27)\n\tat lab.UniqueId$1.accept(UniqueId.java:24)\n\tat lab.Node.handleRequest(Node.java:97)\n\tat lab.Node.handleMessage(Node.java:71)\n\tat lab.Node.lambda$run$0(Node.java:44)\n\tat java.base/java.util.concurrent.ThreadPoolExecutor.runWorker(ThreadPoolExecutor.java:1144)\n\tat java.base/java.util.concurrent.ThreadPoolExecutor$Worker.run(ThreadPoolExecutor.java:642)\n\tat java.base/java.lang.Thread.run(Thread.java:1583)\n"]
2026-03-11 14:37:55,798{GMT}	INFO	[jepsen worker 2] jepsen.util: 611	:info	:generate	nil	[:crash "Unexpected exception handling (msg c7 n2 {\"type\":\"generate\",\"msg_id\":204}) : java.lang.UnsupportedOperationException: Not a string: 204\njava.lang.UnsupportedOperationException: Not a string: 204\n\tat com.eclipsesource.json.JsonValue.asString(JsonValue.java:384)\n\tat com.eclipsesource.json.JsonObject.getString(JsonObject.java:674)\n\tat lab.UniqueId$1.accept(UniqueId.java:27)\n\tat lab.UniqueId$1.accept(UniqueId.java:24)\n\tat lab.Node.handleRequest(Node.java:97)\n\tat lab.Node.handleMessage(Node.java:71)\n\tat lab.Node.lambda$run$0(Node.java:44)\n\tat java.base/java.util.concurrent.ThreadPoolExecutor.runWorker(ThreadPoolExecutor.java:1144)\n\tat java.base/java.util.concurrent.ThreadPoolExecutor$Worker.run(ThreadPoolExecutor.java:642)\n\tat java.base/java.lang.Thread.run(Thread.java:1583)\n"]
2026-03-11 14:37:55,799{GMT}	INFO	[jepsen worker 0] jepsen.util: 702	:info	:generate	nil	[:crash "Unexpected exception handling (msg c8 n0 {\"type\":\"generate\",\"msg_id\":235}) : java.lang.UnsupportedOperationException: Not a string: 235\njava.lang.UnsupportedOperationException: Not a string: 235\n\tat com.eclipsesource.json.JsonValue.asString(JsonValue.java:384)\n\tat com.eclipsesource.json.JsonObject.getString(JsonObject.java:674)\n\tat lab.UniqueId$1.accept(UniqueId.java:27)\n\tat lab.UniqueId$1.accept(UniqueId.java:24)\n\tat lab.Node.handleRequest(Node.java:97)\n\tat lab.Node.handleMessage(Node.java:71)\n\tat lab.Node.lambda$run$0(Node.java:44)\n\tat java.base/java.util.concurrent.ThreadPoolExecutor.runWorker(ThreadPoolExecutor.java:1144)\n\tat java.base/java.util.concurrent.ThreadPoolExecutor$Worker.run(ThreadPoolExecutor.java:642)\n\tat java.base/java.lang.Thread.run(Thread.java:1583)\n"]
2026-03-11 14:37:55,803{GMT}	INFO	[jepsen worker 2] jepsen.util: 614	:invoke	:generate	nil
2026-03-11 14:37:55,803{GMT}	INFO	[jepsen worker 0] jepsen.util: 705	:invoke	:generate	nil
2026-03-11 14:37:55,803{GMT}	INFO	[jepsen worker 1] jepsen.util: 673	:invoke	:generate	nil
2026-03-11 14:37:55,804{GMT}	INFO	[jepsen worker 1] jepsen.util: 673	:info	:generate	nil	[:crash "Unexpected exception handling (msg c6 n1 {\"type\":\"generate\",\"msg_id\":225}) : java.lang.UnsupportedOperationException: Not a string: 225\njava.lang.UnsupportedOperationException: Not a string: 225\n\tat com.eclipsesource.json.JsonValue.asString(JsonValue.java:384)\n\tat com.eclipsesource.json.JsonObject.getString(JsonObject.java:674)\n\tat lab.UniqueId$1.accept(UniqueId.java:27)\n\tat lab.UniqueId$1.accept(UniqueId.java:24)\n\tat lab.Node.handleRequest(Node.java:97)\n\tat lab.Node.handleMessage(Node.java:71)\n\tat lab.Node.lambda$run$0(Node.java:44)\n\tat java.base/java.util.concurrent.ThreadPoolExecutor.runWorker(ThreadPoolExecutor.java:1144)\n\tat java.base/java.util.concurrent.ThreadPoolExecutor$Worker.run(ThreadPoolExecutor.java:642)\n\tat java.base/java.lang.Thread.run(Thread.java:1583)\n"]
2026-03-11 14:37:55,804{GMT}	INFO	[jepsen worker 0] jepsen.util: 705	:info	:generate	nil	[:crash "Unexpected exception handling (msg c8 n0 {\"type\":\"generate\",\"msg_id\":236}) : java.lang.UnsupportedOperationException: Not a string: 236\njava.lang.UnsupportedOperationException: Not a string: 236\n\tat com.eclipsesource.json.JsonValue.asString(JsonValue.java:384)\n\tat com.eclipsesource.json.JsonObject.getString(JsonObject.java:674)\n\tat lab.UniqueId$1.accept(UniqueId.java:27)\n\tat lab.UniqueId$1.accept(UniqueId.java:24)\n\tat lab.Node.handleRequest(Node.java:97)\n\tat lab.Node.handleMessage(Node.java:71)\n\tat lab.Node.lambda$run$0(Node.java:44)\n\tat java.base/java.util.concurrent.ThreadPoolExecutor.runWorker(ThreadPoolExecutor.java:1144)\n\tat java.base/java.util.concurrent.ThreadPoolExecutor$Worker.run(ThreadPoolExecutor.java:642)\n\tat java.base/java.lang.Thread.run(Thread.java:1583)\n"]
2026-03-11 14:37:55,804{GMT}	INFO	[jepsen worker 2] jepsen.util: 614	:info	:generate	nil	[:crash "Unexpected exception handling (msg c7 n2 {\"type\":\"generate\",\"msg_id\":205}) : java.lang.UnsupportedOperationException: Not a string: 205\njava.lang.UnsupportedOperationException: Not a string: 205\n\tat com.eclipsesource.json.JsonValue.asString(JsonValue.java:384)\n\tat com.eclipsesource.json.JsonObject.getString(JsonObject.java:674)\n\tat lab.UniqueId$1.accept(UniqueId.java:27)\n\tat lab.UniqueId$1.accept(UniqueId.java:24)\n\tat lab.Node.handleRequest(Node.java:97)\n\tat lab.Node.handleMessage(Node.java:71)\n\tat lab.Node.lambda$run$0(Node.java:44)\n\tat java.base/java.util.concurrent.ThreadPoolExecutor.runWorker(ThreadPoolExecutor.java:1144)\n\tat java.base/java.util.concurrent.ThreadPoolExecutor$Worker.run(ThreadPoolExecutor.java:642)\n\tat java.base/java.lang.Thread.run(Thread.java:1583)\n"]
2026-03-11 14:37:55,805{GMT}	INFO	[jepsen worker 1] jepsen.util: 676	:invoke	:generate	nil
2026-03-11 14:37:55,809{GMT}	INFO	[jepsen worker 0] jepsen.util: 708	:invoke	:generate	nil
2026-03-11 14:37:55,809{GMT}	INFO	[jepsen worker 2] jepsen.util: 617	:invoke	:generate	nil
2026-03-11 14:37:55,811{GMT}	INFO	[jepsen worker 0] jepsen.util: 708	:info	:generate	nil	[:crash "Unexpected exception handling (msg c8 n0 {\"type\":\"generate\",\"msg_id\":237}) : java.lang.UnsupportedOperationException: Not a string: 237\njava.lang.UnsupportedOperationException: Not a string: 237\n\tat com.eclipsesource.json.JsonValue.asString(JsonValue.java:384)\n\tat com.eclipsesource.json.JsonObject.getString(JsonObject.java:674)\n\tat lab.UniqueId$1.accept(UniqueId.java:27)\n\tat lab.UniqueId$1.accept(UniqueId.java:24)\n\tat lab.Node.handleRequest(Node.java:97)\n\tat lab.Node.handleMessage(Node.java:71)\n\tat lab.Node.lambda$run$0(Node.java:44)\n\tat java.base/java.util.concurrent.ThreadPoolExecutor.runWorker(ThreadPoolExecutor.java:1144)\n\tat java.base/java.util.concurrent.ThreadPoolExecutor$Worker.run(ThreadPoolExecutor.java:642)\n\tat java.base/java.lang.Thread.run(Thread.java:1583)\n"]
2026-03-11 14:37:55,811{GMT}	INFO	[jepsen worker 1] jepsen.util: 676	:info	:generate	nil	[:crash "Unexpected exception handling (msg c6 n1 {\"type\":\"generate\",\"msg_id\":226}) : java.lang.UnsupportedOperationException: Not a string: 226\njava.lang.UnsupportedOperationException: Not a string: 226\n\tat com.eclipsesource.json.JsonValue.asString(JsonValue.java:384)\n\tat com.eclipsesource.json.JsonObject.getString(JsonObject.java:674)\n\tat lab.UniqueId$1.accept(UniqueId.java:27)\n\tat lab.UniqueId$1.accept(UniqueId.java:24)\n\tat lab.Node.handleRequest(Node.java:97)\n\tat lab.Node.handleMessage(Node.java:71)\n\tat lab.Node.lambda$run$0(Node.java:44)\n\tat java.base/java.util.concurrent.ThreadPoolExecutor.runWorker(ThreadPoolExecutor.java:1144)\n\tat java.base/java.util.concurrent.ThreadPoolExecutor$Worker.run(ThreadPoolExecutor.java:642)\n\tat java.base/java.lang.Thread.run(Thread.java:1583)\n"]
2026-03-11 14:37:55,811{GMT}	INFO	[jepsen worker 2] jepsen.util: 617	:info	:generate	nil	[:crash "Unexpected exception handling (msg c7 n2 {\"type\":\"generate\",\"msg_id\":206}) : java.lang.UnsupportedOperationException: Not a string: 206\njava.lang.UnsupportedOperationException: Not a string: 206\n\tat com.eclipsesource.json.JsonValue.asString(JsonValue.java:384)\n\tat com.eclipsesource.json.JsonObject.getString(JsonObject.java:674)\n\tat lab.UniqueId$1.accept(UniqueId.java:27)\n\tat lab.UniqueId$1.accept(UniqueId.java:24)\n\tat lab.Node.handleRequest(Node.java:97)\n\tat lab.Node.handleMessage(Node.java:71)\n\tat lab.Node.lambda$run$0(Node.java:44)\n\tat java.base/java.util.concurrent.ThreadPoolExecutor.runWorker(ThreadPoolExecutor.java:1144)\n\tat java.base/java.util.concurrent.ThreadPoolExecutor$Worker.run(ThreadPoolExecutor.java:642)\n\tat java.base/java.lang.Thread.run(Thread.java:1583)\n"]
2026-03-11 14:37:55,811{GMT}	INFO	[jepsen worker 0] jepsen.util: 711	:invoke	:generate	nil
2026-03-11 14:37:55,812{GMT}	INFO	[jepsen worker 1] jepsen.util: 679	:invoke	:generate	nil
2026-03-11 14:37:55,812{GMT}	INFO	[jepsen worker 0] jepsen.util: 711	:info	:generate	nil	[:crash "Unexpected exception handling (msg c8 n0 {\"type\":\"generate\",\"msg_id\":238}) : java.lang.UnsupportedOperationException: Not a string: 238\njava.lang.UnsupportedOperationException: Not a string: 238\n\tat com.eclipsesource.json.JsonValue.asString(JsonValue.java:384)\n\tat com.eclipsesource.json.JsonObject.getString(JsonObject.java:674)\n\tat lab.UniqueId$1.accept(UniqueId.java:27)\n\tat lab.UniqueId$1.accept(UniqueId.java:24)\n\tat lab.Node.handleRequest(Node.java:97)\n\tat lab.Node.handleMessage(Node.java:71)\n\tat lab.Node.lambda$run$0(Node.java:44)\n\tat java.base/java.util.concurrent.ThreadPoolExecutor.runWorker(ThreadPoolExecutor.java:1144)\n\tat java.base/java.util.concurrent.ThreadPoolExecutor$Worker.run(ThreadPoolExecutor.java:642)\n\tat java.base/java.lang.Thread.run(Thread.java:1583)\n"]
2026-03-11 14:37:55,814{GMT}	INFO	[jepsen worker 2] jepsen.util: 620	:invoke	:generate	nil
2026-03-11 14:37:55,815{GMT}	INFO	[jepsen worker 1] jepsen.util: 679	:info	:generate	nil	[:crash "Unexpected exception handling (msg c6 n1 {\"type\":\"generate\",\"msg_id\":227}) : java.lang.UnsupportedOperationException: Not a string: 227\njava.lang.UnsupportedOperationException: Not a string: 227\n\tat com.eclipsesource.json.JsonValue.asString(JsonValue.java:384)\n\tat com.eclipsesource.json.JsonObject.getString(JsonObject.java:674)\n\tat lab.UniqueId$1.accept(UniqueId.java:27)\n\tat lab.UniqueId$1.accept(UniqueId.java:24)\n\tat lab.Node.handleRequest(Node.java:97)\n\tat lab.Node.handleMessage(Node.java:71)\n\tat lab.Node.lambda$run$0(Node.java:44)\n\tat java.base/java.util.concurrent.ThreadPoolExecutor.runWorker(ThreadPoolExecutor.java:1144)\n\tat java.base/java.util.concurrent.ThreadPoolExecutor$Worker.run(ThreadPoolExecutor.java:642)\n\tat java.base/java.lang.Thread.run(Thread.java:1583)\n"]
2026-03-11 14:37:55,816{GMT}	INFO	[jepsen worker 2] jepsen.util: 620	:info	:generate	nil	[:crash "Unexpected exception handling (msg c7 n2 {\"type\":\"generate\",\"msg_id\":207}) : java.lang.UnsupportedOperationException: Not a string: 207\njava.lang.UnsupportedOperationException: Not a string: 207\n\tat com.eclipsesource.json.JsonValue.asString(JsonValue.java:384)\n\tat com.eclipsesource.json.JsonObject.getString(JsonObject.java:674)\n\tat lab.UniqueId$1.accept(UniqueId.java:27)\n\tat lab.UniqueId$1.accept(UniqueId.java:24)\n\tat lab.Node.handleRequest(Node.java:97)\n\tat lab.Node.handleMessage(Node.java:71)\n\tat lab.Node.lambda$run$0(Node.java:44)\n\tat java.base/java.util.concurrent.ThreadPoolExecutor.runWorker(ThreadPoolExecutor.java:1144)\n\tat java.base/java.util.concurrent.ThreadPoolExecutor$Worker.run(ThreadPoolExecutor.java:642)\n\tat java.base/java.lang.Thread.run(Thread.java:1583)\n"]
2026-03-11 14:37:55,816{GMT}	INFO	[jepsen worker 0] jepsen.util: 714	:invoke	:generate	nil
2026-03-11 14:37:55,823{GMT}	INFO	[jepsen worker 1] jepsen.util: 682	:invoke	:generate	nil
2026-03-11 14:37:55,823{GMT}	INFO	[jepsen worker 2] jepsen.util: 623	:invoke	:generate	nil
2026-03-11 14:37:55,824{GMT}	INFO	[jepsen worker 2] jepsen.util: 623	:info	:generate	nil	[:crash "Unexpected exception handling (msg c7 n2 {\"type\":\"generate\",\"msg_id\":208}) : java.lang.UnsupportedOperationException: Not a string: 208\njava.lang.UnsupportedOperationException: Not a string: 208\n\tat com.eclipsesource.json.JsonValue.asString(JsonValue.java:384)\n\tat com.eclipsesource.json.JsonObject.getString(JsonObject.java:674)\n\tat lab.UniqueId$1.accept(UniqueId.java:27)\n\tat lab.UniqueId$1.accept(UniqueId.java:24)\n\tat lab.Node.handleRequest(Node.java:97)\n\tat lab.Node.handleMessage(Node.java:71)\n\tat lab.Node.lambda$run$0(Node.java:44)\n\tat java.base/java.util.concurrent.ThreadPoolExecutor.runWorker(ThreadPoolExecutor.java:1144)\n\tat java.base/java.util.concurrent.ThreadPoolExecutor$Worker.run(ThreadPoolExecutor.java:642)\n\tat java.base/java.lang.Thread.run(Thread.java:1583)\n"]
2026-03-11 14:37:55,824{GMT}	INFO	[jepsen worker 1] jepsen.util: 682	:info	:generate	nil	[:crash "Unexpected exception handling (msg c6 n1 {\"type\":\"generate\",\"msg_id\":228}) : java.lang.UnsupportedOperationException: Not a string: 228\njava.lang.UnsupportedOperationException: Not a string: 228\n\tat com.eclipsesource.json.JsonValue.asString(JsonValue.java:384)\n\tat com.eclipsesource.json.JsonObject.getString(JsonObject.java:674)\n\tat lab.UniqueId$1.accept(UniqueId.java:27)\n\tat lab.UniqueId$1.accept(UniqueId.java:24)\n\tat lab.Node.handleRequest(Node.java:97)\n\tat lab.Node.handleMessage(Node.java:71)\n\tat lab.Node.lambda$run$0(Node.java:44)\n\tat java.base/java.util.concurrent.ThreadPoolExecutor.runWorker(ThreadPoolExecutor.java:1144)\n\tat java.base/java.util.concurrent.ThreadPoolExecutor$Worker.run(ThreadPoolExecutor.java:642)\n\tat java.base/java.lang.Thread.run(Thread.java:1583)\n"]
2026-03-11 14:37:55,824{GMT}	INFO	[jepsen worker 0] jepsen.util: 714	:info	:generate	nil	[:crash "Unexpected exception handling (msg c8 n0 {\"type\":\"generate\",\"msg_id\":239}) : java.lang.UnsupportedOperationException: Not a string: 239\njava.lang.UnsupportedOperationException: Not a string: 239\n\tat com.eclipsesource.json.JsonValue.asString(JsonValue.java:384)\n\tat com.eclipsesource.json.JsonObject.getString(JsonObject.java:674)\n\tat lab.UniqueId$1.accept(UniqueId.java:27)\n\tat lab.UniqueId$1.accept(UniqueId.java:24)\n\tat lab.Node.handleRequest(Node.java:97)\n\tat lab.Node.handleMessage(Node.java:71)\n\tat lab.Node.lambda$run$0(Node.java:44)\n\tat java.base/java.util.concurrent.ThreadPoolExecutor.runWorker(ThreadPoolExecutor.java:1144)\n\tat java.base/java.util.concurrent.ThreadPoolExecutor$Worker.run(ThreadPoolExecutor.java:642)\n\tat java.base/java.lang.Thread.run(Thread.java:1583)\n"]
2026-03-11 14:37:55,825{GMT}	INFO	[jepsen worker 2] jepsen.util: 626	:invoke	:generate	nil
2026-03-11 14:37:55,839{GMT}	INFO	[jepsen worker 1] jepsen.util: 685	:invoke	:generate	nil
2026-03-11 14:37:55,839{GMT}	INFO	[jepsen worker 0] jepsen.util: 717	:invoke	:generate	nil
2026-03-11 14:37:55,841{GMT}	INFO	[jepsen worker 1] jepsen.util: 685	:info	:generate	nil	[:crash "Unexpected exception handling (msg c6 n1 {\"type\":\"generate\",\"msg_id\":229}) : java.lang.UnsupportedOperationException: Not a string: 229\njava.lang.UnsupportedOperationException: Not a string: 229\n\tat com.eclipsesource.json.JsonValue.asString(JsonValue.java:384)\n\tat com.eclipsesource.json.JsonObject.getString(JsonObject.java:674)\n\tat lab.UniqueId$1.accept(UniqueId.java:27)\n\tat lab.UniqueId$1.accept(UniqueId.java:24)\n\tat lab.Node.handleRequest(Node.java:97)\n\tat lab.Node.handleMessage(Node.java:71)\n\tat lab.Node.lambda$run$0(Node.java:44)\n\tat java.base/java.util.concurrent.ThreadPoolExecutor.runWorker(ThreadPoolExecutor.java:1144)\n\tat java.base/java.util.concurrent.ThreadPoolExecutor$Worker.run(ThreadPoolExecutor.java:642)\n\tat java.base/java.lang.Thread.run(Thread.java:1583)\n"]
2026-03-11 14:37:55,841{GMT}	INFO	[jepsen worker 2] jepsen.util: 626	:info	:generate	nil	[:crash "Unexpected exception handling (msg c7 n2 {\"type\":\"generate\",\"msg_id\":209}) : java.lang.UnsupportedOperationException: Not a string: 209\njava.lang.UnsupportedOperationException: Not a string: 209\n\tat com.eclipsesource.json.JsonValue.asString(JsonValue.java:384)\n\tat com.eclipsesource.json.JsonObject.getString(JsonObject.java:674)\n\tat lab.UniqueId$1.accept(UniqueId.java:27)\n\tat lab.UniqueId$1.accept(UniqueId.java:24)\n\tat lab.Node.handleRequest(Node.java:97)\n\tat lab.Node.handleMessage(Node.java:71)\n\tat lab.Node.lambda$run$0(Node.java:44)\n\tat java.base/java.util.concurrent.ThreadPoolExecutor.runWorker(ThreadPoolExecutor.java:1144)\n\tat java.base/java.util.concurrent.ThreadPoolExecutor$Worker.run(ThreadPoolExecutor.java:642)\n\tat java.base/java.lang.Thread.run(Thread.java:1583)\n"]
2026-03-11 14:37:55,841{GMT}	INFO	[jepsen worker 0] jepsen.util: 717	:info	:generate	nil	[:crash "Unexpected exception handling (msg c8 n0 {\"type\":\"generate\",\"msg_id\":240}) : java.lang.UnsupportedOperationException: Not a string: 240\njava.lang.UnsupportedOperationException: Not a string: 240\n\tat com.eclipsesource.json.JsonValue.asString(JsonValue.java:384)\n\tat com.eclipsesource.json.JsonObject.getString(JsonObject.java:674)\n\tat lab.UniqueId$1.accept(UniqueId.java:27)\n\tat lab.UniqueId$1.accept(UniqueId.java:24)\n\tat lab.Node.handleRequest(Node.java:97)\n\tat lab.Node.handleMessage(Node.java:71)\n\tat lab.Node.lambda$run$0(Node.java:44)\n\tat java.base/java.util.concurrent.ThreadPoolExecutor.runWorker(ThreadPoolExecutor.java:1144)\n\tat java.base/java.util.concurrent.ThreadPoolExecutor$Worker.run(ThreadPoolExecutor.java:642)\n\tat java.base/java.lang.Thread.run(Thread.java:1583)\n"]
2026-03-11 14:37:55,841{GMT}	INFO	[jepsen worker 0] jepsen.util: 720	:invoke	:generate	nil
2026-03-11 14:37:55,842{GMT}	INFO	[jepsen worker 1] jepsen.util: 688	:invoke	:generate	nil
2026-03-11 14:37:55,842{GMT}	INFO	[jepsen worker 0] jepsen.util: 720	:info	:generate	nil	[:crash "Unexpected exception handling (msg c8 n0 {\"type\":\"generate\",\"msg_id\":241}) : java.lang.UnsupportedOperationException: Not a string: 241\njava.lang.UnsupportedOperationException: Not a string: 241\n\tat com.eclipsesource.json.JsonValue.asString(JsonValue.java:384)\n\tat com.eclipsesource.json.JsonObject.getString(JsonObject.java:674)\n\tat lab.UniqueId$1.accept(UniqueId.java:27)\n\tat lab.UniqueId$1.accept(UniqueId.java:24)\n\tat lab.Node.handleRequest(Node.java:97)\n\tat lab.Node.handleMessage(Node.java:71)\n\tat lab.Node.lambda$run$0(Node.java:44)\n\tat java.base/java.util.concurrent.ThreadPoolExecutor.runWorker(ThreadPoolExecutor.java:1144)\n\tat java.base/java.util.concurrent.ThreadPoolExecutor$Worker.run(ThreadPoolExecutor.java:642)\n\tat java.base/java.lang.Thread.run(Thread.java:1583)\n"]
2026-03-11 14:37:55,843{GMT}	INFO	[jepsen worker 1] jepsen.util: 688	:info	:generate	nil	[:crash "Unexpected exception handling (msg c6 n1 {\"type\":\"generate\",\"msg_id\":230}) : java.lang.UnsupportedOperationException: Not a string: 230\njava.lang.UnsupportedOperationException: Not a string: 230\n\tat com.eclipsesource.json.JsonValue.asString(JsonValue.java:384)\n\tat com.eclipsesource.json.JsonObject.getString(JsonObject.java:674)\n\tat lab.UniqueId$1.accept(UniqueId.java:27)\n\tat lab.UniqueId$1.accept(UniqueId.java:24)\n\tat lab.Node.handleRequest(Node.java:97)\n\tat lab.Node.handleMessage(Node.java:71)\n\tat lab.Node.lambda$run$0(Node.java:44)\n\tat java.base/java.util.concurrent.ThreadPoolExecutor.runWorker(ThreadPoolExecutor.java:1144)\n\tat java.base/java.util.concurrent.ThreadPoolExecutor$Worker.run(ThreadPoolExecutor.java:642)\n\tat java.base/java.lang.Thread.run(Thread.java:1583)\n"]
2026-03-11 14:37:55,843{GMT}	INFO	[jepsen worker 2] jepsen.util: 629	:invoke	:generate	nil
2026-03-11 14:37:55,844{GMT}	INFO	[jepsen worker 2] jepsen.util: 629	:info	:generate	nil	[:crash "Unexpected exception handling (msg c7 n2 {\"type\":\"generate\",\"msg_id\":210}) : java.lang.UnsupportedOperationException: Not a string: 210\njava.lang.UnsupportedOperationException: Not a string: 210\n\tat com.eclipsesource.json.JsonValue.asString(JsonValue.java:384)\n\tat com.eclipsesource.json.JsonObject.getString(JsonObject.java:674)\n\tat lab.UniqueId$1.accept(UniqueId.java:27)\n\tat lab.UniqueId$1.accept(UniqueId.java:24)\n\tat lab.Node.handleRequest(Node.java:97)\n\tat lab.Node.handleMessage(Node.java:71)\n\tat lab.Node.lambda$run$0(Node.java:44)\n\tat java.base/java.util.concurrent.ThreadPoolExecutor.runWorker(ThreadPoolExecutor.java:1144)\n\tat java.base/java.util.concurrent.ThreadPoolExecutor$Worker.run(ThreadPoolExecutor.java:642)\n\tat java.base/java.lang.Thread.run(Thread.java:1583)\n"]
2026-03-11 14:37:55,845{GMT}	INFO	[jepsen worker 0] jepsen.util: 723	:invoke	:generate	nil
2026-03-11 14:37:55,846{GMT}	INFO	[jepsen worker 1] jepsen.util: 691	:invoke	:generate	nil
2026-03-11 14:37:55,847{GMT}	INFO	[jepsen worker 0] jepsen.util: 723	:info	:generate	nil	[:crash "Unexpected exception handling (msg c8 n0 {\"type\":\"generate\",\"msg_id\":242}) : java.lang.UnsupportedOperationException: Not a string: 242\njava.lang.UnsupportedOperationException: Not a string: 242\n\tat com.eclipsesource.json.JsonValue.asString(JsonValue.java:384)\n\tat com.eclipsesource.json.JsonObject.getString(JsonObject.java:674)\n\tat lab.UniqueId$1.accept(UniqueId.java:27)\n\tat lab.UniqueId$1.accept(UniqueId.java:24)\n\tat lab.Node.handleRequest(Node.java:97)\n\tat lab.Node.handleMessage(Node.java:71)\n\tat lab.Node.lambda$run$0(Node.java:44)\n\tat java.base/java.util.concurrent.ThreadPoolExecutor.runWorker(ThreadPoolExecutor.java:1144)\n\tat java.base/java.util.concurrent.ThreadPoolExecutor$Worker.run(ThreadPoolExecutor.java:642)\n\tat java.base/java.lang.Thread.run(Thread.java:1583)\n"]
2026-03-11 14:37:55,848{GMT}	INFO	[jepsen worker 1] jepsen.util: 691	:info	:generate	nil	[:crash "Unexpected exception handling (msg c6 n1 {\"type\":\"generate\",\"msg_id\":231}) : java.lang.UnsupportedOperationException: Not a string: 231\njava.lang.UnsupportedOperationException: Not a string: 231\n\tat com.eclipsesource.json.JsonValue.asString(JsonValue.java:384)\n\tat com.eclipsesource.json.JsonObject.getString(JsonObject.java:674)\n\tat lab.UniqueId$1.accept(UniqueId.java:27)\n\tat lab.UniqueId$1.accept(UniqueId.java:24)\n\tat lab.Node.handleRequest(Node.java:97)\n\tat lab.Node.handleMessage(Node.java:71)\n\tat lab.Node.lambda$run$0(Node.java:44)\n\tat java.base/java.util.concurrent.ThreadPoolExecutor.runWorker(ThreadPoolExecutor.java:1144)\n\tat java.base/java.util.concurrent.ThreadPoolExecutor$Worker.run(ThreadPoolExecutor.java:642)\n\tat java.base/java.lang.Thread.run(Thread.java:1583)\n"]
2026-03-11 14:37:55,848{GMT}	INFO	[jepsen worker 1] jepsen.util: 694	:invoke	:generate	nil
2026-03-11 14:37:55,849{GMT}	INFO	[jepsen worker 2] jepsen.util: 632	:invoke	:generate	nil
2026-03-11 14:37:55,850{GMT}	INFO	[jepsen worker 1] jepsen.util: 694	:info	:generate	nil	[:crash "Unexpected exception handling (msg c6 n1 {\"type\":\"generate\",\"msg_id\":232}) : java.lang.UnsupportedOperationException: Not a string: 232\njava.lang.UnsupportedOperationException: Not a string: 232\n\tat com.eclipsesource.json.JsonValue.asString(JsonValue.java:384)\n\tat com.eclipsesource.json.JsonObject.getString(JsonObject.java:674)\n\tat lab.UniqueId$1.accept(UniqueId.java:27)\n\tat lab.UniqueId$1.accept(UniqueId.java:24)\n\tat lab.Node.handleRequest(Node.java:97)\n\tat lab.Node.handleMessage(Node.java:71)\n\tat lab.Node.lambda$run$0(Node.java:44)\n\tat java.base/java.util.concurrent.ThreadPoolExecutor.runWorker(ThreadPoolExecutor.java:1144)\n\tat java.base/java.util.concurrent.ThreadPoolExecutor$Worker.run(ThreadPoolExecutor.java:642)\n\tat java.base/java.lang.Thread.run(Thread.java:1583)\n"]
2026-03-11 14:37:55,850{GMT}	INFO	[jepsen worker 0] jepsen.util: 726	:invoke	:generate	nil
2026-03-11 14:37:55,851{GMT}	INFO	[jepsen worker 2] jepsen.util: 632	:info	:generate	nil	[:crash "Unexpected exception handling (msg c7 n2 {\"type\":\"generate\",\"msg_id\":211}) : java.lang.UnsupportedOperationException: Not a string: 211\njava.lang.UnsupportedOperationException: Not a string: 211\n\tat com.eclipsesource.json.JsonValue.asString(JsonValue.java:384)\n\tat com.eclipsesource.json.JsonObject.getString(JsonObject.java:674)\n\tat lab.UniqueId$1.accept(UniqueId.java:27)\n\tat lab.UniqueId$1.accept(UniqueId.java:24)\n\tat lab.Node.handleRequest(Node.java:97)\n\tat lab.Node.handleMessage(Node.java:71)\n\tat lab.Node.lambda$run$0(Node.java:44)\n\tat java.base/java.util.concurrent.ThreadPoolExecutor.runWorker(ThreadPoolExecutor.java:1144)\n\tat java.base/java.util.concurrent.ThreadPoolExecutor$Worker.run(ThreadPoolExecutor.java:642)\n\tat java.base/java.lang.Thread.run(Thread.java:1583)\n"]
2026-03-11 14:37:55,851{GMT}	INFO	[jepsen worker 0] jepsen.util: 726	:info	:generate	nil	[:crash "Unexpected exception handling (msg c8 n0 {\"type\":\"generate\",\"msg_id\":243}) : java.lang.UnsupportedOperationException: Not a string: 243\njava.lang.UnsupportedOperationException: Not a string: 243\n\tat com.eclipsesource.json.JsonValue.asString(JsonValue.java:384)\n\tat com.eclipsesource.json.JsonObject.getString(JsonObject.java:674)\n\tat lab.UniqueId$1.accept(UniqueId.java:27)\n\tat lab.UniqueId$1.accept(UniqueId.java:24)\n\tat lab.Node.handleRequest(Node.java:97)\n\tat lab.Node.handleMessage(Node.java:71)\n\tat lab.Node.lambda$run$0(Node.java:44)\n\tat java.base/java.util.concurrent.ThreadPoolExecutor.runWorker(ThreadPoolExecutor.java:1144)\n\tat java.base/java.util.concurrent.ThreadPoolExecutor$Worker.run(ThreadPoolExecutor.java:642)\n\tat java.base/java.lang.Thread.run(Thread.java:1583)\n"]
2026-03-11 14:37:55,851{GMT}	INFO	[jepsen worker 0] jepsen.util: 729	:invoke	:generate	nil
2026-03-11 14:37:55,852{GMT}	INFO	[jepsen worker 1] jepsen.util: 697	:invoke	:generate	nil
2026-03-11 14:37:55,853{GMT}	INFO	[jepsen worker 0] jepsen.util: 729	:info	:generate	nil	[:crash "Unexpected exception handling (msg c8 n0 {\"type\":\"generate\",\"msg_id\":244}) : java.lang.UnsupportedOperationException: Not a string: 244\njava.lang.UnsupportedOperationException: Not a string: 244\n\tat com.eclipsesource.json.JsonValue.asString(JsonValue.java:384)\n\tat com.eclipsesource.json.JsonObject.getString(JsonObject.java:674)\n\tat lab.UniqueId$1.accept(UniqueId.java:27)\n\tat lab.UniqueId$1.accept(UniqueId.java:24)\n\tat lab.Node.handleRequest(Node.java:97)\n\tat lab.Node.handleMessage(Node.java:71)\n\tat lab.Node.lambda$run$0(Node.java:44)\n\tat java.base/java.util.concurrent.ThreadPoolExecutor.runWorker(ThreadPoolExecutor.java:1144)\n\tat java.base/java.util.concurrent.ThreadPoolExecutor$Worker.run(ThreadPoolExecutor.java:642)\n\tat java.base/java.lang.Thread.run(Thread.java:1583)\n"]
2026-03-11 14:37:55,854{GMT}	INFO	[jepsen worker 2] jepsen.util: 635	:invoke	:generate	nil
2026-03-11 14:37:55,854{GMT}	INFO	[jepsen worker 1] jepsen.util: 697	:info	:generate	nil	[:crash "Unexpected exception handling (msg c6 n1 {\"type\":\"generate\",\"msg_id\":233}) : java.lang.UnsupportedOperationException: Not a string: 233\njava.lang.UnsupportedOperationException: Not a string: 233\n\tat com.eclipsesource.json.JsonValue.asString(JsonValue.java:384)\n\tat com.eclipsesource.json.JsonObject.getString(JsonObject.java:674)\n\tat lab.UniqueId$1.accept(UniqueId.java:27)\n\tat lab.UniqueId$1.accept(UniqueId.java:24)\n\tat lab.Node.handleRequest(Node.java:97)\n\tat lab.Node.handleMessage(Node.java:71)\n\tat lab.Node.lambda$run$0(Node.java:44)\n\tat java.base/java.util.concurrent.ThreadPoolExecutor.runWorker(ThreadPoolExecutor.java:1144)\n\tat java.base/java.util.concurrent.ThreadPoolExecutor$Worker.run(ThreadPoolExecutor.java:642)\n\tat java.base/java.lang.Thread.run(Thread.java:1583)\n"]
2026-03-11 14:37:55,861{GMT}	INFO	[jepsen worker 0] jepsen.util: 732	:invoke	:generate	nil
2026-03-11 14:37:55,861{GMT}	INFO	[jepsen worker 1] jepsen.util: 700	:invoke	:generate	nil
2026-03-11 14:37:55,863{GMT}	INFO	[jepsen worker 1] jepsen.util: 700	:info	:generate	nil	[:crash "Unexpected exception handling (msg c6 n1 {\"type\":\"generate\",\"msg_id\":234}) : java.lang.UnsupportedOperationException: Not a string: 234\njava.lang.UnsupportedOperationException: Not a string: 234\n\tat com.eclipsesource.json.JsonValue.asString(JsonValue.java:384)\n\tat com.eclipsesource.json.JsonObject.getString(JsonObject.java:674)\n\tat lab.UniqueId$1.accept(UniqueId.java:27)\n\tat lab.UniqueId$1.accept(UniqueId.java:24)\n\tat lab.Node.handleRequest(Node.java:97)\n\tat lab.Node.handleMessage(Node.java:71)\n\tat lab.Node.lambda$run$0(Node.java:44)\n\tat java.base/java.util.concurrent.ThreadPoolExecutor.runWorker(ThreadPoolExecutor.java:1144)\n\tat java.base/java.util.concurrent.ThreadPoolExecutor$Worker.run(ThreadPoolExecutor.java:642)\n\tat java.base/java.lang.Thread.run(Thread.java:1583)\n"]
2026-03-11 14:37:55,863{GMT}	INFO	[jepsen worker 2] jepsen.util: 635	:info	:generate	nil	[:crash "Unexpected exception handling (msg c7 n2 {\"type\":\"generate\",\"msg_id\":212}) : java.lang.UnsupportedOperationException: Not a string: 212\njava.lang.UnsupportedOperationException: Not a string: 212\n\tat com.eclipsesource.json.JsonValue.asString(JsonValue.java:384)\n\tat com.eclipsesource.json.JsonObject.getString(JsonObject.java:674)\n\tat lab.UniqueId$1.accept(UniqueId.java:27)\n\tat lab.UniqueId$1.accept(UniqueId.java:24)\n\tat lab.Node.handleRequest(Node.java:97)\n\tat lab.Node.handleMessage(Node.java:71)\n\tat lab.Node.lambda$run$0(Node.java:44)\n\tat java.base/java.util.concurrent.ThreadPoolExecutor.runWorker(ThreadPoolExecutor.java:1144)\n\tat java.base/java.util.concurrent.ThreadPoolExecutor$Worker.run(ThreadPoolExecutor.java:642)\n\tat java.base/java.lang.Thread.run(Thread.java:1583)\n"]
2026-03-11 14:37:55,863{GMT}	INFO	[jepsen worker 1] jepsen.util: 703	:invoke	:generate	nil
2026-03-11 14:37:55,863{GMT}	INFO	[jepsen worker 0] jepsen.util: 732	:info	:generate	nil	[:crash "Unexpected exception handling (msg c8 n0 {\"type\":\"generate\",\"msg_id\":245}) : java.lang.UnsupportedOperationException: Not a string: 245\njava.lang.UnsupportedOperationException: Not a string: 245\n\tat com.eclipsesource.json.JsonValue.asString(JsonValue.java:384)\n\tat com.eclipsesource.json.JsonObject.getString(JsonObject.java:674)\n\tat lab.UniqueId$1.accept(UniqueId.java:27)\n\tat lab.UniqueId$1.accept(UniqueId.java:24)\n\tat lab.Node.handleRequest(Node.java:97)\n\tat lab.Node.handleMessage(Node.java:71)\n\tat lab.Node.lambda$run$0(Node.java:44)\n\tat java.base/java.util.concurrent.ThreadPoolExecutor.runWorker(ThreadPoolExecutor.java:1144)\n\tat java.base/java.util.concurrent.ThreadPoolExecutor$Worker.run(ThreadPoolExecutor.java:642)\n\tat java.base/java.lang.Thread.run(Thread.java:1583)\n"]
2026-03-11 14:37:55,864{GMT}	INFO	[jepsen worker 2] jepsen.util: 638	:invoke	:generate	nil
2026-03-11 14:37:55,864{GMT}	INFO	[jepsen worker 1] jepsen.util: 703	:info	:generate	nil	[:crash "Unexpected exception handling (msg c6 n1 {\"type\":\"generate\",\"msg_id\":235}) : java.lang.UnsupportedOperationException: Not a string: 235\njava.lang.UnsupportedOperationException: Not a string: 235\n\tat com.eclipsesource.json.JsonValue.asString(JsonValue.java:384)\n\tat com.eclipsesource.json.JsonObject.getString(JsonObject.java:674)\n\tat lab.UniqueId$1.accept(UniqueId.java:27)\n\tat lab.UniqueId$1.accept(UniqueId.java:24)\n\tat lab.Node.handleRequest(Node.java:97)\n\tat lab.Node.handleMessage(Node.java:71)\n\tat lab.Node.lambda$run$0(Node.java:44)\n\tat java.base/java.util.concurrent.ThreadPoolExecutor.runWorker(ThreadPoolExecutor.java:1144)\n\tat java.base/java.util.concurrent.ThreadPoolExecutor$Worker.run(ThreadPoolExecutor.java:642)\n\tat java.base/java.lang.Thread.run(Thread.java:1583)\n"]
2026-03-11 14:37:55,868{GMT}	INFO	[jepsen worker 1] jepsen.util: 706	:invoke	:generate	nil
2026-03-11 14:37:55,868{GMT}	INFO	[jepsen worker 0] jepsen.util: 735	:invoke	:generate	nil
2026-03-11 14:37:55,870{GMT}	INFO	[jepsen worker 0] jepsen.util: 735	:info	:generate	nil	[:crash "Unexpected exception handling (msg c8 n0 {\"type\":\"generate\",\"msg_id\":246}) : java.lang.UnsupportedOperationException: Not a string: 246\njava.lang.UnsupportedOperationException: Not a string: 246\n\tat com.eclipsesource.json.JsonValue.asString(JsonValue.java:384)\n\tat com.eclipsesource.json.JsonObject.getString(JsonObject.java:674)\n\tat lab.UniqueId$1.accept(UniqueId.java:27)\n\tat lab.UniqueId$1.accept(UniqueId.java:24)\n\tat lab.Node.handleRequest(Node.java:97)\n\tat lab.Node.handleMessage(Node.java:71)\n\tat lab.Node.lambda$run$0(Node.java:44)\n\tat java.base/java.util.concurrent.ThreadPoolExecutor.runWorker(ThreadPoolExecutor.java:1144)\n\tat java.base/java.util.concurrent.ThreadPoolExecutor$Worker.run(ThreadPoolExecutor.java:642)\n\tat java.base/java.lang.Thread.run(Thread.java:1583)\n"]
2026-03-11 14:37:55,870{GMT}	INFO	[jepsen worker 1] jepsen.util: 706	:info	:generate	nil	[:crash "Unexpected exception handling (msg c6 n1 {\"type\":\"generate\",\"msg_id\":236}) : java.lang.UnsupportedOperationException: Not a string: 236\njava.lang.UnsupportedOperationException: Not a string: 236\n\tat com.eclipsesource.json.JsonValue.asString(JsonValue.java:384)\n\tat com.eclipsesource.json.JsonObject.getString(JsonObject.java:674)\n\tat lab.UniqueId$1.accept(UniqueId.java:27)\n\tat lab.UniqueId$1.accept(UniqueId.java:24)\n\tat lab.Node.handleRequest(Node.java:97)\n\tat lab.Node.handleMessage(Node.java:71)\n\tat lab.Node.lambda$run$0(Node.java:44)\n\tat java.base/java.util.concurrent.ThreadPoolExecutor.runWorker(ThreadPoolExecutor.java:1144)\n\tat java.base/java.util.concurrent.ThreadPoolExecutor$Worker.run(ThreadPoolExecutor.java:642)\n\tat java.base/java.lang.Thread.run(Thread.java:1583)\n"]
2026-03-11 14:37:55,870{GMT}	INFO	[jepsen worker 2] jepsen.util: 638	:info	:generate	nil	[:crash "Unexpected exception handling (msg c7 n2 {\"type\":\"generate\",\"msg_id\":213}) : java.lang.UnsupportedOperationException: Not a string: 213\njava.lang.UnsupportedOperationException: Not a string: 213\n\tat com.eclipsesource.json.JsonValue.asString(JsonValue.java:384)\n\tat com.eclipsesource.json.JsonObject.getString(JsonObject.java:674)\n\tat lab.UniqueId$1.accept(UniqueId.java:27)\n\tat lab.UniqueId$1.accept(UniqueId.java:24)\n\tat lab.Node.handleRequest(Node.java:97)\n\tat lab.Node.handleMessage(Node.java:71)\n\tat lab.Node.lambda$run$0(Node.java:44)\n\tat java.base/java.util.concurrent.ThreadPoolExecutor.runWorker(ThreadPoolExecutor.java:1144)\n\tat java.base/java.util.concurrent.ThreadPoolExecutor$Worker.run(ThreadPoolExecutor.java:642)\n\tat java.base/java.lang.Thread.run(Thread.java:1583)\n"]
2026-03-11 14:37:55,874{GMT}	INFO	[jepsen worker 0] jepsen.util: 738	:invoke	:generate	nil
2026-03-11 14:37:55,884{GMT}	INFO	[jepsen worker 2] jepsen.util: 641	:invoke	:generate	nil
2026-03-11 14:37:55,884{GMT}	INFO	[jepsen worker 1] jepsen.util: 709	:invoke	:generate	nil
2026-03-11 14:37:55,885{GMT}	INFO	[jepsen worker 2] jepsen.util: 641	:info	:generate	nil	[:crash "Unexpected exception handling (msg c7 n2 {\"type\":\"generate\",\"msg_id\":214}) : java.lang.UnsupportedOperationException: Not a string: 214\njava.lang.UnsupportedOperationException: Not a string: 214\n\tat com.eclipsesource.json.JsonValue.asString(JsonValue.java:384)\n\tat com.eclipsesource.json.JsonObject.getString(JsonObject.java:674)\n\tat lab.UniqueId$1.accept(UniqueId.java:27)\n\tat lab.UniqueId$1.accept(UniqueId.java:24)\n\tat lab.Node.handleRequest(Node.java:97)\n\tat lab.Node.handleMessage(Node.java:71)\n\tat lab.Node.lambda$run$0(Node.java:44)\n\tat java.base/java.util.concurrent.ThreadPoolExecutor.runWorker(ThreadPoolExecutor.java:1144)\n\tat java.base/java.util.concurrent.ThreadPoolExecutor$Worker.run(ThreadPoolExecutor.java:642)\n\tat java.base/java.lang.Thread.run(Thread.java:1583)\n"]
2026-03-11 14:37:55,885{GMT}	INFO	[jepsen worker 1] jepsen.util: 709	:info	:generate	nil	[:crash "Unexpected exception handling (msg c6 n1 {\"type\":\"generate\",\"msg_id\":237}) : java.lang.UnsupportedOperationException: Not a string: 237\njava.lang.UnsupportedOperationException: Not a string: 237\n\tat com.eclipsesource.json.JsonValue.asString(JsonValue.java:384)\n\tat com.eclipsesource.json.JsonObject.getString(JsonObject.java:674)\n\tat lab.UniqueId$1.accept(UniqueId.java:27)\n\tat lab.UniqueId$1.accept(UniqueId.java:24)\n\tat lab.Node.handleRequest(Node.java:97)\n\tat lab.Node.handleMessage(Node.java:71)\n\tat lab.Node.lambda$run$0(Node.java:44)\n\tat java.base/java.util.concurrent.ThreadPoolExecutor.runWorker(ThreadPoolExecutor.java:1144)\n\tat java.base/java.util.concurrent.ThreadPoolExecutor$Worker.run(ThreadPoolExecutor.java:642)\n\tat java.base/java.lang.Thread.run(Thread.java:1583)\n"]
2026-03-11 14:37:55,885{GMT}	INFO	[jepsen worker 0] jepsen.util: 738	:info	:generate	nil	[:crash "Unexpected exception handling (msg c8 n0 {\"type\":\"generate\",\"msg_id\":247}) : java.lang.UnsupportedOperationException: Not a string: 247\njava.lang.UnsupportedOperationException: Not a string: 247\n\tat com.eclipsesource.json.JsonValue.asString(JsonValue.java:384)\n\tat com.eclipsesource.json.JsonObject.getString(JsonObject.java:674)\n\tat lab.UniqueId$1.accept(UniqueId.java:27)\n\tat lab.UniqueId$1.accept(UniqueId.java:24)\n\tat lab.Node.handleRequest(Node.java:97)\n\tat lab.Node.handleMessage(Node.java:71)\n\tat lab.Node.lambda$run$0(Node.java:44)\n\tat java.base/java.util.concurrent.ThreadPoolExecutor.runWorker(ThreadPoolExecutor.java:1144)\n\tat java.base/java.util.concurrent.ThreadPoolExecutor$Worker.run(ThreadPoolExecutor.java:642)\n\tat java.base/java.lang.Thread.run(Thread.java:1583)\n"]
2026-03-11 14:37:55,885{GMT}	INFO	[jepsen worker 0] jepsen.util: 741	:invoke	:generate	nil
2026-03-11 14:37:55,886{GMT}	INFO	[jepsen worker 0] jepsen.util: 741	:info	:generate	nil	[:crash "Unexpected exception handling (msg c8 n0 {\"type\":\"generate\",\"msg_id\":248}) : java.lang.UnsupportedOperationException: Not a string: 248\njava.lang.UnsupportedOperationException: Not a string: 248\n\tat com.eclipsesource.json.JsonValue.asString(JsonValue.java:384)\n\tat com.eclipsesource.json.JsonObject.getString(JsonObject.java:674)\n\tat lab.UniqueId$1.accept(UniqueId.java:27)\n\tat lab.UniqueId$1.accept(UniqueId.java:24)\n\tat lab.Node.handleRequest(Node.java:97)\n\tat lab.Node.handleMessage(Node.java:71)\n\tat lab.Node.lambda$run$0(Node.java:44)\n\tat java.base/java.util.concurrent.ThreadPoolExecutor.runWorker(ThreadPoolExecutor.java:1144)\n\tat java.base/java.util.concurrent.ThreadPoolExecutor$Worker.run(ThreadPoolExecutor.java:642)\n\tat java.base/java.lang.Thread.run(Thread.java:1583)\n"]
2026-03-11 14:37:55,887{GMT}	INFO	[jepsen worker 1] jepsen.util: 712	:invoke	:generate	nil
2026-03-11 14:37:55,888{GMT}	INFO	[jepsen worker 1] jepsen.util: 712	:info	:generate	nil	[:crash "Unexpected exception handling (msg c6 n1 {\"type\":\"generate\",\"msg_id\":238}) : java.lang.UnsupportedOperationException: Not a string: 238\njava.lang.UnsupportedOperationException: Not a string: 238\n\tat com.eclipsesource.json.JsonValue.asString(JsonValue.java:384)\n\tat com.eclipsesource.json.JsonObject.getString(JsonObject.java:674)\n\tat lab.UniqueId$1.accept(UniqueId.java:27)\n\tat lab.UniqueId$1.accept(UniqueId.java:24)\n\tat lab.Node.handleRequest(Node.java:97)\n\tat lab.Node.handleMessage(Node.java:71)\n\tat lab.Node.lambda$run$0(Node.java:44)\n\tat java.base/java.util.concurrent.ThreadPoolExecutor.runWorker(ThreadPoolExecutor.java:1144)\n\tat java.base/java.util.concurrent.ThreadPoolExecutor$Worker.run(ThreadPoolExecutor.java:642)\n\tat java.base/java.lang.Thread.run(Thread.java:1583)\n"]
2026-03-11 14:37:55,889{GMT}	INFO	[jepsen worker 2] jepsen.util: 644	:invoke	:generate	nil
2026-03-11 14:37:55,890{GMT}	INFO	[jepsen worker 0] jepsen.util: 744	:invoke	:generate	nil
2026-03-11 14:37:55,891{GMT}	INFO	[jepsen worker 2] jepsen.util: 644	:info	:generate	nil	[:crash "Unexpected exception handling (msg c7 n2 {\"type\":\"generate\",\"msg_id\":215}) : java.lang.UnsupportedOperationException: Not a string: 215\njava.lang.UnsupportedOperationException: Not a string: 215\n\tat com.eclipsesource.json.JsonValue.asString(JsonValue.java:384)\n\tat com.eclipsesource.json.JsonObject.getString(JsonObject.java:674)\n\tat lab.UniqueId$1.accept(UniqueId.java:27)\n\tat lab.UniqueId$1.accept(UniqueId.java:24)\n\tat lab.Node.handleRequest(Node.java:97)\n\tat lab.Node.handleMessage(Node.java:71)\n\tat lab.Node.lambda$run$0(Node.java:44)\n\tat java.base/java.util.concurrent.ThreadPoolExecutor.runWorker(ThreadPoolExecutor.java:1144)\n\tat java.base/java.util.concurrent.ThreadPoolExecutor$Worker.run(ThreadPoolExecutor.java:642)\n\tat java.base/java.lang.Thread.run(Thread.java:1583)\n"]
2026-03-11 14:37:55,892{GMT}	INFO	[jepsen worker 0] jepsen.util: 744	:info	:generate	nil	[:crash "Unexpected exception handling (msg c8 n0 {\"type\":\"generate\",\"msg_id\":249}) : java.lang.UnsupportedOperationException: Not a string: 249\njava.lang.UnsupportedOperationException: Not a string: 249\n\tat com.eclipsesource.json.JsonValue.asString(JsonValue.java:384)\n\tat com.eclipsesource.json.JsonObject.getString(JsonObject.java:674)\n\tat lab.UniqueId$1.accept(UniqueId.java:27)\n\tat lab.UniqueId$1.accept(UniqueId.java:24)\n\tat lab.Node.handleRequest(Node.java:97)\n\tat lab.Node.handleMessage(Node.java:71)\n\tat lab.Node.lambda$run$0(Node.java:44)\n\tat java.base/java.util.concurrent.ThreadPoolExecutor.runWorker(ThreadPoolExecutor.java:1144)\n\tat java.base/java.util.concurrent.ThreadPoolExecutor$Worker.run(ThreadPoolExecutor.java:642)\n\tat java.base/java.lang.Thread.run(Thread.java:1583)\n"]
2026-03-11 14:37:55,892{GMT}	INFO	[jepsen worker 1] jepsen.util: 715	:invoke	:generate	nil
2026-03-11 14:37:55,893{GMT}	INFO	[jepsen worker 2] jepsen.util: 647	:invoke	:generate	nil
2026-03-11 14:37:55,893{GMT}	INFO	[jepsen worker 1] jepsen.util: 715	:info	:generate	nil	[:crash "Unexpected exception handling (msg c6 n1 {\"type\":\"generate\",\"msg_id\":239}) : java.lang.UnsupportedOperationException: Not a string: 239\njava.lang.UnsupportedOperationException: Not a string: 239\n\tat com.eclipsesource.json.JsonValue.asString(JsonValue.java:384)\n\tat com.eclipsesource.json.JsonObject.getString(JsonObject.java:674)\n\tat lab.UniqueId$1.accept(UniqueId.java:27)\n\tat lab.UniqueId$1.accept(UniqueId.java:24)\n\tat lab.Node.handleRequest(Node.java:97)\n\tat lab.Node.handleMessage(Node.java:71)\n\tat lab.Node.lambda$run$0(Node.java:44)\n\tat java.base/java.util.concurrent.ThreadPoolExecutor.runWorker(ThreadPoolExecutor.java:1144)\n\tat java.base/java.util.concurrent.ThreadPoolExecutor$Worker.run(ThreadPoolExecutor.java:642)\n\tat java.base/java.lang.Thread.run(Thread.java:1583)\n"]
2026-03-11 14:37:55,893{GMT}	INFO	[jepsen worker 0] jepsen.util: 747	:invoke	:generate	nil
2026-03-11 14:37:55,894{GMT}	INFO	[jepsen worker 2] jepsen.util: 647	:info	:generate	nil	[:crash "Unexpected exception handling (msg c7 n2 {\"type\":\"generate\",\"msg_id\":216}) : java.lang.UnsupportedOperationException: Not a string: 216\njava.lang.UnsupportedOperationException: Not a string: 216\n\tat com.eclipsesource.json.JsonValue.asString(JsonValue.java:384)\n\tat com.eclipsesource.json.JsonObject.getString(JsonObject.java:674)\n\tat lab.UniqueId$1.accept(UniqueId.java:27)\n\tat lab.UniqueId$1.accept(UniqueId.java:24)\n\tat lab.Node.handleRequest(Node.java:97)\n\tat lab.Node.handleMessage(Node.java:71)\n\tat lab.Node.lambda$run$0(Node.java:44)\n\tat java.base/java.util.concurrent.ThreadPoolExecutor.runWorker(ThreadPoolExecutor.java:1144)\n\tat java.base/java.util.concurrent.ThreadPoolExecutor$Worker.run(ThreadPoolExecutor.java:642)\n\tat java.base/java.lang.Thread.run(Thread.java:1583)\n"]
2026-03-11 14:37:55,894{GMT}	INFO	[jepsen worker 0] jepsen.util: 747	:info	:generate	nil	[:crash "Unexpected exception handling (msg c8 n0 {\"type\":\"generate\",\"msg_id\":250}) : java.lang.UnsupportedOperationException: Not a string: 250\njava.lang.UnsupportedOperationException: Not a string: 250\n\tat com.eclipsesource.json.JsonValue.asString(JsonValue.java:384)\n\tat com.eclipsesource.json.JsonObject.getString(JsonObject.java:674)\n\tat lab.UniqueId$1.accept(UniqueId.java:27)\n\tat lab.UniqueId$1.accept(UniqueId.java:24)\n\tat lab.Node.handleRequest(Node.java:97)\n\tat lab.Node.handleMessage(Node.java:71)\n\tat lab.Node.lambda$run$0(Node.java:44)\n\tat java.base/java.util.concurrent.ThreadPoolExecutor.runWorker(ThreadPoolExecutor.java:1144)\n\tat java.base/java.util.concurrent.ThreadPoolExecutor$Worker.run(ThreadPoolExecutor.java:642)\n\tat java.base/java.lang.Thread.run(Thread.java:1583)\n"]
2026-03-11 14:37:55,895{GMT}	INFO	[jepsen worker 0] jepsen.util: 750	:invoke	:generate	nil
2026-03-11 14:37:55,896{GMT}	INFO	[jepsen worker 0] jepsen.util: 750	:info	:generate	nil	[:crash "Unexpected exception handling (msg c8 n0 {\"type\":\"generate\",\"msg_id\":251}) : java.lang.UnsupportedOperationException: Not a string: 251\njava.lang.UnsupportedOperationException: Not a string: 251\n\tat com.eclipsesource.json.JsonValue.asString(JsonValue.java:384)\n\tat com.eclipsesource.json.JsonObject.getString(JsonObject.java:674)\n\tat lab.UniqueId$1.accept(UniqueId.java:27)\n\tat lab.UniqueId$1.accept(UniqueId.java:24)\n\tat lab.Node.handleRequest(Node.java:97)\n\tat lab.Node.handleMessage(Node.java:71)\n\tat lab.Node.lambda$run$0(Node.java:44)\n\tat java.base/java.util.concurrent.ThreadPoolExecutor.runWorker(ThreadPoolExecutor.java:1144)\n\tat java.base/java.util.concurrent.ThreadPoolExecutor$Worker.run(ThreadPoolExecutor.java:642)\n\tat java.base/java.lang.Thread.run(Thread.java:1583)\n"]
2026-03-11 14:37:55,897{GMT}	INFO	[jepsen worker 0] jepsen.util: 753	:invoke	:generate	nil
2026-03-11 14:37:55,898{GMT}	INFO	[jepsen worker 1] jepsen.util: 718	:invoke	:generate	nil
2026-03-11 14:37:55,898{GMT}	INFO	[jepsen worker 2] jepsen.util: 650	:invoke	:generate	nil
2026-03-11 14:37:55,899{GMT}	INFO	[jepsen worker 0] jepsen.util: 753	:info	:generate	nil	[:crash "Unexpected exception handling (msg c8 n0 {\"type\":\"generate\",\"msg_id\":252}) : java.lang.UnsupportedOperationException: Not a string: 252\njava.lang.UnsupportedOperationException: Not a string: 252\n\tat com.eclipsesource.json.JsonValue.asString(JsonValue.java:384)\n\tat com.eclipsesource.json.JsonObject.getString(JsonObject.java:674)\n\tat lab.UniqueId$1.accept(UniqueId.java:27)\n\tat lab.UniqueId$1.accept(UniqueId.java:24)\n\tat lab.Node.handleRequest(Node.java:97)\n\tat lab.Node.handleMessage(Node.java:71)\n\tat lab.Node.lambda$run$0(Node.java:44)\n\tat java.base/java.util.concurrent.ThreadPoolExecutor.runWorker(ThreadPoolExecutor.java:1144)\n\tat java.base/java.util.concurrent.ThreadPoolExecutor$Worker.run(ThreadPoolExecutor.java:642)\n\tat java.base/java.lang.Thread.run(Thread.java:1583)\n"]
2026-03-11 14:37:55,900{GMT}	INFO	[jepsen worker 0] jepsen.util: 756	:invoke	:generate	nil
2026-03-11 14:37:55,900{GMT}	INFO	[jepsen worker 2] jepsen.util: 650	:info	:generate	nil	[:crash "Unexpected exception handling (msg c7 n2 {\"type\":\"generate\",\"msg_id\":217}) : java.lang.UnsupportedOperationException: Not a string: 217\njava.lang.UnsupportedOperationException: Not a string: 217\n\tat com.eclipsesource.json.JsonValue.asString(JsonValue.java:384)\n\tat com.eclipsesource.json.JsonObject.getString(JsonObject.java:674)\n\tat lab.UniqueId$1.accept(UniqueId.java:27)\n\tat lab.UniqueId$1.accept(UniqueId.java:24)\n\tat lab.Node.handleRequest(Node.java:97)\n\tat lab.Node.handleMessage(Node.java:71)\n\tat lab.Node.lambda$run$0(Node.java:44)\n\tat java.base/java.util.concurrent.ThreadPoolExecutor.runWorker(ThreadPoolExecutor.java:1144)\n\tat java.base/java.util.concurrent.ThreadPoolExecutor$Worker.run(ThreadPoolExecutor.java:642)\n\tat java.base/java.lang.Thread.run(Thread.java:1583)\n"]
2026-03-11 14:37:55,900{GMT}	INFO	[jepsen worker 1] jepsen.util: 718	:info	:generate	nil	[:crash "Unexpected exception handling (msg c6 n1 {\"type\":\"generate\",\"msg_id\":240}) : java.lang.UnsupportedOperationException: Not a string: 240\njava.lang.UnsupportedOperationException: Not a string: 240\n\tat com.eclipsesource.json.JsonValue.asString(JsonValue.java:384)\n\tat com.eclipsesource.json.JsonObject.getString(JsonObject.java:674)\n\tat lab.UniqueId$1.accept(UniqueId.java:27)\n\tat lab.UniqueId$1.accept(UniqueId.java:24)\n\tat lab.Node.handleRequest(Node.java:97)\n\tat lab.Node.handleMessage(Node.java:71)\n\tat lab.Node.lambda$run$0(Node.java:44)\n\tat java.base/java.util.concurrent.ThreadPoolExecutor.runWorker(ThreadPoolExecutor.java:1144)\n\tat java.base/java.util.concurrent.ThreadPoolExecutor$Worker.run(ThreadPoolExecutor.java:642)\n\tat java.base/java.lang.Thread.run(Thread.java:1583)\n"]
2026-03-11 14:37:55,901{GMT}	INFO	[jepsen worker 0] jepsen.util: 756	:info	:generate	nil	[:crash "Unexpected exception handling (msg c8 n0 {\"type\":\"generate\",\"msg_id\":253}) : java.lang.UnsupportedOperationException: Not a string: 253\njava.lang.UnsupportedOperationException: Not a string: 253\n\tat com.eclipsesource.json.JsonValue.asString(JsonValue.java:384)\n\tat com.eclipsesource.json.JsonObject.getString(JsonObject.java:674)\n\tat lab.UniqueId$1.accept(UniqueId.java:27)\n\tat lab.UniqueId$1.accept(UniqueId.java:24)\n\tat lab.Node.handleRequest(Node.java:97)\n\tat lab.Node.handleMessage(Node.java:71)\n\tat lab.Node.lambda$run$0(Node.java:44)\n\tat java.base/java.util.concurrent.ThreadPoolExecutor.runWorker(ThreadPoolExecutor.java:1144)\n\tat java.base/java.util.concurrent.ThreadPoolExecutor$Worker.run(ThreadPoolExecutor.java:642)\n\tat java.base/java.lang.Thread.run(Thread.java:1583)\n"]
2026-03-11 14:37:55,908{GMT}	INFO	[jepsen worker 2] jepsen.util: 653	:invoke	:generate	nil
2026-03-11 14:37:55,908{GMT}	INFO	[jepsen worker 1] jepsen.util: 721	:invoke	:generate	nil
2026-03-11 14:37:55,908{GMT}	INFO	[jepsen worker 0] jepsen.util: 759	:invoke	:generate	nil
2026-03-11 14:37:55,910{GMT}	INFO	[jepsen worker 2] jepsen.util: 653	:info	:generate	nil	[:crash "Unexpected exception handling (msg c7 n2 {\"type\":\"generate\",\"msg_id\":218}) : java.lang.UnsupportedOperationException: Not a string: 218\njava.lang.UnsupportedOperationException: Not a string: 218\n\tat com.eclipsesource.json.JsonValue.asString(JsonValue.java:384)\n\tat com.eclipsesource.json.JsonObject.getString(JsonObject.java:674)\n\tat lab.UniqueId$1.accept(UniqueId.java:27)\n\tat lab.UniqueId$1.accept(UniqueId.java:24)\n\tat lab.Node.handleRequest(Node.java:97)\n\tat lab.Node.handleMessage(Node.java:71)\n\tat lab.Node.lambda$run$0(Node.java:44)\n\tat java.base/java.util.concurrent.ThreadPoolExecutor.runWorker(ThreadPoolExecutor.java:1144)\n\tat java.base/java.util.concurrent.ThreadPoolExecutor$Worker.run(ThreadPoolExecutor.java:642)\n\tat java.base/java.lang.Thread.run(Thread.java:1583)\n"]
2026-03-11 14:37:55,910{GMT}	INFO	[jepsen worker 1] jepsen.util: 721	:info	:generate	nil	[:crash "Unexpected exception handling (msg c6 n1 {\"type\":\"generate\",\"msg_id\":241}) : java.lang.UnsupportedOperationException: Not a string: 241\njava.lang.UnsupportedOperationException: Not a string: 241\n\tat com.eclipsesource.json.JsonValue.asString(JsonValue.java:384)\n\tat com.eclipsesource.json.JsonObject.getString(JsonObject.java:674)\n\tat lab.UniqueId$1.accept(UniqueId.java:27)\n\tat lab.UniqueId$1.accept(UniqueId.java:24)\n\tat lab.Node.handleRequest(Node.java:97)\n\tat lab.Node.handleMessage(Node.java:71)\n\tat lab.Node.lambda$run$0(Node.java:44)\n\tat java.base/java.util.concurrent.ThreadPoolExecutor.runWorker(ThreadPoolExecutor.java:1144)\n\tat java.base/java.util.concurrent.ThreadPoolExecutor$Worker.run(ThreadPoolExecutor.java:642)\n\tat java.base/java.lang.Thread.run(Thread.java:1583)\n"]
2026-03-11 14:37:55,910{GMT}	INFO	[jepsen worker 0] jepsen.util: 759	:info	:generate	nil	[:crash "Unexpected exception handling (msg c8 n0 {\"type\":\"generate\",\"msg_id\":254}) : java.lang.UnsupportedOperationException: Not a string: 254\njava.lang.UnsupportedOperationException: Not a string: 254\n\tat com.eclipsesource.json.JsonValue.asString(JsonValue.java:384)\n\tat com.eclipsesource.json.JsonObject.getString(JsonObject.java:674)\n\tat lab.UniqueId$1.accept(UniqueId.java:27)\n\tat lab.UniqueId$1.accept(UniqueId.java:24)\n\tat lab.Node.handleRequest(Node.java:97)\n\tat lab.Node.handleMessage(Node.java:71)\n\tat lab.Node.lambda$run$0(Node.java:44)\n\tat java.base/java.util.concurrent.ThreadPoolExecutor.runWorker(ThreadPoolExecutor.java:1144)\n\tat java.base/java.util.concurrent.ThreadPoolExecutor$Worker.run(ThreadPoolExecutor.java:642)\n\tat java.base/java.lang.Thread.run(Thread.java:1583)\n"]
2026-03-11 14:37:55,910{GMT}	INFO	[jepsen worker 0] jepsen.util: 762	:invoke	:generate	nil
2026-03-11 14:37:55,911{GMT}	INFO	[jepsen worker 0] jepsen.util: 762	:info	:generate	nil	[:crash "Unexpected exception handling (msg c8 n0 {\"type\":\"generate\",\"msg_id\":255}) : java.lang.UnsupportedOperationException: Not a string: 255\njava.lang.UnsupportedOperationException: Not a string: 255\n\tat com.eclipsesource.json.JsonValue.asString(JsonValue.java:384)\n\tat com.eclipsesource.json.JsonObject.getString(JsonObject.java:674)\n\tat lab.UniqueId$1.accept(UniqueId.java:27)\n\tat lab.UniqueId$1.accept(UniqueId.java:24)\n\tat lab.Node.handleRequest(Node.java:97)\n\tat lab.Node.handleMessage(Node.java:71)\n\tat lab.Node.lambda$run$0(Node.java:44)\n\tat java.base/java.util.concurrent.ThreadPoolExecutor.runWorker(ThreadPoolExecutor.java:1144)\n\tat java.base/java.util.concurrent.ThreadPoolExecutor$Worker.run(ThreadPoolExecutor.java:642)\n\tat java.base/java.lang.Thread.run(Thread.java:1583)\n"]
2026-03-11 14:37:55,912{GMT}	INFO	[jepsen worker 0] jepsen.util: 765	:invoke	:generate	nil
2026-03-11 14:37:55,914{GMT}	INFO	[jepsen worker 1] jepsen.util: 724	:invoke	:generate	nil
2026-03-11 14:37:55,915{GMT}	INFO	[jepsen worker 2] jepsen.util: 656	:invoke	:generate	nil
2026-03-11 14:37:55,915{GMT}	INFO	[jepsen worker 1] jepsen.util: 724	:info	:generate	nil	[:crash "Unexpected exception handling (msg c6 n1 {\"type\":\"generate\",\"msg_id\":242}) : java.lang.UnsupportedOperationException: Not a string: 242\njava.lang.UnsupportedOperationException: Not a string: 242\n\tat com.eclipsesource.json.JsonValue.asString(JsonValue.java:384)\n\tat com.eclipsesource.json.JsonObject.getString(JsonObject.java:674)\n\tat lab.UniqueId$1.accept(UniqueId.java:27)\n\tat lab.UniqueId$1.accept(UniqueId.java:24)\n\tat lab.Node.handleRequest(Node.java:97)\n\tat lab.Node.handleMessage(Node.java:71)\n\tat lab.Node.lambda$run$0(Node.java:44)\n\tat java.base/java.util.concurrent.ThreadPoolExecutor.runWorker(ThreadPoolExecutor.java:1144)\n\tat java.base/java.util.concurrent.ThreadPoolExecutor$Worker.run(ThreadPoolExecutor.java:642)\n\tat java.base/java.lang.Thread.run(Thread.java:1583)\n"]
2026-03-11 14:37:55,916{GMT}	INFO	[jepsen worker 0] jepsen.util: 765	:info	:generate	nil	[:crash "Unexpected exception handling (msg c8 n0 {\"type\":\"generate\",\"msg_id\":256}) : java.lang.UnsupportedOperationException: Not a string: 256\njava.lang.UnsupportedOperationException: Not a string: 256\n\tat com.eclipsesource.json.JsonValue.asString(JsonValue.java:384)\n\tat com.eclipsesource.json.JsonObject.getString(JsonObject.java:674)\n\tat lab.UniqueId$1.accept(UniqueId.java:27)\n\tat lab.UniqueId$1.accept(UniqueId.java:24)\n\tat lab.Node.handleRequest(Node.java:97)\n\tat lab.Node.handleMessage(Node.java:71)\n\tat lab.Node.lambda$run$0(Node.java:44)\n\tat java.base/java.util.concurrent.ThreadPoolExecutor.runWorker(ThreadPoolExecutor.java:1144)\n\tat java.base/java.util.concurrent.ThreadPoolExecutor$Worker.run(ThreadPoolExecutor.java:642)\n\tat java.base/java.lang.Thread.run(Thread.java:1583)\n"]
2026-03-11 14:37:55,917{GMT}	INFO	[jepsen worker 2] jepsen.util: 656	:info	:generate	nil	[:crash "Unexpected exception handling (msg c7 n2 {\"type\":\"generate\",\"msg_id\":219}) : java.lang.UnsupportedOperationException: Not a string: 219\njava.lang.UnsupportedOperationException: Not a string: 219\n\tat com.eclipsesource.json.JsonValue.asString(JsonValue.java:384)\n\tat com.eclipsesource.json.JsonObject.getString(JsonObject.java:674)\n\tat lab.UniqueId$1.accept(UniqueId.java:27)\n\tat lab.UniqueId$1.accept(UniqueId.java:24)\n\tat lab.Node.handleRequest(Node.java:97)\n\tat lab.Node.handleMessage(Node.java:71)\n\tat lab.Node.lambda$run$0(Node.java:44)\n\tat java.base/java.util.concurrent.ThreadPoolExecutor.runWorker(ThreadPoolExecutor.java:1144)\n\tat java.base/java.util.concurrent.ThreadPoolExecutor$Worker.run(ThreadPoolExecutor.java:642)\n\tat java.base/java.lang.Thread.run(Thread.java:1583)\n"]
2026-03-11 14:37:55,920{GMT}	INFO	[jepsen worker 1] jepsen.util: 727	:invoke	:generate	nil
2026-03-11 14:37:55,920{GMT}	INFO	[jepsen worker 0] jepsen.util: 768	:invoke	:generate	nil
2026-03-11 14:37:55,920{GMT}	INFO	[jepsen worker 2] jepsen.util: 659	:invoke	:generate	nil
2026-03-11 14:37:55,921{GMT}	INFO	[jepsen worker 1] jepsen.util: 727	:info	:generate	nil	[:crash "Unexpected exception handling (msg c6 n1 {\"type\":\"generate\",\"msg_id\":243}) : java.lang.UnsupportedOperationException: Not a string: 243\njava.lang.UnsupportedOperationException: Not a string: 243\n\tat com.eclipsesource.json.JsonValue.asString(JsonValue.java:384)\n\tat com.eclipsesource.json.JsonObject.getString(JsonObject.java:674)\n\tat lab.UniqueId$1.accept(UniqueId.java:27)\n\tat lab.UniqueId$1.accept(UniqueId.java:24)\n\tat lab.Node.handleRequest(Node.java:97)\n\tat lab.Node.handleMessage(Node.java:71)\n\tat lab.Node.lambda$run$0(Node.java:44)\n\tat java.base/java.util.concurrent.ThreadPoolExecutor.runWorker(ThreadPoolExecutor.java:1144)\n\tat java.base/java.util.concurrent.ThreadPoolExecutor$Worker.run(ThreadPoolExecutor.java:642)\n\tat java.base/java.lang.Thread.run(Thread.java:1583)\n"]
2026-03-11 14:37:55,921{GMT}	INFO	[jepsen worker 2] jepsen.util: 659	:info	:generate	nil	[:crash "Unexpected exception handling (msg c7 n2 {\"type\":\"generate\",\"msg_id\":220}) : java.lang.UnsupportedOperationException: Not a string: 220\njava.lang.UnsupportedOperationException: Not a string: 220\n\tat com.eclipsesource.json.JsonValue.asString(JsonValue.java:384)\n\tat com.eclipsesource.json.JsonObject.getString(JsonObject.java:674)\n\tat lab.UniqueId$1.accept(UniqueId.java:27)\n\tat lab.UniqueId$1.accept(UniqueId.java:24)\n\tat lab.Node.handleRequest(Node.java:97)\n\tat lab.Node.handleMessage(Node.java:71)\n\tat lab.Node.lambda$run$0(Node.java:44)\n\tat java.base/java.util.concurrent.ThreadPoolExecutor.runWorker(ThreadPoolExecutor.java:1144)\n\tat java.base/java.util.concurrent.ThreadPoolExecutor$Worker.run(ThreadPoolExecutor.java:642)\n\tat java.base/java.lang.Thread.run(Thread.java:1583)\n"]
2026-03-11 14:37:55,922{GMT}	INFO	[jepsen worker 0] jepsen.util: 768	:info	:generate	nil	[:crash "Unexpected exception handling (msg c8 n0 {\"type\":\"generate\",\"msg_id\":257}) : java.lang.UnsupportedOperationException: Not a string: 257\njava.lang.UnsupportedOperationException: Not a string: 257\n\tat com.eclipsesource.json.JsonValue.asString(JsonValue.java:384)\n\tat com.eclipsesource.json.JsonObject.getString(JsonObject.java:674)\n\tat lab.UniqueId$1.accept(UniqueId.java:27)\n\tat lab.UniqueId$1.accept(UniqueId.java:24)\n\tat lab.Node.handleRequest(Node.java:97)\n\tat lab.Node.handleMessage(Node.java:71)\n\tat lab.Node.lambda$run$0(Node.java:44)\n\tat java.base/java.util.concurrent.ThreadPoolExecutor.runWorker(ThreadPoolExecutor.java:1144)\n\tat java.base/java.util.concurrent.ThreadPoolExecutor$Worker.run(ThreadPoolExecutor.java:642)\n\tat java.base/java.lang.Thread.run(Thread.java:1583)\n"]
2026-03-11 14:37:55,927{GMT}	INFO	[jepsen worker 2] jepsen.util: 662	:invoke	:generate	nil
2026-03-11 14:37:55,927{GMT}	INFO	[jepsen worker 0] jepsen.util: 771	:invoke	:generate	nil
2026-03-11 14:37:55,927{GMT}	INFO	[jepsen worker 1] jepsen.util: 730	:invoke	:generate	nil
2026-03-11 14:37:55,928{GMT}	INFO	[jepsen worker 1] jepsen.util: 730	:info	:generate	nil	[:crash "Unexpected exception handling (msg c6 n1 {\"type\":\"generate\",\"msg_id\":244}) : java.lang.UnsupportedOperationException: Not a string: 244\njava.lang.UnsupportedOperationException: Not a string: 244\n\tat com.eclipsesource.json.JsonValue.asString(JsonValue.java:384)\n\tat com.eclipsesource.json.JsonObject.getString(JsonObject.java:674)\n\tat lab.UniqueId$1.accept(UniqueId.java:27)\n\tat lab.UniqueId$1.accept(UniqueId.java:24)\n\tat lab.Node.handleRequest(Node.java:97)\n\tat lab.Node.handleMessage(Node.java:71)\n\tat lab.Node.lambda$run$0(Node.java:44)\n\tat java.base/java.util.concurrent.ThreadPoolExecutor.runWorker(ThreadPoolExecutor.java:1144)\n\tat java.base/java.util.concurrent.ThreadPoolExecutor$Worker.run(ThreadPoolExecutor.java:642)\n\tat java.base/java.lang.Thread.run(Thread.java:1583)\n"]
2026-03-11 14:37:55,928{GMT}	INFO	[jepsen worker 2] jepsen.util: 662	:info	:generate	nil	[:crash "Unexpected exception handling (msg c7 n2 {\"type\":\"generate\",\"msg_id\":221}) : java.lang.UnsupportedOperationException: Not a string: 221\njava.lang.UnsupportedOperationException: Not a string: 221\n\tat com.eclipsesource.json.JsonValue.asString(JsonValue.java:384)\n\tat com.eclipsesource.json.JsonObject.getString(JsonObject.java:674)\n\tat lab.UniqueId$1.accept(UniqueId.java:27)\n\tat lab.UniqueId$1.accept(UniqueId.java:24)\n\tat lab.Node.handleRequest(Node.java:97)\n\tat lab.Node.handleMessage(Node.java:71)\n\tat lab.Node.lambda$run$0(Node.java:44)\n\tat java.base/java.util.concurrent.ThreadPoolExecutor.runWorker(ThreadPoolExecutor.java:1144)\n\tat java.base/java.util.concurrent.ThreadPoolExecutor$Worker.run(ThreadPoolExecutor.java:642)\n\tat java.base/java.lang.Thread.run(Thread.java:1583)\n"]
2026-03-11 14:37:55,928{GMT}	INFO	[jepsen worker 0] jepsen.util: 771	:info	:generate	nil	[:crash "Unexpected exception handling (msg c8 n0 {\"type\":\"generate\",\"msg_id\":258}) : java.lang.UnsupportedOperationException: Not a string: 258\njava.lang.UnsupportedOperationException: Not a string: 258\n\tat com.eclipsesource.json.JsonValue.asString(JsonValue.java:384)\n\tat com.eclipsesource.json.JsonObject.getString(JsonObject.java:674)\n\tat lab.UniqueId$1.accept(UniqueId.java:27)\n\tat lab.UniqueId$1.accept(UniqueId.java:24)\n\tat lab.Node.handleRequest(Node.java:97)\n\tat lab.Node.handleMessage(Node.java:71)\n\tat lab.Node.lambda$run$0(Node.java:44)\n\tat java.base/java.util.concurrent.ThreadPoolExecutor.runWorker(ThreadPoolExecutor.java:1144)\n\tat java.base/java.util.concurrent.ThreadPoolExecutor$Worker.run(ThreadPoolExecutor.java:642)\n\tat java.base/java.lang.Thread.run(Thread.java:1583)\n"]
2026-03-11 14:37:55,929{GMT}	INFO	[jepsen worker 1] jepsen.util: 733	:invoke	:generate	nil
2026-03-11 14:37:55,929{GMT}	INFO	[jepsen worker 2] jepsen.util: 665	:invoke	:generate	nil
2026-03-11 14:37:55,935{GMT}	INFO	[jepsen worker 0] jepsen.util: 774	:invoke	:generate	nil
2026-03-11 14:37:55,937{GMT}	INFO	[jepsen worker 2] jepsen.util: 665	:info	:generate	nil	[:crash "Unexpected exception handling (msg c7 n2 {\"type\":\"generate\",\"msg_id\":222}) : java.lang.UnsupportedOperationException: Not a string: 222\njava.lang.UnsupportedOperationException: Not a string: 222\n\tat com.eclipsesource.json.JsonValue.asString(JsonValue.java:384)\n\tat com.eclipsesource.json.JsonObject.getString(JsonObject.java:674)\n\tat lab.UniqueId$1.accept(UniqueId.java:27)\n\tat lab.UniqueId$1.accept(UniqueId.java:24)\n\tat lab.Node.handleRequest(Node.java:97)\n\tat lab.Node.handleMessage(Node.java:71)\n\tat lab.Node.lambda$run$0(Node.java:44)\n\tat java.base/java.util.concurrent.ThreadPoolExecutor.runWorker(ThreadPoolExecutor.java:1144)\n\tat java.base/java.util.concurrent.ThreadPoolExecutor$Worker.run(ThreadPoolExecutor.java:642)\n\tat java.base/java.lang.Thread.run(Thread.java:1583)\n"]
2026-03-11 14:37:55,937{GMT}	INFO	[jepsen worker 0] jepsen.util: 774	:info	:generate	nil	[:crash "Unexpected exception handling (msg c8 n0 {\"type\":\"generate\",\"msg_id\":259}) : java.lang.UnsupportedOperationException: Not a string: 259\njava.lang.UnsupportedOperationException: Not a string: 259\n\tat com.eclipsesource.json.JsonValue.asString(JsonValue.java:384)\n\tat com.eclipsesource.json.JsonObject.getString(JsonObject.java:674)\n\tat lab.UniqueId$1.accept(UniqueId.java:27)\n\tat lab.UniqueId$1.accept(UniqueId.java:24)\n\tat lab.Node.handleRequest(Node.java:97)\n\tat lab.Node.handleMessage(Node.java:71)\n\tat lab.Node.lambda$run$0(Node.java:44)\n\tat java.base/java.util.concurrent.ThreadPoolExecutor.runWorker(ThreadPoolExecutor.java:1144)\n\tat java.base/java.util.concurrent.ThreadPoolExecutor$Worker.run(ThreadPoolExecutor.java:642)\n\tat java.base/java.lang.Thread.run(Thread.java:1583)\n"]
2026-03-11 14:37:55,937{GMT}	INFO	[jepsen worker 0] jepsen.util: 777	:invoke	:generate	nil
2026-03-11 14:37:55,937{GMT}	INFO	[jepsen worker 1] jepsen.util: 733	:info	:generate	nil	[:crash "Unexpected exception handling (msg c6 n1 {\"type\":\"generate\",\"msg_id\":245}) : java.lang.UnsupportedOperationException: Not a string: 245\njava.lang.UnsupportedOperationException: Not a string: 245\n\tat com.eclipsesource.json.JsonValue.asString(JsonValue.java:384)\n\tat com.eclipsesource.json.JsonObject.getString(JsonObject.java:674)\n\tat lab.UniqueId$1.accept(UniqueId.java:27)\n\tat lab.UniqueId$1.accept(UniqueId.java:24)\n\tat lab.Node.handleRequest(Node.java:97)\n\tat lab.Node.handleMessage(Node.java:71)\n\tat lab.Node.lambda$run$0(Node.java:44)\n\tat java.base/java.util.concurrent.ThreadPoolExecutor.runWorker(ThreadPoolExecutor.java:1144)\n\tat java.base/java.util.concurrent.ThreadPoolExecutor$Worker.run(ThreadPoolExecutor.java:642)\n\tat java.base/java.lang.Thread.run(Thread.java:1583)\n"]
2026-03-11 14:37:55,939{GMT}	INFO	[jepsen worker 0] jepsen.util: 777	:info	:generate	nil	[:crash "Unexpected exception handling (msg c8 n0 {\"type\":\"generate\",\"msg_id\":260}) : java.lang.UnsupportedOperationException: Not a string: 260\njava.lang.UnsupportedOperationException: Not a string: 260\n\tat com.eclipsesource.json.JsonValue.asString(JsonValue.java:384)\n\tat com.eclipsesource.json.JsonObject.getString(JsonObject.java:674)\n\tat lab.UniqueId$1.accept(UniqueId.java:27)\n\tat lab.UniqueId$1.accept(UniqueId.java:24)\n\tat lab.Node.handleRequest(Node.java:97)\n\tat lab.Node.handleMessage(Node.java:71)\n\tat lab.Node.lambda$run$0(Node.java:44)\n\tat java.base/java.util.concurrent.ThreadPoolExecutor.runWorker(ThreadPoolExecutor.java:1144)\n\tat java.base/java.util.concurrent.ThreadPoolExecutor$Worker.run(ThreadPoolExecutor.java:642)\n\tat java.base/java.lang.Thread.run(Thread.java:1583)\n"]
2026-03-11 14:37:55,939{GMT}	INFO	[jepsen worker 1] jepsen.util: 736	:invoke	:generate	nil
2026-03-11 14:37:55,940{GMT}	INFO	[jepsen worker 1] jepsen.util: 736	:info	:generate	nil	[:crash "Unexpected exception handling (msg c6 n1 {\"type\":\"generate\",\"msg_id\":246}) : java.lang.UnsupportedOperationException: Not a string: 246\njava.lang.UnsupportedOperationException: Not a string: 246\n\tat com.eclipsesource.json.JsonValue.asString(JsonValue.java:384)\n\tat com.eclipsesource.json.JsonObject.getString(JsonObject.java:674)\n\tat lab.UniqueId$1.accept(UniqueId.java:27)\n\tat lab.UniqueId$1.accept(UniqueId.java:24)\n\tat lab.Node.handleRequest(Node.java:97)\n\tat lab.Node.handleMessage(Node.java:71)\n\tat lab.Node.lambda$run$0(Node.java:44)\n\tat java.base/java.util.concurrent.ThreadPoolExecutor.runWorker(ThreadPoolExecutor.java:1144)\n\tat java.base/java.util.concurrent.ThreadPoolExecutor$Worker.run(ThreadPoolExecutor.java:642)\n\tat java.base/java.lang.Thread.run(Thread.java:1583)\n"]
2026-03-11 14:37:55,941{GMT}	INFO	[jepsen worker 2] jepsen.util: 668	:invoke	:generate	nil
2026-03-11 14:37:55,942{GMT}	INFO	[jepsen worker 2] jepsen.util: 668	:info	:generate	nil	[:crash "Unexpected exception handling (msg c7 n2 {\"type\":\"generate\",\"msg_id\":223}) : java.lang.UnsupportedOperationException: Not a string: 223\njava.lang.UnsupportedOperationException: Not a string: 223\n\tat com.eclipsesource.json.JsonValue.asString(JsonValue.java:384)\n\tat com.eclipsesource.json.JsonObject.getString(JsonObject.java:674)\n\tat lab.UniqueId$1.accept(UniqueId.java:27)\n\tat lab.UniqueId$1.accept(UniqueId.java:24)\n\tat lab.Node.handleRequest(Node.java:97)\n\tat lab.Node.handleMessage(Node.java:71)\n\tat lab.Node.lambda$run$0(Node.java:44)\n\tat java.base/java.util.concurrent.ThreadPoolExecutor.runWorker(ThreadPoolExecutor.java:1144)\n\tat java.base/java.util.concurrent.ThreadPoolExecutor$Worker.run(ThreadPoolExecutor.java:642)\n\tat java.base/java.lang.Thread.run(Thread.java:1583)\n"]
2026-03-11 14:37:55,942{GMT}	INFO	[jepsen worker 0] jepsen.util: 780	:invoke	:generate	nil
2026-03-11 14:37:55,943{GMT}	INFO	[jepsen worker 1] jepsen.util: 739	:invoke	:generate	nil
2026-03-11 14:37:55,943{GMT}	INFO	[jepsen worker 2] jepsen.util: 671	:invoke	:generate	nil
2026-03-11 14:37:55,944{GMT}	INFO	[jepsen worker 1] jepsen.util: 739	:info	:generate	nil	[:crash "Unexpected exception handling (msg c6 n1 {\"type\":\"generate\",\"msg_id\":247}) : java.lang.UnsupportedOperationException: Not a string: 247\njava.lang.UnsupportedOperationException: Not a string: 247\n\tat com.eclipsesource.json.JsonValue.asString(JsonValue.java:384)\n\tat com.eclipsesource.json.JsonObject.getString(JsonObject.java:674)\n\tat lab.UniqueId$1.accept(UniqueId.java:27)\n\tat lab.UniqueId$1.accept(UniqueId.java:24)\n\tat lab.Node.handleRequest(Node.java:97)\n\tat lab.Node.handleMessage(Node.java:71)\n\tat lab.Node.lambda$run$0(Node.java:44)\n\tat java.base/java.util.concurrent.ThreadPoolExecutor.runWorker(ThreadPoolExecutor.java:1144)\n\tat java.base/java.util.concurrent.ThreadPoolExecutor$Worker.run(ThreadPoolExecutor.java:642)\n\tat java.base/java.lang.Thread.run(Thread.java:1583)\n"]
2026-03-11 14:37:55,944{GMT}	INFO	[jepsen worker 0] jepsen.util: 780	:info	:generate	nil	[:crash "Unexpected exception handling (msg c8 n0 {\"type\":\"generate\",\"msg_id\":261}) : java.lang.UnsupportedOperationException: Not a string: 261\njava.lang.UnsupportedOperationException: Not a string: 261\n\tat com.eclipsesource.json.JsonValue.asString(JsonValue.java:384)\n\tat com.eclipsesource.json.JsonObject.getString(JsonObject.java:674)\n\tat lab.UniqueId$1.accept(UniqueId.java:27)\n\tat lab.UniqueId$1.accept(UniqueId.java:24)\n\tat lab.Node.handleRequest(Node.java:97)\n\tat lab.Node.handleMessage(Node.java:71)\n\tat lab.Node.lambda$run$0(Node.java:44)\n\tat java.base/java.util.concurrent.ThreadPoolExecutor.runWorker(ThreadPoolExecutor.java:1144)\n\tat java.base/java.util.concurrent.ThreadPoolExecutor$Worker.run(ThreadPoolExecutor.java:642)\n\tat java.base/java.lang.Thread.run(Thread.java:1583)\n"]
2026-03-11 14:37:55,944{GMT}	INFO	[jepsen worker 2] jepsen.util: 671	:info	:generate	nil	[:crash "Unexpected exception handling (msg c7 n2 {\"type\":\"generate\",\"msg_id\":224}) : java.lang.UnsupportedOperationException: Not a string: 224\njava.lang.UnsupportedOperationException: Not a string: 224\n\tat com.eclipsesource.json.JsonValue.asString(JsonValue.java:384)\n\tat com.eclipsesource.json.JsonObject.getString(JsonObject.java:674)\n\tat lab.UniqueId$1.accept(UniqueId.java:27)\n\tat lab.UniqueId$1.accept(UniqueId.java:24)\n\tat lab.Node.handleRequest(Node.java:97)\n\tat lab.Node.handleMessage(Node.java:71)\n\tat lab.Node.lambda$run$0(Node.java:44)\n\tat java.base/java.util.concurrent.ThreadPoolExecutor.runWorker(ThreadPoolExecutor.java:1144)\n\tat java.base/java.util.concurrent.ThreadPoolExecutor$Worker.run(ThreadPoolExecutor.java:642)\n\tat java.base/java.lang.Thread.run(Thread.java:1583)\n"]
2026-03-11 14:37:55,945{GMT}	INFO	[jepsen worker 0] jepsen.util: 783	:invoke	:generate	nil
2026-03-11 14:37:55,945{GMT}	INFO	[jepsen worker 1] jepsen.util: 742	:invoke	:generate	nil
2026-03-11 14:37:55,950{GMT}	INFO	[jepsen worker 2] jepsen.util: 674	:invoke	:generate	nil
2026-03-11 14:37:55,951{GMT}	INFO	[jepsen worker 2] jepsen.util: 674	:info	:generate	nil	[:crash "Unexpected exception handling (msg c7 n2 {\"type\":\"generate\",\"msg_id\":225}) : java.lang.UnsupportedOperationException: Not a string: 225\njava.lang.UnsupportedOperationException: Not a string: 225\n\tat com.eclipsesource.json.JsonValue.asString(JsonValue.java:384)\n\tat com.eclipsesource.json.JsonObject.getString(JsonObject.java:674)\n\tat lab.UniqueId$1.accept(UniqueId.java:27)\n\tat lab.UniqueId$1.accept(UniqueId.java:24)\n\tat lab.Node.handleRequest(Node.java:97)\n\tat lab.Node.handleMessage(Node.java:71)\n\tat lab.Node.lambda$run$0(Node.java:44)\n\tat java.base/java.util.concurrent.ThreadPoolExecutor.runWorker(ThreadPoolExecutor.java:1144)\n\tat java.base/java.util.concurrent.ThreadPoolExecutor$Worker.run(ThreadPoolExecutor.java:642)\n\tat java.base/java.lang.Thread.run(Thread.java:1583)\n"]
2026-03-11 14:37:55,951{GMT}	INFO	[jepsen worker 0] jepsen.util: 783	:info	:generate	nil	[:crash "Unexpected exception handling (msg c8 n0 {\"type\":\"generate\",\"msg_id\":262}) : java.lang.UnsupportedOperationException: Not a string: 262\njava.lang.UnsupportedOperationException: Not a string: 262\n\tat com.eclipsesource.json.JsonValue.asString(JsonValue.java:384)\n\tat com.eclipsesource.json.JsonObject.getString(JsonObject.java:674)\n\tat lab.UniqueId$1.accept(UniqueId.java:27)\n\tat lab.UniqueId$1.accept(UniqueId.java:24)\n\tat lab.Node.handleRequest(Node.java:97)\n\tat lab.Node.handleMessage(Node.java:71)\n\tat lab.Node.lambda$run$0(Node.java:44)\n\tat java.base/java.util.concurrent.ThreadPoolExecutor.runWorker(ThreadPoolExecutor.java:1144)\n\tat java.base/java.util.concurrent.ThreadPoolExecutor$Worker.run(ThreadPoolExecutor.java:642)\n\tat java.base/java.lang.Thread.run(Thread.java:1583)\n"]
2026-03-11 14:37:55,951{GMT}	INFO	[jepsen worker 1] jepsen.util: 742	:info	:generate	nil	[:crash "Unexpected exception handling (msg c6 n1 {\"type\":\"generate\",\"msg_id\":248}) : java.lang.UnsupportedOperationException: Not a string: 248\njava.lang.UnsupportedOperationException: Not a string: 248\n\tat com.eclipsesource.json.JsonValue.asString(JsonValue.java:384)\n\tat com.eclipsesource.json.JsonObject.getString(JsonObject.java:674)\n\tat lab.UniqueId$1.accept(UniqueId.java:27)\n\tat lab.UniqueId$1.accept(UniqueId.java:24)\n\tat lab.Node.handleRequest(Node.java:97)\n\tat lab.Node.handleMessage(Node.java:71)\n\tat lab.Node.lambda$run$0(Node.java:44)\n\tat java.base/java.util.concurrent.ThreadPoolExecutor.runWorker(ThreadPoolExecutor.java:1144)\n\tat java.base/java.util.concurrent.ThreadPoolExecutor$Worker.run(ThreadPoolExecutor.java:642)\n\tat java.base/java.lang.Thread.run(Thread.java:1583)\n"]
2026-03-11 14:37:55,952{GMT}	INFO	[jepsen worker 1] jepsen.util: 745	:invoke	:generate	nil
2026-03-11 14:37:55,953{GMT}	INFO	[jepsen worker 1] jepsen.util: 745	:info	:generate	nil	[:crash "Unexpected exception handling (msg c6 n1 {\"type\":\"generate\",\"msg_id\":249}) : java.lang.UnsupportedOperationException: Not a string: 249\njava.lang.UnsupportedOperationException: Not a string: 249\n\tat com.eclipsesource.json.JsonValue.asString(JsonValue.java:384)\n\tat com.eclipsesource.json.JsonObject.getString(JsonObject.java:674)\n\tat lab.UniqueId$1.accept(UniqueId.java:27)\n\tat lab.UniqueId$1.accept(UniqueId.java:24)\n\tat lab.Node.handleRequest(Node.java:97)\n\tat lab.Node.handleMessage(Node.java:71)\n\tat lab.Node.lambda$run$0(Node.java:44)\n\tat java.base/java.util.concurrent.ThreadPoolExecutor.runWorker(ThreadPoolExecutor.java:1144)\n\tat java.base/java.util.concurrent.ThreadPoolExecutor$Worker.run(ThreadPoolExecutor.java:642)\n\tat java.base/java.lang.Thread.run(Thread.java:1583)\n"]
2026-03-11 14:37:55,954{GMT}	INFO	[jepsen worker 2] jepsen.util: 677	:invoke	:generate	nil
2026-03-11 14:37:55,955{GMT}	INFO	[jepsen worker 0] jepsen.util: 786	:invoke	:generate	nil
2026-03-11 14:37:55,955{GMT}	INFO	[jepsen worker 2] jepsen.util: 677	:info	:generate	nil	[:crash "Unexpected exception handling (msg c7 n2 {\"type\":\"generate\",\"msg_id\":226}) : java.lang.UnsupportedOperationException: Not a string: 226\njava.lang.UnsupportedOperationException: Not a string: 226\n\tat com.eclipsesource.json.JsonValue.asString(JsonValue.java:384)\n\tat com.eclipsesource.json.JsonObject.getString(JsonObject.java:674)\n\tat lab.UniqueId$1.accept(UniqueId.java:27)\n\tat lab.UniqueId$1.accept(UniqueId.java:24)\n\tat lab.Node.handleRequest(Node.java:97)\n\tat lab.Node.handleMessage(Node.java:71)\n\tat lab.Node.lambda$run$0(Node.java:44)\n\tat java.base/java.util.concurrent.ThreadPoolExecutor.runWorker(ThreadPoolExecutor.java:1144)\n\tat java.base/java.util.concurrent.ThreadPoolExecutor$Worker.run(ThreadPoolExecutor.java:642)\n\tat java.base/java.lang.Thread.run(Thread.java:1583)\n"]
2026-03-11 14:37:55,956{GMT}	INFO	[jepsen worker 0] jepsen.util: 786	:info	:generate	nil	[:crash "Unexpected exception handling (msg c8 n0 {\"type\":\"generate\",\"msg_id\":263}) : java.lang.UnsupportedOperationException: Not a string: 263\njava.lang.UnsupportedOperationException: Not a string: 263\n\tat com.eclipsesource.json.JsonValue.asString(JsonValue.java:384)\n\tat com.eclipsesource.json.JsonObject.getString(JsonObject.java:674)\n\tat lab.UniqueId$1.accept(UniqueId.java:27)\n\tat lab.UniqueId$1.accept(UniqueId.java:24)\n\tat lab.Node.handleRequest(Node.java:97)\n\tat lab.Node.handleMessage(Node.java:71)\n\tat lab.Node.lambda$run$0(Node.java:44)\n\tat java.base/java.util.concurrent.ThreadPoolExecutor.runWorker(ThreadPoolExecutor.java:1144)\n\tat java.base/java.util.concurrent.ThreadPoolExecutor$Worker.run(ThreadPoolExecutor.java:642)\n\tat java.base/java.lang.Thread.run(Thread.java:1583)\n"]
2026-03-11 14:37:55,957{GMT}	INFO	[jepsen worker 1] jepsen.util: 748	:invoke	:generate	nil
2026-03-11 14:37:55,962{GMT}	INFO	[jepsen worker 0] jepsen.util: 789	:invoke	:generate	nil
2026-03-11 14:37:55,962{GMT}	INFO	[jepsen worker 2] jepsen.util: 680	:invoke	:generate	nil
2026-03-11 14:37:55,964{GMT}	INFO	[jepsen worker 0] jepsen.util: 789	:info	:generate	nil	[:crash "Unexpected exception handling (msg c8 n0 {\"type\":\"generate\",\"msg_id\":264}) : java.lang.UnsupportedOperationException: Not a string: 264\njava.lang.UnsupportedOperationException: Not a string: 264\n\tat com.eclipsesource.json.JsonValue.asString(JsonValue.java:384)\n\tat com.eclipsesource.json.JsonObject.getString(JsonObject.java:674)\n\tat lab.UniqueId$1.accept(UniqueId.java:27)\n\tat lab.UniqueId$1.accept(UniqueId.java:24)\n\tat lab.Node.handleRequest(Node.java:97)\n\tat lab.Node.handleMessage(Node.java:71)\n\tat lab.Node.lambda$run$0(Node.java:44)\n\tat java.base/java.util.concurrent.ThreadPoolExecutor.runWorker(ThreadPoolExecutor.java:1144)\n\tat java.base/java.util.concurrent.ThreadPoolExecutor$Worker.run(ThreadPoolExecutor.java:642)\n\tat java.base/java.lang.Thread.run(Thread.java:1583)\n"]
2026-03-11 14:37:55,965{GMT}	INFO	[jepsen worker 2] jepsen.util: 680	:info	:generate	nil	[:crash "Unexpected exception handling (msg c7 n2 {\"type\":\"generate\",\"msg_id\":227}) : java.lang.UnsupportedOperationException: Not a string: 227\njava.lang.UnsupportedOperationException: Not a string: 227\n\tat com.eclipsesource.json.JsonValue.asString(JsonValue.java:384)\n\tat com.eclipsesource.json.JsonObject.getString(JsonObject.java:674)\n\tat lab.UniqueId$1.accept(UniqueId.java:27)\n\tat lab.UniqueId$1.accept(UniqueId.java:24)\n\tat lab.Node.handleRequest(Node.java:97)\n\tat lab.Node.handleMessage(Node.java:71)\n\tat lab.Node.lambda$run$0(Node.java:44)\n\tat java.base/java.util.concurrent.ThreadPoolExecutor.runWorker(ThreadPoolExecutor.java:1144)\n\tat java.base/java.util.concurrent.ThreadPoolExecutor$Worker.run(ThreadPoolExecutor.java:642)\n\tat java.base/java.lang.Thread.run(Thread.java:1583)\n"]
2026-03-11 14:37:55,965{GMT}	INFO	[jepsen worker 1] jepsen.util: 748	:info	:generate	nil	[:crash "Unexpected exception handling (msg c6 n1 {\"type\":\"generate\",\"msg_id\":250}) : java.lang.UnsupportedOperationException: Not a string: 250\njava.lang.UnsupportedOperationException: Not a string: 250\n\tat com.eclipsesource.json.JsonValue.asString(JsonValue.java:384)\n\tat com.eclipsesource.json.JsonObject.getString(JsonObject.java:674)\n\tat lab.UniqueId$1.accept(UniqueId.java:27)\n\tat lab.UniqueId$1.accept(UniqueId.java:24)\n\tat lab.Node.handleRequest(Node.java:97)\n\tat lab.Node.handleMessage(Node.java:71)\n\tat lab.Node.lambda$run$0(Node.java:44)\n\tat java.base/java.util.concurrent.ThreadPoolExecutor.runWorker(ThreadPoolExecutor.java:1144)\n\tat java.base/java.util.concurrent.ThreadPoolExecutor$Worker.run(ThreadPoolExecutor.java:642)\n\tat java.base/java.lang.Thread.run(Thread.java:1583)\n"]
2026-03-11 14:37:55,970{GMT}	INFO	[jepsen worker 1] jepsen.util: 751	:invoke	:generate	nil
2026-03-11 14:37:55,970{GMT}	INFO	[jepsen worker 0] jepsen.util: 792	:invoke	:generate	nil
2026-03-11 14:37:55,970{GMT}	INFO	[jepsen worker 2] jepsen.util: 683	:invoke	:generate	nil
2026-03-11 14:37:55,972{GMT}	INFO	[jepsen worker 1] jepsen.util: 751	:info	:generate	nil	[:crash "Unexpected exception handling (msg c6 n1 {\"type\":\"generate\",\"msg_id\":251}) : java.lang.UnsupportedOperationException: Not a string: 251\njava.lang.UnsupportedOperationException: Not a string: 251\n\tat com.eclipsesource.json.JsonValue.asString(JsonValue.java:384)\n\tat com.eclipsesource.json.JsonObject.getString(JsonObject.java:674)\n\tat lab.UniqueId$1.accept(UniqueId.java:27)\n\tat lab.UniqueId$1.accept(UniqueId.java:24)\n\tat lab.Node.handleRequest(Node.java:97)\n\tat lab.Node.handleMessage(Node.java:71)\n\tat lab.Node.lambda$run$0(Node.java:44)\n\tat java.base/java.util.concurrent.ThreadPoolExecutor.runWorker(ThreadPoolExecutor.java:1144)\n\tat java.base/java.util.concurrent.ThreadPoolExecutor$Worker.run(ThreadPoolExecutor.java:642)\n\tat java.base/java.lang.Thread.run(Thread.java:1583)\n"]
2026-03-11 14:37:55,972{GMT}	INFO	[jepsen worker 0] jepsen.util: 792	:info	:generate	nil	[:crash "Unexpected exception handling (msg c8 n0 {\"type\":\"generate\",\"msg_id\":265}) : java.lang.UnsupportedOperationException: Not a string: 265\njava.lang.UnsupportedOperationException: Not a string: 265\n\tat com.eclipsesource.json.JsonValue.asString(JsonValue.java:384)\n\tat com.eclipsesource.json.JsonObject.getString(JsonObject.java:674)\n\tat lab.UniqueId$1.accept(UniqueId.java:27)\n\tat lab.UniqueId$1.accept(UniqueId.java:24)\n\tat lab.Node.handleRequest(Node.java:97)\n\tat lab.Node.handleMessage(Node.java:71)\n\tat lab.Node.lambda$run$0(Node.java:44)\n\tat java.base/java.util.concurrent.ThreadPoolExecutor.runWorker(ThreadPoolExecutor.java:1144)\n\tat java.base/java.util.concurrent.ThreadPoolExecutor$Worker.run(ThreadPoolExecutor.java:642)\n\tat java.base/java.lang.Thread.run(Thread.java:1583)\n"]
2026-03-11 14:37:55,972{GMT}	INFO	[jepsen worker 2] jepsen.util: 683	:info	:generate	nil	[:crash "Unexpected exception handling (msg c7 n2 {\"type\":\"generate\",\"msg_id\":228}) : java.lang.UnsupportedOperationException: Not a string: 228\njava.lang.UnsupportedOperationException: Not a string: 228\n\tat com.eclipsesource.json.JsonValue.asString(JsonValue.java:384)\n\tat com.eclipsesource.json.JsonObject.getString(JsonObject.java:674)\n\tat lab.UniqueId$1.accept(UniqueId.java:27)\n\tat lab.UniqueId$1.accept(UniqueId.java:24)\n\tat lab.Node.handleRequest(Node.java:97)\n\tat lab.Node.handleMessage(Node.java:71)\n\tat lab.Node.lambda$run$0(Node.java:44)\n\tat java.base/java.util.concurrent.ThreadPoolExecutor.runWorker(ThreadPoolExecutor.java:1144)\n\tat java.base/java.util.concurrent.ThreadPoolExecutor$Worker.run(ThreadPoolExecutor.java:642)\n\tat java.base/java.lang.Thread.run(Thread.java:1583)\n"]
2026-03-11 14:37:55,972{GMT}	INFO	[jepsen worker 2] jepsen.util: 686	:invoke	:generate	nil
2026-03-11 14:37:55,973{GMT}	INFO	[jepsen worker 0] jepsen.util: 795	:invoke	:generate	nil
2026-03-11 14:37:55,973{GMT}	INFO	[jepsen worker 2] jepsen.util: 686	:info	:generate	nil	[:crash "Unexpected exception handling (msg c7 n2 {\"type\":\"generate\",\"msg_id\":229}) : java.lang.UnsupportedOperationException: Not a string: 229\njava.lang.UnsupportedOperationException: Not a string: 229\n\tat com.eclipsesource.json.JsonValue.asString(JsonValue.java:384)\n\tat com.eclipsesource.json.JsonObject.getString(JsonObject.java:674)\n\tat lab.UniqueId$1.accept(UniqueId.java:27)\n\tat lab.UniqueId$1.accept(UniqueId.java:24)\n\tat lab.Node.handleRequest(Node.java:97)\n\tat lab.Node.handleMessage(Node.java:71)\n\tat lab.Node.lambda$run$0(Node.java:44)\n\tat java.base/java.util.concurrent.ThreadPoolExecutor.runWorker(ThreadPoolExecutor.java:1144)\n\tat java.base/java.util.concurrent.ThreadPoolExecutor$Worker.run(ThreadPoolExecutor.java:642)\n\tat java.base/java.lang.Thread.run(Thread.java:1583)\n"]
2026-03-11 14:37:55,974{GMT}	INFO	[jepsen worker 1] jepsen.util: 754	:invoke	:generate	nil
2026-03-11 14:37:55,974{GMT}	INFO	[jepsen worker 0] jepsen.util: 795	:info	:generate	nil	[:crash "Unexpected exception handling (msg c8 n0 {\"type\":\"generate\",\"msg_id\":266}) : java.lang.UnsupportedOperationException: Not a string: 266\njava.lang.UnsupportedOperationException: Not a string: 266\n\tat com.eclipsesource.json.JsonValue.asString(JsonValue.java:384)\n\tat com.eclipsesource.json.JsonObject.getString(JsonObject.java:674)\n\tat lab.UniqueId$1.accept(UniqueId.java:27)\n\tat lab.UniqueId$1.accept(UniqueId.java:24)\n\tat lab.Node.handleRequest(Node.java:97)\n\tat lab.Node.handleMessage(Node.java:71)\n\tat lab.Node.lambda$run$0(Node.java:44)\n\tat java.base/java.util.concurrent.ThreadPoolExecutor.runWorker(ThreadPoolExecutor.java:1144)\n\tat java.base/java.util.concurrent.ThreadPoolExecutor$Worker.run(ThreadPoolExecutor.java:642)\n\tat java.base/java.lang.Thread.run(Thread.java:1583)\n"]
2026-03-11 14:37:55,986{GMT}	INFO	[jepsen worker 2] jepsen.util: 689	:invoke	:generate	nil
2026-03-11 14:37:55,986{GMT}	INFO	[jepsen worker 0] jepsen.util: 798	:invoke	:generate	nil
2026-03-11 14:37:55,987{GMT}	INFO	[jepsen worker 2] jepsen.util: 689	:info	:generate	nil	[:crash "Unexpected exception handling (msg c7 n2 {\"type\":\"generate\",\"msg_id\":230}) : java.lang.UnsupportedOperationException: Not a string: 230\njava.lang.UnsupportedOperationException: Not a string: 230\n\tat com.eclipsesource.json.JsonValue.asString(JsonValue.java:384)\n\tat com.eclipsesource.json.JsonObject.getString(JsonObject.java:674)\n\tat lab.UniqueId$1.accept(UniqueId.java:27)\n\tat lab.UniqueId$1.accept(UniqueId.java:24)\n\tat lab.Node.handleRequest(Node.java:97)\n\tat lab.Node.handleMessage(Node.java:71)\n\tat lab.Node.lambda$run$0(Node.java:44)\n\tat java.base/java.util.concurrent.ThreadPoolExecutor.runWorker(ThreadPoolExecutor.java:1144)\n\tat java.base/java.util.concurrent.ThreadPoolExecutor$Worker.run(ThreadPoolExecutor.java:642)\n\tat java.base/java.lang.Thread.run(Thread.java:1583)\n"]
2026-03-11 14:37:55,987{GMT}	INFO	[jepsen worker 2] jepsen.util: 692	:invoke	:generate	nil
2026-03-11 14:37:55,988{GMT}	INFO	[jepsen worker 1] jepsen.util: 754	:info	:generate	nil	[:crash "Unexpected exception handling (msg c6 n1 {\"type\":\"generate\",\"msg_id\":252}) : java.lang.UnsupportedOperationException: Not a string: 252\njava.lang.UnsupportedOperationException: Not a string: 252\n\tat com.eclipsesource.json.JsonValue.asString(JsonValue.java:384)\n\tat com.eclipsesource.json.JsonObject.getString(JsonObject.java:674)\n\tat lab.UniqueId$1.accept(UniqueId.java:27)\n\tat lab.UniqueId$1.accept(UniqueId.java:24)\n\tat lab.Node.handleRequest(Node.java:97)\n\tat lab.Node.handleMessage(Node.java:71)\n\tat lab.Node.lambda$run$0(Node.java:44)\n\tat java.base/java.util.concurrent.ThreadPoolExecutor.runWorker(ThreadPoolExecutor.java:1144)\n\tat java.base/java.util.concurrent.ThreadPoolExecutor$Worker.run(ThreadPoolExecutor.java:642)\n\tat java.base/java.lang.Thread.run(Thread.java:1583)\n"]
2026-03-11 14:37:55,988{GMT}	INFO	[jepsen worker 0] jepsen.util: 798	:info	:generate	nil	[:crash "Unexpected exception handling (msg c8 n0 {\"type\":\"generate\",\"msg_id\":267}) : java.lang.UnsupportedOperationException: Not a string: 267\njava.lang.UnsupportedOperationException: Not a string: 267\n\tat com.eclipsesource.json.JsonValue.asString(JsonValue.java:384)\n\tat com.eclipsesource.json.JsonObject.getString(JsonObject.java:674)\n\tat lab.UniqueId$1.accept(UniqueId.java:27)\n\tat lab.UniqueId$1.accept(UniqueId.java:24)\n\tat lab.Node.handleRequest(Node.java:97)\n\tat lab.Node.handleMessage(Node.java:71)\n\tat lab.Node.lambda$run$0(Node.java:44)\n\tat java.base/java.util.concurrent.ThreadPoolExecutor.runWorker(ThreadPoolExecutor.java:1144)\n\tat java.base/java.util.concurrent.ThreadPoolExecutor$Worker.run(ThreadPoolExecutor.java:642)\n\tat java.base/java.lang.Thread.run(Thread.java:1583)\n"]
2026-03-11 14:37:55,989{GMT}	INFO	[jepsen worker 0] jepsen.util: 801	:invoke	:generate	nil
2026-03-11 14:37:55,989{GMT}	INFO	[jepsen worker 2] jepsen.util: 692	:info	:generate	nil	[:crash "Unexpected exception handling (msg c7 n2 {\"type\":\"generate\",\"msg_id\":231}) : java.lang.UnsupportedOperationException: Not a string: 231\njava.lang.UnsupportedOperationException: Not a string: 231\n\tat com.eclipsesource.json.JsonValue.asString(JsonValue.java:384)\n\tat com.eclipsesource.json.JsonObject.getString(JsonObject.java:674)\n\tat lab.UniqueId$1.accept(UniqueId.java:27)\n\tat lab.UniqueId$1.accept(UniqueId.java:24)\n\tat lab.Node.handleRequest(Node.java:97)\n\tat lab.Node.handleMessage(Node.java:71)\n\tat lab.Node.lambda$run$0(Node.java:44)\n\tat java.base/java.util.concurrent.ThreadPoolExecutor.runWorker(ThreadPoolExecutor.java:1144)\n\tat java.base/java.util.concurrent.ThreadPoolExecutor$Worker.run(ThreadPoolExecutor.java:642)\n\tat java.base/java.lang.Thread.run(Thread.java:1583)\n"]
2026-03-11 14:37:55,990{GMT}	INFO	[jepsen worker 1] jepsen.util: 757	:invoke	:generate	nil
2026-03-11 14:37:55,990{GMT}	INFO	[jepsen worker 2] jepsen.util: 695	:invoke	:generate	nil
2026-03-11 14:37:55,990{GMT}	INFO	[jepsen worker 0] jepsen.util: 801	:info	:generate	nil	[:crash "Unexpected exception handling (msg c8 n0 {\"type\":\"generate\",\"msg_id\":268}) : java.lang.UnsupportedOperationException: Not a string: 268\njava.lang.UnsupportedOperationException: Not a string: 268\n\tat com.eclipsesource.json.JsonValue.asString(JsonValue.java:384)\n\tat com.eclipsesource.json.JsonObject.getString(JsonObject.java:674)\n\tat lab.UniqueId$1.accept(UniqueId.java:27)\n\tat lab.UniqueId$1.accept(UniqueId.java:24)\n\tat lab.Node.handleRequest(Node.java:97)\n\tat lab.Node.handleMessage(Node.java:71)\n\tat lab.Node.lambda$run$0(Node.java:44)\n\tat java.base/java.util.concurrent.ThreadPoolExecutor.runWorker(ThreadPoolExecutor.java:1144)\n\tat java.base/java.util.concurrent.ThreadPoolExecutor$Worker.run(ThreadPoolExecutor.java:642)\n\tat java.base/java.lang.Thread.run(Thread.java:1583)\n"]
2026-03-11 14:37:55,991{GMT}	INFO	[jepsen worker 1] jepsen.util: 757	:info	:generate	nil	[:crash "Unexpected exception handling (msg c6 n1 {\"type\":\"generate\",\"msg_id\":253}) : java.lang.UnsupportedOperationException: Not a string: 253\njava.lang.UnsupportedOperationException: Not a string: 253\n\tat com.eclipsesource.json.JsonValue.asString(JsonValue.java:384)\n\tat com.eclipsesource.json.JsonObject.getString(JsonObject.java:674)\n\tat lab.UniqueId$1.accept(UniqueId.java:27)\n\tat lab.UniqueId$1.accept(UniqueId.java:24)\n\tat lab.Node.handleRequest(Node.java:97)\n\tat lab.Node.handleMessage(Node.java:71)\n\tat lab.Node.lambda$run$0(Node.java:44)\n\tat java.base/java.util.concurrent.ThreadPoolExecutor.runWorker(ThreadPoolExecutor.java:1144)\n\tat java.base/java.util.concurrent.ThreadPoolExecutor$Worker.run(ThreadPoolExecutor.java:642)\n\tat java.base/java.lang.Thread.run(Thread.java:1583)\n"]
2026-03-11 14:37:55,991{GMT}	INFO	[jepsen worker 2] jepsen.util: 695	:info	:generate	nil	[:crash "Unexpected exception handling (msg c7 n2 {\"type\":\"generate\",\"msg_id\":232}) : java.lang.UnsupportedOperationException: Not a string: 232\njava.lang.UnsupportedOperationException: Not a string: 232\n\tat com.eclipsesource.json.JsonValue.asString(JsonValue.java:384)\n\tat com.eclipsesource.json.JsonObject.getString(JsonObject.java:674)\n\tat lab.UniqueId$1.accept(UniqueId.java:27)\n\tat lab.UniqueId$1.accept(UniqueId.java:24)\n\tat lab.Node.handleRequest(Node.java:97)\n\tat lab.Node.handleMessage(Node.java:71)\n\tat lab.Node.lambda$run$0(Node.java:44)\n\tat java.base/java.util.concurrent.ThreadPoolExecutor.runWorker(ThreadPoolExecutor.java:1144)\n\tat java.base/java.util.concurrent.ThreadPoolExecutor$Worker.run(ThreadPoolExecutor.java:642)\n\tat java.base/java.lang.Thread.run(Thread.java:1583)\n"]
2026-03-11 14:37:55,991{GMT}	INFO	[jepsen worker 0] jepsen.util: 804	:invoke	:generate	nil
2026-03-11 14:37:56,002{GMT}	INFO	[jepsen worker 1] jepsen.util: 760	:invoke	:generate	nil
2026-03-11 14:37:56,002{GMT}	INFO	[jepsen worker 2] jepsen.util: 698	:invoke	:generate	nil
2026-03-11 14:37:56,004{GMT}	INFO	[jepsen worker 2] jepsen.util: 698	:info	:generate	nil	[:crash "Unexpected exception handling (msg c7 n2 {\"type\":\"generate\",\"msg_id\":233}) : java.lang.UnsupportedOperationException: Not a string: 233\njava.lang.UnsupportedOperationException: Not a string: 233\n\tat com.eclipsesource.json.JsonValue.asString(JsonValue.java:384)\n\tat com.eclipsesource.json.JsonObject.getString(JsonObject.java:674)\n\tat lab.UniqueId$1.accept(UniqueId.java:27)\n\tat lab.UniqueId$1.accept(UniqueId.java:24)\n\tat lab.Node.handleRequest(Node.java:97)\n\tat lab.Node.handleMessage(Node.java:71)\n\tat lab.Node.lambda$run$0(Node.java:44)\n\tat java.base/java.util.concurrent.ThreadPoolExecutor.runWorker(ThreadPoolExecutor.java:1144)\n\tat java.base/java.util.concurrent.ThreadPoolExecutor$Worker.run(ThreadPoolExecutor.java:642)\n\tat java.base/java.lang.Thread.run(Thread.java:1583)\n"]
2026-03-11 14:37:56,004{GMT}	INFO	[jepsen worker 1] jepsen.util: 760	:info	:generate	nil	[:crash "Unexpected exception handling (msg c6 n1 {\"type\":\"generate\",\"msg_id\":254}) : java.lang.UnsupportedOperationException: Not a string: 254\njava.lang.UnsupportedOperationException: Not a string: 254\n\tat com.eclipsesource.json.JsonValue.asString(JsonValue.java:384)\n\tat com.eclipsesource.json.JsonObject.getString(JsonObject.java:674)\n\tat lab.UniqueId$1.accept(UniqueId.java:27)\n\tat lab.UniqueId$1.accept(UniqueId.java:24)\n\tat lab.Node.handleRequest(Node.java:97)\n\tat lab.Node.handleMessage(Node.java:71)\n\tat lab.Node.lambda$run$0(Node.java:44)\n\tat java.base/java.util.concurrent.ThreadPoolExecutor.runWorker(ThreadPoolExecutor.java:1144)\n\tat java.base/java.util.concurrent.ThreadPoolExecutor$Worker.run(ThreadPoolExecutor.java:642)\n\tat java.base/java.lang.Thread.run(Thread.java:1583)\n"]
2026-03-11 14:37:56,004{GMT}	INFO	[jepsen worker 2] jepsen.util: 701	:invoke	:generate	nil
2026-03-11 14:37:56,004{GMT}	INFO	[jepsen worker 0] jepsen.util: 804	:info	:generate	nil	[:crash "Unexpected exception handling (msg c8 n0 {\"type\":\"generate\",\"msg_id\":269}) : java.lang.UnsupportedOperationException: Not a string: 269\njava.lang.UnsupportedOperationException: Not a string: 269\n\tat com.eclipsesource.json.JsonValue.asString(JsonValue.java:384)\n\tat com.eclipsesource.json.JsonObject.getString(JsonObject.java:674)\n\tat lab.UniqueId$1.accept(UniqueId.java:27)\n\tat lab.UniqueId$1.accept(UniqueId.java:24)\n\tat lab.Node.handleRequest(Node.java:97)\n\tat lab.Node.handleMessage(Node.java:71)\n\tat lab.Node.lambda$run$0(Node.java:44)\n\tat java.base/java.util.concurrent.ThreadPoolExecutor.runWorker(ThreadPoolExecutor.java:1144)\n\tat java.base/java.util.concurrent.ThreadPoolExecutor$Worker.run(ThreadPoolExecutor.java:642)\n\tat java.base/java.lang.Thread.run(Thread.java:1583)\n"]
2026-03-11 14:37:56,004{GMT}	INFO	[jepsen worker 0] jepsen.util: 807	:invoke	:generate	nil
2026-03-11 14:37:56,005{GMT}	INFO	[jepsen worker 2] jepsen.util: 701	:info	:generate	nil	[:crash "Unexpected exception handling (msg c7 n2 {\"type\":\"generate\",\"msg_id\":234}) : java.lang.UnsupportedOperationException: Not a string: 234\njava.lang.UnsupportedOperationException: Not a string: 234\n\tat com.eclipsesource.json.JsonValue.asString(JsonValue.java:384)\n\tat com.eclipsesource.json.JsonObject.getString(JsonObject.java:674)\n\tat lab.UniqueId$1.accept(UniqueId.java:27)\n\tat lab.UniqueId$1.accept(UniqueId.java:24)\n\tat lab.Node.handleRequest(Node.java:97)\n\tat lab.Node.handleMessage(Node.java:71)\n\tat lab.Node.lambda$run$0(Node.java:44)\n\tat java.base/java.util.concurrent.ThreadPoolExecutor.runWorker(ThreadPoolExecutor.java:1144)\n\tat java.base/java.util.concurrent.ThreadPoolExecutor$Worker.run(ThreadPoolExecutor.java:642)\n\tat java.base/java.lang.Thread.run(Thread.java:1583)\n"]
2026-03-11 14:37:56,006{GMT}	INFO	[jepsen worker 0] jepsen.util: 807	:info	:generate	nil	[:crash "Unexpected exception handling (msg c8 n0 {\"type\":\"generate\",\"msg_id\":270}) : java.lang.UnsupportedOperationException: Not a string: 270\njava.lang.UnsupportedOperationException: Not a string: 270\n\tat com.eclipsesource.json.JsonValue.asString(JsonValue.java:384)\n\tat com.eclipsesource.json.JsonObject.getString(JsonObject.java:674)\n\tat lab.UniqueId$1.accept(UniqueId.java:27)\n\tat lab.UniqueId$1.accept(UniqueId.java:24)\n\tat lab.Node.handleRequest(Node.java:97)\n\tat lab.Node.handleMessage(Node.java:71)\n\tat lab.Node.lambda$run$0(Node.java:44)\n\tat java.base/java.util.concurrent.ThreadPoolExecutor.runWorker(ThreadPoolExecutor.java:1144)\n\tat java.base/java.util.concurrent.ThreadPoolExecutor$Worker.run(ThreadPoolExecutor.java:642)\n\tat java.base/java.lang.Thread.run(Thread.java:1583)\n"]
2026-03-11 14:37:56,006{GMT}	INFO	[jepsen worker 0] jepsen.util: 810	:invoke	:generate	nil
2026-03-11 14:37:56,006{GMT}	INFO	[jepsen worker 1] jepsen.util: 763	:invoke	:generate	nil
2026-03-11 14:37:56,007{GMT}	INFO	[jepsen worker 0] jepsen.util: 810	:info	:generate	nil	[:crash "Unexpected exception handling (msg c8 n0 {\"type\":\"generate\",\"msg_id\":271}) : java.lang.UnsupportedOperationException: Not a string: 271\njava.lang.UnsupportedOperationException: Not a string: 271\n\tat com.eclipsesource.json.JsonValue.asString(JsonValue.java:384)\n\tat com.eclipsesource.json.JsonObject.getString(JsonObject.java:674)\n\tat lab.UniqueId$1.accept(UniqueId.java:27)\n\tat lab.UniqueId$1.accept(UniqueId.java:24)\n\tat lab.Node.handleRequest(Node.java:97)\n\tat lab.Node.handleMessage(Node.java:71)\n\tat lab.Node.lambda$run$0(Node.java:44)\n\tat java.base/java.util.concurrent.ThreadPoolExecutor.runWorker(ThreadPoolExecutor.java:1144)\n\tat java.base/java.util.concurrent.ThreadPoolExecutor$Worker.run(ThreadPoolExecutor.java:642)\n\tat java.base/java.lang.Thread.run(Thread.java:1583)\n"]
2026-03-11 14:37:56,008{GMT}	INFO	[jepsen worker 1] jepsen.util: 763	:info	:generate	nil	[:crash "Unexpected exception handling (msg c6 n1 {\"type\":\"generate\",\"msg_id\":255}) : java.lang.UnsupportedOperationException: Not a string: 255\njava.lang.UnsupportedOperationException: Not a string: 255\n\tat com.eclipsesource.json.JsonValue.asString(JsonValue.java:384)\n\tat com.eclipsesource.json.JsonObject.getString(JsonObject.java:674)\n\tat lab.UniqueId$1.accept(UniqueId.java:27)\n\tat lab.UniqueId$1.accept(UniqueId.java:24)\n\tat lab.Node.handleRequest(Node.java:97)\n\tat lab.Node.handleMessage(Node.java:71)\n\tat lab.Node.lambda$run$0(Node.java:44)\n\tat java.base/java.util.concurrent.ThreadPoolExecutor.runWorker(ThreadPoolExecutor.java:1144)\n\tat java.base/java.util.concurrent.ThreadPoolExecutor$Worker.run(ThreadPoolExecutor.java:642)\n\tat java.base/java.lang.Thread.run(Thread.java:1583)\n"]
2026-03-11 14:37:56,008{GMT}	INFO	[jepsen worker 2] jepsen.util: 704	:invoke	:generate	nil
2026-03-11 14:37:56,009{GMT}	INFO	[jepsen worker 0] jepsen.util: 813	:invoke	:generate	nil
2026-03-11 14:37:56,009{GMT}	INFO	[jepsen worker 2] jepsen.util: 704	:info	:generate	nil	[:crash "Unexpected exception handling (msg c7 n2 {\"type\":\"generate\",\"msg_id\":235}) : java.lang.UnsupportedOperationException: Not a string: 235\njava.lang.UnsupportedOperationException: Not a string: 235\n\tat com.eclipsesource.json.JsonValue.asString(JsonValue.java:384)\n\tat com.eclipsesource.json.JsonObject.getString(JsonObject.java:674)\n\tat lab.UniqueId$1.accept(UniqueId.java:27)\n\tat lab.UniqueId$1.accept(UniqueId.java:24)\n\tat lab.Node.handleRequest(Node.java:97)\n\tat lab.Node.handleMessage(Node.java:71)\n\tat lab.Node.lambda$run$0(Node.java:44)\n\tat java.base/java.util.concurrent.ThreadPoolExecutor.runWorker(ThreadPoolExecutor.java:1144)\n\tat java.base/java.util.concurrent.ThreadPoolExecutor$Worker.run(ThreadPoolExecutor.java:642)\n\tat java.base/java.lang.Thread.run(Thread.java:1583)\n"]
2026-03-11 14:37:56,010{GMT}	INFO	[jepsen worker 0] jepsen.util: 813	:info	:generate	nil	[:crash "Unexpected exception handling (msg c8 n0 {\"type\":\"generate\",\"msg_id\":272}) : java.lang.UnsupportedOperationException: Not a string: 272\njava.lang.UnsupportedOperationException: Not a string: 272\n\tat com.eclipsesource.json.JsonValue.asString(JsonValue.java:384)\n\tat com.eclipsesource.json.JsonObject.getString(JsonObject.java:674)\n\tat lab.UniqueId$1.accept(UniqueId.java:27)\n\tat lab.UniqueId$1.accept(UniqueId.java:24)\n\tat lab.Node.handleRequest(Node.java:97)\n\tat lab.Node.handleMessage(Node.java:71)\n\tat lab.Node.lambda$run$0(Node.java:44)\n\tat java.base/java.util.concurrent.ThreadPoolExecutor.runWorker(ThreadPoolExecutor.java:1144)\n\tat java.base/java.util.concurrent.ThreadPoolExecutor$Worker.run(ThreadPoolExecutor.java:642)\n\tat java.base/java.lang.Thread.run(Thread.java:1583)\n"]
2026-03-11 14:37:56,012{GMT}	INFO	[jepsen worker 2] jepsen.util: 707	:invoke	:generate	nil
2026-03-11 14:37:56,012{GMT}	INFO	[jepsen worker 1] jepsen.util: 766	:invoke	:generate	nil
2026-03-11 14:37:56,022{GMT}	INFO	[jepsen worker 0] jepsen.util: 816	:invoke	:generate	nil
2026-03-11 14:37:56,023{GMT}	INFO	[jepsen worker 2] jepsen.util: 707	:info	:generate	nil	[:crash "Unexpected exception handling (msg c7 n2 {\"type\":\"generate\",\"msg_id\":236}) : java.lang.UnsupportedOperationException: Not a string: 236\njava.lang.UnsupportedOperationException: Not a string: 236\n\tat com.eclipsesource.json.JsonValue.asString(JsonValue.java:384)\n\tat com.eclipsesource.json.JsonObject.getString(JsonObject.java:674)\n\tat lab.UniqueId$1.accept(UniqueId.java:27)\n\tat lab.UniqueId$1.accept(UniqueId.java:24)\n\tat lab.Node.handleRequest(Node.java:97)\n\tat lab.Node.handleMessage(Node.java:71)\n\tat lab.Node.lambda$run$0(Node.java:44)\n\tat java.base/java.util.concurrent.ThreadPoolExecutor.runWorker(ThreadPoolExecutor.java:1144)\n\tat java.base/java.util.concurrent.ThreadPoolExecutor$Worker.run(ThreadPoolExecutor.java:642)\n\tat java.base/java.lang.Thread.run(Thread.java:1583)\n"]
2026-03-11 14:37:56,023{GMT}	INFO	[jepsen worker 0] jepsen.util: 816	:info	:generate	nil	[:crash "Unexpected exception handling (msg c8 n0 {\"type\":\"generate\",\"msg_id\":273}) : java.lang.UnsupportedOperationException: Not a string: 273\njava.lang.UnsupportedOperationException: Not a string: 273\n\tat com.eclipsesource.json.JsonValue.asString(JsonValue.java:384)\n\tat com.eclipsesource.json.JsonObject.getString(JsonObject.java:674)\n\tat lab.UniqueId$1.accept(UniqueId.java:27)\n\tat lab.UniqueId$1.accept(UniqueId.java:24)\n\tat lab.Node.handleRequest(Node.java:97)\n\tat lab.Node.handleMessage(Node.java:71)\n\tat lab.Node.lambda$run$0(Node.java:44)\n\tat java.base/java.util.concurrent.ThreadPoolExecutor.runWorker(ThreadPoolExecutor.java:1144)\n\tat java.base/java.util.concurrent.ThreadPoolExecutor$Worker.run(ThreadPoolExecutor.java:642)\n\tat java.base/java.lang.Thread.run(Thread.java:1583)\n"]
2026-03-11 14:37:56,024{GMT}	INFO	[jepsen worker 0] jepsen.util: 819	:invoke	:generate	nil
2026-03-11 14:37:56,025{GMT}	INFO	[jepsen worker 1] jepsen.util: 766	:info	:generate	nil	[:crash "Unexpected exception handling (msg c6 n1 {\"type\":\"generate\",\"msg_id\":256}) : java.lang.UnsupportedOperationException: Not a string: 256\njava.lang.UnsupportedOperationException: Not a string: 256\n\tat com.eclipsesource.json.JsonValue.asString(JsonValue.java:384)\n\tat com.eclipsesource.json.JsonObject.getString(JsonObject.java:674)\n\tat lab.UniqueId$1.accept(UniqueId.java:27)\n\tat lab.UniqueId$1.accept(UniqueId.java:24)\n\tat lab.Node.handleRequest(Node.java:97)\n\tat lab.Node.handleMessage(Node.java:71)\n\tat lab.Node.lambda$run$0(Node.java:44)\n\tat java.base/java.util.concurrent.ThreadPoolExecutor.runWorker(ThreadPoolExecutor.java:1144)\n\tat java.base/java.util.concurrent.ThreadPoolExecutor$Worker.run(ThreadPoolExecutor.java:642)\n\tat java.base/java.lang.Thread.run(Thread.java:1583)\n"]
2026-03-11 14:37:56,025{GMT}	INFO	[jepsen worker 0] jepsen.util: 819	:info	:generate	nil	[:crash "Unexpected exception handling (msg c8 n0 {\"type\":\"generate\",\"msg_id\":274}) : java.lang.UnsupportedOperationException: Not a string: 274\njava.lang.UnsupportedOperationException: Not a string: 274\n\tat com.eclipsesource.json.JsonValue.asString(JsonValue.java:384)\n\tat com.eclipsesource.json.JsonObject.getString(JsonObject.java:674)\n\tat lab.UniqueId$1.accept(UniqueId.java:27)\n\tat lab.UniqueId$1.accept(UniqueId.java:24)\n\tat lab.Node.handleRequest(Node.java:97)\n\tat lab.Node.handleMessage(Node.java:71)\n\tat lab.Node.lambda$run$0(Node.java:44)\n\tat java.base/java.util.concurrent.ThreadPoolExecutor.runWorker(ThreadPoolExecutor.java:1144)\n\tat java.base/java.util.concurrent.ThreadPoolExecutor$Worker.run(ThreadPoolExecutor.java:642)\n\tat java.base/java.lang.Thread.run(Thread.java:1583)\n"]
2026-03-11 14:37:56,026{GMT}	INFO	[jepsen worker 0] jepsen.util: 822	:invoke	:generate	nil
2026-03-11 14:37:56,027{GMT}	INFO	[jepsen worker 1] jepsen.util: 769	:invoke	:generate	nil
2026-03-11 14:37:56,027{GMT}	INFO	[jepsen worker 0] jepsen.util: 822	:info	:generate	nil	[:crash "Unexpected exception handling (msg c8 n0 {\"type\":\"generate\",\"msg_id\":275}) : java.lang.UnsupportedOperationException: Not a string: 275\njava.lang.UnsupportedOperationException: Not a string: 275\n\tat com.eclipsesource.json.JsonValue.asString(JsonValue.java:384)\n\tat com.eclipsesource.json.JsonObject.getString(JsonObject.java:674)\n\tat lab.UniqueId$1.accept(UniqueId.java:27)\n\tat lab.UniqueId$1.accept(UniqueId.java:24)\n\tat lab.Node.handleRequest(Node.java:97)\n\tat lab.Node.handleMessage(Node.java:71)\n\tat lab.Node.lambda$run$0(Node.java:44)\n\tat java.base/java.util.concurrent.ThreadPoolExecutor.runWorker(ThreadPoolExecutor.java:1144)\n\tat java.base/java.util.concurrent.ThreadPoolExecutor$Worker.run(ThreadPoolExecutor.java:642)\n\tat java.base/java.lang.Thread.run(Thread.java:1583)\n"]
2026-03-11 14:37:56,028{GMT}	INFO	[jepsen worker 2] jepsen.util: 710	:invoke	:generate	nil
2026-03-11 14:37:56,028{GMT}	INFO	[jepsen worker 0] jepsen.util: 825	:invoke	:generate	nil
2026-03-11 14:37:56,028{GMT}	INFO	[jepsen worker 1] jepsen.util: 769	:info	:generate	nil	[:crash "Unexpected exception handling (msg c6 n1 {\"type\":\"generate\",\"msg_id\":257}) : java.lang.UnsupportedOperationException: Not a string: 257\njava.lang.UnsupportedOperationException: Not a string: 257\n\tat com.eclipsesource.json.JsonValue.asString(JsonValue.java:384)\n\tat com.eclipsesource.json.JsonObject.getString(JsonObject.java:674)\n\tat lab.UniqueId$1.accept(UniqueId.java:27)\n\tat lab.UniqueId$1.accept(UniqueId.java:24)\n\tat lab.Node.handleRequest(Node.java:97)\n\tat lab.Node.handleMessage(Node.java:71)\n\tat lab.Node.lambda$run$0(Node.java:44)\n\tat java.base/java.util.concurrent.ThreadPoolExecutor.runWorker(ThreadPoolExecutor.java:1144)\n\tat java.base/java.util.concurrent.ThreadPoolExecutor$Worker.run(ThreadPoolExecutor.java:642)\n\tat java.base/java.lang.Thread.run(Thread.java:1583)\n"]
2026-03-11 14:37:56,029{GMT}	INFO	[jepsen worker 2] jepsen.util: 710	:info	:generate	nil	[:crash "Unexpected exception handling (msg c7 n2 {\"type\":\"generate\",\"msg_id\":237}) : java.lang.UnsupportedOperationException: Not a string: 237\njava.lang.UnsupportedOperationException: Not a string: 237\n\tat com.eclipsesource.json.JsonValue.asString(JsonValue.java:384)\n\tat com.eclipsesource.json.JsonObject.getString(JsonObject.java:674)\n\tat lab.UniqueId$1.accept(UniqueId.java:27)\n\tat lab.UniqueId$1.accept(UniqueId.java:24)\n\tat lab.Node.handleRequest(Node.java:97)\n\tat lab.Node.handleMessage(Node.java:71)\n\tat lab.Node.lambda$run$0(Node.java:44)\n\tat java.base/java.util.concurrent.ThreadPoolExecutor.runWorker(ThreadPoolExecutor.java:1144)\n\tat java.base/java.util.concurrent.ThreadPoolExecutor$Worker.run(ThreadPoolExecutor.java:642)\n\tat java.base/java.lang.Thread.run(Thread.java:1583)\n"]
2026-03-11 14:37:56,029{GMT}	INFO	[jepsen worker 0] jepsen.util: 825	:info	:generate	nil	[:crash "Unexpected exception handling (msg c8 n0 {\"type\":\"generate\",\"msg_id\":276}) : java.lang.UnsupportedOperationException: Not a string: 276\njava.lang.UnsupportedOperationException: Not a string: 276\n\tat com.eclipsesource.json.JsonValue.asString(JsonValue.java:384)\n\tat com.eclipsesource.json.JsonObject.getString(JsonObject.java:674)\n\tat lab.UniqueId$1.accept(UniqueId.java:27)\n\tat lab.UniqueId$1.accept(UniqueId.java:24)\n\tat lab.Node.handleRequest(Node.java:97)\n\tat lab.Node.handleMessage(Node.java:71)\n\tat lab.Node.lambda$run$0(Node.java:44)\n\tat java.base/java.util.concurrent.ThreadPoolExecutor.runWorker(ThreadPoolExecutor.java:1144)\n\tat java.base/java.util.concurrent.ThreadPoolExecutor$Worker.run(ThreadPoolExecutor.java:642)\n\tat java.base/java.lang.Thread.run(Thread.java:1583)\n"]
2026-03-11 14:37:56,029{GMT}	INFO	[jepsen worker 0] jepsen.util: 828	:invoke	:generate	nil
2026-03-11 14:37:56,032{GMT}	INFO	[jepsen worker 1] jepsen.util: 772	:invoke	:generate	nil
2026-03-11 14:37:56,031{GMT}	INFO	[jepsen worker 0] jepsen.util: 828	:info	:generate	nil	[:crash "Unexpected exception handling (msg c8 n0 {\"type\":\"generate\",\"msg_id\":277}) : java.lang.UnsupportedOperationException: Not a string: 277\njava.lang.UnsupportedOperationException: Not a string: 277\n\tat com.eclipsesource.json.JsonValue.asString(JsonValue.java:384)\n\tat com.eclipsesource.json.JsonObject.getString(JsonObject.java:674)\n\tat lab.UniqueId$1.accept(UniqueId.java:27)\n\tat lab.UniqueId$1.accept(UniqueId.java:24)\n\tat lab.Node.handleRequest(Node.java:97)\n\tat lab.Node.handleMessage(Node.java:71)\n\tat lab.Node.lambda$run$0(Node.java:44)\n\tat java.base/java.util.concurrent.ThreadPoolExecutor.runWorker(ThreadPoolExecutor.java:1144)\n\tat java.base/java.util.concurrent.ThreadPoolExecutor$Worker.run(ThreadPoolExecutor.java:642)\n\tat java.base/java.lang.Thread.run(Thread.java:1583)\n"]
2026-03-11 14:37:56,032{GMT}	INFO	[jepsen worker 2] jepsen.util: 713	:invoke	:generate	nil
2026-03-11 14:37:56,040{GMT}	INFO	[jepsen worker 0] jepsen.util: 831	:invoke	:generate	nil
2026-03-11 14:37:56,042{GMT}	INFO	[jepsen worker 1] jepsen.util: 772	:info	:generate	nil	[:crash "Unexpected exception handling (msg c6 n1 {\"type\":\"generate\",\"msg_id\":258}) : java.lang.UnsupportedOperationException: Not a string: 258\njava.lang.UnsupportedOperationException: Not a string: 258\n\tat com.eclipsesource.json.JsonValue.asString(JsonValue.java:384)\n\tat com.eclipsesource.json.JsonObject.getString(JsonObject.java:674)\n\tat lab.UniqueId$1.accept(UniqueId.java:27)\n\tat lab.UniqueId$1.accept(UniqueId.java:24)\n\tat lab.Node.handleRequest(Node.java:97)\n\tat lab.Node.handleMessage(Node.java:71)\n\tat lab.Node.lambda$run$0(Node.java:44)\n\tat java.base/java.util.concurrent.ThreadPoolExecutor.runWorker(ThreadPoolExecutor.java:1144)\n\tat java.base/java.util.concurrent.ThreadPoolExecutor$Worker.run(ThreadPoolExecutor.java:642)\n\tat java.base/java.lang.Thread.run(Thread.java:1583)\n"]
2026-03-11 14:37:56,042{GMT}	INFO	[jepsen worker 0] jepsen.util: 831	:info	:generate	nil	[:crash "Unexpected exception handling (msg c8 n0 {\"type\":\"generate\",\"msg_id\":278}) : java.lang.UnsupportedOperationException: Not a string: 278\njava.lang.UnsupportedOperationException: Not a string: 278\n\tat com.eclipsesource.json.JsonValue.asString(JsonValue.java:384)\n\tat com.eclipsesource.json.JsonObject.getString(JsonObject.java:674)\n\tat lab.UniqueId$1.accept(UniqueId.java:27)\n\tat lab.UniqueId$1.accept(UniqueId.java:24)\n\tat lab.Node.handleRequest(Node.java:97)\n\tat lab.Node.handleMessage(Node.java:71)\n\tat lab.Node.lambda$run$0(Node.java:44)\n\tat java.base/java.util.concurrent.ThreadPoolExecutor.runWorker(ThreadPoolExecutor.java:1144)\n\tat java.base/java.util.concurrent.ThreadPoolExecutor$Worker.run(ThreadPoolExecutor.java:642)\n\tat java.base/java.lang.Thread.run(Thread.java:1583)\n"]
2026-03-11 14:37:56,042{GMT}	INFO	[jepsen worker 2] jepsen.util: 713	:info	:generate	nil	[:crash "Unexpected exception handling (msg c7 n2 {\"type\":\"generate\",\"msg_id\":238}) : java.lang.UnsupportedOperationException: Not a string: 238\njava.lang.UnsupportedOperationException: Not a string: 238\n\tat com.eclipsesource.json.JsonValue.asString(JsonValue.java:384)\n\tat com.eclipsesource.json.JsonObject.getString(JsonObject.java:674)\n\tat lab.UniqueId$1.accept(UniqueId.java:27)\n\tat lab.UniqueId$1.accept(UniqueId.java:24)\n\tat lab.Node.handleRequest(Node.java:97)\n\tat lab.Node.handleMessage(Node.java:71)\n\tat lab.Node.lambda$run$0(Node.java:44)\n\tat java.base/java.util.concurrent.ThreadPoolExecutor.runWorker(ThreadPoolExecutor.java:1144)\n\tat java.base/java.util.concurrent.ThreadPoolExecutor$Worker.run(ThreadPoolExecutor.java:642)\n\tat java.base/java.lang.Thread.run(Thread.java:1583)\n"]
2026-03-11 14:37:56,042{GMT}	INFO	[jepsen worker 1] jepsen.util: 775	:invoke	:generate	nil
2026-03-11 14:37:56,043{GMT}	INFO	[jepsen worker 2] jepsen.util: 716	:invoke	:generate	nil
2026-03-11 14:37:56,043{GMT}	INFO	[jepsen worker 1] jepsen.util: 775	:info	:generate	nil	[:crash "Unexpected exception handling (msg c6 n1 {\"type\":\"generate\",\"msg_id\":259}) : java.lang.UnsupportedOperationException: Not a string: 259\njava.lang.UnsupportedOperationException: Not a string: 259\n\tat com.eclipsesource.json.JsonValue.asString(JsonValue.java:384)\n\tat com.eclipsesource.json.JsonObject.getString(JsonObject.java:674)\n\tat lab.UniqueId$1.accept(UniqueId.java:27)\n\tat lab.UniqueId$1.accept(UniqueId.java:24)\n\tat lab.Node.handleRequest(Node.java:97)\n\tat lab.Node.handleMessage(Node.java:71)\n\tat lab.Node.lambda$run$0(Node.java:44)\n\tat java.base/java.util.concurrent.ThreadPoolExecutor.runWorker(ThreadPoolExecutor.java:1144)\n\tat java.base/java.util.concurrent.ThreadPoolExecutor$Worker.run(ThreadPoolExecutor.java:642)\n\tat java.base/java.lang.Thread.run(Thread.java:1583)\n"]
2026-03-11 14:37:56,045{GMT}	INFO	[jepsen worker 2] jepsen.util: 716	:info	:generate	nil	[:crash "Unexpected exception handling (msg c7 n2 {\"type\":\"generate\",\"msg_id\":239}) : java.lang.UnsupportedOperationException: Not a string: 239\njava.lang.UnsupportedOperationException: Not a string: 239\n\tat com.eclipsesource.json.JsonValue.asString(JsonValue.java:384)\n\tat com.eclipsesource.json.JsonObject.getString(JsonObject.java:674)\n\tat lab.UniqueId$1.accept(UniqueId.java:27)\n\tat lab.UniqueId$1.accept(UniqueId.java:24)\n\tat lab.Node.handleRequest(Node.java:97)\n\tat lab.Node.handleMessage(Node.java:71)\n\tat lab.Node.lambda$run$0(Node.java:44)\n\tat java.base/java.util.concurrent.ThreadPoolExecutor.runWorker(ThreadPoolExecutor.java:1144)\n\tat java.base/java.util.concurrent.ThreadPoolExecutor$Worker.run(ThreadPoolExecutor.java:642)\n\tat java.base/java.lang.Thread.run(Thread.java:1583)\n"]
2026-03-11 14:37:56,045{GMT}	INFO	[jepsen worker 2] jepsen.util: 719	:invoke	:generate	nil
2026-03-11 14:37:56,046{GMT}	INFO	[jepsen worker 0] jepsen.util: 834	:invoke	:generate	nil
2026-03-11 14:37:56,046{GMT}	INFO	[jepsen worker 1] jepsen.util: 778	:invoke	:generate	nil
2026-03-11 14:37:56,046{GMT}	INFO	[jepsen worker 2] jepsen.util: 719	:info	:generate	nil	[:crash "Unexpected exception handling (msg c7 n2 {\"type\":\"generate\",\"msg_id\":240}) : java.lang.UnsupportedOperationException: Not a string: 240\njava.lang.UnsupportedOperationException: Not a string: 240\n\tat com.eclipsesource.json.JsonValue.asString(JsonValue.java:384)\n\tat com.eclipsesource.json.JsonObject.getString(JsonObject.java:674)\n\tat lab.UniqueId$1.accept(UniqueId.java:27)\n\tat lab.UniqueId$1.accept(UniqueId.java:24)\n\tat lab.Node.handleRequest(Node.java:97)\n\tat lab.Node.handleMessage(Node.java:71)\n\tat lab.Node.lambda$run$0(Node.java:44)\n\tat java.base/java.util.concurrent.ThreadPoolExecutor.runWorker(ThreadPoolExecutor.java:1144)\n\tat java.base/java.util.concurrent.ThreadPoolExecutor$Worker.run(ThreadPoolExecutor.java:642)\n\tat java.base/java.lang.Thread.run(Thread.java:1583)\n"]
2026-03-11 14:37:56,048{GMT}	INFO	[jepsen worker 0] jepsen.util: 834	:info	:generate	nil	[:crash "Unexpected exception handling (msg c8 n0 {\"type\":\"generate\",\"msg_id\":279}) : java.lang.UnsupportedOperationException: Not a string: 279\njava.lang.UnsupportedOperationException: Not a string: 279\n\tat com.eclipsesource.json.JsonValue.asString(JsonValue.java:384)\n\tat com.eclipsesource.json.JsonObject.getString(JsonObject.java:674)\n\tat lab.UniqueId$1.accept(UniqueId.java:27)\n\tat lab.UniqueId$1.accept(UniqueId.java:24)\n\tat lab.Node.handleRequest(Node.java:97)\n\tat lab.Node.handleMessage(Node.java:71)\n\tat lab.Node.lambda$run$0(Node.java:44)\n\tat java.base/java.util.concurrent.ThreadPoolExecutor.runWorker(ThreadPoolExecutor.java:1144)\n\tat java.base/java.util.concurrent.ThreadPoolExecutor$Worker.run(ThreadPoolExecutor.java:642)\n\tat java.base/java.lang.Thread.run(Thread.java:1583)\n"]
2026-03-11 14:37:56,048{GMT}	INFO	[jepsen worker 1] jepsen.util: 778	:info	:generate	nil	[:crash "Unexpected exception handling (msg c6 n1 {\"type\":\"generate\",\"msg_id\":260}) : java.lang.UnsupportedOperationException: Not a string: 260\njava.lang.UnsupportedOperationException: Not a string: 260\n\tat com.eclipsesource.json.JsonValue.asString(JsonValue.java:384)\n\tat com.eclipsesource.json.JsonObject.getString(JsonObject.java:674)\n\tat lab.UniqueId$1.accept(UniqueId.java:27)\n\tat lab.UniqueId$1.accept(UniqueId.java:24)\n\tat lab.Node.handleRequest(Node.java:97)\n\tat lab.Node.handleMessage(Node.java:71)\n\tat lab.Node.lambda$run$0(Node.java:44)\n\tat java.base/java.util.concurrent.ThreadPoolExecutor.runWorker(ThreadPoolExecutor.java:1144)\n\tat java.base/java.util.concurrent.ThreadPoolExecutor$Worker.run(ThreadPoolExecutor.java:642)\n\tat java.base/java.lang.Thread.run(Thread.java:1583)\n"]
2026-03-11 14:37:56,048{GMT}	INFO	[jepsen worker 2] jepsen.util: 722	:invoke	:generate	nil
2026-03-11 14:37:56,060{GMT}	INFO	[jepsen worker 1] jepsen.util: 781	:invoke	:generate	nil
2026-03-11 14:37:56,060{GMT}	INFO	[jepsen worker 0] jepsen.util: 837	:invoke	:generate	nil
2026-03-11 14:37:56,061{GMT}	INFO	[jepsen worker 0] jepsen.util: 837	:info	:generate	nil	[:crash "Unexpected exception handling (msg c8 n0 {\"type\":\"generate\",\"msg_id\":280}) : java.lang.UnsupportedOperationException: Not a string: 280\njava.lang.UnsupportedOperationException: Not a string: 280\n\tat com.eclipsesource.json.JsonValue.asString(JsonValue.java:384)\n\tat com.eclipsesource.json.JsonObject.getString(JsonObject.java:674)\n\tat lab.UniqueId$1.accept(UniqueId.java:27)\n\tat lab.UniqueId$1.accept(UniqueId.java:24)\n\tat lab.Node.handleRequest(Node.java:97)\n\tat lab.Node.handleMessage(Node.java:71)\n\tat lab.Node.lambda$run$0(Node.java:44)\n\tat java.base/java.util.concurrent.ThreadPoolExecutor.runWorker(ThreadPoolExecutor.java:1144)\n\tat java.base/java.util.concurrent.ThreadPoolExecutor$Worker.run(ThreadPoolExecutor.java:642)\n\tat java.base/java.lang.Thread.run(Thread.java:1583)\n"]
2026-03-11 14:37:56,061{GMT}	INFO	[jepsen worker 1] jepsen.util: 781	:info	:generate	nil	[:crash "Unexpected exception handling (msg c6 n1 {\"type\":\"generate\",\"msg_id\":261}) : java.lang.UnsupportedOperationException: Not a string: 261\njava.lang.UnsupportedOperationException: Not a string: 261\n\tat com.eclipsesource.json.JsonValue.asString(JsonValue.java:384)\n\tat com.eclipsesource.json.JsonObject.getString(JsonObject.java:674)\n\tat lab.UniqueId$1.accept(UniqueId.java:27)\n\tat lab.UniqueId$1.accept(UniqueId.java:24)\n\tat lab.Node.handleRequest(Node.java:97)\n\tat lab.Node.handleMessage(Node.java:71)\n\tat lab.Node.lambda$run$0(Node.java:44)\n\tat java.base/java.util.concurrent.ThreadPoolExecutor.runWorker(ThreadPoolExecutor.java:1144)\n\tat java.base/java.util.concurrent.ThreadPoolExecutor$Worker.run(ThreadPoolExecutor.java:642)\n\tat java.base/java.lang.Thread.run(Thread.java:1583)\n"]
2026-03-11 14:37:56,061{GMT}	INFO	[jepsen worker 0] jepsen.util: 840	:invoke	:generate	nil
2026-03-11 14:37:56,062{GMT}	INFO	[jepsen worker 2] jepsen.util: 722	:info	:generate	nil	[:crash "Unexpected exception handling (msg c7 n2 {\"type\":\"generate\",\"msg_id\":241}) : java.lang.UnsupportedOperationException: Not a string: 241\njava.lang.UnsupportedOperationException: Not a string: 241\n\tat com.eclipsesource.json.JsonValue.asString(JsonValue.java:384)\n\tat com.eclipsesource.json.JsonObject.getString(JsonObject.java:674)\n\tat lab.UniqueId$1.accept(UniqueId.java:27)\n\tat lab.UniqueId$1.accept(UniqueId.java:24)\n\tat lab.Node.handleRequest(Node.java:97)\n\tat lab.Node.handleMessage(Node.java:71)\n\tat lab.Node.lambda$run$0(Node.java:44)\n\tat java.base/java.util.concurrent.ThreadPoolExecutor.runWorker(ThreadPoolExecutor.java:1144)\n\tat java.base/java.util.concurrent.ThreadPoolExecutor$Worker.run(ThreadPoolExecutor.java:642)\n\tat java.base/java.lang.Thread.run(Thread.java:1583)\n"]
2026-03-11 14:37:56,063{GMT}	INFO	[jepsen worker 0] jepsen.util: 840	:info	:generate	nil	[:crash "Unexpected exception handling (msg c8 n0 {\"type\":\"generate\",\"msg_id\":281}) : java.lang.UnsupportedOperationException: Not a string: 281\njava.lang.UnsupportedOperationException: Not a string: 281\n\tat com.eclipsesource.json.JsonValue.asString(JsonValue.java:384)\n\tat com.eclipsesource.json.JsonObject.getString(JsonObject.java:674)\n\tat lab.UniqueId$1.accept(UniqueId.java:27)\n\tat lab.UniqueId$1.accept(UniqueId.java:24)\n\tat lab.Node.handleRequest(Node.java:97)\n\tat lab.Node.handleMessage(Node.java:71)\n\tat lab.Node.lambda$run$0(Node.java:44)\n\tat java.base/java.util.concurrent.ThreadPoolExecutor.runWorker(ThreadPoolExecutor.java:1144)\n\tat java.base/java.util.concurrent.ThreadPoolExecutor$Worker.run(ThreadPoolExecutor.java:642)\n\tat java.base/java.lang.Thread.run(Thread.java:1583)\n"]
2026-03-11 14:37:56,063{GMT}	INFO	[jepsen worker 1] jepsen.util: 784	:invoke	:generate	nil
2026-03-11 14:37:56,063{GMT}	INFO	[jepsen worker 2] jepsen.util: 725	:invoke	:generate	nil
2026-03-11 14:37:56,064{GMT}	INFO	[jepsen worker 0] jepsen.util: 843	:invoke	:generate	nil
2026-03-11 14:37:56,065{GMT}	INFO	[jepsen worker 0] jepsen.util: 843	:info	:generate	nil	[:crash "Unexpected exception handling (msg c8 n0 {\"type\":\"generate\",\"msg_id\":282}) : java.lang.UnsupportedOperationException: Not a string: 282\njava.lang.UnsupportedOperationException: Not a string: 282\n\tat com.eclipsesource.json.JsonValue.asString(JsonValue.java:384)\n\tat com.eclipsesource.json.JsonObject.getString(JsonObject.java:674)\n\tat lab.UniqueId$1.accept(UniqueId.java:27)\n\tat lab.UniqueId$1.accept(UniqueId.java:24)\n\tat lab.Node.handleRequest(Node.java:97)\n\tat lab.Node.handleMessage(Node.java:71)\n\tat lab.Node.lambda$run$0(Node.java:44)\n\tat java.base/java.util.concurrent.ThreadPoolExecutor.runWorker(ThreadPoolExecutor.java:1144)\n\tat java.base/java.util.concurrent.ThreadPoolExecutor$Worker.run(ThreadPoolExecutor.java:642)\n\tat java.base/java.lang.Thread.run(Thread.java:1583)\n"]
2026-03-11 14:37:56,065{GMT}	INFO	[jepsen worker 1] jepsen.util: 784	:info	:generate	nil	[:crash "Unexpected exception handling (msg c6 n1 {\"type\":\"generate\",\"msg_id\":262}) : java.lang.UnsupportedOperationException: Not a string: 262\njava.lang.UnsupportedOperationException: Not a string: 262\n\tat com.eclipsesource.json.JsonValue.asString(JsonValue.java:384)\n\tat com.eclipsesource.json.JsonObject.getString(JsonObject.java:674)\n\tat lab.UniqueId$1.accept(UniqueId.java:27)\n\tat lab.UniqueId$1.accept(UniqueId.java:24)\n\tat lab.Node.handleRequest(Node.java:97)\n\tat lab.Node.handleMessage(Node.java:71)\n\tat lab.Node.lambda$run$0(Node.java:44)\n\tat java.base/java.util.concurrent.ThreadPoolExecutor.runWorker(ThreadPoolExecutor.java:1144)\n\tat java.base/java.util.concurrent.ThreadPoolExecutor$Worker.run(ThreadPoolExecutor.java:642)\n\tat java.base/java.lang.Thread.run(Thread.java:1583)\n"]
2026-03-11 14:37:56,065{GMT}	INFO	[jepsen worker 2] jepsen.util: 725	:info	:generate	nil	[:crash "Unexpected exception handling (msg c7 n2 {\"type\":\"generate\",\"msg_id\":242}) : java.lang.UnsupportedOperationException: Not a string: 242\njava.lang.UnsupportedOperationException: Not a string: 242\n\tat com.eclipsesource.json.JsonValue.asString(JsonValue.java:384)\n\tat com.eclipsesource.json.JsonObject.getString(JsonObject.java:674)\n\tat lab.UniqueId$1.accept(UniqueId.java:27)\n\tat lab.UniqueId$1.accept(UniqueId.java:24)\n\tat lab.Node.handleRequest(Node.java:97)\n\tat lab.Node.handleMessage(Node.java:71)\n\tat lab.Node.lambda$run$0(Node.java:44)\n\tat java.base/java.util.concurrent.ThreadPoolExecutor.runWorker(ThreadPoolExecutor.java:1144)\n\tat java.base/java.util.concurrent.ThreadPoolExecutor$Worker.run(ThreadPoolExecutor.java:642)\n\tat java.base/java.lang.Thread.run(Thread.java:1583)\n"]
2026-03-11 14:37:56,065{GMT}	INFO	[jepsen worker 0] jepsen.util: 846	:invoke	:generate	nil
2026-03-11 14:37:56,068{GMT}	INFO	[jepsen worker 1] jepsen.util: 787	:invoke	:generate	nil
2026-03-11 14:37:56,069{GMT}	INFO	[jepsen worker 2] jepsen.util: 728	:invoke	:generate	nil
2026-03-11 14:37:56,069{GMT}	INFO	[jepsen worker 1] jepsen.util: 787	:info	:generate	nil	[:crash "Unexpected exception handling (msg c6 n1 {\"type\":\"generate\",\"msg_id\":263}) : java.lang.UnsupportedOperationException: Not a string: 263\njava.lang.UnsupportedOperationException: Not a string: 263\n\tat com.eclipsesource.json.JsonValue.asString(JsonValue.java:384)\n\tat com.eclipsesource.json.JsonObject.getString(JsonObject.java:674)\n\tat lab.UniqueId$1.accept(UniqueId.java:27)\n\tat lab.UniqueId$1.accept(UniqueId.java:24)\n\tat lab.Node.handleRequest(Node.java:97)\n\tat lab.Node.handleMessage(Node.java:71)\n\tat lab.Node.lambda$run$0(Node.java:44)\n\tat java.base/java.util.concurrent.ThreadPoolExecutor.runWorker(ThreadPoolExecutor.java:1144)\n\tat java.base/java.util.concurrent.ThreadPoolExecutor$Worker.run(ThreadPoolExecutor.java:642)\n\tat java.base/java.lang.Thread.run(Thread.java:1583)\n"]
2026-03-11 14:37:56,069{GMT}	INFO	[jepsen worker 0] jepsen.util: 846	:info	:generate	nil	[:crash "Unexpected exception handling (msg c8 n0 {\"type\":\"generate\",\"msg_id\":283}) : java.lang.UnsupportedOperationException: Not a string: 283\njava.lang.UnsupportedOperationException: Not a string: 283\n\tat com.eclipsesource.json.JsonValue.asString(JsonValue.java:384)\n\tat com.eclipsesource.json.JsonObject.getString(JsonObject.java:674)\n\tat lab.UniqueId$1.accept(UniqueId.java:27)\n\tat lab.UniqueId$1.accept(UniqueId.java:24)\n\tat lab.Node.handleRequest(Node.java:97)\n\tat lab.Node.handleMessage(Node.java:71)\n\tat lab.Node.lambda$run$0(Node.java:44)\n\tat java.base/java.util.concurrent.ThreadPoolExecutor.runWorker(ThreadPoolExecutor.java:1144)\n\tat java.base/java.util.concurrent.ThreadPoolExecutor$Worker.run(ThreadPoolExecutor.java:642)\n\tat java.base/java.lang.Thread.run(Thread.java:1583)\n"]
2026-03-11 14:37:56,071{GMT}	INFO	[jepsen worker 1] jepsen.util: 790	:invoke	:generate	nil
2026-03-11 14:37:56,078{GMT}	INFO	[jepsen worker 0] jepsen.util: 849	:invoke	:generate	nil
2026-03-11 14:37:56,071{GMT}	INFO	[jepsen worker 2] jepsen.util: 728	:info	:generate	nil	[:crash "Unexpected exception handling (msg c7 n2 {\"type\":\"generate\",\"msg_id\":243}) : java.lang.UnsupportedOperationException: Not a string: 243\njava.lang.UnsupportedOperationException: Not a string: 243\n\tat com.eclipsesource.json.JsonValue.asString(JsonValue.java:384)\n\tat com.eclipsesource.json.JsonObject.getString(JsonObject.java:674)\n\tat lab.UniqueId$1.accept(UniqueId.java:27)\n\tat lab.UniqueId$1.accept(UniqueId.java:24)\n\tat lab.Node.handleRequest(Node.java:97)\n\tat lab.Node.handleMessage(Node.java:71)\n\tat lab.Node.lambda$run$0(Node.java:44)\n\tat java.base/java.util.concurrent.ThreadPoolExecutor.runWorker(ThreadPoolExecutor.java:1144)\n\tat java.base/java.util.concurrent.ThreadPoolExecutor$Worker.run(ThreadPoolExecutor.java:642)\n\tat java.base/java.lang.Thread.run(Thread.java:1583)\n"]
2026-03-11 14:37:56,078{GMT}	INFO	[jepsen worker 2] jepsen.util: 731	:invoke	:generate	nil
2026-03-11 14:37:56,082{GMT}	INFO	[jepsen worker 2] jepsen.util: 731	:info	:generate	nil	[:crash "Unexpected exception handling (msg c7 n2 {\"type\":\"generate\",\"msg_id\":244}) : java.lang.UnsupportedOperationException: Not a string: 244\njava.lang.UnsupportedOperationException: Not a string: 244\n\tat com.eclipsesource.json.JsonValue.asString(JsonValue.java:384)\n\tat com.eclipsesource.json.JsonObject.getString(JsonObject.java:674)\n\tat lab.UniqueId$1.accept(UniqueId.java:27)\n\tat lab.UniqueId$1.accept(UniqueId.java:24)\n\tat lab.Node.handleRequest(Node.java:97)\n\tat lab.Node.handleMessage(Node.java:71)\n\tat lab.Node.lambda$run$0(Node.java:44)\n\tat java.base/java.util.concurrent.ThreadPoolExecutor.runWorker(ThreadPoolExecutor.java:1144)\n\tat java.base/java.util.concurrent.ThreadPoolExecutor$Worker.run(ThreadPoolExecutor.java:642)\n\tat java.base/java.lang.Thread.run(Thread.java:1583)\n"]
2026-03-11 14:37:56,082{GMT}	INFO	[jepsen worker 2] jepsen.util: 734	:invoke	:generate	nil
2026-03-11 14:37:56,083{GMT}	INFO	[jepsen worker 1] jepsen.util: 790	:info	:generate	nil	[:crash "Unexpected exception handling (msg c6 n1 {\"type\":\"generate\",\"msg_id\":264}) : java.lang.UnsupportedOperationException: Not a string: 264\njava.lang.UnsupportedOperationException: Not a string: 264\n\tat com.eclipsesource.json.JsonValue.asString(JsonValue.java:384)\n\tat com.eclipsesource.json.JsonObject.getString(JsonObject.java:674)\n\tat lab.UniqueId$1.accept(UniqueId.java:27)\n\tat lab.UniqueId$1.accept(UniqueId.java:24)\n\tat lab.Node.handleRequest(Node.java:97)\n\tat lab.Node.handleMessage(Node.java:71)\n\tat lab.Node.lambda$run$0(Node.java:44)\n\tat java.base/java.util.concurrent.ThreadPoolExecutor.runWorker(ThreadPoolExecutor.java:1144)\n\tat java.base/java.util.concurrent.ThreadPoolExecutor$Worker.run(ThreadPoolExecutor.java:642)\n\tat java.base/java.lang.Thread.run(Thread.java:1583)\n"]
2026-03-11 14:37:56,083{GMT}	INFO	[jepsen worker 1] jepsen.util: 793	:invoke	:generate	nil
2026-03-11 14:37:56,083{GMT}	INFO	[jepsen worker 0] jepsen.util: 849	:info	:generate	nil	[:crash "Unexpected exception handling (msg c8 n0 {\"type\":\"generate\",\"msg_id\":284}) : java.lang.UnsupportedOperationException: Not a string: 284\njava.lang.UnsupportedOperationException: Not a string: 284\n\tat com.eclipsesource.json.JsonValue.asString(JsonValue.java:384)\n\tat com.eclipsesource.json.JsonObject.getString(JsonObject.java:674)\n\tat lab.UniqueId$1.accept(UniqueId.java:27)\n\tat lab.UniqueId$1.accept(UniqueId.java:24)\n\tat lab.Node.handleRequest(Node.java:97)\n\tat lab.Node.handleMessage(Node.java:71)\n\tat lab.Node.lambda$run$0(Node.java:44)\n\tat java.base/java.util.concurrent.ThreadPoolExecutor.runWorker(ThreadPoolExecutor.java:1144)\n\tat java.base/java.util.concurrent.ThreadPoolExecutor$Worker.run(ThreadPoolExecutor.java:642)\n\tat java.base/java.lang.Thread.run(Thread.java:1583)\n"]
2026-03-11 14:37:56,084{GMT}	INFO	[jepsen worker 1] jepsen.util: 793	:info	:generate	nil	[:crash "Unexpected exception handling (msg c6 n1 {\"type\":\"generate\",\"msg_id\":265}) : java.lang.UnsupportedOperationException: Not a string: 265\njava.lang.UnsupportedOperationException: Not a string: 265\n\tat com.eclipsesource.json.JsonValue.asString(JsonValue.java:384)\n\tat com.eclipsesource.json.JsonObject.getString(JsonObject.java:674)\n\tat lab.UniqueId$1.accept(UniqueId.java:27)\n\tat lab.UniqueId$1.accept(UniqueId.java:24)\n\tat lab.Node.handleRequest(Node.java:97)\n\tat lab.Node.handleMessage(Node.java:71)\n\tat lab.Node.lambda$run$0(Node.java:44)\n\tat java.base/java.util.concurrent.ThreadPoolExecutor.runWorker(ThreadPoolExecutor.java:1144)\n\tat java.base/java.util.concurrent.ThreadPoolExecutor$Worker.run(ThreadPoolExecutor.java:642)\n\tat java.base/java.lang.Thread.run(Thread.java:1583)\n"]
2026-03-11 14:37:56,084{GMT}	INFO	[jepsen worker 2] jepsen.util: 734	:info	:generate	nil	[:crash "Unexpected exception handling (msg c7 n2 {\"type\":\"generate\",\"msg_id\":245}) : java.lang.UnsupportedOperationException: Not a string: 245\njava.lang.UnsupportedOperationException: Not a string: 245\n\tat com.eclipsesource.json.JsonValue.asString(JsonValue.java:384)\n\tat com.eclipsesource.json.JsonObject.getString(JsonObject.java:674)\n\tat lab.UniqueId$1.accept(UniqueId.java:27)\n\tat lab.UniqueId$1.accept(UniqueId.java:24)\n\tat lab.Node.handleRequest(Node.java:97)\n\tat lab.Node.handleMessage(Node.java:71)\n\tat lab.Node.lambda$run$0(Node.java:44)\n\tat java.base/java.util.concurrent.ThreadPoolExecutor.runWorker(ThreadPoolExecutor.java:1144)\n\tat java.base/java.util.concurrent.ThreadPoolExecutor$Worker.run(ThreadPoolExecutor.java:642)\n\tat java.base/java.lang.Thread.run(Thread.java:1583)\n"]
2026-03-11 14:37:56,085{GMT}	INFO	[jepsen worker 0] jepsen.util: 852	:invoke	:generate	nil
2026-03-11 14:37:56,088{GMT}	INFO	[jepsen worker 1] jepsen.util: 796	:invoke	:generate	nil
2026-03-11 14:37:56,088{GMT}	INFO	[jepsen worker 2] jepsen.util: 737	:invoke	:generate	nil
2026-03-11 14:37:56,090{GMT}	INFO	[jepsen worker 2] jepsen.util: 737	:info	:generate	nil	[:crash "Unexpected exception handling (msg c7 n2 {\"type\":\"generate\",\"msg_id\":246}) : java.lang.UnsupportedOperationException: Not a string: 246\njava.lang.UnsupportedOperationException: Not a string: 246\n\tat com.eclipsesource.json.JsonValue.asString(JsonValue.java:384)\n\tat com.eclipsesource.json.JsonObject.getString(JsonObject.java:674)\n\tat lab.UniqueId$1.accept(UniqueId.java:27)\n\tat lab.UniqueId$1.accept(UniqueId.java:24)\n\tat lab.Node.handleRequest(Node.java:97)\n\tat lab.Node.handleMessage(Node.java:71)\n\tat lab.Node.lambda$run$0(Node.java:44)\n\tat java.base/java.util.concurrent.ThreadPoolExecutor.runWorker(ThreadPoolExecutor.java:1144)\n\tat java.base/java.util.concurrent.ThreadPoolExecutor$Worker.run(ThreadPoolExecutor.java:642)\n\tat java.base/java.lang.Thread.run(Thread.java:1583)\n"]
2026-03-11 14:37:56,090{GMT}	INFO	[jepsen worker 1] jepsen.util: 796	:info	:generate	nil	[:crash "Unexpected exception handling (msg c6 n1 {\"type\":\"generate\",\"msg_id\":266}) : java.lang.UnsupportedOperationException: Not a string: 266\njava.lang.UnsupportedOperationException: Not a string: 266\n\tat com.eclipsesource.json.JsonValue.asString(JsonValue.java:384)\n\tat com.eclipsesource.json.JsonObject.getString(JsonObject.java:674)\n\tat lab.UniqueId$1.accept(UniqueId.java:27)\n\tat lab.UniqueId$1.accept(UniqueId.java:24)\n\tat lab.Node.handleRequest(Node.java:97)\n\tat lab.Node.handleMessage(Node.java:71)\n\tat lab.Node.lambda$run$0(Node.java:44)\n\tat java.base/java.util.concurrent.ThreadPoolExecutor.runWorker(ThreadPoolExecutor.java:1144)\n\tat java.base/java.util.concurrent.ThreadPoolExecutor$Worker.run(ThreadPoolExecutor.java:642)\n\tat java.base/java.lang.Thread.run(Thread.java:1583)\n"]
2026-03-11 14:37:56,090{GMT}	INFO	[jepsen worker 1] jepsen.util: 799	:invoke	:generate	nil
2026-03-11 14:37:56,092{GMT}	INFO	[jepsen worker 2] jepsen.util: 740	:invoke	:generate	nil
2026-03-11 14:37:56,091{GMT}	INFO	[jepsen worker 0] jepsen.util: 852	:info	:generate	nil	[:crash "Unexpected exception handling (msg c8 n0 {\"type\":\"generate\",\"msg_id\":285}) : java.lang.UnsupportedOperationException: Not a string: 285\njava.lang.UnsupportedOperationException: Not a string: 285\n\tat com.eclipsesource.json.JsonValue.asString(JsonValue.java:384)\n\tat com.eclipsesource.json.JsonObject.getString(JsonObject.java:674)\n\tat lab.UniqueId$1.accept(UniqueId.java:27)\n\tat lab.UniqueId$1.accept(UniqueId.java:24)\n\tat lab.Node.handleRequest(Node.java:97)\n\tat lab.Node.handleMessage(Node.java:71)\n\tat lab.Node.lambda$run$0(Node.java:44)\n\tat java.base/java.util.concurrent.ThreadPoolExecutor.runWorker(ThreadPoolExecutor.java:1144)\n\tat java.base/java.util.concurrent.ThreadPoolExecutor$Worker.run(ThreadPoolExecutor.java:642)\n\tat java.base/java.lang.Thread.run(Thread.java:1583)\n"]
2026-03-11 14:37:56,092{GMT}	INFO	[jepsen worker 1] jepsen.util: 799	:info	:generate	nil	[:crash "Unexpected exception handling (msg c6 n1 {\"type\":\"generate\",\"msg_id\":267}) : java.lang.UnsupportedOperationException: Not a string: 267\njava.lang.UnsupportedOperationException: Not a string: 267\n\tat com.eclipsesource.json.JsonValue.asString(JsonValue.java:384)\n\tat com.eclipsesource.json.JsonObject.getString(JsonObject.java:674)\n\tat lab.UniqueId$1.accept(UniqueId.java:27)\n\tat lab.UniqueId$1.accept(UniqueId.java:24)\n\tat lab.Node.handleRequest(Node.java:97)\n\tat lab.Node.handleMessage(Node.java:71)\n\tat lab.Node.lambda$run$0(Node.java:44)\n\tat java.base/java.util.concurrent.ThreadPoolExecutor.runWorker(ThreadPoolExecutor.java:1144)\n\tat java.base/java.util.concurrent.ThreadPoolExecutor$Worker.run(ThreadPoolExecutor.java:642)\n\tat java.base/java.lang.Thread.run(Thread.java:1583)\n"]
2026-03-11 14:37:56,100{GMT}	INFO	[jepsen worker 1] jepsen.util: 802	:invoke	:generate	nil
2026-03-11 14:37:56,100{GMT}	INFO	[jepsen worker 0] jepsen.util: 855	:invoke	:generate	nil
2026-03-11 14:37:56,103{GMT}	INFO	[jepsen worker 2] jepsen.util: 740	:info	:generate	nil	[:crash "Unexpected exception handling (msg c7 n2 {\"type\":\"generate\",\"msg_id\":247}) : java.lang.UnsupportedOperationException: Not a string: 247\njava.lang.UnsupportedOperationException: Not a string: 247\n\tat com.eclipsesource.json.JsonValue.asString(JsonValue.java:384)\n\tat com.eclipsesource.json.JsonObject.getString(JsonObject.java:674)\n\tat lab.UniqueId$1.accept(UniqueId.java:27)\n\tat lab.UniqueId$1.accept(UniqueId.java:24)\n\tat lab.Node.handleRequest(Node.java:97)\n\tat lab.Node.handleMessage(Node.java:71)\n\tat lab.Node.lambda$run$0(Node.java:44)\n\tat java.base/java.util.concurrent.ThreadPoolExecutor.runWorker(ThreadPoolExecutor.java:1144)\n\tat java.base/java.util.concurrent.ThreadPoolExecutor$Worker.run(ThreadPoolExecutor.java:642)\n\tat java.base/java.lang.Thread.run(Thread.java:1583)\n"]
2026-03-11 14:37:56,103{GMT}	INFO	[jepsen worker 0] jepsen.util: 855	:info	:generate	nil	[:crash "Unexpected exception handling (msg c8 n0 {\"type\":\"generate\",\"msg_id\":286}) : java.lang.UnsupportedOperationException: Not a string: 286\njava.lang.UnsupportedOperationException: Not a string: 286\n\tat com.eclipsesource.json.JsonValue.asString(JsonValue.java:384)\n\tat com.eclipsesource.json.JsonObject.getString(JsonObject.java:674)\n\tat lab.UniqueId$1.accept(UniqueId.java:27)\n\tat lab.UniqueId$1.accept(UniqueId.java:24)\n\tat lab.Node.handleRequest(Node.java:97)\n\tat lab.Node.handleMessage(Node.java:71)\n\tat lab.Node.lambda$run$0(Node.java:44)\n\tat java.base/java.util.concurrent.ThreadPoolExecutor.runWorker(ThreadPoolExecutor.java:1144)\n\tat java.base/java.util.concurrent.ThreadPoolExecutor$Worker.run(ThreadPoolExecutor.java:642)\n\tat java.base/java.lang.Thread.run(Thread.java:1583)\n"]
2026-03-11 14:37:56,103{GMT}	INFO	[jepsen worker 2] jepsen.util: 743	:invoke	:generate	nil
2026-03-11 14:37:56,103{GMT}	INFO	[jepsen worker 1] jepsen.util: 802	:info	:generate	nil	[:crash "Unexpected exception handling (msg c6 n1 {\"type\":\"generate\",\"msg_id\":268}) : java.lang.UnsupportedOperationException: Not a string: 268\njava.lang.UnsupportedOperationException: Not a string: 268\n\tat com.eclipsesource.json.JsonValue.asString(JsonValue.java:384)\n\tat com.eclipsesource.json.JsonObject.getString(JsonObject.java:674)\n\tat lab.UniqueId$1.accept(UniqueId.java:27)\n\tat lab.UniqueId$1.accept(UniqueId.java:24)\n\tat lab.Node.handleRequest(Node.java:97)\n\tat lab.Node.handleMessage(Node.java:71)\n\tat lab.Node.lambda$run$0(Node.java:44)\n\tat java.base/java.util.concurrent.ThreadPoolExecutor.runWorker(ThreadPoolExecutor.java:1144)\n\tat java.base/java.util.concurrent.ThreadPoolExecutor$Worker.run(ThreadPoolExecutor.java:642)\n\tat java.base/java.lang.Thread.run(Thread.java:1583)\n"]
2026-03-11 14:37:56,104{GMT}	INFO	[jepsen worker 0] jepsen.util: 858	:invoke	:generate	nil
2026-03-11 14:37:56,104{GMT}	INFO	[jepsen worker 2] jepsen.util: 743	:info	:generate	nil	[:crash "Unexpected exception handling (msg c7 n2 {\"type\":\"generate\",\"msg_id\":248}) : java.lang.UnsupportedOperationException: Not a string: 248\njava.lang.UnsupportedOperationException: Not a string: 248\n\tat com.eclipsesource.json.JsonValue.asString(JsonValue.java:384)\n\tat com.eclipsesource.json.JsonObject.getString(JsonObject.java:674)\n\tat lab.UniqueId$1.accept(UniqueId.java:27)\n\tat lab.UniqueId$1.accept(UniqueId.java:24)\n\tat lab.Node.handleRequest(Node.java:97)\n\tat lab.Node.handleMessage(Node.java:71)\n\tat lab.Node.lambda$run$0(Node.java:44)\n\tat java.base/java.util.concurrent.ThreadPoolExecutor.runWorker(ThreadPoolExecutor.java:1144)\n\tat java.base/java.util.concurrent.ThreadPoolExecutor$Worker.run(ThreadPoolExecutor.java:642)\n\tat java.base/java.lang.Thread.run(Thread.java:1583)\n"]
2026-03-11 14:37:56,105{GMT}	INFO	[jepsen worker 1] jepsen.util: 805	:invoke	:generate	nil
2026-03-11 14:37:56,105{GMT}	INFO	[jepsen worker 0] jepsen.util: 858	:info	:generate	nil	[:crash "Unexpected exception handling (msg c8 n0 {\"type\":\"generate\",\"msg_id\":287}) : java.lang.UnsupportedOperationException: Not a string: 287\njava.lang.UnsupportedOperationException: Not a string: 287\n\tat com.eclipsesource.json.JsonValue.asString(JsonValue.java:384)\n\tat com.eclipsesource.json.JsonObject.getString(JsonObject.java:674)\n\tat lab.UniqueId$1.accept(UniqueId.java:27)\n\tat lab.UniqueId$1.accept(UniqueId.java:24)\n\tat lab.Node.handleRequest(Node.java:97)\n\tat lab.Node.handleMessage(Node.java:71)\n\tat lab.Node.lambda$run$0(Node.java:44)\n\tat java.base/java.util.concurrent.ThreadPoolExecutor.runWorker(ThreadPoolExecutor.java:1144)\n\tat java.base/java.util.concurrent.ThreadPoolExecutor$Worker.run(ThreadPoolExecutor.java:642)\n\tat java.base/java.lang.Thread.run(Thread.java:1583)\n"]
2026-03-11 14:37:56,106{GMT}	INFO	[jepsen worker 1] jepsen.util: 805	:info	:generate	nil	[:crash "Unexpected exception handling (msg c6 n1 {\"type\":\"generate\",\"msg_id\":269}) : java.lang.UnsupportedOperationException: Not a string: 269\njava.lang.UnsupportedOperationException: Not a string: 269\n\tat com.eclipsesource.json.JsonValue.asString(JsonValue.java:384)\n\tat com.eclipsesource.json.JsonObject.getString(JsonObject.java:674)\n\tat lab.UniqueId$1.accept(UniqueId.java:27)\n\tat lab.UniqueId$1.accept(UniqueId.java:24)\n\tat lab.Node.handleRequest(Node.java:97)\n\tat lab.Node.handleMessage(Node.java:71)\n\tat lab.Node.lambda$run$0(Node.java:44)\n\tat java.base/java.util.concurrent.ThreadPoolExecutor.runWorker(ThreadPoolExecutor.java:1144)\n\tat java.base/java.util.concurrent.ThreadPoolExecutor$Worker.run(ThreadPoolExecutor.java:642)\n\tat java.base/java.lang.Thread.run(Thread.java:1583)\n"]
2026-03-11 14:37:56,107{GMT}	INFO	[jepsen worker 2] jepsen.util: 746	:invoke	:generate	nil
2026-03-11 14:37:56,108{GMT}	INFO	[jepsen worker 2] jepsen.util: 746	:info	:generate	nil	[:crash "Unexpected exception handling (msg c7 n2 {\"type\":\"generate\",\"msg_id\":249}) : java.lang.UnsupportedOperationException: Not a string: 249\njava.lang.UnsupportedOperationException: Not a string: 249\n\tat com.eclipsesource.json.JsonValue.asString(JsonValue.java:384)\n\tat com.eclipsesource.json.JsonObject.getString(JsonObject.java:674)\n\tat lab.UniqueId$1.accept(UniqueId.java:27)\n\tat lab.UniqueId$1.accept(UniqueId.java:24)\n\tat lab.Node.handleRequest(Node.java:97)\n\tat lab.Node.handleMessage(Node.java:71)\n\tat lab.Node.lambda$run$0(Node.java:44)\n\tat java.base/java.util.concurrent.ThreadPoolExecutor.runWorker(ThreadPoolExecutor.java:1144)\n\tat java.base/java.util.concurrent.ThreadPoolExecutor$Worker.run(ThreadPoolExecutor.java:642)\n\tat java.base/java.lang.Thread.run(Thread.java:1583)\n"]
2026-03-11 14:37:56,108{GMT}	INFO	[Jepsen shutdown hook] jepsen.core: Downloading DB logs before JVM shutdown...
2026-03-11 14:37:56,109{GMT}	INFO	[jepsen worker 0] jepsen.util: 861	:invoke	:generate	nil
2026-03-11 14:37:56,109{GMT}	INFO	[jepsen worker 1] jepsen.util: 808	:invoke	:generate	nil
2026-03-11 14:37:56,111{GMT}	INFO	[jepsen worker 1] jepsen.util: 808	:info	:generate	nil	[:crash "Unexpected exception handling (msg c6 n1 {\"type\":\"generate\",\"msg_id\":270}) : java.lang.UnsupportedOperationException: Not a string: 270\njava.lang.UnsupportedOperationException: Not a string: 270\n\tat com.eclipsesource.json.JsonValue.asString(JsonValue.java:384)\n\tat com.eclipsesource.json.JsonObject.getString(JsonObject.java:674)\n\tat lab.UniqueId$1.accept(UniqueId.java:27)\n\tat lab.UniqueId$1.accept(UniqueId.java:24)\n\tat lab.Node.handleRequest(Node.java:97)\n\tat lab.Node.handleMessage(Node.java:71)\n\tat lab.Node.lambda$run$0(Node.java:44)\n\tat java.base/java.util.concurrent.ThreadPoolExecutor.runWorker(ThreadPoolExecutor.java:1144)\n\tat java.base/java.util.concurrent.ThreadPoolExecutor$Worker.run(ThreadPoolExecutor.java:642)\n\tat java.base/java.lang.Thread.run(Thread.java:1583)\n"]
2026-03-11 14:37:56,111{GMT}	INFO	[jepsen worker 0] jepsen.util: 861	:info	:generate	nil	[:crash "Unexpected exception handling (msg c8 n0 {\"type\":\"generate\",\"msg_id\":288}) : java.lang.UnsupportedOperationException: Not a string: 288\njava.lang.UnsupportedOperationException: Not a string: 288\n\tat com.eclipsesource.json.JsonValue.asString(JsonValue.java:384)\n\tat com.eclipsesource.json.JsonObject.getString(JsonObject.java:674)\n\tat lab.UniqueId$1.accept(UniqueId.java:27)\n\tat lab.UniqueId$1.accept(UniqueId.java:24)\n\tat lab.Node.handleRequest(Node.java:97)\n\tat lab.Node.handleMessage(Node.java:71)\n\tat lab.Node.lambda$run$0(Node.java:44)\n\tat java.base/java.util.concurrent.ThreadPoolExecutor.runWorker(ThreadPoolExecutor.java:1144)\n\tat java.base/java.util.concurrent.ThreadPoolExecutor$Worker.run(ThreadPoolExecutor.java:642)\n\tat java.base/java.lang.Thread.run(Thread.java:1583)\n"]
2026-03-11 14:37:56,111{GMT}	INFO	[jepsen worker 2] jepsen.util: 749	:invoke	:generate	nil
