2026-03-11 16:50:11,832{GMT}	INFO	[jepsen test runner] jepsen.core: Command line:
lein run test -w unique-ids --bin run.sh generate --time-limit 30 --rate 1000 --node-count 3 --availability total --nemesis partition
2026-03-11 16:50:11,889{GMT}	INFO	[jepsen test runner] jepsen.core: Running test:
{:args ["generate"]
 :remote
 #jepsen.control.retry.Remote{:remote #jepsen.control.scp.Remote{:cmd-remote #jepsen.control.sshj.SSHJRemote{:concurrency-limit 6,
                                                                                                             :conn-spec nil,
                                                                                                             :client nil,
                                                                                                             :semaphore nil},
                                                                 :conn-spec nil},
                              :conn nil}
 :log-net-send false
 :node-count 3
 :availability :total
 :max-txn-length 4
 :concurrency 3
 :db
 #object[maelstrom.db$db$reify__16142
         "0x274f51ad"
         "maelstrom.db$db$reify__16142@274f51ad"]
 :max-writes-per-key 16
 :leave-db-running? false
 :name "unique-ids"
 :logging-json? false
 :start-time
 #object[org.joda.time.DateTime "0x33c976b1" "2026-03-11T16:50:11.800Z"]
 :nemesis-interval 10
 :net
 #object[maelstrom.net$jepsen_net$reify__15251
         "0x2c95cb24"
         "maelstrom.net$jepsen_net$reify__15251@2c95cb24"]
 :client
 #object[maelstrom.workload.unique_ids$client$reify__20074
         "0x75f3c0c9"
         "maelstrom.workload.unique_ids$client$reify__20074@75f3c0c9"]
 :barrier
 #object[java.util.concurrent.CyclicBarrier
         "0x28ec35e3"
         "java.util.concurrent.CyclicBarrier@28ec35e3"]
 :log-stderr false
 :pure-generators true
 :ssh {:dummy? true}
 :rate 1000.0
 :checker
 #object[jepsen.checker$compose$reify__11881
         "0x5068a2b1"
         "jepsen.checker$compose$reify__11881@5068a2b1"]
 :argv
 ("test"
  "-w"
  "unique-ids"
  "--bin"
  "run.sh"
  "generate"
  "--time-limit"
  "30"
  "--rate"
  "1000"
  "--node-count"
  "3"
  "--availability"
  "total"
  "--nemesis"
  "partition")
 :nemesis
 (jepsen.nemesis.ReflCompose
  {:fm {:start-partition 0,
        :stop-partition 0,
        :kill 1,
        :start 1,
        :pause 1,
        :resume 1},
   :nemeses [#unprintable "jepsen.nemesis.combined$partition_nemesis$reify__16416@52268f73"
             #unprintable "jepsen.nemesis.combined$db_nemesis$reify__16397@3938e876"]})
 :nodes ["n0" "n1" "n2"]
 :test-count 1
 :latency {:mean 0, :dist :constant}
 :bin "run.sh"
 :generator
 (jepsen.generator.TimeLimit
  {:limit 30000000000,
   :cutoff nil,
   :gen (jepsen.generator.Any
         {:gens [(jepsen.generator.OnThreads
                  {:f #{:nemesis},
                   :context-filter #object[jepsen.generator.context$make_thread_filter$lazy_filter__9167
                                           "0x5b52ce28"
                                           "jepsen.generator.context$make_thread_filter$lazy_filter__9167@5b52ce28"],
                   :gen (jepsen.generator.Stagger
                         {:dt 20000000000,
                          :next-time nil,
                          :gen (jepsen.generator.FlipFlop
                                {:gens [#object[jepsen.nemesis.combined$partition_package$start__16420
                                                "0x5ec10ab1"
                                                "jepsen.nemesis.combined$partition_package$start__16420@5ec10ab1"]
                                        ({:type :info,
                                          :f :stop-partition,
                                          :value nil}
                                         {:type :info,
                                          :f :stop-partition,
                                          :value nil}
                                         {:type :info,
                                          :f :stop-partition,
                                          :value nil}
                                         {:type :info,
                                          :f :stop-partition,
                                          :value nil}
                                         {:type :info,
                                          :f :stop-partition,
                                          :value nil}
                                         {:type :info,
                                          :f :stop-partition,
                                          :value nil}
                                         {:type :info,
                                          :f :stop-partition,
                                          :value nil}
                                         {:type :info,
                                          :f :stop-partition,
                                          :value nil}
                                         ...)],
                                 :i 0})})})
                 (jepsen.generator.OnThreads
                  {:f #jepsen.generator.context.AllBut{:element :nemesis},
                   :context-filter #object[jepsen.generator.context$make_thread_filter$lazy_filter__9167
                                           "0x63f88d35"
                                           "jepsen.generator.context$make_thread_filter$lazy_filter__9167@63f88d35"],
                   :gen (jepsen.generator.Stagger
                         {:dt 2000000,
                          :next-time nil,
                          :gen (jepsen.generator.Repeat
                                {:remaining -1, :gen {:f :generate}})})})]})})
 :log-net-recv false
 :os
 #object[maelstrom.net$jepsen_os$reify__15254
         "0x2e962cec"
         "maelstrom.net$jepsen_os$reify__15254@2e962cec"]
 :time-limit 30
 :workload :unique-ids
 :consistency-models [:strict-serializable]
 :topology :grid}

2026-03-11 16:50:13,314{GMT}	INFO	[jepsen node n0] maelstrom.net: Starting Maelstrom network
2026-03-11 16:50:13,316{GMT}	INFO	[jepsen test runner] jepsen.db: Tearing down DB
2026-03-11 16:50:13,319{GMT}	INFO	[jepsen test runner] jepsen.db: Setting up DB
2026-03-11 16:50:13,320{GMT}	INFO	[jepsen node n2] maelstrom.db: Setting up n2
2026-03-11 16:50:13,320{GMT}	INFO	[jepsen node n1] maelstrom.db: Setting up n1
2026-03-11 16:50:13,321{GMT}	INFO	[jepsen node n1] maelstrom.process: launching run.sh ["generate"]
2026-03-11 16:50:13,321{GMT}	INFO	[jepsen node n2] maelstrom.process: launching run.sh ["generate"]
2026-03-11 16:50:13,323{GMT}	INFO	[jepsen node n0] maelstrom.service: Starting services: (lin-kv lin-tso lww-kv seq-kv)
2026-03-11 16:50:13,330{GMT}	INFO	[jepsen node n0] maelstrom.db: Setting up n0
2026-03-11 16:50:13,330{GMT}	INFO	[jepsen node n0] maelstrom.process: launching run.sh ["generate"]
2026-03-11 16:50:13,479{GMT}	INFO	[jepsen test runner] jepsen.core: Relative time begins now
2026-03-11 16:50:13,495{GMT}	INFO	[jepsen worker nemesis] jepsen.util: :nemesis	:info	:start-partition	:minority-third
2026-03-11 16:50:13,495{GMT}	INFO	[jepsen worker 1] jepsen.util: 1	:invoke	:generate	nil
2026-03-11 16:50:13,497{GMT}	INFO	[jepsen worker 2] jepsen.util: 2	:invoke	:generate	nil
2026-03-11 16:50:13,498{GMT}	INFO	[jepsen worker 0] jepsen.util: 0	:invoke	:generate	nil
2026-03-11 16:50:13,500{GMT}	INFO	[jepsen worker nemesis] jepsen.util: :nemesis	:info	:start-partition	[:isolated {"n2" #{}, "n1" #{}, "n0" #{}}]
2026-03-11 16:50:13,530{GMT}	INFO	[jepsen worker 2] jepsen.util: 2	:ok	:generate	"0-n2"
2026-03-11 16:50:13,531{GMT}	INFO	[jepsen worker 0] jepsen.util: 0	:ok	:generate	"0-n0"
2026-03-11 16:50:13,534{GMT}	INFO	[jepsen worker 2] jepsen.util: 2	:invoke	:generate	nil
2026-03-11 16:50:13,537{GMT}	INFO	[jepsen worker 0] jepsen.util: 0	:invoke	:generate	nil
2026-03-11 16:50:13,542{GMT}	INFO	[jepsen worker 2] jepsen.util: 2	:ok	:generate	"1-n2"
2026-03-11 16:50:13,543{GMT}	INFO	[jepsen worker 1] jepsen.util: 1	:ok	:generate	"0-n1"
2026-03-11 16:50:13,546{GMT}	INFO	[jepsen worker 2] jepsen.util: 2	:invoke	:generate	nil
2026-03-11 16:50:13,546{GMT}	INFO	[jepsen worker 0] jepsen.util: 0	:ok	:generate	"1-n0"
2026-03-11 16:50:13,549{GMT}	INFO	[jepsen worker 0] jepsen.util: 0	:invoke	:generate	nil
2026-03-11 16:50:13,551{GMT}	INFO	[jepsen worker 1] jepsen.util: 1	:invoke	:generate	nil
2026-03-11 16:50:13,551{GMT}	INFO	[jepsen worker 2] jepsen.util: 2	:ok	:generate	"2-n2"
2026-03-11 16:50:13,554{GMT}	INFO	[jepsen worker 2] jepsen.util: 2	:invoke	:generate	nil
2026-03-11 16:50:13,555{GMT}	INFO	[jepsen worker 0] jepsen.util: 0	:ok	:generate	"2-n0"
2026-03-11 16:50:13,558{GMT}	INFO	[jepsen worker 0] jepsen.util: 0	:invoke	:generate	nil
2026-03-11 16:50:13,558{GMT}	INFO	[jepsen worker 1] jepsen.util: 1	:ok	:generate	"1-n1"
2026-03-11 16:50:13,558{GMT}	INFO	[jepsen worker 2] jepsen.util: 2	:ok	:generate	"3-n2"
2026-03-11 16:50:13,559{GMT}	INFO	[jepsen worker 1] jepsen.util: 1	:invoke	:generate	nil
2026-03-11 16:50:13,561{GMT}	INFO	[jepsen worker 0] jepsen.util: 0	:ok	:generate	"3-n0"
2026-03-11 16:50:13,561{GMT}	INFO	[jepsen worker 2] jepsen.util: 2	:invoke	:generate	nil
2026-03-11 16:50:13,564{GMT}	INFO	[jepsen worker 0] jepsen.util: 0	:invoke	:generate	nil
2026-03-11 16:50:13,565{GMT}	INFO	[jepsen worker 1] jepsen.util: 1	:ok	:generate	"2-n1"
2026-03-11 16:50:13,569{GMT}	INFO	[jepsen worker 1] jepsen.util: 1	:invoke	:generate	nil
2026-03-11 16:50:13,570{GMT}	INFO	[jepsen worker 0] jepsen.util: 0	:ok	:generate	"4-n0"
2026-03-11 16:50:13,570{GMT}	INFO	[jepsen worker 2] jepsen.util: 2	:ok	:generate	"4-n2"
2026-03-11 16:50:13,572{GMT}	INFO	[jepsen worker 2] jepsen.util: 2	:invoke	:generate	nil
2026-03-11 16:50:13,574{GMT}	INFO	[jepsen worker 0] jepsen.util: 0	:invoke	:generate	nil
2026-03-11 16:50:13,574{GMT}	INFO	[jepsen worker 1] jepsen.util: 1	:ok	:generate	"3-n1"
2026-03-11 16:50:13,576{GMT}	INFO	[jepsen worker 1] jepsen.util: 1	:invoke	:generate	nil
2026-03-11 16:50:13,577{GMT}	INFO	[jepsen worker 2] jepsen.util: 2	:ok	:generate	"5-n2"
2026-03-11 16:50:13,578{GMT}	INFO	[jepsen worker 2] jepsen.util: 2	:invoke	:generate	nil
2026-03-11 16:50:13,581{GMT}	INFO	[jepsen worker 0] jepsen.util: 0	:ok	:generate	"5-n0"
2026-03-11 16:50:13,583{GMT}	INFO	[jepsen worker 1] jepsen.util: 1	:ok	:generate	"4-n1"
2026-03-11 16:50:13,584{GMT}	INFO	[jepsen worker 0] jepsen.util: 0	:invoke	:generate	nil
2026-03-11 16:50:13,585{GMT}	INFO	[jepsen worker 2] jepsen.util: 2	:ok	:generate	"6-n2"
2026-03-11 16:50:13,588{GMT}	INFO	[jepsen worker 1] jepsen.util: 1	:invoke	:generate	nil
2026-03-11 16:50:13,589{GMT}	INFO	[jepsen worker 2] jepsen.util: 2	:invoke	:generate	nil
2026-03-11 16:50:13,592{GMT}	INFO	[jepsen worker 0] jepsen.util: 0	:ok	:generate	"6-n0"
2026-03-11 16:50:13,594{GMT}	INFO	[jepsen worker 0] jepsen.util: 0	:invoke	:generate	nil
2026-03-11 16:50:13,597{GMT}	INFO	[jepsen worker 1] jepsen.util: 1	:ok	:generate	"5-n1"
2026-03-11 16:50:13,597{GMT}	INFO	[jepsen worker 2] jepsen.util: 2	:ok	:generate	"7-n2"
2026-03-11 16:50:13,598{GMT}	INFO	[jepsen worker 1] jepsen.util: 1	:invoke	:generate	nil
2026-03-11 16:50:13,598{GMT}	INFO	[jepsen worker 0] jepsen.util: 0	:ok	:generate	"7-n0"
2026-03-11 16:50:13,598{GMT}	INFO	[jepsen worker 2] jepsen.util: 2	:invoke	:generate	nil
2026-03-11 16:50:13,601{GMT}	INFO	[jepsen worker 2] jepsen.util: 2	:ok	:generate	"8-n2"
2026-03-11 16:50:13,601{GMT}	INFO	[jepsen worker 0] jepsen.util: 0	:invoke	:generate	nil
2026-03-11 16:50:13,601{GMT}	INFO	[jepsen worker 1] jepsen.util: 1	:ok	:generate	"6-n1"
2026-03-11 16:50:13,602{GMT}	INFO	[jepsen worker 2] jepsen.util: 2	:invoke	:generate	nil
2026-03-11 16:50:13,604{GMT}	INFO	[jepsen worker 1] jepsen.util: 1	:invoke	:generate	nil
2026-03-11 16:50:13,605{GMT}	INFO	[jepsen worker 0] jepsen.util: 0	:ok	:generate	"8-n0"
2026-03-11 16:50:13,606{GMT}	INFO	[jepsen worker 0] jepsen.util: 0	:invoke	:generate	nil
2026-03-11 16:50:13,607{GMT}	INFO	[jepsen worker 2] jepsen.util: 2	:ok	:generate	"9-n2"
2026-03-11 16:50:13,608{GMT}	INFO	[jepsen worker 1] jepsen.util: 1	:ok	:generate	"7-n1"
2026-03-11 16:50:13,608{GMT}	INFO	[jepsen worker 2] jepsen.util: 2	:invoke	:generate	nil
2026-03-11 16:50:13,611{GMT}	INFO	[jepsen worker 0] jepsen.util: 0	:ok	:generate	"9-n0"
2026-03-11 16:50:13,611{GMT}	INFO	[jepsen worker 1] jepsen.util: 1	:invoke	:generate	nil
2026-03-11 16:50:13,612{GMT}	INFO	[jepsen worker 0] jepsen.util: 0	:invoke	:generate	nil
2026-03-11 16:50:13,612{GMT}	INFO	[jepsen worker 2] jepsen.util: 2	:ok	:generate	"10-n2"
2026-03-11 16:50:13,614{GMT}	INFO	[jepsen worker 2] jepsen.util: 2	:invoke	:generate	nil
2026-03-11 16:50:13,616{GMT}	INFO	[jepsen worker 0] jepsen.util: 0	:ok	:generate	"10-n0"
2026-03-11 16:50:13,616{GMT}	INFO	[jepsen worker 1] jepsen.util: 1	:ok	:generate	"8-n1"
2026-03-11 16:50:13,618{GMT}	INFO	[jepsen worker 1] jepsen.util: 1	:invoke	:generate	nil
2026-03-11 16:50:13,619{GMT}	INFO	[jepsen worker 0] jepsen.util: 0	:invoke	:generate	nil
2026-03-11 16:50:13,619{GMT}	INFO	[jepsen worker 2] jepsen.util: 2	:ok	:generate	"11-n2"
2026-03-11 16:50:13,621{GMT}	INFO	[jepsen worker 2] jepsen.util: 2	:invoke	:generate	nil
2026-03-11 16:50:13,621{GMT}	INFO	[jepsen worker 1] jepsen.util: 1	:ok	:generate	"9-n1"
2026-03-11 16:50:13,622{GMT}	INFO	[jepsen worker 0] jepsen.util: 0	:ok	:generate	"11-n0"
2026-03-11 16:50:13,623{GMT}	INFO	[jepsen worker 0] jepsen.util: 0	:invoke	:generate	nil
2026-03-11 16:50:13,623{GMT}	INFO	[jepsen worker 1] jepsen.util: 1	:invoke	:generate	nil
2026-03-11 16:50:13,628{GMT}	INFO	[jepsen worker 2] jepsen.util: 2	:ok	:generate	"12-n2"
2026-03-11 16:50:13,628{GMT}	INFO	[jepsen worker 0] jepsen.util: 0	:ok	:generate	"12-n0"
2026-03-11 16:50:13,629{GMT}	INFO	[jepsen worker 1] jepsen.util: 1	:ok	:generate	"10-n1"
2026-03-11 16:50:13,630{GMT}	INFO	[jepsen worker 2] jepsen.util: 2	:invoke	:generate	nil
2026-03-11 16:50:13,632{GMT}	INFO	[jepsen worker 0] jepsen.util: 0	:invoke	:generate	nil
2026-03-11 16:50:13,634{GMT}	INFO	[jepsen worker 1] jepsen.util: 1	:invoke	:generate	nil
2026-03-11 16:50:13,634{GMT}	INFO	[jepsen worker 2] jepsen.util: 2	:ok	:generate	"13-n2"
2026-03-11 16:50:13,635{GMT}	INFO	[jepsen worker 2] jepsen.util: 2	:invoke	:generate	nil
2026-03-11 16:50:13,637{GMT}	INFO	[jepsen worker 0] jepsen.util: 0	:ok	:generate	"13-n0"
2026-03-11 16:50:13,639{GMT}	INFO	[jepsen worker 0] jepsen.util: 0	:invoke	:generate	nil
2026-03-11 16:50:13,639{GMT}	INFO	[jepsen worker 1] jepsen.util: 1	:ok	:generate	"11-n1"
2026-03-11 16:50:13,640{GMT}	INFO	[jepsen worker 1] jepsen.util: 1	:invoke	:generate	nil
2026-03-11 16:50:13,641{GMT}	INFO	[jepsen worker 2] jepsen.util: 2	:ok	:generate	"14-n2"
2026-03-11 16:50:13,642{GMT}	INFO	[jepsen worker 2] jepsen.util: 2	:invoke	:generate	nil
2026-03-11 16:50:13,643{GMT}	INFO	[jepsen worker 0] jepsen.util: 0	:ok	:generate	"14-n0"
2026-03-11 16:50:13,643{GMT}	INFO	[jepsen worker 1] jepsen.util: 1	:ok	:generate	"12-n1"
2026-03-11 16:50:13,646{GMT}	INFO	[jepsen worker 1] jepsen.util: 1	:invoke	:generate	nil
2026-03-11 16:50:13,648{GMT}	INFO	[jepsen worker 0] jepsen.util: 0	:invoke	:generate	nil
2026-03-11 16:50:13,649{GMT}	INFO	[jepsen worker 2] jepsen.util: 2	:ok	:generate	"15-n2"
2026-03-11 16:50:13,651{GMT}	INFO	[jepsen worker 1] jepsen.util: 1	:ok	:generate	"13-n1"
2026-03-11 16:50:13,652{GMT}	INFO	[jepsen worker 1] jepsen.util: 1	:invoke	:generate	nil
2026-03-11 16:50:13,652{GMT}	INFO	[jepsen worker 2] jepsen.util: 2	:invoke	:generate	nil
2026-03-11 16:50:13,653{GMT}	INFO	[jepsen worker 0] jepsen.util: 0	:ok	:generate	"15-n0"
2026-03-11 16:50:13,654{GMT}	INFO	[jepsen worker 0] jepsen.util: 0	:invoke	:generate	nil
2026-03-11 16:50:13,656{GMT}	INFO	[jepsen worker 2] jepsen.util: 2	:ok	:generate	"16-n2"
2026-03-11 16:50:13,656{GMT}	INFO	[jepsen worker 0] jepsen.util: 0	:ok	:generate	"16-n0"
2026-03-11 16:50:13,659{GMT}	INFO	[jepsen worker 1] jepsen.util: 1	:ok	:generate	"14-n1"
2026-03-11 16:50:13,660{GMT}	INFO	[jepsen worker 0] jepsen.util: 0	:invoke	:generate	nil
2026-03-11 16:50:13,660{GMT}	INFO	[jepsen worker 2] jepsen.util: 2	:invoke	:generate	nil
2026-03-11 16:50:13,660{GMT}	INFO	[jepsen worker 1] jepsen.util: 1	:invoke	:generate	nil
2026-03-11 16:50:13,664{GMT}	INFO	[jepsen worker 1] jepsen.util: 1	:ok	:generate	"15-n1"
2026-03-11 16:50:13,665{GMT}	INFO	[jepsen worker 1] jepsen.util: 1	:invoke	:generate	nil
2026-03-11 16:50:13,664{GMT}	INFO	[jepsen worker 2] jepsen.util: 2	:ok	:generate	"17-n2"
2026-03-11 16:50:13,668{GMT}	INFO	[jepsen worker 1] jepsen.util: 1	:ok	:generate	"16-n1"
2026-03-11 16:50:13,668{GMT}	INFO	[jepsen worker 0] jepsen.util: 0	:ok	:generate	"17-n0"
2026-03-11 16:50:13,672{GMT}	INFO	[jepsen worker 2] jepsen.util: 2	:invoke	:generate	nil
2026-03-11 16:50:13,673{GMT}	INFO	[jepsen worker 0] jepsen.util: 0	:invoke	:generate	nil
2026-03-11 16:50:13,676{GMT}	INFO	[jepsen worker 1] jepsen.util: 1	:invoke	:generate	nil
2026-03-11 16:50:13,677{GMT}	INFO	[jepsen worker 0] jepsen.util: 0	:ok	:generate	"18-n0"
2026-03-11 16:50:13,677{GMT}	INFO	[jepsen worker 0] jepsen.util: 0	:invoke	:generate	nil
2026-03-11 16:50:13,678{GMT}	INFO	[jepsen worker 2] jepsen.util: 2	:ok	:generate	"18-n2"
2026-03-11 16:50:13,679{GMT}	INFO	[jepsen worker 2] jepsen.util: 2	:invoke	:generate	nil
2026-03-11 16:50:13,682{GMT}	INFO	[jepsen worker 1] jepsen.util: 1	:ok	:generate	"17-n1"
2026-03-11 16:50:13,683{GMT}	INFO	[jepsen worker 0] jepsen.util: 0	:ok	:generate	"19-n0"
2026-03-11 16:50:13,683{GMT}	INFO	[jepsen worker 1] jepsen.util: 1	:invoke	:generate	nil
2026-03-11 16:50:13,683{GMT}	INFO	[jepsen worker 2] jepsen.util: 2	:ok	:generate	"19-n2"
2026-03-11 16:50:13,686{GMT}	INFO	[jepsen worker 0] jepsen.util: 0	:invoke	:generate	nil
2026-03-11 16:50:13,688{GMT}	INFO	[jepsen worker 2] jepsen.util: 2	:invoke	:generate	nil
2026-03-11 16:50:13,688{GMT}	INFO	[jepsen worker 0] jepsen.util: 0	:ok	:generate	"20-n0"
2026-03-11 16:50:13,690{GMT}	INFO	[jepsen worker 0] jepsen.util: 0	:invoke	:generate	nil
2026-03-11 16:50:13,690{GMT}	INFO	[jepsen worker 1] jepsen.util: 1	:ok	:generate	"18-n1"
2026-03-11 16:50:13,691{GMT}	INFO	[jepsen worker 1] jepsen.util: 1	:invoke	:generate	nil
2026-03-11 16:50:13,693{GMT}	INFO	[jepsen worker 1] jepsen.util: 1	:ok	:generate	"19-n1"
2026-03-11 16:50:13,693{GMT}	INFO	[jepsen worker 1] jepsen.util: 1	:invoke	:generate	nil
2026-03-11 16:50:13,696{GMT}	INFO	[jepsen worker 2] jepsen.util: 2	:ok	:generate	"20-n2"
2026-03-11 16:50:13,697{GMT}	INFO	[jepsen worker 1] jepsen.util: 1	:ok	:generate	"20-n1"
2026-03-11 16:50:13,698{GMT}	INFO	[jepsen worker 1] jepsen.util: 1	:invoke	:generate	nil
2026-03-11 16:50:13,698{GMT}	INFO	[jepsen worker 0] jepsen.util: 0	:ok	:generate	"21-n0"
2026-03-11 16:50:13,700{GMT}	INFO	[jepsen worker 1] jepsen.util: 1	:ok	:generate	"21-n1"
2026-03-11 16:50:13,700{GMT}	INFO	[jepsen worker 0] jepsen.util: 0	:invoke	:generate	nil
2026-03-11 16:50:13,700{GMT}	INFO	[jepsen worker 2] jepsen.util: 2	:invoke	:generate	nil
2026-03-11 16:50:13,702{GMT}	INFO	[jepsen worker 1] jepsen.util: 1	:invoke	:generate	nil
2026-03-11 16:50:13,704{GMT}	INFO	[jepsen worker 0] jepsen.util: 0	:ok	:generate	"22-n0"
2026-03-11 16:50:13,704{GMT}	INFO	[jepsen worker 2] jepsen.util: 2	:ok	:generate	"21-n2"
2026-03-11 16:50:13,705{GMT}	INFO	[jepsen worker 1] jepsen.util: 1	:ok	:generate	"22-n1"
2026-03-11 16:50:13,705{GMT}	INFO	[jepsen worker 0] jepsen.util: 0	:invoke	:generate	nil
2026-03-11 16:50:13,707{GMT}	INFO	[jepsen worker 2] jepsen.util: 2	:invoke	:generate	nil
2026-03-11 16:50:13,707{GMT}	INFO	[jepsen worker 0] jepsen.util: 0	:ok	:generate	"23-n0"
2026-03-11 16:50:13,708{GMT}	INFO	[jepsen worker 1] jepsen.util: 1	:invoke	:generate	nil
2026-03-11 16:50:13,709{GMT}	INFO	[jepsen worker 0] jepsen.util: 0	:invoke	:generate	nil
2026-03-11 16:50:13,711{GMT}	INFO	[jepsen worker 2] jepsen.util: 2	:ok	:generate	"22-n2"
2026-03-11 16:50:13,712{GMT}	INFO	[jepsen worker 1] jepsen.util: 1	:ok	:generate	"23-n1"
2026-03-11 16:50:13,712{GMT}	INFO	[jepsen worker 2] jepsen.util: 2	:invoke	:generate	nil
2026-03-11 16:50:13,712{GMT}	INFO	[jepsen worker 0] jepsen.util: 0	:ok	:generate	"24-n0"
2026-03-11 16:50:13,712{GMT}	INFO	[jepsen worker 0] jepsen.util: 0	:invoke	:generate	nil
2026-03-11 16:50:13,714{GMT}	INFO	[jepsen worker 1] jepsen.util: 1	:invoke	:generate	nil
2026-03-11 16:50:13,716{GMT}	INFO	[jepsen worker 2] jepsen.util: 2	:ok	:generate	"23-n2"
2026-03-11 16:50:13,716{GMT}	INFO	[jepsen worker 2] jepsen.util: 2	:invoke	:generate	nil
2026-03-11 16:50:13,716{GMT}	INFO	[jepsen worker 1] jepsen.util: 1	:ok	:generate	"24-n1"
2026-03-11 16:50:13,717{GMT}	INFO	[jepsen worker 0] jepsen.util: 0	:ok	:generate	"25-n0"
2026-03-11 16:50:13,719{GMT}	INFO	[jepsen worker 0] jepsen.util: 0	:invoke	:generate	nil
2026-03-11 16:50:13,719{GMT}	INFO	[jepsen worker 1] jepsen.util: 1	:invoke	:generate	nil
2026-03-11 16:50:13,719{GMT}	INFO	[jepsen worker 2] jepsen.util: 2	:ok	:generate	"24-n2"
2026-03-11 16:50:13,721{GMT}	INFO	[jepsen worker 2] jepsen.util: 2	:invoke	:generate	nil
2026-03-11 16:50:13,721{GMT}	INFO	[jepsen worker 1] jepsen.util: 1	:ok	:generate	"25-n1"
2026-03-11 16:50:13,722{GMT}	INFO	[jepsen worker 0] jepsen.util: 0	:ok	:generate	"26-n0"
2026-03-11 16:50:13,724{GMT}	INFO	[jepsen worker 0] jepsen.util: 0	:invoke	:generate	nil
2026-03-11 16:50:13,724{GMT}	INFO	[jepsen worker 1] jepsen.util: 1	:invoke	:generate	nil
2026-03-11 16:50:13,724{GMT}	INFO	[jepsen worker 2] jepsen.util: 2	:ok	:generate	"25-n2"
2026-03-11 16:50:13,726{GMT}	INFO	[jepsen worker 1] jepsen.util: 1	:ok	:generate	"26-n1"
2026-03-11 16:50:13,727{GMT}	INFO	[jepsen worker 2] jepsen.util: 2	:invoke	:generate	nil
2026-03-11 16:50:13,728{GMT}	INFO	[jepsen worker 0] jepsen.util: 0	:ok	:generate	"27-n0"
2026-03-11 16:50:13,730{GMT}	INFO	[jepsen worker 0] jepsen.util: 0	:invoke	:generate	nil
2026-03-11 16:50:13,729{GMT}	INFO	[jepsen worker 1] jepsen.util: 1	:invoke	:generate	nil
2026-03-11 16:50:13,733{GMT}	INFO	[jepsen worker 2] jepsen.util: 2	:ok	:generate	"26-n2"
2026-03-11 16:50:13,733{GMT}	INFO	[jepsen worker 0] jepsen.util: 0	:ok	:generate	"28-n0"
2026-03-11 16:50:13,733{GMT}	INFO	[jepsen worker 2] jepsen.util: 2	:invoke	:generate	nil
2026-03-11 16:50:13,734{GMT}	INFO	[jepsen worker 1] jepsen.util: 1	:ok	:generate	"27-n1"
2026-03-11 16:50:13,736{GMT}	INFO	[jepsen worker 2] jepsen.util: 2	:ok	:generate	"27-n2"
2026-03-11 16:50:13,737{GMT}	INFO	[jepsen worker 0] jepsen.util: 0	:invoke	:generate	nil
2026-03-11 16:50:13,737{GMT}	INFO	[jepsen worker 1] jepsen.util: 1	:invoke	:generate	nil
2026-03-11 16:50:13,739{GMT}	INFO	[jepsen worker 1] jepsen.util: 1	:ok	:generate	"28-n1"
2026-03-11 16:50:13,740{GMT}	INFO	[jepsen worker 2] jepsen.util: 2	:invoke	:generate	nil
2026-03-11 16:50:13,740{GMT}	INFO	[jepsen worker 0] jepsen.util: 0	:ok	:generate	"29-n0"
2026-03-11 16:50:13,740{GMT}	INFO	[jepsen worker 1] jepsen.util: 1	:invoke	:generate	nil
2026-03-11 16:50:13,742{GMT}	INFO	[jepsen worker 0] jepsen.util: 0	:invoke	:generate	nil
2026-03-11 16:50:13,744{GMT}	INFO	[jepsen worker 2] jepsen.util: 2	:ok	:generate	"28-n2"
2026-03-11 16:50:13,745{GMT}	INFO	[jepsen worker 2] jepsen.util: 2	:invoke	:generate	nil
2026-03-11 16:50:13,744{GMT}	INFO	[jepsen worker 1] jepsen.util: 1	:ok	:generate	"29-n1"
2026-03-11 16:50:13,747{GMT}	INFO	[jepsen worker 1] jepsen.util: 1	:invoke	:generate	nil
2026-03-11 16:50:13,748{GMT}	INFO	[jepsen worker 2] jepsen.util: 2	:ok	:generate	"29-n2"
2026-03-11 16:50:13,748{GMT}	INFO	[jepsen worker 0] jepsen.util: 0	:ok	:generate	"30-n0"
2026-03-11 16:50:13,749{GMT}	INFO	[jepsen worker 2] jepsen.util: 2	:invoke	:generate	nil
2026-03-11 16:50:13,751{GMT}	INFO	[jepsen worker 0] jepsen.util: 0	:invoke	:generate	nil
2026-03-11 16:50:13,751{GMT}	INFO	[jepsen worker 1] jepsen.util: 1	:ok	:generate	"30-n1"
2026-03-11 16:50:13,753{GMT}	INFO	[jepsen worker 1] jepsen.util: 1	:invoke	:generate	nil
2026-03-11 16:50:13,754{GMT}	INFO	[jepsen worker 2] jepsen.util: 2	:ok	:generate	"30-n2"
2026-03-11 16:50:13,755{GMT}	INFO	[jepsen worker 2] jepsen.util: 2	:invoke	:generate	nil
2026-03-11 16:50:13,756{GMT}	INFO	[jepsen worker 0] jepsen.util: 0	:ok	:generate	"31-n0"
2026-03-11 16:50:13,758{GMT}	INFO	[jepsen worker 1] jepsen.util: 1	:ok	:generate	"31-n1"
2026-03-11 16:50:13,760{GMT}	INFO	[jepsen worker 2] jepsen.util: 2	:ok	:generate	"31-n2"
2026-03-11 16:50:13,760{GMT}	INFO	[jepsen worker 1] jepsen.util: 1	:invoke	:generate	nil
2026-03-11 16:50:13,761{GMT}	INFO	[jepsen worker 2] jepsen.util: 2	:invoke	:generate	nil
2026-03-11 16:50:13,762{GMT}	INFO	[jepsen worker 0] jepsen.util: 0	:invoke	:generate	nil
2026-03-11 16:50:13,763{GMT}	INFO	[jepsen worker 1] jepsen.util: 1	:ok	:generate	"32-n1"
2026-03-11 16:50:13,765{GMT}	INFO	[jepsen worker 0] jepsen.util: 0	:ok	:generate	"32-n0"
2026-03-11 16:50:13,765{GMT}	INFO	[jepsen worker 1] jepsen.util: 1	:invoke	:generate	nil
2026-03-11 16:50:13,766{GMT}	INFO	[jepsen worker 0] jepsen.util: 0	:invoke	:generate	nil
2026-03-11 16:50:13,768{GMT}	INFO	[jepsen worker 1] jepsen.util: 1	:ok	:generate	"33-n1"
2026-03-11 16:50:13,769{GMT}	INFO	[jepsen worker 2] jepsen.util: 2	:ok	:generate	"32-n2"
2026-03-11 16:50:13,769{GMT}	INFO	[jepsen worker 2] jepsen.util: 2	:invoke	:generate	nil
2026-03-11 16:50:13,771{GMT}	INFO	[jepsen worker 0] jepsen.util: 0	:ok	:generate	"33-n0"
2026-03-11 16:50:13,772{GMT}	INFO	[jepsen worker 1] jepsen.util: 1	:invoke	:generate	nil
2026-03-11 16:50:13,773{GMT}	INFO	[jepsen worker 2] jepsen.util: 2	:ok	:generate	"33-n2"
2026-03-11 16:50:13,773{GMT}	INFO	[jepsen worker 0] jepsen.util: 0	:invoke	:generate	nil
2026-03-11 16:50:13,775{GMT}	INFO	[jepsen worker 1] jepsen.util: 1	:ok	:generate	"34-n1"
2026-03-11 16:50:13,776{GMT}	INFO	[jepsen worker 1] jepsen.util: 1	:invoke	:generate	nil
2026-03-11 16:50:13,777{GMT}	INFO	[jepsen worker 0] jepsen.util: 0	:ok	:generate	"34-n0"
2026-03-11 16:50:13,778{GMT}	INFO	[jepsen worker 2] jepsen.util: 2	:invoke	:generate	nil
2026-03-11 16:50:13,781{GMT}	INFO	[jepsen worker 0] jepsen.util: 0	:invoke	:generate	nil
2026-03-11 16:50:13,782{GMT}	INFO	[jepsen worker 2] jepsen.util: 2	:ok	:generate	"34-n2"
2026-03-11 16:50:13,782{GMT}	INFO	[jepsen worker 2] jepsen.util: 2	:invoke	:generate	nil
2026-03-11 16:50:13,783{GMT}	INFO	[jepsen worker 1] jepsen.util: 1	:ok	:generate	"35-n1"
2026-03-11 16:50:13,784{GMT}	INFO	[jepsen worker 0] jepsen.util: 0	:ok	:generate	"35-n0"
2026-03-11 16:50:13,785{GMT}	INFO	[jepsen worker 1] jepsen.util: 1	:invoke	:generate	nil
2026-03-11 16:50:13,785{GMT}	INFO	[jepsen worker 2] jepsen.util: 2	:ok	:generate	"35-n2"
2026-03-11 16:50:13,787{GMT}	INFO	[jepsen worker 0] jepsen.util: 0	:invoke	:generate	nil
2026-03-11 16:50:13,788{GMT}	INFO	[jepsen worker 2] jepsen.util: 2	:invoke	:generate	nil
2026-03-11 16:50:13,789{GMT}	INFO	[jepsen worker 1] jepsen.util: 1	:ok	:generate	"36-n1"
2026-03-11 16:50:13,790{GMT}	INFO	[jepsen worker 0] jepsen.util: 0	:ok	:generate	"36-n0"
2026-03-11 16:50:13,791{GMT}	INFO	[jepsen worker 2] jepsen.util: 2	:ok	:generate	"36-n2"
2026-03-11 16:50:13,791{GMT}	INFO	[jepsen worker 0] jepsen.util: 0	:invoke	:generate	nil
2026-03-11 16:50:13,792{GMT}	INFO	[jepsen worker 1] jepsen.util: 1	:invoke	:generate	nil
2026-03-11 16:50:13,794{GMT}	INFO	[jepsen worker 2] jepsen.util: 2	:invoke	:generate	nil
2026-03-11 16:50:13,794{GMT}	INFO	[jepsen worker 1] jepsen.util: 1	:ok	:generate	"37-n1"
2026-03-11 16:50:13,794{GMT}	INFO	[jepsen worker 0] jepsen.util: 0	:ok	:generate	"37-n0"
2026-03-11 16:50:13,796{GMT}	INFO	[jepsen worker 0] jepsen.util: 0	:invoke	:generate	nil
2026-03-11 16:50:13,797{GMT}	INFO	[jepsen worker 2] jepsen.util: 2	:ok	:generate	"37-n2"
2026-03-11 16:50:13,798{GMT}	INFO	[jepsen worker 1] jepsen.util: 1	:invoke	:generate	nil
2026-03-11 16:50:13,799{GMT}	INFO	[jepsen worker 0] jepsen.util: 0	:ok	:generate	"38-n0"
2026-03-11 16:50:13,800{GMT}	INFO	[jepsen worker 0] jepsen.util: 0	:invoke	:generate	nil
2026-03-11 16:50:13,801{GMT}	INFO	[jepsen worker 2] jepsen.util: 2	:invoke	:generate	nil
2026-03-11 16:50:13,803{GMT}	INFO	[jepsen worker 1] jepsen.util: 1	:ok	:generate	"38-n1"
2026-03-11 16:50:13,804{GMT}	INFO	[jepsen worker 1] jepsen.util: 1	:invoke	:generate	nil
2026-03-11 16:50:13,807{GMT}	INFO	[jepsen worker 0] jepsen.util: 0	:ok	:generate	"39-n0"
2026-03-11 16:50:13,807{GMT}	INFO	[jepsen worker 2] jepsen.util: 2	:ok	:generate	"38-n2"
2026-03-11 16:50:13,808{GMT}	INFO	[jepsen worker 0] jepsen.util: 0	:invoke	:generate	nil
2026-03-11 16:50:13,810{GMT}	INFO	[jepsen worker 2] jepsen.util: 2	:invoke	:generate	nil
2026-03-11 16:50:13,811{GMT}	INFO	[jepsen worker 1] jepsen.util: 1	:ok	:generate	"39-n1"
2026-03-11 16:50:13,812{GMT}	INFO	[jepsen worker 0] jepsen.util: 0	:ok	:generate	"40-n0"
2026-03-11 16:50:13,813{GMT}	INFO	[jepsen worker 0] jepsen.util: 0	:invoke	:generate	nil
2026-03-11 16:50:13,813{GMT}	INFO	[jepsen worker 2] jepsen.util: 2	:ok	:generate	"39-n2"
2026-03-11 16:50:13,814{GMT}	INFO	[jepsen worker 1] jepsen.util: 1	:invoke	:generate	nil
2026-03-11 16:50:13,815{GMT}	INFO	[jepsen worker 2] jepsen.util: 2	:invoke	:generate	nil
2026-03-11 16:50:13,816{GMT}	INFO	[jepsen worker 1] jepsen.util: 1	:ok	:generate	"40-n1"
2026-03-11 16:50:13,816{GMT}	INFO	[jepsen worker 0] jepsen.util: 0	:ok	:generate	"41-n0"
2026-03-11 16:50:13,817{GMT}	INFO	[jepsen worker 1] jepsen.util: 1	:invoke	:generate	nil
2026-03-11 16:50:13,819{GMT}	INFO	[jepsen worker 2] jepsen.util: 2	:ok	:generate	"40-n2"
2026-03-11 16:50:13,820{GMT}	INFO	[jepsen worker 0] jepsen.util: 0	:invoke	:generate	nil
2026-03-11 16:50:13,821{GMT}	INFO	[jepsen worker 2] jepsen.util: 2	:invoke	:generate	nil
2026-03-11 16:50:13,823{GMT}	INFO	[jepsen worker 1] jepsen.util: 1	:ok	:generate	"41-n1"
2026-03-11 16:50:13,823{GMT}	INFO	[jepsen worker 1] jepsen.util: 1	:invoke	:generate	nil
2026-03-11 16:50:13,825{GMT}	INFO	[jepsen worker 2] jepsen.util: 2	:ok	:generate	"41-n2"
2026-03-11 16:50:13,826{GMT}	INFO	[jepsen worker 0] jepsen.util: 0	:ok	:generate	"42-n0"
2026-03-11 16:50:13,827{GMT}	INFO	[jepsen worker 2] jepsen.util: 2	:invoke	:generate	nil
2026-03-11 16:50:13,829{GMT}	INFO	[jepsen worker 0] jepsen.util: 0	:invoke	:generate	nil
2026-03-11 16:50:13,830{GMT}	INFO	[jepsen worker 1] jepsen.util: 1	:ok	:generate	"42-n1"
2026-03-11 16:50:13,831{GMT}	INFO	[jepsen worker 1] jepsen.util: 1	:invoke	:generate	nil
2026-03-11 16:50:13,834{GMT}	INFO	[jepsen worker 0] jepsen.util: 0	:ok	:generate	"43-n0"
2026-03-11 16:50:13,836{GMT}	INFO	[jepsen worker 1] jepsen.util: 1	:ok	:generate	"43-n1"
2026-03-11 16:50:13,836{GMT}	INFO	[jepsen worker 2] jepsen.util: 2	:ok	:generate	"42-n2"
2026-03-11 16:50:13,836{GMT}	INFO	[jepsen worker 0] jepsen.util: 0	:invoke	:generate	nil
2026-03-11 16:50:13,838{GMT}	INFO	[jepsen worker 1] jepsen.util: 1	:invoke	:generate	nil
2026-03-11 16:50:13,838{GMT}	INFO	[jepsen worker 0] jepsen.util: 0	:ok	:generate	"44-n0"
2026-03-11 16:50:13,839{GMT}	INFO	[jepsen worker 2] jepsen.util: 2	:invoke	:generate	nil
2026-03-11 16:50:13,840{GMT}	INFO	[jepsen worker 1] jepsen.util: 1	:ok	:generate	"44-n1"
2026-03-11 16:50:13,842{GMT}	INFO	[jepsen worker 0] jepsen.util: 0	:invoke	:generate	nil
2026-03-11 16:50:13,843{GMT}	INFO	[jepsen worker 2] jepsen.util: 2	:ok	:generate	"43-n2"
2026-03-11 16:50:13,844{GMT}	INFO	[jepsen worker 1] jepsen.util: 1	:invoke	:generate	nil
2026-03-11 16:50:13,846{GMT}	INFO	[jepsen worker 0] jepsen.util: 0	:ok	:generate	"45-n0"
2026-03-11 16:50:13,846{GMT}	INFO	[jepsen worker 2] jepsen.util: 2	:invoke	:generate	nil
2026-03-11 16:50:13,847{GMT}	INFO	[jepsen worker 1] jepsen.util: 1	:ok	:generate	"45-n1"
2026-03-11 16:50:13,846{GMT}	INFO	[jepsen worker 0] jepsen.util: 0	:invoke	:generate	nil
2026-03-11 16:50:13,848{GMT}	INFO	[jepsen worker 1] jepsen.util: 1	:invoke	:generate	nil
2026-03-11 16:50:13,851{GMT}	INFO	[jepsen worker 0] jepsen.util: 0	:ok	:generate	"46-n0"
2026-03-11 16:50:13,852{GMT}	INFO	[jepsen worker 2] jepsen.util: 2	:ok	:generate	"44-n2"
2026-03-11 16:50:13,852{GMT}	INFO	[jepsen worker 1] jepsen.util: 1	:ok	:generate	"46-n1"
2026-03-11 16:50:13,854{GMT}	INFO	[jepsen worker 0] jepsen.util: 0	:invoke	:generate	nil
2026-03-11 16:50:13,856{GMT}	INFO	[jepsen worker 0] jepsen.util: 0	:ok	:generate	"47-n0"
2026-03-11 16:50:13,857{GMT}	INFO	[jepsen worker 1] jepsen.util: 1	:invoke	:generate	nil
2026-03-11 16:50:13,860{GMT}	INFO	[jepsen worker 0] jepsen.util: 0	:invoke	:generate	nil
2026-03-11 16:50:13,860{GMT}	INFO	[jepsen worker 1] jepsen.util: 1	:ok	:generate	"47-n1"
2026-03-11 16:50:13,859{GMT}	INFO	[jepsen worker 2] jepsen.util: 2	:invoke	:generate	nil
2026-03-11 16:50:13,860{GMT}	INFO	[jepsen worker 1] jepsen.util: 1	:invoke	:generate	nil
2026-03-11 16:50:13,863{GMT}	INFO	[jepsen worker 0] jepsen.util: 0	:ok	:generate	"48-n0"
2026-03-11 16:50:13,863{GMT}	INFO	[jepsen worker 2] jepsen.util: 2	:ok	:generate	"45-n2"
2026-03-11 16:50:13,864{GMT}	INFO	[jepsen worker 2] jepsen.util: 2	:invoke	:generate	nil
2026-03-11 16:50:13,865{GMT}	INFO	[jepsen worker 1] jepsen.util: 1	:ok	:generate	"48-n1"
2026-03-11 16:50:13,866{GMT}	INFO	[jepsen worker 0] jepsen.util: 0	:invoke	:generate	nil
2026-03-11 16:50:13,867{GMT}	INFO	[jepsen worker 1] jepsen.util: 1	:invoke	:generate	nil
2026-03-11 16:50:13,868{GMT}	INFO	[jepsen worker 0] jepsen.util: 0	:ok	:generate	"49-n0"
2026-03-11 16:50:13,869{GMT}	INFO	[jepsen worker 0] jepsen.util: 0	:invoke	:generate	nil
2026-03-11 16:50:13,869{GMT}	INFO	[jepsen worker 2] jepsen.util: 2	:ok	:generate	"46-n2"
2026-03-11 16:50:13,871{GMT}	INFO	[jepsen worker 2] jepsen.util: 2	:invoke	:generate	nil
2026-03-11 16:50:13,871{GMT}	INFO	[jepsen worker 0] jepsen.util: 0	:ok	:generate	"50-n0"
2026-03-11 16:50:13,931{GMT}	INFO	[jepsen worker 0] jepsen.util: 0	:invoke	:generate	nil
2026-03-11 16:50:13,872{GMT}	INFO	[jepsen worker 1] jepsen.util: 1	:ok	:generate	"49-n1"
2026-03-11 16:50:13,932{GMT}	INFO	[jepsen worker 1] jepsen.util: 1	:invoke	:generate	nil
2026-03-11 16:50:13,934{GMT}	INFO	[jepsen worker 1] jepsen.util: 1	:ok	:generate	"50-n1"
2026-03-11 16:50:13,935{GMT}	INFO	[jepsen worker 2] jepsen.util: 2	:ok	:generate	"47-n2"
2026-03-11 16:50:13,935{GMT}	INFO	[jepsen worker 0] jepsen.util: 0	:ok	:generate	"51-n0"
2026-03-11 16:50:13,935{GMT}	INFO	[jepsen worker 0] jepsen.util: 0	:invoke	:generate	nil
2026-03-11 16:50:13,937{GMT}	INFO	[jepsen worker 0] jepsen.util: 0	:ok	:generate	"52-n0"
2026-03-11 16:50:13,938{GMT}	INFO	[jepsen worker 1] jepsen.util: 1	:invoke	:generate	nil
2026-03-11 16:50:13,938{GMT}	INFO	[jepsen worker 2] jepsen.util: 2	:invoke	:generate	nil
2026-03-11 16:50:13,941{GMT}	INFO	[jepsen worker 0] jepsen.util: 0	:invoke	:generate	nil
2026-03-11 16:50:13,941{GMT}	INFO	[jepsen worker 2] jepsen.util: 2	:ok	:generate	"48-n2"
2026-03-11 16:50:13,941{GMT}	INFO	[jepsen worker 2] jepsen.util: 2	:invoke	:generate	nil
2026-03-11 16:50:13,942{GMT}	INFO	[jepsen worker 1] jepsen.util: 1	:ok	:generate	"51-n1"
2026-03-11 16:50:13,942{GMT}	INFO	[jepsen worker 1] jepsen.util: 1	:invoke	:generate	nil
2026-03-11 16:50:13,943{GMT}	INFO	[jepsen worker 0] jepsen.util: 0	:ok	:generate	"53-n0"
2026-03-11 16:50:13,943{GMT}	INFO	[jepsen worker 0] jepsen.util: 0	:invoke	:generate	nil
2026-03-11 16:50:13,945{GMT}	INFO	[jepsen worker 0] jepsen.util: 0	:ok	:generate	"54-n0"
2026-03-11 16:50:13,946{GMT}	INFO	[jepsen worker 1] jepsen.util: 1	:ok	:generate	"52-n1"
2026-03-11 16:50:13,946{GMT}	INFO	[jepsen worker 0] jepsen.util: 0	:invoke	:generate	nil
2026-03-11 16:50:13,946{GMT}	INFO	[jepsen worker 2] jepsen.util: 2	:ok	:generate	"49-n2"
2026-03-11 16:50:13,946{GMT}	INFO	[jepsen worker 1] jepsen.util: 1	:invoke	:generate	nil
2026-03-11 16:50:13,949{GMT}	INFO	[jepsen worker 2] jepsen.util: 2	:invoke	:generate	nil
2026-03-11 16:50:13,949{GMT}	INFO	[jepsen worker 0] jepsen.util: 0	:ok	:generate	"55-n0"
2026-03-11 16:50:13,949{GMT}	INFO	[jepsen worker 0] jepsen.util: 0	:invoke	:generate	nil
2026-03-11 16:50:13,950{GMT}	INFO	[jepsen worker 1] jepsen.util: 1	:ok	:generate	"53-n1"
2026-03-11 16:50:13,951{GMT}	INFO	[jepsen worker 0] jepsen.util: 0	:ok	:generate	"56-n0"
2026-03-11 16:50:13,953{GMT}	INFO	[jepsen worker 0] jepsen.util: 0	:invoke	:generate	nil
2026-03-11 16:50:13,953{GMT}	INFO	[jepsen worker 1] jepsen.util: 1	:invoke	:generate	nil
2026-03-11 16:50:13,955{GMT}	INFO	[jepsen worker 2] jepsen.util: 2	:ok	:generate	"50-n2"
2026-03-11 16:50:13,956{GMT}	INFO	[jepsen worker 1] jepsen.util: 1	:ok	:generate	"54-n1"
2026-03-11 16:50:13,958{GMT}	INFO	[jepsen worker 0] jepsen.util: 0	:ok	:generate	"57-n0"
2026-03-11 16:50:13,958{GMT}	INFO	[jepsen worker 1] jepsen.util: 1	:invoke	:generate	nil
2026-03-11 16:50:13,961{GMT}	INFO	[jepsen worker 1] jepsen.util: 1	:ok	:generate	"55-n1"
2026-03-11 16:50:13,962{GMT}	INFO	[jepsen worker 2] jepsen.util: 2	:invoke	:generate	nil
2026-03-11 16:50:13,963{GMT}	INFO	[jepsen worker 0] jepsen.util: 0	:invoke	:generate	nil
2026-03-11 16:50:13,964{GMT}	INFO	[jepsen worker 2] jepsen.util: 2	:ok	:generate	"51-n2"
2026-03-11 16:50:13,965{GMT}	INFO	[jepsen worker 1] jepsen.util: 1	:invoke	:generate	nil
2026-03-11 16:50:13,967{GMT}	INFO	[jepsen worker 2] jepsen.util: 2	:invoke	:generate	nil
2026-03-11 16:50:13,967{GMT}	INFO	[jepsen worker 1] jepsen.util: 1	:ok	:generate	"56-n1"
2026-03-11 16:50:13,969{GMT}	INFO	[jepsen worker 1] jepsen.util: 1	:invoke	:generate	nil
2026-03-11 16:50:13,968{GMT}	INFO	[jepsen worker 0] jepsen.util: 0	:ok	:generate	"58-n0"
2026-03-11 16:50:13,971{GMT}	INFO	[jepsen worker 0] jepsen.util: 0	:invoke	:generate	nil
2026-03-11 16:50:13,971{GMT}	INFO	[jepsen worker 2] jepsen.util: 2	:ok	:generate	"52-n2"
2026-03-11 16:50:13,972{GMT}	INFO	[jepsen worker 2] jepsen.util: 2	:invoke	:generate	nil
2026-03-11 16:50:13,973{GMT}	INFO	[jepsen worker 1] jepsen.util: 1	:ok	:generate	"57-n1"
2026-03-11 16:50:13,973{GMT}	INFO	[jepsen worker 1] jepsen.util: 1	:invoke	:generate	nil
2026-03-11 16:50:13,975{GMT}	INFO	[jepsen worker 1] jepsen.util: 1	:ok	:generate	"58-n1"
2026-03-11 16:50:13,975{GMT}	INFO	[jepsen worker 1] jepsen.util: 1	:invoke	:generate	nil
2026-03-11 16:50:13,977{GMT}	INFO	[jepsen worker 0] jepsen.util: 0	:ok	:generate	"59-n0"
2026-03-11 16:50:13,977{GMT}	INFO	[jepsen worker 1] jepsen.util: 1	:ok	:generate	"59-n1"
2026-03-11 16:50:13,980{GMT}	INFO	[jepsen worker 2] jepsen.util: 2	:ok	:generate	"53-n2"
2026-03-11 16:50:13,981{GMT}	INFO	[jepsen worker 1] jepsen.util: 1	:invoke	:generate	nil
2026-03-11 16:50:13,982{GMT}	INFO	[jepsen worker 0] jepsen.util: 0	:invoke	:generate	nil
2026-03-11 16:50:13,983{GMT}	INFO	[jepsen worker 2] jepsen.util: 2	:invoke	:generate	nil
2026-03-11 16:50:13,984{GMT}	INFO	[jepsen worker 1] jepsen.util: 1	:ok	:generate	"60-n1"
2026-03-11 16:50:13,984{GMT}	INFO	[jepsen worker 0] jepsen.util: 0	:ok	:generate	"60-n0"
2026-03-11 16:50:13,985{GMT}	INFO	[jepsen worker 0] jepsen.util: 0	:invoke	:generate	nil
2026-03-11 16:50:13,988{GMT}	INFO	[jepsen worker 1] jepsen.util: 1	:invoke	:generate	nil
2026-03-11 16:50:13,988{GMT}	INFO	[jepsen worker 2] jepsen.util: 2	:ok	:generate	"54-n2"
2026-03-11 16:50:13,989{GMT}	INFO	[jepsen worker 2] jepsen.util: 2	:invoke	:generate	nil
2026-03-11 16:50:13,989{GMT}	INFO	[jepsen worker 0] jepsen.util: 0	:ok	:generate	"61-n0"
2026-03-11 16:50:13,991{GMT}	INFO	[jepsen worker 2] jepsen.util: 2	:ok	:generate	"55-n2"
2026-03-11 16:50:13,992{GMT}	INFO	[jepsen worker 2] jepsen.util: 2	:invoke	:generate	nil
2026-03-11 16:50:13,992{GMT}	INFO	[jepsen worker 1] jepsen.util: 1	:ok	:generate	"61-n1"
2026-03-11 16:50:13,993{GMT}	INFO	[jepsen worker 0] jepsen.util: 0	:invoke	:generate	nil
2026-03-11 16:50:13,994{GMT}	INFO	[jepsen worker 2] jepsen.util: 2	:ok	:generate	"56-n2"
2026-03-11 16:50:13,994{GMT}	INFO	[jepsen worker 1] jepsen.util: 1	:invoke	:generate	nil
2026-03-11 16:50:13,996{GMT}	INFO	[jepsen worker 2] jepsen.util: 2	:invoke	:generate	nil
2026-03-11 16:50:13,999{GMT}	INFO	[jepsen worker 2] jepsen.util: 2	:ok	:generate	"57-n2"
2026-03-11 16:50:14,000{GMT}	INFO	[jepsen worker 2] jepsen.util: 2	:invoke	:generate	nil
2026-03-11 16:50:14,005{GMT}	INFO	[jepsen worker 1] jepsen.util: 1	:ok	:generate	"62-n1"
2026-03-11 16:50:14,005{GMT}	INFO	[jepsen worker 2] jepsen.util: 2	:ok	:generate	"58-n2"
2026-03-11 16:50:14,005{GMT}	INFO	[jepsen worker 2] jepsen.util: 2	:invoke	:generate	nil
2026-03-11 16:50:14,007{GMT}	INFO	[jepsen worker 0] jepsen.util: 0	:ok	:generate	"62-n0"
2026-03-11 16:50:14,007{GMT}	INFO	[jepsen worker 1] jepsen.util: 1	:invoke	:generate	nil
2026-03-11 16:50:14,008{GMT}	INFO	[jepsen worker 0] jepsen.util: 0	:invoke	:generate	nil
2026-03-11 16:50:14,009{GMT}	INFO	[jepsen worker 2] jepsen.util: 2	:ok	:generate	"59-n2"
2026-03-11 16:50:14,010{GMT}	INFO	[jepsen worker 0] jepsen.util: 0	:ok	:generate	"63-n0"
2026-03-11 16:50:14,012{GMT}	INFO	[jepsen worker 0] jepsen.util: 0	:invoke	:generate	nil
2026-03-11 16:50:14,012{GMT}	INFO	[jepsen worker 1] jepsen.util: 1	:ok	:generate	"63-n1"
2026-03-11 16:50:14,012{GMT}	INFO	[jepsen worker 2] jepsen.util: 2	:invoke	:generate	nil
2026-03-11 16:50:14,013{GMT}	INFO	[jepsen worker 0] jepsen.util: 0	:ok	:generate	"64-n0"
2026-03-11 16:50:14,013{GMT}	INFO	[jepsen worker 1] jepsen.util: 1	:invoke	:generate	nil
2026-03-11 16:50:14,015{GMT}	INFO	[jepsen worker 0] jepsen.util: 0	:invoke	:generate	nil
2026-03-11 16:50:14,016{GMT}	INFO	[jepsen worker 1] jepsen.util: 1	:ok	:generate	"64-n1"
2026-03-11 16:50:14,017{GMT}	INFO	[jepsen worker 1] jepsen.util: 1	:invoke	:generate	nil
2026-03-11 16:50:14,018{GMT}	INFO	[jepsen worker 2] jepsen.util: 2	:ok	:generate	"60-n2"
2026-03-11 16:50:14,018{GMT}	INFO	[jepsen worker 0] jepsen.util: 0	:ok	:generate	"65-n0"
2026-03-11 16:50:14,019{GMT}	INFO	[jepsen worker 1] jepsen.util: 1	:ok	:generate	"65-n1"
2026-03-11 16:50:14,019{GMT}	INFO	[jepsen worker 2] jepsen.util: 2	:invoke	:generate	nil
2026-03-11 16:50:14,020{GMT}	INFO	[jepsen worker 0] jepsen.util: 0	:invoke	:generate	nil
2026-03-11 16:50:14,022{GMT}	INFO	[jepsen worker 1] jepsen.util: 1	:invoke	:generate	nil
2026-03-11 16:50:14,024{GMT}	INFO	[jepsen worker 1] jepsen.util: 1	:ok	:generate	"66-n1"
2026-03-11 16:50:14,025{GMT}	INFO	[jepsen worker 2] jepsen.util: 2	:ok	:generate	"61-n2"
2026-03-11 16:50:14,025{GMT}	INFO	[jepsen worker 1] jepsen.util: 1	:invoke	:generate	nil
2026-03-11 16:50:14,026{GMT}	INFO	[jepsen worker 0] jepsen.util: 0	:ok	:generate	"66-n0"
2026-03-11 16:50:14,026{GMT}	INFO	[jepsen worker 0] jepsen.util: 0	:invoke	:generate	nil
2026-03-11 16:50:14,026{GMT}	INFO	[jepsen worker 2] jepsen.util: 2	:invoke	:generate	nil
2026-03-11 16:50:14,027{GMT}	INFO	[jepsen worker 1] jepsen.util: 1	:ok	:generate	"67-n1"
2026-03-11 16:50:14,042{GMT}	INFO	[jepsen worker 1] jepsen.util: 1	:invoke	:generate	nil
2026-03-11 16:50:14,044{GMT}	INFO	[jepsen worker 0] jepsen.util: 0	:ok	:generate	"67-n0"
2026-03-11 16:50:14,044{GMT}	INFO	[jepsen worker 1] jepsen.util: 1	:ok	:generate	"68-n1"
2026-03-11 16:50:14,044{GMT}	INFO	[jepsen worker 2] jepsen.util: 2	:ok	:generate	"62-n2"
2026-03-11 16:50:14,044{GMT}	INFO	[jepsen worker 1] jepsen.util: 1	:invoke	:generate	nil
2026-03-11 16:50:14,046{GMT}	INFO	[jepsen worker 1] jepsen.util: 1	:ok	:generate	"69-n1"
2026-03-11 16:50:14,046{GMT}	INFO	[jepsen worker 2] jepsen.util: 2	:invoke	:generate	nil
2026-03-11 16:50:14,049{GMT}	INFO	[jepsen worker 0] jepsen.util: 0	:invoke	:generate	nil
2026-03-11 16:50:14,050{GMT}	INFO	[jepsen worker 2] jepsen.util: 2	:ok	:generate	"63-n2"
2026-03-11 16:50:14,051{GMT}	INFO	[jepsen worker 1] jepsen.util: 1	:invoke	:generate	nil
2026-03-11 16:50:14,051{GMT}	INFO	[jepsen worker 2] jepsen.util: 2	:invoke	:generate	nil
2026-03-11 16:50:14,054{GMT}	INFO	[jepsen worker 2] jepsen.util: 2	:ok	:generate	"64-n2"
2026-03-11 16:50:14,054{GMT}	INFO	[jepsen worker 1] jepsen.util: 1	:ok	:generate	"70-n1"
2026-03-11 16:50:14,054{GMT}	INFO	[jepsen worker 0] jepsen.util: 0	:ok	:generate	"68-n0"
2026-03-11 16:50:14,054{GMT}	INFO	[jepsen worker 2] jepsen.util: 2	:invoke	:generate	nil
2026-03-11 16:50:14,057{GMT}	INFO	[jepsen worker 0] jepsen.util: 0	:invoke	:generate	nil
2026-03-11 16:50:14,058{GMT}	INFO	[jepsen worker 2] jepsen.util: 2	:ok	:generate	"65-n2"
2026-03-11 16:50:14,058{GMT}	INFO	[jepsen worker 1] jepsen.util: 1	:invoke	:generate	nil
2026-03-11 16:50:14,058{GMT}	INFO	[jepsen worker 2] jepsen.util: 2	:invoke	:generate	nil
2026-03-11 16:50:14,060{GMT}	INFO	[jepsen worker 0] jepsen.util: 0	:ok	:generate	"69-n0"
2026-03-11 16:50:14,060{GMT}	INFO	[jepsen worker 2] jepsen.util: 2	:ok	:generate	"66-n2"
2026-03-11 16:50:14,061{GMT}	INFO	[jepsen worker 2] jepsen.util: 2	:invoke	:generate	nil
2026-03-11 16:50:14,061{GMT}	INFO	[jepsen worker 0] jepsen.util: 0	:invoke	:generate	nil
2026-03-11 16:50:14,062{GMT}	INFO	[jepsen worker 1] jepsen.util: 1	:ok	:generate	"71-n1"
2026-03-11 16:50:14,063{GMT}	INFO	[jepsen worker 1] jepsen.util: 1	:invoke	:generate	nil
2026-03-11 16:50:14,065{GMT}	INFO	[jepsen worker 0] jepsen.util: 0	:ok	:generate	"70-n0"
2026-03-11 16:50:14,065{GMT}	INFO	[jepsen worker 0] jepsen.util: 0	:invoke	:generate	nil
2026-03-11 16:50:14,066{GMT}	INFO	[jepsen worker 0] jepsen.util: 0	:ok	:generate	"71-n0"
2026-03-11 16:50:14,066{GMT}	INFO	[jepsen worker 1] jepsen.util: 1	:ok	:generate	"72-n1"
2026-03-11 16:50:14,067{GMT}	INFO	[jepsen worker 2] jepsen.util: 2	:ok	:generate	"67-n2"
2026-03-11 16:50:14,067{GMT}	INFO	[jepsen worker 0] jepsen.util: 0	:invoke	:generate	nil
2026-03-11 16:50:14,068{GMT}	INFO	[jepsen worker 0] jepsen.util: 0	:ok	:generate	"72-n0"
2026-03-11 16:50:14,068{GMT}	INFO	[jepsen worker 1] jepsen.util: 1	:invoke	:generate	nil
2026-03-11 16:50:14,070{GMT}	INFO	[jepsen worker 0] jepsen.util: 0	:invoke	:generate	nil
2026-03-11 16:50:14,070{GMT}	INFO	[jepsen worker 2] jepsen.util: 2	:invoke	:generate	nil
2026-03-11 16:50:14,071{GMT}	INFO	[jepsen worker 1] jepsen.util: 1	:ok	:generate	"73-n1"
2026-03-11 16:50:14,072{GMT}	INFO	[jepsen worker 0] jepsen.util: 0	:ok	:generate	"73-n0"
2026-03-11 16:50:14,073{GMT}	INFO	[jepsen worker 0] jepsen.util: 0	:invoke	:generate	nil
2026-03-11 16:50:14,073{GMT}	INFO	[jepsen worker 2] jepsen.util: 2	:ok	:generate	"68-n2"
2026-03-11 16:50:14,075{GMT}	INFO	[jepsen worker 1] jepsen.util: 1	:invoke	:generate	nil
2026-03-11 16:50:14,075{GMT}	INFO	[jepsen worker 0] jepsen.util: 0	:ok	:generate	"74-n0"
2026-03-11 16:50:14,076{GMT}	INFO	[jepsen worker 0] jepsen.util: 0	:invoke	:generate	nil
2026-03-11 16:50:14,078{GMT}	INFO	[jepsen worker 0] jepsen.util: 0	:ok	:generate	"75-n0"
2026-03-11 16:50:14,078{GMT}	INFO	[jepsen worker 2] jepsen.util: 2	:invoke	:generate	nil
2026-03-11 16:50:14,079{GMT}	INFO	[jepsen worker 1] jepsen.util: 1	:ok	:generate	"74-n1"
2026-03-11 16:50:14,079{GMT}	INFO	[jepsen worker 0] jepsen.util: 0	:invoke	:generate	nil
2026-03-11 16:50:14,108{GMT}	INFO	[jepsen worker 1] jepsen.util: 1	:invoke	:generate	nil
2026-03-11 16:50:14,110{GMT}	INFO	[jepsen worker 2] jepsen.util: 2	:ok	:generate	"69-n2"
2026-03-11 16:50:14,110{GMT}	INFO	[jepsen worker 1] jepsen.util: 1	:ok	:generate	"75-n1"
2026-03-11 16:50:14,110{GMT}	INFO	[jepsen worker 1] jepsen.util: 1	:invoke	:generate	nil
2026-03-11 16:50:14,110{GMT}	INFO	[jepsen worker 0] jepsen.util: 0	:ok	:generate	"76-n0"
2026-03-11 16:50:14,111{GMT}	INFO	[jepsen worker 2] jepsen.util: 2	:invoke	:generate	nil
2026-03-11 16:50:14,112{GMT}	INFO	[jepsen worker 1] jepsen.util: 1	:ok	:generate	"76-n1"
2026-03-11 16:50:14,113{GMT}	INFO	[jepsen worker 2] jepsen.util: 2	:ok	:generate	"70-n2"
2026-03-11 16:50:14,114{GMT}	INFO	[jepsen worker 0] jepsen.util: 0	:invoke	:generate	nil
2026-03-11 16:50:14,114{GMT}	INFO	[jepsen worker 1] jepsen.util: 1	:invoke	:generate	nil
2026-03-11 16:50:14,116{GMT}	INFO	[jepsen worker 2] jepsen.util: 2	:invoke	:generate	nil
2026-03-11 16:50:14,116{GMT}	INFO	[jepsen worker 1] jepsen.util: 1	:ok	:generate	"77-n1"
2026-03-11 16:50:14,117{GMT}	INFO	[jepsen worker 1] jepsen.util: 1	:invoke	:generate	nil
2026-03-11 16:50:14,118{GMT}	INFO	[jepsen worker 0] jepsen.util: 0	:ok	:generate	"77-n0"
2026-03-11 16:50:14,118{GMT}	INFO	[jepsen worker 2] jepsen.util: 2	:ok	:generate	"71-n2"
2026-03-11 16:50:14,118{GMT}	INFO	[jepsen worker 1] jepsen.util: 1	:ok	:generate	"78-n1"
2026-03-11 16:50:14,118{GMT}	INFO	[jepsen worker 2] jepsen.util: 2	:invoke	:generate	nil
2026-03-11 16:50:14,120{GMT}	INFO	[jepsen worker 0] jepsen.util: 0	:invoke	:generate	nil
2026-03-11 16:50:14,121{GMT}	INFO	[jepsen worker 1] jepsen.util: 1	:invoke	:generate	nil
2026-03-11 16:50:14,120{GMT}	INFO	[jepsen worker 2] jepsen.util: 2	:ok	:generate	"72-n2"
2026-03-11 16:50:14,121{GMT}	INFO	[jepsen worker 2] jepsen.util: 2	:invoke	:generate	nil
2026-03-11 16:50:14,123{GMT}	INFO	[jepsen worker 1] jepsen.util: 1	:ok	:generate	"79-n1"
2026-03-11 16:50:14,123{GMT}	INFO	[jepsen worker 0] jepsen.util: 0	:ok	:generate	"78-n0"
2026-03-11 16:50:14,123{GMT}	INFO	[jepsen worker 0] jepsen.util: 0	:invoke	:generate	nil
2026-03-11 16:50:14,126{GMT}	INFO	[jepsen worker 0] jepsen.util: 0	:ok	:generate	"79-n0"
2026-03-11 16:50:14,126{GMT}	INFO	[jepsen worker 2] jepsen.util: 2	:ok	:generate	"73-n2"
2026-03-11 16:50:14,126{GMT}	INFO	[jepsen worker 1] jepsen.util: 1	:invoke	:generate	nil
2026-03-11 16:50:14,127{GMT}	INFO	[jepsen worker 0] jepsen.util: 0	:invoke	:generate	nil
2026-03-11 16:50:14,128{GMT}	INFO	[jepsen worker 2] jepsen.util: 2	:invoke	:generate	nil
2026-03-11 16:50:14,129{GMT}	INFO	[jepsen worker 0] jepsen.util: 0	:ok	:generate	"80-n0"
2026-03-11 16:50:14,129{GMT}	INFO	[jepsen worker 1] jepsen.util: 1	:ok	:generate	"80-n1"
2026-03-11 16:50:14,130{GMT}	INFO	[jepsen worker 2] jepsen.util: 2	:ok	:generate	"74-n2"
2026-03-11 16:50:14,132{GMT}	INFO	[jepsen worker 2] jepsen.util: 2	:invoke	:generate	nil
2026-03-11 16:50:14,133{GMT}	INFO	[jepsen worker 0] jepsen.util: 0	:invoke	:generate	nil
2026-03-11 16:50:14,133{GMT}	INFO	[jepsen worker 2] jepsen.util: 2	:ok	:generate	"75-n2"
2026-03-11 16:50:14,135{GMT}	INFO	[jepsen worker 1] jepsen.util: 1	:invoke	:generate	nil
2026-03-11 16:50:14,135{GMT}	INFO	[jepsen worker 0] jepsen.util: 0	:ok	:generate	"81-n0"
2026-03-11 16:50:14,137{GMT}	INFO	[jepsen worker 2] jepsen.util: 2	:invoke	:generate	nil
2026-03-11 16:50:14,138{GMT}	INFO	[jepsen worker 1] jepsen.util: 1	:ok	:generate	"81-n1"
2026-03-11 16:50:14,138{GMT}	INFO	[jepsen worker 0] jepsen.util: 0	:invoke	:generate	nil
2026-03-11 16:50:14,138{GMT}	INFO	[jepsen worker 2] jepsen.util: 2	:ok	:generate	"76-n2"
2026-03-11 16:50:14,139{GMT}	INFO	[jepsen worker 1] jepsen.util: 1	:invoke	:generate	nil
2026-03-11 16:50:14,140{GMT}	INFO	[jepsen worker 0] jepsen.util: 0	:ok	:generate	"82-n0"
2026-03-11 16:50:14,141{GMT}	INFO	[jepsen worker 0] jepsen.util: 0	:invoke	:generate	nil
2026-03-11 16:50:14,143{GMT}	INFO	[jepsen worker 1] jepsen.util: 1	:ok	:generate	"82-n1"
2026-03-11 16:50:14,143{GMT}	INFO	[jepsen worker 2] jepsen.util: 2	:invoke	:generate	nil
2026-03-11 16:50:14,216{GMT}	INFO	[jepsen worker 1] jepsen.util: 1	:invoke	:generate	nil
2026-03-11 16:50:14,219{GMT}	INFO	[jepsen worker 0] jepsen.util: 0	:ok	:generate	"83-n0"
2026-03-11 16:50:14,219{GMT}	INFO	[jepsen worker 2] jepsen.util: 2	:ok	:generate	"77-n2"
2026-03-11 16:50:14,219{GMT}	INFO	[jepsen worker 1] jepsen.util: 1	:ok	:generate	"83-n1"
2026-03-11 16:50:14,219{GMT}	INFO	[jepsen worker 0] jepsen.util: 0	:invoke	:generate	nil
2026-03-11 16:50:14,220{GMT}	INFO	[jepsen worker 1] jepsen.util: 1	:invoke	:generate	nil
2026-03-11 16:50:14,221{GMT}	INFO	[jepsen worker 0] jepsen.util: 0	:ok	:generate	"84-n0"
2026-03-11 16:50:14,222{GMT}	INFO	[jepsen worker 2] jepsen.util: 2	:invoke	:generate	nil
2026-03-11 16:50:14,226{GMT}	INFO	[jepsen worker 2] jepsen.util: 2	:ok	:generate	"78-n2"
2026-03-11 16:50:14,227{GMT}	INFO	[jepsen worker 0] jepsen.util: 0	:invoke	:generate	nil
2026-03-11 16:50:14,227{GMT}	INFO	[jepsen worker 1] jepsen.util: 1	:ok	:generate	"84-n1"
2026-03-11 16:50:14,227{GMT}	INFO	[jepsen worker 1] jepsen.util: 1	:invoke	:generate	nil
2026-03-11 16:50:14,228{GMT}	INFO	[jepsen worker 2] jepsen.util: 2	:invoke	:generate	nil
2026-03-11 16:50:14,230{GMT}	INFO	[jepsen worker 1] jepsen.util: 1	:ok	:generate	"85-n1"
2026-03-11 16:50:14,230{GMT}	INFO	[jepsen worker 1] jepsen.util: 1	:invoke	:generate	nil
2026-03-11 16:50:14,229{GMT}	INFO	[jepsen worker 0] jepsen.util: 0	:ok	:generate	"85-n0"
2026-03-11 16:50:14,231{GMT}	INFO	[jepsen worker 0] jepsen.util: 0	:invoke	:generate	nil
2026-03-11 16:50:14,232{GMT}	INFO	[jepsen worker 2] jepsen.util: 2	:ok	:generate	"79-n2"
2026-03-11 16:50:14,232{GMT}	INFO	[jepsen worker 2] jepsen.util: 2	:invoke	:generate	nil
2026-03-11 16:50:14,234{GMT}	INFO	[jepsen worker 1] jepsen.util: 1	:ok	:generate	"86-n1"
2026-03-11 16:50:14,235{GMT}	INFO	[jepsen worker 1] jepsen.util: 1	:invoke	:generate	nil
2026-03-11 16:50:14,237{GMT}	INFO	[jepsen worker 0] jepsen.util: 0	:ok	:generate	"86-n0"
2026-03-11 16:50:14,237{GMT}	INFO	[jepsen worker 2] jepsen.util: 2	:ok	:generate	"80-n2"
2026-03-11 16:50:14,237{GMT}	INFO	[jepsen worker 1] jepsen.util: 1	:ok	:generate	"87-n1"
2026-03-11 16:50:14,238{GMT}	INFO	[jepsen worker 1] jepsen.util: 1	:invoke	:generate	nil
2026-03-11 16:50:14,240{GMT}	INFO	[jepsen worker 2] jepsen.util: 2	:invoke	:generate	nil
2026-03-11 16:50:14,241{GMT}	INFO	[jepsen worker 1] jepsen.util: 1	:ok	:generate	"88-n1"
2026-03-11 16:50:14,242{GMT}	INFO	[jepsen worker 0] jepsen.util: 0	:invoke	:generate	nil
2026-03-11 16:50:14,243{GMT}	INFO	[jepsen worker 1] jepsen.util: 1	:invoke	:generate	nil
2026-03-11 16:50:14,244{GMT}	INFO	[jepsen worker 2] jepsen.util: 2	:ok	:generate	"81-n2"
2026-03-11 16:50:14,246{GMT}	INFO	[jepsen worker 2] jepsen.util: 2	:invoke	:generate	nil
2026-03-11 16:50:14,247{GMT}	INFO	[jepsen worker 1] jepsen.util: 1	:ok	:generate	"89-n1"
2026-03-11 16:50:14,248{GMT}	INFO	[jepsen worker 0] jepsen.util: 0	:ok	:generate	"87-n0"
2026-03-11 16:50:14,249{GMT}	INFO	[jepsen worker 0] jepsen.util: 0	:invoke	:generate	nil
2026-03-11 16:50:14,251{GMT}	INFO	[jepsen worker 1] jepsen.util: 1	:invoke	:generate	nil
2026-03-11 16:50:14,252{GMT}	INFO	[jepsen worker 0] jepsen.util: 0	:ok	:generate	"88-n0"
2026-03-11 16:50:14,252{GMT}	INFO	[jepsen worker 2] jepsen.util: 2	:ok	:generate	"82-n2"
2026-03-11 16:50:14,252{GMT}	INFO	[jepsen worker 0] jepsen.util: 0	:invoke	:generate	nil
2026-03-11 16:50:14,254{GMT}	INFO	[jepsen worker 0] jepsen.util: 0	:ok	:generate	"89-n0"
2026-03-11 16:50:14,254{GMT}	INFO	[jepsen worker 2] jepsen.util: 2	:invoke	:generate	nil
2026-03-11 16:50:14,255{GMT}	INFO	[jepsen worker 1] jepsen.util: 1	:ok	:generate	"90-n1"
2026-03-11 16:50:14,257{GMT}	INFO	[jepsen worker 0] jepsen.util: 0	:invoke	:generate	nil
2026-03-11 16:50:14,256{GMT}	INFO	[jepsen worker 2] jepsen.util: 2	:ok	:generate	"83-n2"
2026-03-11 16:50:14,259{GMT}	INFO	[jepsen worker 1] jepsen.util: 1	:invoke	:generate	nil
2026-03-11 16:50:14,259{GMT}	INFO	[jepsen worker 0] jepsen.util: 0	:ok	:generate	"90-n0"
2026-03-11 16:50:14,260{GMT}	INFO	[jepsen worker 0] jepsen.util: 0	:invoke	:generate	nil
2026-03-11 16:50:14,261{GMT}	INFO	[jepsen worker 2] jepsen.util: 2	:invoke	:generate	nil
2026-03-11 16:50:14,262{GMT}	INFO	[jepsen worker 0] jepsen.util: 0	:ok	:generate	"91-n0"
2026-03-11 16:50:14,263{GMT}	INFO	[jepsen worker 1] jepsen.util: 1	:ok	:generate	"91-n1"
2026-03-11 16:50:14,263{GMT}	INFO	[jepsen worker 2] jepsen.util: 2	:ok	:generate	"84-n2"
2026-03-11 16:50:14,263{GMT}	INFO	[jepsen worker 0] jepsen.util: 0	:invoke	:generate	nil
2026-03-11 16:50:14,264{GMT}	INFO	[jepsen worker 1] jepsen.util: 1	:invoke	:generate	nil
2026-03-11 16:50:14,266{GMT}	INFO	[jepsen worker 2] jepsen.util: 2	:invoke	:generate	nil
2026-03-11 16:50:14,267{GMT}	INFO	[jepsen worker 1] jepsen.util: 1	:ok	:generate	"92-n1"
2026-03-11 16:50:14,269{GMT}	INFO	[jepsen worker 1] jepsen.util: 1	:invoke	:generate	nil
2026-03-11 16:50:14,269{GMT}	INFO	[jepsen worker 2] jepsen.util: 2	:ok	:generate	"85-n2"
2026-03-11 16:50:14,271{GMT}	INFO	[jepsen worker 2] jepsen.util: 2	:invoke	:generate	nil
2026-03-11 16:50:14,271{GMT}	INFO	[jepsen worker 0] jepsen.util: 0	:ok	:generate	"92-n0"
2026-03-11 16:50:14,272{GMT}	INFO	[jepsen worker 0] jepsen.util: 0	:invoke	:generate	nil
2026-03-11 16:50:14,273{GMT}	INFO	[jepsen worker 1] jepsen.util: 1	:ok	:generate	"93-n1"
2026-03-11 16:50:14,274{GMT}	INFO	[jepsen worker 2] jepsen.util: 2	:ok	:generate	"86-n2"
2026-03-11 16:50:14,275{GMT}	INFO	[jepsen worker 0] jepsen.util: 0	:ok	:generate	"93-n0"
2026-03-11 16:50:14,275{GMT}	INFO	[jepsen worker 1] jepsen.util: 1	:invoke	:generate	nil
2026-03-11 16:50:14,276{GMT}	INFO	[jepsen worker 2] jepsen.util: 2	:invoke	:generate	nil
2026-03-11 16:50:14,277{GMT}	INFO	[jepsen worker 1] jepsen.util: 1	:ok	:generate	"94-n1"
2026-03-11 16:50:14,277{GMT}	INFO	[jepsen worker 0] jepsen.util: 0	:invoke	:generate	nil
2026-03-11 16:50:14,278{GMT}	INFO	[jepsen worker 2] jepsen.util: 2	:ok	:generate	"87-n2"
2026-03-11 16:50:14,278{GMT}	INFO	[jepsen worker 1] jepsen.util: 1	:invoke	:generate	nil
2026-03-11 16:50:14,279{GMT}	INFO	[jepsen worker 2] jepsen.util: 2	:invoke	:generate	nil
2026-03-11 16:50:14,279{GMT}	INFO	[jepsen worker 0] jepsen.util: 0	:ok	:generate	"94-n0"
2026-03-11 16:50:14,281{GMT}	INFO	[jepsen worker 1] jepsen.util: 1	:ok	:generate	"95-n1"
2026-03-11 16:50:14,281{GMT}	INFO	[jepsen worker 1] jepsen.util: 1	:invoke	:generate	nil
2026-03-11 16:50:14,282{GMT}	INFO	[jepsen worker 2] jepsen.util: 2	:ok	:generate	"88-n2"
2026-03-11 16:50:14,283{GMT}	INFO	[jepsen worker 1] jepsen.util: 1	:ok	:generate	"96-n1"
2026-03-11 16:50:14,283{GMT}	INFO	[jepsen worker 0] jepsen.util: 0	:invoke	:generate	nil
2026-03-11 16:50:14,286{GMT}	INFO	[jepsen worker 1] jepsen.util: 1	:invoke	:generate	nil
2026-03-11 16:50:14,287{GMT}	INFO	[jepsen worker 0] jepsen.util: 0	:ok	:generate	"95-n0"
2026-03-11 16:50:14,288{GMT}	INFO	[jepsen worker 0] jepsen.util: 0	:invoke	:generate	nil
2026-03-11 16:50:14,290{GMT}	INFO	[jepsen worker 0] jepsen.util: 0	:ok	:generate	"96-n0"
2026-03-11 16:50:14,290{GMT}	INFO	[jepsen worker 1] jepsen.util: 1	:ok	:generate	"97-n1"
2026-03-11 16:50:14,290{GMT}	INFO	[jepsen worker 2] jepsen.util: 2	:invoke	:generate	nil
2026-03-11 16:50:14,291{GMT}	INFO	[jepsen worker 0] jepsen.util: 0	:invoke	:generate	nil
2026-03-11 16:50:14,292{GMT}	INFO	[jepsen worker 2] jepsen.util: 2	:ok	:generate	"89-n2"
2026-03-11 16:50:14,293{GMT}	INFO	[jepsen worker 0] jepsen.util: 0	:ok	:generate	"97-n0"
2026-03-11 16:50:14,293{GMT}	INFO	[jepsen worker 0] jepsen.util: 0	:invoke	:generate	nil
2026-03-11 16:50:14,294{GMT}	INFO	[jepsen worker 0] jepsen.util: 0	:ok	:generate	"98-n0"
2026-03-11 16:50:14,295{GMT}	INFO	[jepsen worker 0] jepsen.util: 0	:invoke	:generate	nil
2026-03-11 16:50:14,295{GMT}	INFO	[jepsen worker 1] jepsen.util: 1	:invoke	:generate	nil
2026-03-11 16:50:14,297{GMT}	INFO	[jepsen worker 2] jepsen.util: 2	:invoke	:generate	nil
2026-03-11 16:50:14,297{GMT}	INFO	[jepsen worker 1] jepsen.util: 1	:ok	:generate	"98-n1"
2026-03-11 16:50:14,299{GMT}	INFO	[jepsen worker 0] jepsen.util: 0	:ok	:generate	"99-n0"
2026-03-11 16:50:14,299{GMT}	INFO	[jepsen worker 1] jepsen.util: 1	:invoke	:generate	nil
2026-03-11 16:50:14,299{GMT}	INFO	[jepsen worker 2] jepsen.util: 2	:ok	:generate	"90-n2"
2026-03-11 16:50:14,301{GMT}	INFO	[jepsen worker 2] jepsen.util: 2	:invoke	:generate	nil
2026-03-11 16:50:14,301{GMT}	INFO	[jepsen worker 0] jepsen.util: 0	:invoke	:generate	nil
2026-03-11 16:50:14,302{GMT}	INFO	[jepsen worker 1] jepsen.util: 1	:ok	:generate	"99-n1"
2026-03-11 16:50:14,303{GMT}	INFO	[jepsen worker 2] jepsen.util: 2	:ok	:generate	"91-n2"
2026-03-11 16:50:14,303{GMT}	INFO	[jepsen worker 0] jepsen.util: 0	:ok	:generate	"100-n0"
2026-03-11 16:50:14,356{GMT}	INFO	[jepsen worker 1] jepsen.util: 1	:invoke	:generate	nil
2026-03-11 16:50:14,356{GMT}	INFO	[jepsen worker 0] jepsen.util: 0	:invoke	:generate	nil
2026-03-11 16:50:14,356{GMT}	INFO	[jepsen worker 2] jepsen.util: 2	:invoke	:generate	nil
2026-03-11 16:50:14,357{GMT}	INFO	[jepsen worker 1] jepsen.util: 1	:ok	:generate	"100-n1"
2026-03-11 16:50:14,357{GMT}	INFO	[jepsen worker 2] jepsen.util: 2	:ok	:generate	"92-n2"
2026-03-11 16:50:14,358{GMT}	INFO	[jepsen worker 0] jepsen.util: 0	:ok	:generate	"101-n0"
2026-03-11 16:50:14,358{GMT}	INFO	[jepsen worker 1] jepsen.util: 1	:invoke	:generate	nil
2026-03-11 16:50:14,361{GMT}	INFO	[jepsen worker 2] jepsen.util: 2	:invoke	:generate	nil
2026-03-11 16:50:14,361{GMT}	INFO	[jepsen worker 1] jepsen.util: 1	:ok	:generate	"101-n1"
2026-03-11 16:50:14,362{GMT}	INFO	[jepsen worker 2] jepsen.util: 2	:ok	:generate	"93-n2"
2026-03-11 16:50:14,364{GMT}	INFO	[jepsen worker 1] jepsen.util: 1	:invoke	:generate	nil
2026-03-11 16:50:14,362{GMT}	INFO	[jepsen worker 0] jepsen.util: 0	:invoke	:generate	nil
2026-03-11 16:50:14,365{GMT}	INFO	[jepsen worker 2] jepsen.util: 2	:invoke	:generate	nil
2026-03-11 16:50:14,365{GMT}	INFO	[jepsen worker 0] jepsen.util: 0	:ok	:generate	"102-n0"
2026-03-11 16:50:14,366{GMT}	INFO	[jepsen worker 0] jepsen.util: 0	:invoke	:generate	nil
2026-03-11 16:50:14,366{GMT}	INFO	[jepsen worker 1] jepsen.util: 1	:ok	:generate	"102-n1"
2026-03-11 16:50:14,366{GMT}	INFO	[jepsen worker 2] jepsen.util: 2	:ok	:generate	"94-n2"
2026-03-11 16:50:14,367{GMT}	INFO	[jepsen worker 1] jepsen.util: 1	:invoke	:generate	nil
2026-03-11 16:50:14,367{GMT}	INFO	[jepsen worker 2] jepsen.util: 2	:invoke	:generate	nil
2026-03-11 16:50:14,367{GMT}	INFO	[jepsen worker 0] jepsen.util: 0	:ok	:generate	"103-n0"
2026-03-11 16:50:14,368{GMT}	INFO	[jepsen worker 1] jepsen.util: 1	:ok	:generate	"103-n1"
2026-03-11 16:50:14,369{GMT}	INFO	[jepsen worker 1] jepsen.util: 1	:invoke	:generate	nil
2026-03-11 16:50:14,370{GMT}	INFO	[jepsen worker 2] jepsen.util: 2	:ok	:generate	"95-n2"
2026-03-11 16:50:14,370{GMT}	INFO	[jepsen worker 2] jepsen.util: 2	:invoke	:generate	nil
2026-03-11 16:50:14,372{GMT}	INFO	[jepsen worker 1] jepsen.util: 1	:ok	:generate	"104-n1"
2026-03-11 16:50:14,373{GMT}	INFO	[jepsen worker 2] jepsen.util: 2	:ok	:generate	"96-n2"
2026-03-11 16:50:14,374{GMT}	INFO	[jepsen worker 0] jepsen.util: 0	:invoke	:generate	nil
2026-03-11 16:50:14,375{GMT}	INFO	[jepsen worker 1] jepsen.util: 1	:invoke	:generate	nil
2026-03-11 16:50:14,375{GMT}	INFO	[jepsen worker 2] jepsen.util: 2	:invoke	:generate	nil
2026-03-11 16:50:14,377{GMT}	INFO	[jepsen worker 0] jepsen.util: 0	:ok	:generate	"104-n0"
2026-03-11 16:50:14,377{GMT}	INFO	[jepsen worker 2] jepsen.util: 2	:ok	:generate	"97-n2"
2026-03-11 16:50:14,378{GMT}	INFO	[jepsen worker 2] jepsen.util: 2	:invoke	:generate	nil
2026-03-11 16:50:14,379{GMT}	INFO	[jepsen worker 1] jepsen.util: 1	:ok	:generate	"105-n1"
2026-03-11 16:50:14,379{GMT}	INFO	[jepsen worker 0] jepsen.util: 0	:invoke	:generate	nil
2026-03-11 16:50:14,380{GMT}	INFO	[jepsen worker 2] jepsen.util: 2	:ok	:generate	"98-n2"
2026-03-11 16:50:14,383{GMT}	INFO	[jepsen worker 1] jepsen.util: 1	:invoke	:generate	nil
2026-03-11 16:50:14,385{GMT}	INFO	[jepsen worker 0] jepsen.util: 0	:ok	:generate	"105-n0"
2026-03-11 16:50:14,385{GMT}	INFO	[jepsen worker 0] jepsen.util: 0	:invoke	:generate	nil
2026-03-11 16:50:14,386{GMT}	INFO	[jepsen worker 2] jepsen.util: 2	:invoke	:generate	nil
2026-03-11 16:50:14,390{GMT}	INFO	[jepsen worker 1] jepsen.util: 1	:ok	:generate	"106-n1"
2026-03-11 16:50:14,391{GMT}	INFO	[jepsen worker 2] jepsen.util: 2	:ok	:generate	"99-n2"
2026-03-11 16:50:14,391{GMT}	INFO	[jepsen worker 1] jepsen.util: 1	:invoke	:generate	nil
2026-03-11 16:50:14,392{GMT}	INFO	[jepsen worker 0] jepsen.util: 0	:ok	:generate	"106-n0"
2026-03-11 16:50:14,393{GMT}	INFO	[jepsen worker 0] jepsen.util: 0	:invoke	:generate	nil
2026-03-11 16:50:14,393{GMT}	INFO	[jepsen worker 1] jepsen.util: 1	:ok	:generate	"107-n1"
2026-03-11 16:50:14,394{GMT}	INFO	[jepsen worker 0] jepsen.util: 0	:ok	:generate	"107-n0"
2026-03-11 16:50:14,395{GMT}	INFO	[jepsen worker 1] jepsen.util: 1	:invoke	:generate	nil
2026-03-11 16:50:14,396{GMT}	INFO	[jepsen worker 2] jepsen.util: 2	:invoke	:generate	nil
2026-03-11 16:50:14,398{GMT}	INFO	[jepsen worker 1] jepsen.util: 1	:ok	:generate	"108-n1"
2026-03-11 16:50:14,398{GMT}	INFO	[jepsen worker 2] jepsen.util: 2	:ok	:generate	"100-n2"
2026-03-11 16:50:14,398{GMT}	INFO	[jepsen worker 0] jepsen.util: 0	:invoke	:generate	nil
2026-03-11 16:50:14,399{GMT}	INFO	[jepsen worker 1] jepsen.util: 1	:invoke	:generate	nil
2026-03-11 16:50:14,401{GMT}	INFO	[jepsen worker 0] jepsen.util: 0	:ok	:generate	"108-n0"
2026-03-11 16:50:14,401{GMT}	INFO	[jepsen worker 1] jepsen.util: 1	:ok	:generate	"109-n1"
2026-03-11 16:50:14,401{GMT}	INFO	[jepsen worker 1] jepsen.util: 1	:invoke	:generate	nil
2026-03-11 16:50:14,403{GMT}	INFO	[jepsen worker 1] jepsen.util: 1	:ok	:generate	"110-n1"
2026-03-11 16:50:14,405{GMT}	INFO	[jepsen worker 2] jepsen.util: 2	:invoke	:generate	nil
2026-03-11 16:50:14,407{GMT}	INFO	[jepsen worker 0] jepsen.util: 0	:invoke	:generate	nil
2026-03-11 16:50:14,408{GMT}	INFO	[jepsen worker 2] jepsen.util: 2	:ok	:generate	"101-n2"
2026-03-11 16:50:14,410{GMT}	INFO	[jepsen worker 1] jepsen.util: 1	:invoke	:generate	nil
2026-03-11 16:50:14,411{GMT}	INFO	[jepsen worker 0] jepsen.util: 0	:ok	:generate	"109-n0"
2026-03-11 16:50:14,412{GMT}	INFO	[jepsen worker 2] jepsen.util: 2	:invoke	:generate	nil
2026-03-11 16:50:14,412{GMT}	INFO	[jepsen worker 1] jepsen.util: 1	:ok	:generate	"111-n1"
2026-03-11 16:50:14,413{GMT}	INFO	[jepsen worker 0] jepsen.util: 0	:invoke	:generate	nil
2026-03-11 16:50:14,414{GMT}	INFO	[jepsen worker 2] jepsen.util: 2	:ok	:generate	"102-n2"
2026-03-11 16:50:14,416{GMT}	INFO	[jepsen worker 1] jepsen.util: 1	:invoke	:generate	nil
2026-03-11 16:50:14,417{GMT}	INFO	[jepsen worker 0] jepsen.util: 0	:ok	:generate	"110-n0"
2026-03-11 16:50:14,418{GMT}	INFO	[jepsen worker 1] jepsen.util: 1	:ok	:generate	"112-n1"
2026-03-11 16:50:14,419{GMT}	INFO	[jepsen worker 0] jepsen.util: 0	:invoke	:generate	nil
2026-03-11 16:50:14,420{GMT}	INFO	[jepsen worker 1] jepsen.util: 1	:invoke	:generate	nil
2026-03-11 16:50:14,421{GMT}	INFO	[jepsen worker 2] jepsen.util: 2	:invoke	:generate	nil
2026-03-11 16:50:14,421{GMT}	INFO	[jepsen worker 0] jepsen.util: 0	:ok	:generate	"111-n0"
2026-03-11 16:50:14,422{GMT}	INFO	[jepsen worker 0] jepsen.util: 0	:invoke	:generate	nil
2026-03-11 16:50:14,424{GMT}	INFO	[jepsen worker 1] jepsen.util: 1	:ok	:generate	"113-n1"
2026-03-11 16:50:14,425{GMT}	INFO	[jepsen worker 0] jepsen.util: 0	:ok	:generate	"112-n0"
2026-03-11 16:50:14,425{GMT}	INFO	[jepsen worker 1] jepsen.util: 1	:invoke	:generate	nil
2026-03-11 16:50:14,426{GMT}	INFO	[jepsen worker 0] jepsen.util: 0	:invoke	:generate	nil
2026-03-11 16:50:14,429{GMT}	INFO	[jepsen worker 2] jepsen.util: 2	:ok	:generate	"103-n2"
2026-03-11 16:50:14,429{GMT}	INFO	[jepsen worker 0] jepsen.util: 0	:ok	:generate	"113-n0"
2026-03-11 16:50:14,429{GMT}	INFO	[jepsen worker 2] jepsen.util: 2	:invoke	:generate	nil
2026-03-11 16:50:14,429{GMT}	INFO	[jepsen worker 1] jepsen.util: 1	:ok	:generate	"114-n1"
2026-03-11 16:50:14,430{GMT}	INFO	[jepsen worker 0] jepsen.util: 0	:invoke	:generate	nil
2026-03-11 16:50:14,432{GMT}	INFO	[jepsen worker 2] jepsen.util: 2	:ok	:generate	"104-n2"
2026-03-11 16:50:14,432{GMT}	INFO	[jepsen worker 0] jepsen.util: 0	:ok	:generate	"114-n0"
2026-03-11 16:50:14,432{GMT}	INFO	[jepsen worker 0] jepsen.util: 0	:invoke	:generate	nil
2026-03-11 16:50:14,435{GMT}	INFO	[jepsen worker 1] jepsen.util: 1	:invoke	:generate	nil
2026-03-11 16:50:14,437{GMT}	INFO	[jepsen worker 0] jepsen.util: 0	:ok	:generate	"115-n0"
2026-03-11 16:50:14,438{GMT}	INFO	[jepsen worker 0] jepsen.util: 0	:invoke	:generate	nil
2026-03-11 16:50:14,438{GMT}	INFO	[jepsen worker 2] jepsen.util: 2	:invoke	:generate	nil
2026-03-11 16:50:14,440{GMT}	INFO	[jepsen worker 1] jepsen.util: 1	:ok	:generate	"115-n1"
2026-03-11 16:50:14,440{GMT}	INFO	[jepsen worker 0] jepsen.util: 0	:ok	:generate	"116-n0"
2026-03-11 16:50:14,457{GMT}	INFO	[jepsen worker 1] jepsen.util: 1	:invoke	:generate	nil
2026-03-11 16:50:14,457{GMT}	INFO	[jepsen worker 0] jepsen.util: 0	:invoke	:generate	nil
2026-03-11 16:50:14,459{GMT}	INFO	[jepsen worker 1] jepsen.util: 1	:ok	:generate	"116-n1"
2026-03-11 16:50:14,459{GMT}	INFO	[jepsen worker 0] jepsen.util: 0	:ok	:generate	"117-n0"
2026-03-11 16:50:14,459{GMT}	INFO	[jepsen worker 2] jepsen.util: 2	:ok	:generate	"105-n2"
2026-03-11 16:50:14,459{GMT}	INFO	[jepsen worker 2] jepsen.util: 2	:invoke	:generate	nil
2026-03-11 16:50:14,460{GMT}	INFO	[jepsen worker 0] jepsen.util: 0	:invoke	:generate	nil
2026-03-11 16:50:14,461{GMT}	INFO	[jepsen worker 1] jepsen.util: 1	:invoke	:generate	nil
2026-03-11 16:50:14,462{GMT}	INFO	[jepsen worker 0] jepsen.util: 0	:ok	:generate	"118-n0"
2026-03-11 16:50:14,462{GMT}	INFO	[jepsen worker 2] jepsen.util: 2	:ok	:generate	"106-n2"
2026-03-11 16:50:14,463{GMT}	INFO	[jepsen worker 1] jepsen.util: 1	:ok	:generate	"117-n1"
2026-03-11 16:50:14,463{GMT}	INFO	[jepsen worker 2] jepsen.util: 2	:invoke	:generate	nil
2026-03-11 16:50:14,468{GMT}	INFO	[jepsen worker 0] jepsen.util: 0	:invoke	:generate	nil
2026-03-11 16:50:14,468{GMT}	INFO	[jepsen worker 2] jepsen.util: 2	:ok	:generate	"107-n2"
2026-03-11 16:50:14,469{GMT}	INFO	[jepsen worker 1] jepsen.util: 1	:invoke	:generate	nil
2026-03-11 16:50:14,470{GMT}	INFO	[jepsen worker 0] jepsen.util: 0	:ok	:generate	"119-n0"
2026-03-11 16:50:14,471{GMT}	INFO	[jepsen worker 0] jepsen.util: 0	:invoke	:generate	nil
2026-03-11 16:50:14,472{GMT}	INFO	[jepsen worker 1] jepsen.util: 1	:ok	:generate	"118-n1"
2026-03-11 16:50:14,472{GMT}	INFO	[jepsen worker 1] jepsen.util: 1	:invoke	:generate	nil
2026-03-11 16:50:14,473{GMT}	INFO	[jepsen worker 0] jepsen.util: 0	:ok	:generate	"120-n0"
2026-03-11 16:50:14,474{GMT}	INFO	[jepsen worker 2] jepsen.util: 2	:invoke	:generate	nil
2026-03-11 16:50:14,474{GMT}	INFO	[jepsen worker 1] jepsen.util: 1	:ok	:generate	"119-n1"
2026-03-11 16:50:14,475{GMT}	INFO	[jepsen worker 0] jepsen.util: 0	:invoke	:generate	nil
2026-03-11 16:50:14,476{GMT}	INFO	[jepsen worker 2] jepsen.util: 2	:ok	:generate	"108-n2"
2026-03-11 16:50:14,476{GMT}	INFO	[jepsen worker 1] jepsen.util: 1	:invoke	:generate	nil
2026-03-11 16:50:14,477{GMT}	INFO	[jepsen worker 0] jepsen.util: 0	:ok	:generate	"121-n0"
2026-03-11 16:50:14,478{GMT}	INFO	[jepsen worker 1] jepsen.util: 1	:ok	:generate	"120-n1"
2026-03-11 16:50:14,478{GMT}	INFO	[jepsen worker 2] jepsen.util: 2	:invoke	:generate	nil
2026-03-11 16:50:14,480{GMT}	INFO	[jepsen worker 0] jepsen.util: 0	:invoke	:generate	nil
2026-03-11 16:50:14,480{GMT}	INFO	[jepsen worker 2] jepsen.util: 2	:ok	:generate	"109-n2"
2026-03-11 16:50:14,481{GMT}	INFO	[jepsen worker 1] jepsen.util: 1	:invoke	:generate	nil
2026-03-11 16:50:14,482{GMT}	INFO	[jepsen worker 0] jepsen.util: 0	:ok	:generate	"122-n0"
2026-03-11 16:50:14,483{GMT}	INFO	[jepsen worker 0] jepsen.util: 0	:invoke	:generate	nil
2026-03-11 16:50:14,483{GMT}	INFO	[jepsen worker 2] jepsen.util: 2	:invoke	:generate	nil
2026-03-11 16:50:14,483{GMT}	INFO	[jepsen worker 1] jepsen.util: 1	:ok	:generate	"121-n1"
2026-03-11 16:50:14,484{GMT}	INFO	[jepsen worker 0] jepsen.util: 0	:ok	:generate	"123-n0"
2026-03-11 16:50:14,485{GMT}	INFO	[jepsen worker 0] jepsen.util: 0	:invoke	:generate	nil
2026-03-11 16:50:14,485{GMT}	INFO	[jepsen worker 1] jepsen.util: 1	:invoke	:generate	nil
2026-03-11 16:50:14,485{GMT}	INFO	[jepsen worker 2] jepsen.util: 2	:ok	:generate	"110-n2"
2026-03-11 16:50:14,487{GMT}	INFO	[jepsen worker 0] jepsen.util: 0	:ok	:generate	"124-n0"
2026-03-11 16:50:14,487{GMT}	INFO	[jepsen worker 2] jepsen.util: 2	:invoke	:generate	nil
2026-03-11 16:50:14,487{GMT}	INFO	[jepsen worker 1] jepsen.util: 1	:ok	:generate	"122-n1"
2026-03-11 16:50:14,488{GMT}	INFO	[jepsen worker 1] jepsen.util: 1	:invoke	:generate	nil
2026-03-11 16:50:14,489{GMT}	INFO	[jepsen worker 2] jepsen.util: 2	:ok	:generate	"111-n2"
2026-03-11 16:50:14,490{GMT}	INFO	[jepsen worker 0] jepsen.util: 0	:invoke	:generate	nil
2026-03-11 16:50:14,508{GMT}	INFO	[jepsen worker 2] jepsen.util: 2	:invoke	:generate	nil
2026-03-11 16:50:14,490{GMT}	INFO	[jepsen worker 1] jepsen.util: 1	:ok	:generate	"123-n1"
2026-03-11 16:50:14,509{GMT}	INFO	[jepsen worker 1] jepsen.util: 1	:invoke	:generate	nil
2026-03-11 16:50:14,510{GMT}	INFO	[jepsen worker 2] jepsen.util: 2	:ok	:generate	"112-n2"
2026-03-11 16:50:14,510{GMT}	INFO	[jepsen worker 0] jepsen.util: 0	:ok	:generate	"125-n0"
2026-03-11 16:50:14,510{GMT}	INFO	[jepsen worker 1] jepsen.util: 1	:ok	:generate	"124-n1"
2026-03-11 16:50:14,512{GMT}	INFO	[jepsen worker 0] jepsen.util: 0	:invoke	:generate	nil
2026-03-11 16:50:14,512{GMT}	INFO	[jepsen worker 2] jepsen.util: 2	:invoke	:generate	nil
2026-03-11 16:50:14,512{GMT}	INFO	[jepsen worker 1] jepsen.util: 1	:invoke	:generate	nil
2026-03-11 16:50:14,514{GMT}	INFO	[jepsen worker 1] jepsen.util: 1	:ok	:generate	"125-n1"
2026-03-11 16:50:14,515{GMT}	INFO	[jepsen worker 0] jepsen.util: 0	:ok	:generate	"126-n0"
2026-03-11 16:50:14,515{GMT}	INFO	[jepsen worker 0] jepsen.util: 0	:invoke	:generate	nil
2026-03-11 16:50:14,515{GMT}	INFO	[jepsen worker 2] jepsen.util: 2	:ok	:generate	"113-n2"
2026-03-11 16:50:14,516{GMT}	INFO	[jepsen worker 1] jepsen.util: 1	:invoke	:generate	nil
2026-03-11 16:50:14,516{GMT}	INFO	[jepsen worker 2] jepsen.util: 2	:invoke	:generate	nil
2026-03-11 16:50:14,517{GMT}	INFO	[jepsen worker 0] jepsen.util: 0	:ok	:generate	"127-n0"
2026-03-11 16:50:14,518{GMT}	INFO	[jepsen worker 2] jepsen.util: 2	:ok	:generate	"114-n2"
2026-03-11 16:50:14,519{GMT}	INFO	[jepsen worker 0] jepsen.util: 0	:invoke	:generate	nil
2026-03-11 16:50:14,519{GMT}	INFO	[jepsen worker 2] jepsen.util: 2	:invoke	:generate	nil
2026-03-11 16:50:14,521{GMT}	INFO	[jepsen worker 1] jepsen.util: 1	:ok	:generate	"126-n1"
2026-03-11 16:50:14,521{GMT}	INFO	[jepsen worker 0] jepsen.util: 0	:ok	:generate	"128-n0"
2026-03-11 16:50:14,521{GMT}	INFO	[jepsen worker 1] jepsen.util: 1	:invoke	:generate	nil
2026-03-11 16:50:14,523{GMT}	INFO	[jepsen worker 0] jepsen.util: 0	:invoke	:generate	nil
2026-03-11 16:50:14,523{GMT}	INFO	[jepsen worker 1] jepsen.util: 1	:ok	:generate	"127-n1"
2026-03-11 16:50:14,524{GMT}	INFO	[jepsen worker 2] jepsen.util: 2	:ok	:generate	"115-n2"
2026-03-11 16:50:14,525{GMT}	INFO	[jepsen worker 1] jepsen.util: 1	:invoke	:generate	nil
2026-03-11 16:50:14,525{GMT}	INFO	[jepsen worker 2] jepsen.util: 2	:invoke	:generate	nil
2026-03-11 16:50:14,527{GMT}	INFO	[jepsen worker 0] jepsen.util: 0	:ok	:generate	"129-n0"
2026-03-11 16:50:14,527{GMT}	INFO	[jepsen worker 1] jepsen.util: 1	:ok	:generate	"128-n1"
2026-03-11 16:50:14,530{GMT}	INFO	[jepsen worker 0] jepsen.util: 0	:invoke	:generate	nil
2026-03-11 16:50:14,531{GMT}	INFO	[jepsen worker 2] jepsen.util: 2	:ok	:generate	"116-n2"
2026-03-11 16:50:14,531{GMT}	INFO	[jepsen worker 1] jepsen.util: 1	:invoke	:generate	nil
2026-03-11 16:50:14,532{GMT}	INFO	[jepsen worker 0] jepsen.util: 0	:ok	:generate	"130-n0"
2026-03-11 16:50:14,532{GMT}	INFO	[jepsen worker 0] jepsen.util: 0	:invoke	:generate	nil
2026-03-11 16:50:14,533{GMT}	INFO	[jepsen worker 2] jepsen.util: 2	:invoke	:generate	nil
2026-03-11 16:50:14,533{GMT}	INFO	[jepsen worker 1] jepsen.util: 1	:ok	:generate	"129-n1"
2026-03-11 16:50:14,535{GMT}	INFO	[jepsen worker 1] jepsen.util: 1	:invoke	:generate	nil
2026-03-11 16:50:14,536{GMT}	INFO	[jepsen worker 2] jepsen.util: 2	:ok	:generate	"117-n2"
2026-03-11 16:50:14,538{GMT}	INFO	[jepsen worker 2] jepsen.util: 2	:invoke	:generate	nil
2026-03-11 16:50:14,538{GMT}	INFO	[jepsen worker 1] jepsen.util: 1	:ok	:generate	"130-n1"
2026-03-11 16:50:14,540{GMT}	INFO	[jepsen worker 1] jepsen.util: 1	:invoke	:generate	nil
2026-03-11 16:50:14,540{GMT}	INFO	[jepsen worker 0] jepsen.util: 0	:ok	:generate	"131-n0"
2026-03-11 16:50:14,541{GMT}	INFO	[jepsen worker 2] jepsen.util: 2	:ok	:generate	"118-n2"
2026-03-11 16:50:14,542{GMT}	INFO	[jepsen worker 1] jepsen.util: 1	:ok	:generate	"131-n1"
2026-03-11 16:50:14,543{GMT}	INFO	[jepsen worker 0] jepsen.util: 0	:invoke	:generate	nil
2026-03-11 16:50:14,545{GMT}	INFO	[jepsen worker 1] jepsen.util: 1	:invoke	:generate	nil
2026-03-11 16:50:14,547{GMT}	INFO	[jepsen worker 0] jepsen.util: 0	:ok	:generate	"132-n0"
2026-03-11 16:50:14,547{GMT}	INFO	[jepsen worker 1] jepsen.util: 1	:ok	:generate	"132-n1"
2026-03-11 16:50:14,548{GMT}	INFO	[jepsen worker 2] jepsen.util: 2	:invoke	:generate	nil
2026-03-11 16:50:14,548{GMT}	INFO	[jepsen worker 0] jepsen.util: 0	:invoke	:generate	nil
2026-03-11 16:50:14,549{GMT}	INFO	[jepsen worker 1] jepsen.util: 1	:invoke	:generate	nil
2026-03-11 16:50:14,555{GMT}	INFO	[jepsen worker 2] jepsen.util: 2	:ok	:generate	"119-n2"
2026-03-11 16:50:14,651{GMT}	INFO	[jepsen worker 2] jepsen.util: 2	:invoke	:generate	nil
2026-03-11 16:50:14,651{GMT}	INFO	[jepsen worker 0] jepsen.util: 0	:ok	:generate	"133-n0"
2026-03-11 16:50:14,653{GMT}	INFO	[jepsen worker 1] jepsen.util: 1	:ok	:generate	"133-n1"
2026-03-11 16:50:14,654{GMT}	INFO	[jepsen worker 0] jepsen.util: 0	:invoke	:generate	nil
2026-03-11 16:50:14,655{GMT}	INFO	[jepsen worker 0] jepsen.util: 0	:ok	:generate	"134-n0"
2026-03-11 16:50:14,658{GMT}	INFO	[jepsen worker 2] jepsen.util: 2	:ok	:generate	"120-n2"
2026-03-11 16:50:14,660{GMT}	INFO	[jepsen worker 0] jepsen.util: 0	:invoke	:generate	nil
2026-03-11 16:50:14,663{GMT}	INFO	[jepsen worker 1] jepsen.util: 1	:invoke	:generate	nil
2026-03-11 16:50:14,663{GMT}	INFO	[jepsen worker 0] jepsen.util: 0	:ok	:generate	"135-n0"
2026-03-11 16:50:14,664{GMT}	INFO	[jepsen worker 2] jepsen.util: 2	:invoke	:generate	nil
2026-03-11 16:50:14,665{GMT}	INFO	[jepsen worker 0] jepsen.util: 0	:invoke	:generate	nil
2026-03-11 16:50:14,666{GMT}	INFO	[jepsen worker 1] jepsen.util: 1	:ok	:generate	"134-n1"
2026-03-11 16:50:14,666{GMT}	INFO	[jepsen worker 2] jepsen.util: 2	:ok	:generate	"121-n2"
2026-03-11 16:50:14,667{GMT}	INFO	[jepsen worker 1] jepsen.util: 1	:invoke	:generate	nil
2026-03-11 16:50:14,668{GMT}	INFO	[jepsen worker 0] jepsen.util: 0	:ok	:generate	"136-n0"
2026-03-11 16:50:14,670{GMT}	INFO	[jepsen worker 0] jepsen.util: 0	:invoke	:generate	nil
2026-03-11 16:50:14,672{GMT}	INFO	[jepsen worker 0] jepsen.util: 0	:ok	:generate	"137-n0"
2026-03-11 16:50:14,672{GMT}	INFO	[jepsen worker 2] jepsen.util: 2	:invoke	:generate	nil
2026-03-11 16:50:14,673{GMT}	INFO	[jepsen worker 1] jepsen.util: 1	:ok	:generate	"135-n1"
2026-03-11 16:50:14,674{GMT}	INFO	[jepsen worker 2] jepsen.util: 2	:ok	:generate	"122-n2"
2026-03-11 16:50:14,675{GMT}	INFO	[jepsen worker 0] jepsen.util: 0	:invoke	:generate	nil
2026-03-11 16:50:14,676{GMT}	INFO	[jepsen worker 1] jepsen.util: 1	:invoke	:generate	nil
2026-03-11 16:50:14,678{GMT}	INFO	[jepsen worker 0] jepsen.util: 0	:ok	:generate	"138-n0"
2026-03-11 16:50:14,679{GMT}	INFO	[jepsen worker 0] jepsen.util: 0	:invoke	:generate	nil
2026-03-11 16:50:14,679{GMT}	INFO	[jepsen worker 2] jepsen.util: 2	:invoke	:generate	nil
2026-03-11 16:50:14,680{GMT}	INFO	[jepsen worker 1] jepsen.util: 1	:ok	:generate	"136-n1"
2026-03-11 16:50:14,681{GMT}	INFO	[jepsen worker 2] jepsen.util: 2	:ok	:generate	"123-n2"
2026-03-11 16:50:14,682{GMT}	INFO	[jepsen worker 0] jepsen.util: 0	:ok	:generate	"139-n0"
2026-03-11 16:50:14,682{GMT}	INFO	[jepsen worker 1] jepsen.util: 1	:invoke	:generate	nil
2026-03-11 16:50:14,683{GMT}	INFO	[jepsen worker 0] jepsen.util: 0	:invoke	:generate	nil
2026-03-11 16:50:14,684{GMT}	INFO	[jepsen worker 1] jepsen.util: 1	:ok	:generate	"137-n1"
2026-03-11 16:50:14,684{GMT}	INFO	[jepsen worker 2] jepsen.util: 2	:invoke	:generate	nil
2026-03-11 16:50:14,686{GMT}	INFO	[jepsen worker 2] jepsen.util: 2	:ok	:generate	"124-n2"
2026-03-11 16:50:14,687{GMT}	INFO	[jepsen worker 1] jepsen.util: 1	:invoke	:generate	nil
2026-03-11 16:50:14,687{GMT}	INFO	[jepsen worker 0] jepsen.util: 0	:ok	:generate	"140-n0"
2026-03-11 16:50:14,688{GMT}	INFO	[jepsen worker 0] jepsen.util: 0	:invoke	:generate	nil
2026-03-11 16:50:14,690{GMT}	INFO	[jepsen worker 0] jepsen.util: 0	:ok	:generate	"141-n0"
2026-03-11 16:50:14,690{GMT}	INFO	[jepsen worker 2] jepsen.util: 2	:invoke	:generate	nil
2026-03-11 16:50:14,690{GMT}	INFO	[jepsen worker 1] jepsen.util: 1	:ok	:generate	"138-n1"
2026-03-11 16:50:14,690{GMT}	INFO	[jepsen worker 1] jepsen.util: 1	:invoke	:generate	nil
2026-03-11 16:50:14,690{GMT}	INFO	[jepsen worker 0] jepsen.util: 0	:invoke	:generate	nil
2026-03-11 16:50:14,692{GMT}	INFO	[jepsen worker 2] jepsen.util: 2	:ok	:generate	"125-n2"
2026-03-11 16:50:14,692{GMT}	INFO	[jepsen worker 2] jepsen.util: 2	:invoke	:generate	nil
2026-03-11 16:50:14,695{GMT}	INFO	[jepsen worker 1] jepsen.util: 1	:ok	:generate	"139-n1"
2026-03-11 16:50:14,694{GMT}	INFO	[jepsen worker 0] jepsen.util: 0	:ok	:generate	"142-n0"
2026-03-11 16:50:14,890{GMT}	INFO	[jepsen worker 0] jepsen.util: 0	:invoke	:generate	nil
2026-03-11 16:50:14,890{GMT}	INFO	[jepsen worker 1] jepsen.util: 1	:invoke	:generate	nil
2026-03-11 16:50:14,697{GMT}	INFO	[jepsen worker 2] jepsen.util: 2	:ok	:generate	"126-n2"
2026-03-11 16:50:14,891{GMT}	INFO	[jepsen worker 2] jepsen.util: 2	:invoke	:generate	nil
2026-03-11 16:50:14,893{GMT}	INFO	[jepsen worker 0] jepsen.util: 0	:ok	:generate	"143-n0"
2026-03-11 16:50:14,896{GMT}	INFO	[jepsen worker 0] jepsen.util: 0	:invoke	:generate	nil
2026-03-11 16:50:14,899{GMT}	INFO	[jepsen worker 1] jepsen.util: 1	:ok	:generate	"140-n1"
2026-03-11 16:50:14,899{GMT}	INFO	[jepsen worker 2] jepsen.util: 2	:ok	:generate	"127-n2"
2026-03-11 16:50:14,899{GMT}	INFO	[jepsen worker 0] jepsen.util: 0	:ok	:generate	"144-n0"
2026-03-11 16:50:14,899{GMT}	INFO	[jepsen worker 0] jepsen.util: 0	:invoke	:generate	nil
2026-03-11 16:50:14,900{GMT}	INFO	[jepsen worker 2] jepsen.util: 2	:invoke	:generate	nil
2026-03-11 16:50:14,900{GMT}	INFO	[jepsen worker 1] jepsen.util: 1	:invoke	:generate	nil
2026-03-11 16:50:14,901{GMT}	INFO	[jepsen worker 0] jepsen.util: 0	:ok	:generate	"145-n0"
2026-03-11 16:50:14,902{GMT}	INFO	[jepsen worker 1] jepsen.util: 1	:ok	:generate	"141-n1"
2026-03-11 16:50:14,903{GMT}	INFO	[jepsen worker 2] jepsen.util: 2	:ok	:generate	"128-n2"
2026-03-11 16:50:14,903{GMT}	INFO	[jepsen worker 0] jepsen.util: 0	:invoke	:generate	nil
2026-03-11 16:50:14,903{GMT}	INFO	[jepsen worker 1] jepsen.util: 1	:invoke	:generate	nil
2026-03-11 16:50:14,905{GMT}	INFO	[jepsen worker 0] jepsen.util: 0	:ok	:generate	"146-n0"
2026-03-11 16:50:14,905{GMT}	INFO	[jepsen worker 1] jepsen.util: 1	:ok	:generate	"142-n1"
2026-03-11 16:50:14,905{GMT}	INFO	[jepsen worker 0] jepsen.util: 0	:invoke	:generate	nil
2026-03-11 16:50:14,906{GMT}	INFO	[jepsen worker 0] jepsen.util: 0	:ok	:generate	"147-n0"
2026-03-11 16:50:14,908{GMT}	INFO	[jepsen worker 1] jepsen.util: 1	:invoke	:generate	nil
2026-03-11 16:50:14,909{GMT}	INFO	[jepsen worker 2] jepsen.util: 2	:invoke	:generate	nil
2026-03-11 16:50:14,909{GMT}	INFO	[jepsen worker 0] jepsen.util: 0	:invoke	:generate	nil
2026-03-11 16:50:14,910{GMT}	INFO	[jepsen worker 1] jepsen.util: 1	:ok	:generate	"143-n1"
2026-03-11 16:50:14,911{GMT}	INFO	[jepsen worker 1] jepsen.util: 1	:invoke	:generate	nil
2026-03-11 16:50:14,913{GMT}	INFO	[jepsen worker 2] jepsen.util: 2	:ok	:generate	"129-n2"
2026-03-11 16:50:14,913{GMT}	INFO	[jepsen worker 0] jepsen.util: 0	:ok	:generate	"148-n0"
2026-03-11 16:50:14,913{GMT}	INFO	[jepsen worker 2] jepsen.util: 2	:invoke	:generate	nil
2026-03-11 16:50:14,914{GMT}	INFO	[jepsen worker 0] jepsen.util: 0	:invoke	:generate	nil
2026-03-11 16:50:14,915{GMT}	INFO	[jepsen worker 1] jepsen.util: 1	:ok	:generate	"144-n1"
2026-03-11 16:50:14,915{GMT}	INFO	[jepsen worker 2] jepsen.util: 2	:ok	:generate	"130-n2"
2026-03-11 16:50:14,916{GMT}	INFO	[jepsen worker 1] jepsen.util: 1	:invoke	:generate	nil
2026-03-11 16:50:14,916{GMT}	INFO	[jepsen worker 2] jepsen.util: 2	:invoke	:generate	nil
2026-03-11 16:50:14,917{GMT}	INFO	[jepsen worker 2] jepsen.util: 2	:ok	:generate	"131-n2"
2026-03-11 16:50:14,918{GMT}	INFO	[jepsen worker 2] jepsen.util: 2	:invoke	:generate	nil
2026-03-11 16:50:14,918{GMT}	INFO	[jepsen worker 0] jepsen.util: 0	:ok	:generate	"149-n0"
2026-03-11 16:50:14,919{GMT}	INFO	[jepsen worker 0] jepsen.util: 0	:invoke	:generate	nil
2026-03-11 16:50:14,920{GMT}	INFO	[jepsen worker 2] jepsen.util: 2	:ok	:generate	"132-n2"
2026-03-11 16:50:14,920{GMT}	INFO	[jepsen worker 2] jepsen.util: 2	:invoke	:generate	nil
2026-03-11 16:50:14,920{GMT}	INFO	[jepsen worker 1] jepsen.util: 1	:ok	:generate	"145-n1"
2026-03-11 16:50:14,920{GMT}	INFO	[jepsen worker 1] jepsen.util: 1	:invoke	:generate	nil
2026-03-11 16:50:14,921{GMT}	INFO	[jepsen worker 0] jepsen.util: 0	:ok	:generate	"150-n0"
2026-03-11 16:50:14,921{GMT}	INFO	[jepsen worker 2] jepsen.util: 2	:ok	:generate	"133-n2"
2026-03-11 16:50:14,922{GMT}	INFO	[jepsen worker 1] jepsen.util: 1	:ok	:generate	"146-n1"
2026-03-11 16:50:14,923{GMT}	INFO	[jepsen worker 1] jepsen.util: 1	:invoke	:generate	nil
2026-03-11 16:50:14,924{GMT}	INFO	[jepsen worker 2] jepsen.util: 2	:invoke	:generate	nil
2026-03-11 16:50:14,924{GMT}	INFO	[jepsen worker 1] jepsen.util: 1	:ok	:generate	"147-n1"
2026-03-11 16:50:14,925{GMT}	INFO	[jepsen worker 0] jepsen.util: 0	:invoke	:generate	nil
2026-03-11 16:50:14,926{GMT}	INFO	[jepsen worker 1] jepsen.util: 1	:invoke	:generate	nil
2026-03-11 16:50:14,927{GMT}	INFO	[jepsen worker 1] jepsen.util: 1	:ok	:generate	"148-n1"
2026-03-11 16:50:14,927{GMT}	INFO	[jepsen worker 0] jepsen.util: 0	:ok	:generate	"151-n0"
2026-03-11 16:50:14,927{GMT}	INFO	[jepsen worker 1] jepsen.util: 1	:invoke	:generate	nil
2026-03-11 16:50:14,927{GMT}	INFO	[jepsen worker 2] jepsen.util: 2	:ok	:generate	"134-n2"
2026-03-11 16:50:14,928{GMT}	INFO	[jepsen worker 2] jepsen.util: 2	:invoke	:generate	nil
2026-03-11 16:50:14,929{GMT}	INFO	[jepsen worker 2] jepsen.util: 2	:ok	:generate	"135-n2"
2026-03-11 16:50:14,929{GMT}	INFO	[jepsen worker 0] jepsen.util: 0	:invoke	:generate	nil
2026-03-11 16:50:14,929{GMT}	INFO	[jepsen worker 1] jepsen.util: 1	:ok	:generate	"149-n1"
2026-03-11 16:50:14,931{GMT}	INFO	[jepsen worker 0] jepsen.util: 0	:ok	:generate	"152-n0"
2026-03-11 16:50:14,933{GMT}	INFO	[jepsen worker 0] jepsen.util: 0	:invoke	:generate	nil
2026-03-11 16:50:14,934{GMT}	INFO	[jepsen worker 1] jepsen.util: 1	:invoke	:generate	nil
2026-03-11 16:50:14,935{GMT}	INFO	[jepsen worker 2] jepsen.util: 2	:invoke	:generate	nil
2026-03-11 16:50:14,935{GMT}	INFO	[jepsen worker 1] jepsen.util: 1	:ok	:generate	"150-n1"
2026-03-11 16:50:14,936{GMT}	INFO	[jepsen worker 0] jepsen.util: 0	:ok	:generate	"153-n0"
2026-03-11 16:50:14,937{GMT}	INFO	[jepsen worker 1] jepsen.util: 1	:invoke	:generate	nil
2026-03-11 16:50:14,938{GMT}	INFO	[jepsen worker 2] jepsen.util: 2	:ok	:generate	"136-n2"
2026-03-11 16:50:14,937{GMT}	INFO	[jepsen worker 0] jepsen.util: 0	:invoke	:generate	nil
2026-03-11 16:50:14,939{GMT}	INFO	[jepsen worker 2] jepsen.util: 2	:invoke	:generate	nil
2026-03-11 16:50:14,939{GMT}	INFO	[jepsen worker 1] jepsen.util: 1	:ok	:generate	"151-n1"
2026-03-11 16:50:14,939{GMT}	INFO	[jepsen worker 0] jepsen.util: 0	:ok	:generate	"154-n0"
2026-03-11 16:50:14,940{GMT}	INFO	[jepsen worker 0] jepsen.util: 0	:invoke	:generate	nil
2026-03-11 16:50:14,943{GMT}	INFO	[jepsen worker 1] jepsen.util: 1	:invoke	:generate	nil
2026-03-11 16:50:14,944{GMT}	INFO	[jepsen worker 2] jepsen.util: 2	:ok	:generate	"137-n2"
2026-03-11 16:50:14,948{GMT}	INFO	[jepsen worker 2] jepsen.util: 2	:invoke	:generate	nil
2026-03-11 16:50:14,945{GMT}	INFO	[jepsen worker 0] jepsen.util: 0	:ok	:generate	"155-n0"
2026-03-11 16:50:14,945{GMT}	INFO	[jepsen worker 1] jepsen.util: 1	:ok	:generate	"152-n1"
2026-03-11 16:50:14,948{GMT}	INFO	[jepsen worker 0] jepsen.util: 0	:invoke	:generate	nil
2026-03-11 16:50:14,948{GMT}	INFO	[jepsen worker 1] jepsen.util: 1	:invoke	:generate	nil
2026-03-11 16:50:14,950{GMT}	INFO	[jepsen worker 2] jepsen.util: 2	:ok	:generate	"138-n2"
2026-03-11 16:50:14,951{GMT}	INFO	[jepsen worker 2] jepsen.util: 2	:invoke	:generate	nil
2026-03-11 16:50:14,950{GMT}	INFO	[jepsen worker 1] jepsen.util: 1	:ok	:generate	"153-n1"
2026-03-11 16:50:14,952{GMT}	INFO	[jepsen worker 0] jepsen.util: 0	:ok	:generate	"156-n0"
2026-03-11 16:50:14,952{GMT}	INFO	[jepsen worker 1] jepsen.util: 1	:invoke	:generate	nil
2026-03-11 16:50:14,953{GMT}	INFO	[jepsen worker 0] jepsen.util: 0	:invoke	:generate	nil
2026-03-11 16:50:14,954{GMT}	INFO	[jepsen worker 2] jepsen.util: 2	:ok	:generate	"139-n2"
2026-03-11 16:50:14,956{GMT}	INFO	[jepsen worker 2] jepsen.util: 2	:invoke	:generate	nil
2026-03-11 16:50:14,958{GMT}	INFO	[jepsen worker 1] jepsen.util: 1	:ok	:generate	"154-n1"
2026-03-11 16:50:14,958{GMT}	INFO	[jepsen worker 0] jepsen.util: 0	:ok	:generate	"157-n0"
2026-03-11 16:50:14,959{GMT}	INFO	[jepsen worker 0] jepsen.util: 0	:invoke	:generate	nil
2026-03-11 16:50:14,960{GMT}	INFO	[jepsen worker 2] jepsen.util: 2	:ok	:generate	"140-n2"
2026-03-11 16:50:14,961{GMT}	INFO	[jepsen worker 1] jepsen.util: 1	:invoke	:generate	nil
2026-03-11 16:50:14,962{GMT}	INFO	[jepsen worker 0] jepsen.util: 0	:ok	:generate	"158-n0"
2026-03-11 16:50:14,962{GMT}	INFO	[jepsen worker 1] jepsen.util: 1	:ok	:generate	"155-n1"
2026-03-11 16:50:14,963{GMT}	INFO	[jepsen worker 1] jepsen.util: 1	:invoke	:generate	nil
2026-03-11 16:50:14,964{GMT}	INFO	[jepsen worker 1] jepsen.util: 1	:ok	:generate	"156-n1"
2026-03-11 16:50:14,965{GMT}	INFO	[jepsen worker 2] jepsen.util: 2	:invoke	:generate	nil
2026-03-11 16:50:14,965{GMT}	INFO	[jepsen worker 0] jepsen.util: 0	:invoke	:generate	nil
2026-03-11 16:50:14,995{GMT}	INFO	[jepsen worker 1] jepsen.util: 1	:invoke	:generate	nil
2026-03-11 16:50:14,996{GMT}	INFO	[jepsen worker 2] jepsen.util: 2	:ok	:generate	"141-n2"
2026-03-11 16:50:14,997{GMT}	INFO	[jepsen worker 2] jepsen.util: 2	:invoke	:generate	nil
2026-03-11 16:50:14,998{GMT}	INFO	[jepsen worker 1] jepsen.util: 1	:ok	:generate	"157-n1"
2026-03-11 16:50:14,999{GMT}	INFO	[jepsen worker 0] jepsen.util: 0	:ok	:generate	"159-n0"
2026-03-11 16:50:14,999{GMT}	INFO	[jepsen worker 2] jepsen.util: 2	:ok	:generate	"142-n2"
2026-03-11 16:50:14,999{GMT}	INFO	[jepsen worker 0] jepsen.util: 0	:invoke	:generate	nil
2026-03-11 16:50:15,000{GMT}	INFO	[jepsen worker 1] jepsen.util: 1	:invoke	:generate	nil
2026-03-11 16:50:15,000{GMT}	INFO	[jepsen worker 0] jepsen.util: 0	:ok	:generate	"160-n0"
2026-03-11 16:50:15,001{GMT}	INFO	[jepsen worker 0] jepsen.util: 0	:invoke	:generate	nil
2026-03-11 16:50:15,001{GMT}	INFO	[jepsen worker 1] jepsen.util: 1	:ok	:generate	"158-n1"
2026-03-11 16:50:15,003{GMT}	INFO	[jepsen worker 1] jepsen.util: 1	:invoke	:generate	nil
2026-03-11 16:50:15,003{GMT}	INFO	[jepsen worker 0] jepsen.util: 0	:ok	:generate	"161-n0"
2026-03-11 16:50:15,003{GMT}	INFO	[jepsen worker 2] jepsen.util: 2	:invoke	:generate	nil
2026-03-11 16:50:15,004{GMT}	INFO	[jepsen worker 1] jepsen.util: 1	:ok	:generate	"159-n1"
2026-03-11 16:50:15,004{GMT}	INFO	[jepsen worker 0] jepsen.util: 0	:invoke	:generate	nil
2026-03-11 16:50:15,005{GMT}	INFO	[jepsen worker 1] jepsen.util: 1	:invoke	:generate	nil
2026-03-11 16:50:15,006{GMT}	INFO	[jepsen worker 2] jepsen.util: 2	:ok	:generate	"143-n2"
2026-03-11 16:50:15,007{GMT}	INFO	[jepsen worker 2] jepsen.util: 2	:invoke	:generate	nil
2026-03-11 16:50:15,008{GMT}	INFO	[jepsen worker 1] jepsen.util: 1	:ok	:generate	"160-n1"
2026-03-11 16:50:15,008{GMT}	INFO	[jepsen worker 0] jepsen.util: 0	:ok	:generate	"162-n0"
2026-03-11 16:50:15,008{GMT}	INFO	[jepsen worker 2] jepsen.util: 2	:ok	:generate	"144-n2"
2026-03-11 16:50:15,009{GMT}	INFO	[jepsen worker 0] jepsen.util: 0	:invoke	:generate	nil
2026-03-11 16:50:15,010{GMT}	INFO	[jepsen worker 0] jepsen.util: 0	:ok	:generate	"163-n0"
2026-03-11 16:50:15,010{GMT}	INFO	[jepsen worker 0] jepsen.util: 0	:invoke	:generate	nil
2026-03-11 16:50:15,011{GMT}	INFO	[jepsen worker 1] jepsen.util: 1	:invoke	:generate	nil
2026-03-11 16:50:15,011{GMT}	INFO	[jepsen worker 0] jepsen.util: 0	:ok	:generate	"164-n0"
2026-03-11 16:50:15,012{GMT}	INFO	[jepsen worker 2] jepsen.util: 2	:invoke	:generate	nil
2026-03-11 16:50:15,012{GMT}	INFO	[jepsen worker 1] jepsen.util: 1	:ok	:generate	"161-n1"
2026-03-11 16:50:15,014{GMT}	INFO	[jepsen worker 2] jepsen.util: 2	:ok	:generate	"145-n2"
2026-03-11 16:50:15,015{GMT}	INFO	[jepsen worker 2] jepsen.util: 2	:invoke	:generate	nil
2026-03-11 16:50:15,017{GMT}	INFO	[jepsen worker 2] jepsen.util: 2	:ok	:generate	"146-n2"
2026-03-11 16:50:15,017{GMT}	INFO	[jepsen worker 0] jepsen.util: 0	:invoke	:generate	nil
2026-03-11 16:50:15,019{GMT}	INFO	[jepsen worker 1] jepsen.util: 1	:invoke	:generate	nil
2026-03-11 16:50:15,019{GMT}	INFO	[jepsen worker 2] jepsen.util: 2	:invoke	:generate	nil
2026-03-11 16:50:15,019{GMT}	INFO	[jepsen worker 0] jepsen.util: 0	:ok	:generate	"165-n0"
2026-03-11 16:50:15,020{GMT}	INFO	[jepsen worker 0] jepsen.util: 0	:invoke	:generate	nil
2026-03-11 16:50:15,021{GMT}	INFO	[jepsen worker 1] jepsen.util: 1	:ok	:generate	"162-n1"
2026-03-11 16:50:15,022{GMT}	INFO	[jepsen worker 1] jepsen.util: 1	:invoke	:generate	nil
2026-03-11 16:50:15,023{GMT}	INFO	[jepsen worker 2] jepsen.util: 2	:ok	:generate	"147-n2"
2026-03-11 16:50:15,024{GMT}	INFO	[jepsen worker 2] jepsen.util: 2	:invoke	:generate	nil
2026-03-11 16:50:15,024{GMT}	INFO	[jepsen worker 1] jepsen.util: 1	:ok	:generate	"163-n1"
2026-03-11 16:50:15,025{GMT}	INFO	[jepsen worker 0] jepsen.util: 0	:ok	:generate	"166-n0"
2026-03-11 16:50:15,025{GMT}	INFO	[jepsen worker 1] jepsen.util: 1	:invoke	:generate	nil
2026-03-11 16:50:15,026{GMT}	INFO	[jepsen worker 0] jepsen.util: 0	:invoke	:generate	nil
2026-03-11 16:50:15,026{GMT}	INFO	[jepsen worker 2] jepsen.util: 2	:ok	:generate	"148-n2"
2026-03-11 16:50:15,057{GMT}	INFO	[jepsen worker 2] jepsen.util: 2	:invoke	:generate	nil
2026-03-11 16:50:15,059{GMT}	INFO	[jepsen worker 1] jepsen.util: 1	:ok	:generate	"164-n1"
2026-03-11 16:50:15,060{GMT}	INFO	[jepsen worker 1] jepsen.util: 1	:invoke	:generate	nil
2026-03-11 16:50:15,060{GMT}	INFO	[jepsen worker 2] jepsen.util: 2	:ok	:generate	"149-n2"
2026-03-11 16:50:15,060{GMT}	INFO	[jepsen worker 0] jepsen.util: 0	:ok	:generate	"167-n0"
2026-03-11 16:50:15,061{GMT}	INFO	[jepsen worker 1] jepsen.util: 1	:ok	:generate	"165-n1"
2026-03-11 16:50:15,062{GMT}	INFO	[jepsen worker 2] jepsen.util: 2	:invoke	:generate	nil
2026-03-11 16:50:15,062{GMT}	INFO	[jepsen worker 0] jepsen.util: 0	:invoke	:generate	nil
2026-03-11 16:50:15,064{GMT}	INFO	[jepsen worker 2] jepsen.util: 2	:ok	:generate	"150-n2"
2026-03-11 16:50:15,064{GMT}	INFO	[jepsen worker 0] jepsen.util: 0	:ok	:generate	"168-n0"
2026-03-11 16:50:15,065{GMT}	INFO	[jepsen worker 0] jepsen.util: 0	:invoke	:generate	nil
2026-03-11 16:50:15,067{GMT}	INFO	[jepsen worker 1] jepsen.util: 1	:invoke	:generate	nil
2026-03-11 16:50:15,068{GMT}	INFO	[jepsen worker 0] jepsen.util: 0	:ok	:generate	"169-n0"
2026-03-11 16:50:15,068{GMT}	INFO	[jepsen worker 2] jepsen.util: 2	:invoke	:generate	nil
2026-03-11 16:50:15,069{GMT}	INFO	[jepsen worker 0] jepsen.util: 0	:invoke	:generate	nil
2026-03-11 16:50:15,069{GMT}	INFO	[jepsen worker 1] jepsen.util: 1	:ok	:generate	"166-n1"
2026-03-11 16:50:15,070{GMT}	INFO	[jepsen worker 2] jepsen.util: 2	:ok	:generate	"151-n2"
2026-03-11 16:50:15,070{GMT}	INFO	[jepsen worker 1] jepsen.util: 1	:invoke	:generate	nil
2026-03-11 16:50:15,071{GMT}	INFO	[jepsen worker 0] jepsen.util: 0	:ok	:generate	"170-n0"
2026-03-11 16:50:15,071{GMT}	INFO	[jepsen worker 2] jepsen.util: 2	:invoke	:generate	nil
2026-03-11 16:50:15,071{GMT}	INFO	[jepsen worker 0] jepsen.util: 0	:invoke	:generate	nil
2026-03-11 16:50:15,072{GMT}	INFO	[jepsen worker 1] jepsen.util: 1	:ok	:generate	"167-n1"
2026-03-11 16:50:15,072{GMT}	INFO	[jepsen worker 1] jepsen.util: 1	:invoke	:generate	nil
2026-03-11 16:50:15,073{GMT}	INFO	[jepsen worker 0] jepsen.util: 0	:ok	:generate	"171-n0"
2026-03-11 16:50:15,074{GMT}	INFO	[jepsen worker 0] jepsen.util: 0	:invoke	:generate	nil
2026-03-11 16:50:15,074{GMT}	INFO	[jepsen worker 1] jepsen.util: 1	:ok	:generate	"168-n1"
2026-03-11 16:50:15,074{GMT}	INFO	[jepsen worker 2] jepsen.util: 2	:ok	:generate	"152-n2"
2026-03-11 16:50:15,076{GMT}	INFO	[jepsen worker 1] jepsen.util: 1	:invoke	:generate	nil
2026-03-11 16:50:15,076{GMT}	INFO	[jepsen worker 0] jepsen.util: 0	:ok	:generate	"172-n0"
2026-03-11 16:50:15,077{GMT}	INFO	[jepsen worker 1] jepsen.util: 1	:ok	:generate	"169-n1"
2026-03-11 16:50:15,077{GMT}	INFO	[jepsen worker 2] jepsen.util: 2	:invoke	:generate	nil
2026-03-11 16:50:15,078{GMT}	INFO	[jepsen worker 0] jepsen.util: 0	:invoke	:generate	nil
2026-03-11 16:50:15,079{GMT}	INFO	[jepsen worker 2] jepsen.util: 2	:ok	:generate	"153-n2"
2026-03-11 16:50:15,079{GMT}	INFO	[jepsen worker 1] jepsen.util: 1	:invoke	:generate	nil
2026-03-11 16:50:15,080{GMT}	INFO	[jepsen worker 0] jepsen.util: 0	:ok	:generate	"173-n0"
2026-03-11 16:50:15,081{GMT}	INFO	[jepsen worker 0] jepsen.util: 0	:invoke	:generate	nil
2026-03-11 16:50:15,081{GMT}	INFO	[jepsen worker 1] jepsen.util: 1	:ok	:generate	"170-n1"
2026-03-11 16:50:15,081{GMT}	INFO	[jepsen worker 1] jepsen.util: 1	:invoke	:generate	nil
2026-03-11 16:50:15,082{GMT}	INFO	[jepsen worker 2] jepsen.util: 2	:invoke	:generate	nil
2026-03-11 16:50:15,083{GMT}	INFO	[jepsen worker 1] jepsen.util: 1	:ok	:generate	"171-n1"
2026-03-11 16:50:15,084{GMT}	INFO	[jepsen worker 0] jepsen.util: 0	:ok	:generate	"174-n0"
2026-03-11 16:50:15,084{GMT}	INFO	[jepsen worker 0] jepsen.util: 0	:invoke	:generate	nil
2026-03-11 16:50:15,086{GMT}	INFO	[jepsen worker 1] jepsen.util: 1	:invoke	:generate	nil
2026-03-11 16:50:15,086{GMT}	INFO	[jepsen worker 2] jepsen.util: 2	:ok	:generate	"154-n2"
2026-03-11 16:50:15,086{GMT}	INFO	[jepsen worker 0] jepsen.util: 0	:ok	:generate	"175-n0"
2026-03-11 16:50:15,122{GMT}	INFO	[jepsen worker 2] jepsen.util: 2	:invoke	:generate	nil
2026-03-11 16:50:15,122{GMT}	INFO	[jepsen worker 0] jepsen.util: 0	:invoke	:generate	nil
2026-03-11 16:50:15,124{GMT}	INFO	[jepsen worker 2] jepsen.util: 2	:ok	:generate	"155-n2"
2026-03-11 16:50:15,124{GMT}	INFO	[jepsen worker 0] jepsen.util: 0	:ok	:generate	"176-n0"
2026-03-11 16:50:15,124{GMT}	INFO	[jepsen worker 1] jepsen.util: 1	:ok	:generate	"172-n1"
2026-03-11 16:50:15,124{GMT}	INFO	[jepsen worker 0] jepsen.util: 0	:invoke	:generate	nil
2026-03-11 16:50:15,125{GMT}	INFO	[jepsen worker 1] jepsen.util: 1	:invoke	:generate	nil
2026-03-11 16:50:15,125{GMT}	INFO	[jepsen worker 0] jepsen.util: 0	:ok	:generate	"177-n0"
2026-03-11 16:50:15,126{GMT}	INFO	[jepsen worker 1] jepsen.util: 1	:ok	:generate	"173-n1"
2026-03-11 16:50:15,126{GMT}	INFO	[jepsen worker 1] jepsen.util: 1	:invoke	:generate	nil
2026-03-11 16:50:15,128{GMT}	INFO	[jepsen worker 2] jepsen.util: 2	:invoke	:generate	nil
2026-03-11 16:50:15,130{GMT}	INFO	[jepsen worker 2] jepsen.util: 2	:ok	:generate	"156-n2"
2026-03-11 16:50:15,130{GMT}	INFO	[jepsen worker 0] jepsen.util: 0	:invoke	:generate	nil
2026-03-11 16:50:15,130{GMT}	INFO	[jepsen worker 1] jepsen.util: 1	:ok	:generate	"174-n1"
2026-03-11 16:50:15,131{GMT}	INFO	[jepsen worker 0] jepsen.util: 0	:ok	:generate	"178-n0"
2026-03-11 16:50:15,132{GMT}	INFO	[jepsen worker 0] jepsen.util: 0	:invoke	:generate	nil
2026-03-11 16:50:15,132{GMT}	INFO	[jepsen worker 1] jepsen.util: 1	:invoke	:generate	nil
2026-03-11 16:50:15,133{GMT}	INFO	[jepsen worker 0] jepsen.util: 0	:ok	:generate	"179-n0"
2026-03-11 16:50:15,133{GMT}	INFO	[jepsen worker 1] jepsen.util: 1	:ok	:generate	"175-n1"
2026-03-11 16:50:15,134{GMT}	INFO	[jepsen worker 2] jepsen.util: 2	:invoke	:generate	nil
2026-03-11 16:50:15,136{GMT}	INFO	[jepsen worker 0] jepsen.util: 0	:invoke	:generate	nil
2026-03-11 16:50:15,137{GMT}	INFO	[jepsen worker 1] jepsen.util: 1	:invoke	:generate	nil
2026-03-11 16:50:15,138{GMT}	INFO	[jepsen worker 2] jepsen.util: 2	:ok	:generate	"157-n2"
2026-03-11 16:50:15,139{GMT}	INFO	[jepsen worker 2] jepsen.util: 2	:invoke	:generate	nil
2026-03-11 16:50:15,140{GMT}	INFO	[jepsen worker 0] jepsen.util: 0	:ok	:generate	"180-n0"
2026-03-11 16:50:15,140{GMT}	INFO	[jepsen worker 0] jepsen.util: 0	:invoke	:generate	nil
2026-03-11 16:50:15,141{GMT}	INFO	[jepsen worker 2] jepsen.util: 2	:ok	:generate	"158-n2"
2026-03-11 16:50:15,142{GMT}	INFO	[jepsen worker 1] jepsen.util: 1	:ok	:generate	"176-n1"
2026-03-11 16:50:15,142{GMT}	INFO	[jepsen worker 0] jepsen.util: 0	:ok	:generate	"181-n0"
2026-03-11 16:50:15,142{GMT}	INFO	[jepsen worker 2] jepsen.util: 2	:invoke	:generate	nil
2026-03-11 16:50:15,142{GMT}	INFO	[jepsen worker 0] jepsen.util: 0	:invoke	:generate	nil
2026-03-11 16:50:15,144{GMT}	INFO	[jepsen worker 2] jepsen.util: 2	:ok	:generate	"159-n2"
2026-03-11 16:50:15,144{GMT}	INFO	[jepsen worker 0] jepsen.util: 0	:ok	:generate	"182-n0"
2026-03-11 16:50:15,144{GMT}	INFO	[jepsen worker 1] jepsen.util: 1	:invoke	:generate	nil
2026-03-11 16:50:15,144{GMT}	INFO	[jepsen worker 2] jepsen.util: 2	:invoke	:generate	nil
2026-03-11 16:50:15,145{GMT}	INFO	[jepsen worker 2] jepsen.util: 2	:ok	:generate	"160-n2"
2026-03-11 16:50:15,146{GMT}	INFO	[jepsen worker 1] jepsen.util: 1	:ok	:generate	"177-n1"
2026-03-11 16:50:15,146{GMT}	INFO	[jepsen worker 0] jepsen.util: 0	:invoke	:generate	nil
2026-03-11 16:50:15,148{GMT}	INFO	[jepsen worker 0] jepsen.util: 0	:ok	:generate	"183-n0"
2026-03-11 16:50:15,148{GMT}	INFO	[jepsen worker 0] jepsen.util: 0	:invoke	:generate	nil
2026-03-11 16:50:15,149{GMT}	INFO	[jepsen worker 1] jepsen.util: 1	:invoke	:generate	nil
2026-03-11 16:50:15,149{GMT}	INFO	[jepsen worker 2] jepsen.util: 2	:invoke	:generate	nil
2026-03-11 16:50:15,150{GMT}	INFO	[jepsen worker 1] jepsen.util: 1	:ok	:generate	"178-n1"
2026-03-11 16:50:15,150{GMT}	INFO	[jepsen worker 1] jepsen.util: 1	:invoke	:generate	nil
2026-03-11 16:50:15,152{GMT}	INFO	[jepsen worker 0] jepsen.util: 0	:ok	:generate	"184-n0"
2026-03-11 16:50:15,154{GMT}	INFO	[jepsen worker 2] jepsen.util: 2	:ok	:generate	"161-n2"
2026-03-11 16:50:15,182{GMT}	INFO	[jepsen worker 2] jepsen.util: 2	:invoke	:generate	nil
2026-03-11 16:50:15,182{GMT}	INFO	[jepsen worker 0] jepsen.util: 0	:invoke	:generate	nil
2026-03-11 16:50:15,183{GMT}	INFO	[jepsen worker 1] jepsen.util: 1	:ok	:generate	"179-n1"
2026-03-11 16:50:15,183{GMT}	INFO	[jepsen worker 0] jepsen.util: 0	:ok	:generate	"185-n0"
2026-03-11 16:50:15,183{GMT}	INFO	[jepsen worker 2] jepsen.util: 2	:ok	:generate	"162-n2"
2026-03-11 16:50:15,184{GMT}	INFO	[jepsen worker 2] jepsen.util: 2	:invoke	:generate	nil
2026-03-11 16:50:15,184{GMT}	INFO	[jepsen worker 0] jepsen.util: 0	:invoke	:generate	nil
2026-03-11 16:50:15,185{GMT}	INFO	[jepsen worker 2] jepsen.util: 2	:ok	:generate	"163-n2"
2026-03-11 16:50:15,185{GMT}	INFO	[jepsen worker 1] jepsen.util: 1	:invoke	:generate	nil
2026-03-11 16:50:15,186{GMT}	INFO	[jepsen worker 0] jepsen.util: 0	:ok	:generate	"186-n0"
2026-03-11 16:50:15,186{GMT}	INFO	[jepsen worker 1] jepsen.util: 1	:ok	:generate	"180-n1"
2026-03-11 16:50:15,187{GMT}	INFO	[jepsen worker 1] jepsen.util: 1	:invoke	:generate	nil
2026-03-11 16:50:15,187{GMT}	INFO	[jepsen worker 2] jepsen.util: 2	:invoke	:generate	nil
2026-03-11 16:50:15,188{GMT}	INFO	[jepsen worker 0] jepsen.util: 0	:invoke	:generate	nil
2026-03-11 16:50:15,188{GMT}	INFO	[jepsen worker 1] jepsen.util: 1	:ok	:generate	"181-n1"
2026-03-11 16:50:15,188{GMT}	INFO	[jepsen worker 1] jepsen.util: 1	:invoke	:generate	nil
2026-03-11 16:50:15,190{GMT}	INFO	[jepsen worker 2] jepsen.util: 2	:ok	:generate	"164-n2"
2026-03-11 16:50:15,190{GMT}	INFO	[jepsen worker 1] jepsen.util: 1	:ok	:generate	"182-n1"
2026-03-11 16:50:15,190{GMT}	INFO	[jepsen worker 1] jepsen.util: 1	:invoke	:generate	nil
2026-03-11 16:50:15,191{GMT}	INFO	[jepsen worker 0] jepsen.util: 0	:ok	:generate	"187-n0"
2026-03-11 16:50:15,191{GMT}	INFO	[jepsen worker 1] jepsen.util: 1	:ok	:generate	"183-n1"
2026-03-11 16:50:15,192{GMT}	INFO	[jepsen worker 2] jepsen.util: 2	:invoke	:generate	nil
2026-03-11 16:50:15,193{GMT}	INFO	[jepsen worker 2] jepsen.util: 2	:ok	:generate	"165-n2"
2026-03-11 16:50:15,194{GMT}	INFO	[jepsen worker 0] jepsen.util: 0	:invoke	:generate	nil
2026-03-11 16:50:15,195{GMT}	INFO	[jepsen worker 0] jepsen.util: 0	:ok	:generate	"188-n0"
2026-03-11 16:50:15,196{GMT}	INFO	[jepsen worker 0] jepsen.util: 0	:invoke	:generate	nil
2026-03-11 16:50:15,197{GMT}	INFO	[jepsen worker 0] jepsen.util: 0	:ok	:generate	"189-n0"
2026-03-11 16:50:15,198{GMT}	INFO	[jepsen worker 1] jepsen.util: 1	:invoke	:generate	nil
2026-03-11 16:50:15,199{GMT}	INFO	[jepsen worker 2] jepsen.util: 2	:invoke	:generate	nil
2026-03-11 16:50:15,199{GMT}	INFO	[jepsen worker 1] jepsen.util: 1	:ok	:generate	"184-n1"
2026-03-11 16:50:15,200{GMT}	INFO	[jepsen worker 2] jepsen.util: 2	:ok	:generate	"166-n2"
2026-03-11 16:50:15,201{GMT}	INFO	[jepsen worker 0] jepsen.util: 0	:invoke	:generate	nil
2026-03-11 16:50:15,201{GMT}	INFO	[jepsen worker 1] jepsen.util: 1	:invoke	:generate	nil
2026-03-11 16:50:15,203{GMT}	INFO	[jepsen worker 0] jepsen.util: 0	:ok	:generate	"190-n0"
2026-03-11 16:50:15,203{GMT}	INFO	[jepsen worker 1] jepsen.util: 1	:ok	:generate	"185-n1"
2026-03-11 16:50:15,204{GMT}	INFO	[jepsen worker 1] jepsen.util: 1	:invoke	:generate	nil
2026-03-11 16:50:15,205{GMT}	INFO	[jepsen worker 1] jepsen.util: 1	:ok	:generate	"186-n1"
2026-03-11 16:50:15,206{GMT}	INFO	[jepsen worker 2] jepsen.util: 2	:invoke	:generate	nil
2026-03-11 16:50:15,207{GMT}	INFO	[jepsen worker 2] jepsen.util: 2	:ok	:generate	"167-n2"
2026-03-11 16:50:15,207{GMT}	INFO	[jepsen worker 0] jepsen.util: 0	:invoke	:generate	nil
2026-03-11 16:50:15,209{GMT}	INFO	[jepsen worker 0] jepsen.util: 0	:ok	:generate	"191-n0"
2026-03-11 16:50:15,209{GMT}	INFO	[jepsen worker 0] jepsen.util: 0	:invoke	:generate	nil
2026-03-11 16:50:15,210{GMT}	INFO	[jepsen worker 0] jepsen.util: 0	:ok	:generate	"192-n0"
2026-03-11 16:50:15,211{GMT}	INFO	[jepsen worker 1] jepsen.util: 1	:invoke	:generate	nil
2026-03-11 16:50:15,212{GMT}	INFO	[jepsen worker 1] jepsen.util: 1	:ok	:generate	"187-n1"
2026-03-11 16:50:15,213{GMT}	INFO	[jepsen worker 2] jepsen.util: 2	:invoke	:generate	nil
2026-03-11 16:50:15,213{GMT}	INFO	[jepsen worker 0] jepsen.util: 0	:invoke	:generate	nil
2026-03-11 16:50:15,214{GMT}	INFO	[jepsen worker 2] jepsen.util: 2	:ok	:generate	"168-n2"
2026-03-11 16:50:15,215{GMT}	INFO	[jepsen worker 1] jepsen.util: 1	:invoke	:generate	nil
2026-03-11 16:50:15,217{GMT}	INFO	[jepsen worker 0] jepsen.util: 0	:ok	:generate	"193-n0"
2026-03-11 16:50:15,217{GMT}	INFO	[jepsen worker 2] jepsen.util: 2	:invoke	:generate	nil
2026-03-11 16:50:15,250{GMT}	INFO	[jepsen worker 0] jepsen.util: 0	:invoke	:generate	nil
2026-03-11 16:50:15,226{GMT}	INFO	[Jepsen shutdown hook] jepsen.core: Downloading DB logs before JVM shutdown...
