2026-03-10T17:56:10 Unexpected exception handling (msg c8 n2 {"type":"generate","msg_id":1}) : java.lang.UnsupportedOperationException: Not a string: 1
java.lang.UnsupportedOperationException: Not a string: 1
	at com.eclipsesource.json.JsonValue.asString(JsonValue.java:384)
	at com.eclipsesource.json.JsonObject.getString(JsonObject.java:674)
	at lab.UniqueId$1.accept(UniqueId.java:16)
	at lab.UniqueId$1.accept(UniqueId.java:12)
	at lab.Node.handleRequest(Node.java:97)
	at lab.Node.handleMessage(Node.java:71)
	at lab.Node.lambda$run$0(Node.java:44)
	at java.base/java.util.concurrent.ThreadPoolExecutor.runWorker(ThreadPoolExecutor.java:1144)
	at java.base/java.util.concurrent.ThreadPoolExecutor$Worker.run(ThreadPoolExecutor.java:642)
	at java.base/java.lang.Thread.run(Thread.java:1583)

2026-03-10T17:56:10 Unexpected exception handling (msg c8 n2 {"type":"generate","msg_id":2}) : java.lang.UnsupportedOperationException: Not a string: 2
java.lang.UnsupportedOperationException: Not a string: 2
	at com.eclipsesource.json.JsonValue.asString(JsonValue.java:384)
	at com.eclipsesource.json.JsonObject.getString(JsonObject.java:674)
	at lab.UniqueId$1.accept(UniqueId.java:16)
	at lab.UniqueId$1.accept(UniqueId.java:12)
	at lab.Node.handleRequest(Node.java:97)
	at lab.Node.handleMessage(Node.java:71)
	at lab.Node.lambda$run$0(Node.java:44)
	at java.base/java.util.concurrent.ThreadPoolExecutor.runWorker(ThreadPoolExecutor.java:1144)
	at java.base/java.util.concurrent.ThreadPoolExecutor$Worker.run(ThreadPoolExecutor.java:642)
	at java.base/java.lang.Thread.run(Thread.java:1583)

2026-03-10T17:56:10 Unexpected exception handling (msg c8 n2 {"type":"generate","msg_id":3}) : java.lang.UnsupportedOperationException: Not a string: 3
java.lang.UnsupportedOperationException: Not a string: 3
	at com.eclipsesource.json.JsonValue.asString(JsonValue.java:384)
	at com.eclipsesource.json.JsonObject.getString(JsonObject.java:674)
	at lab.UniqueId$1.accept(UniqueId.java:16)
	at lab.UniqueId$1.accept(UniqueId.java:12)
	at lab.Node.handleRequest(Node.java:97)
	at lab.Node.handleMessage(Node.java:71)
	at lab.Node.lambda$run$0(Node.java:44)
	at java.base/java.util.concurrent.ThreadPoolExecutor.runWorker(ThreadPoolExecutor.java:1144)
	at java.base/java.util.concurrent.ThreadPoolExecutor$Worker.run(ThreadPoolExecutor.java:642)
	at java.base/java.lang.Thread.run(Thread.java:1583)

2026-03-10T17:56:10 Unexpected exception handling (msg c8 n2 {"type":"generate","msg_id":4}) : java.lang.UnsupportedOperationException: Not a string: 4
java.lang.UnsupportedOperationException: Not a string: 4
	at com.eclipsesource.json.JsonValue.asString(JsonValue.java:384)
	at com.eclipsesource.json.JsonObject.getString(JsonObject.java:674)
	at lab.UniqueId$1.accept(UniqueId.java:16)
	at lab.UniqueId$1.accept(UniqueId.java:12)
	at lab.Node.handleRequest(Node.java:97)
	at lab.Node.handleMessage(Node.java:71)
	at lab.Node.lambda$run$0(Node.java:44)
	at java.base/java.util.concurrent.ThreadPoolExecutor.runWorker(ThreadPoolExecutor.java:1144)
	at java.base/java.util.concurrent.ThreadPoolExecutor$Worker.run(ThreadPoolExecutor.java:642)
	at java.base/java.lang.Thread.run(Thread.java:1583)

2026-03-10T17:56:10 Unexpected exception handling (msg c8 n2 {"type":"generate","msg_id":5}) : java.lang.UnsupportedOperationException: Not a string: 5
java.lang.UnsupportedOperationException: Not a string: 5
	at com.eclipsesource.json.JsonValue.asString(JsonValue.java:384)
	at com.eclipsesource.json.JsonObject.getString(JsonObject.java:674)
	at lab.UniqueId$1.accept(UniqueId.java:16)
	at lab.UniqueId$1.accept(UniqueId.java:12)
	at lab.Node.handleRequest(Node.java:97)
	at lab.Node.handleMessage(Node.java:71)
	at lab.Node.lambda$run$0(Node.java:44)
	at java.base/java.util.concurrent.ThreadPoolExecutor.runWorker(ThreadPoolExecutor.java:1144)
	at java.base/java.util.concurrent.ThreadPoolExecutor$Worker.run(ThreadPoolExecutor.java:642)
	at java.base/java.lang.Thread.run(Thread.java:1583)

2026-03-10T17:56:10 Unexpected exception handling (msg c8 n2 {"type":"generate","msg_id":6}) : java.lang.UnsupportedOperationException: Not a string: 6
java.lang.UnsupportedOperationException: Not a string: 6
	at com.eclipsesource.json.JsonValue.asString(JsonValue.java:384)
	at com.eclipsesource.json.JsonObject.getString(JsonObject.java:674)
	at lab.UniqueId$1.accept(UniqueId.java:16)
	at lab.UniqueId$1.accept(UniqueId.java:12)
	at lab.Node.handleRequest(Node.java:97)
	at lab.Node.handleMessage(Node.java:71)
	at lab.Node.lambda$run$0(Node.java:44)
	at java.base/java.util.concurrent.ThreadPoolExecutor.runWorker(ThreadPoolExecutor.java:1144)
	at java.base/java.util.concurrent.ThreadPoolExecutor$Worker.run(ThreadPoolExecutor.java:642)
	at java.base/java.lang.Thread.run(Thread.java:1583)

2026-03-10T17:56:10 Unexpected exception handling (msg c8 n2 {"type":"generate","msg_id":7}) : java.lang.UnsupportedOperationException: Not a string: 7
java.lang.UnsupportedOperationException: Not a string: 7
	at com.eclipsesource.json.JsonValue.asString(JsonValue.java:384)
	at com.eclipsesource.json.JsonObject.getString(JsonObject.java:674)
	at lab.UniqueId$1.accept(UniqueId.java:16)
	at lab.UniqueId$1.accept(UniqueId.java:12)
	at lab.Node.handleRequest(Node.java:97)
	at lab.Node.handleMessage(Node.java:71)
	at lab.Node.lambda$run$0(Node.java:44)
	at java.base/java.util.concurrent.ThreadPoolExecutor.runWorker(ThreadPoolExecutor.java:1144)
	at java.base/java.util.concurrent.ThreadPoolExecutor$Worker.run(ThreadPoolExecutor.java:642)
	at java.base/java.lang.Thread.run(Thread.java:1583)

2026-03-10T17:56:10 Unexpected exception handling (msg c8 n2 {"type":"generate","msg_id":8}) : java.lang.UnsupportedOperationException: Not a string: 8
java.lang.UnsupportedOperationException: Not a string: 8
	at com.eclipsesource.json.JsonValue.asString(JsonValue.java:384)
	at com.eclipsesource.json.JsonObject.getString(JsonObject.java:674)
	at lab.UniqueId$1.accept(UniqueId.java:16)
	at lab.UniqueId$1.accept(UniqueId.java:12)
	at lab.Node.handleRequest(Node.java:97)
	at lab.Node.handleMessage(Node.java:71)
	at lab.Node.lambda$run$0(Node.java:44)
	at java.base/java.util.concurrent.ThreadPoolExecutor.runWorker(ThreadPoolExecutor.java:1144)
	at java.base/java.util.concurrent.ThreadPoolExecutor$Worker.run(ThreadPoolExecutor.java:642)
	at java.base/java.lang.Thread.run(Thread.java:1583)

2026-03-10T17:56:10 Unexpected exception handling (msg c8 n2 {"type":"generate","msg_id":9}) : java.lang.UnsupportedOperationException: Not a string: 9
java.lang.UnsupportedOperationException: Not a string: 9
	at com.eclipsesource.json.JsonValue.asString(JsonValue.java:384)
	at com.eclipsesource.json.JsonObject.getString(JsonObject.java:674)
	at lab.UniqueId$1.accept(UniqueId.java:16)
	at lab.UniqueId$1.accept(UniqueId.java:12)
	at lab.Node.handleRequest(Node.java:97)
	at lab.Node.handleMessage(Node.java:71)
	at lab.Node.lambda$run$0(Node.java:44)
	at java.base/java.util.concurrent.ThreadPoolExecutor.runWorker(ThreadPoolExecutor.java:1144)
	at java.base/java.util.concurrent.ThreadPoolExecutor$Worker.run(ThreadPoolExecutor.java:642)
	at java.base/java.lang.Thread.run(Thread.java:1583)

2026-03-10T17:56:10 Unexpected exception handling (msg c8 n2 {"type":"generate","msg_id":10}) : java.lang.UnsupportedOperationException: Not a string: 10
java.lang.UnsupportedOperationException: Not a string: 10
	at com.eclipsesource.json.JsonValue.asString(JsonValue.java:384)
	at com.eclipsesource.json.JsonObject.getString(JsonObject.java:674)
	at lab.UniqueId$1.accept(UniqueId.java:16)
	at lab.UniqueId$1.accept(UniqueId.java:12)
	at lab.Node.handleRequest(Node.java:97)
	at lab.Node.handleMessage(Node.java:71)
	at lab.Node.lambda$run$0(Node.java:44)
	at java.base/java.util.concurrent.ThreadPoolExecutor.runWorker(ThreadPoolExecutor.java:1144)
	at java.base/java.util.concurrent.ThreadPoolExecutor$Worker.run(ThreadPoolExecutor.java:642)
	at java.base/java.lang.Thread.run(Thread.java:1583)

2026-03-10T17:56:10 Unexpected exception handling (msg c8 n2 {"type":"generate","msg_id":11}) : java.lang.UnsupportedOperationException: Not a string: 11
java.lang.UnsupportedOperationException: Not a string: 11
	at com.eclipsesource.json.JsonValue.asString(JsonValue.java:384)
	at com.eclipsesource.json.JsonObject.getString(JsonObject.java:674)
	at lab.UniqueId$1.accept(UniqueId.java:16)
	at lab.UniqueId$1.accept(UniqueId.java:12)
	at lab.Node.handleRequest(Node.java:97)
	at lab.Node.handleMessage(Node.java:71)
	at lab.Node.lambda$run$0(Node.java:44)
	at java.base/java.util.concurrent.ThreadPoolExecutor.runWorker(ThreadPoolExecutor.java:1144)
	at java.base/java.util.concurrent.ThreadPoolExecutor$Worker.run(ThreadPoolExecutor.java:642)
	at java.base/java.lang.Thread.run(Thread.java:1583)

2026-03-10T17:56:10 Unexpected exception handling (msg c8 n2 {"type":"generate","msg_id":12}) : java.lang.UnsupportedOperationException: Not a string: 12
java.lang.UnsupportedOperationException: Not a string: 12
	at com.eclipsesource.json.JsonValue.asString(JsonValue.java:384)
	at com.eclipsesource.json.JsonObject.getString(JsonObject.java:674)
	at lab.UniqueId$1.accept(UniqueId.java:16)
	at lab.UniqueId$1.accept(UniqueId.java:12)
	at lab.Node.handleRequest(Node.java:97)
	at lab.Node.handleMessage(Node.java:71)
	at lab.Node.lambda$run$0(Node.java:44)
	at java.base/java.util.concurrent.ThreadPoolExecutor.runWorker(ThreadPoolExecutor.java:1144)
	at java.base/java.util.concurrent.ThreadPoolExecutor$Worker.run(ThreadPoolExecutor.java:642)
	at java.base/java.lang.Thread.run(Thread.java:1583)

2026-03-10T17:56:11 Unexpected exception handling (msg c8 n2 {"type":"generate","msg_id":13}) : java.lang.UnsupportedOperationException: Not a string: 13
java.lang.UnsupportedOperationException: Not a string: 13
	at com.eclipsesource.json.JsonValue.asString(JsonValue.java:384)
	at com.eclipsesource.json.JsonObject.getString(JsonObject.java:674)
	at lab.UniqueId$1.accept(UniqueId.java:16)
	at lab.UniqueId$1.accept(UniqueId.java:12)
	at lab.Node.handleRequest(Node.java:97)
	at lab.Node.handleMessage(Node.java:71)
	at lab.Node.lambda$run$0(Node.java:44)
	at java.base/java.util.concurrent.ThreadPoolExecutor.runWorker(ThreadPoolExecutor.java:1144)
	at java.base/java.util.concurrent.ThreadPoolExecutor$Worker.run(ThreadPoolExecutor.java:642)
	at java.base/java.lang.Thread.run(Thread.java:1583)

2026-03-10T17:56:11 Unexpected exception handling (msg c8 n2 {"type":"generate","msg_id":14}) : java.lang.UnsupportedOperationException: Not a string: 14
java.lang.UnsupportedOperationException: Not a string: 14
	at com.eclipsesource.json.JsonValue.asString(JsonValue.java:384)
	at com.eclipsesource.json.JsonObject.getString(JsonObject.java:674)
	at lab.UniqueId$1.accept(UniqueId.java:16)
	at lab.UniqueId$1.accept(UniqueId.java:12)
	at lab.Node.handleRequest(Node.java:97)
	at lab.Node.handleMessage(Node.java:71)
	at lab.Node.lambda$run$0(Node.java:44)
	at java.base/java.util.concurrent.ThreadPoolExecutor.runWorker(ThreadPoolExecutor.java:1144)
	at java.base/java.util.concurrent.ThreadPoolExecutor$Worker.run(ThreadPoolExecutor.java:642)
	at java.base/java.lang.Thread.run(Thread.java:1583)

2026-03-10T17:56:11 Unexpected exception handling (msg c8 n2 {"type":"generate","msg_id":15}) : java.lang.UnsupportedOperationException: Not a string: 15
java.lang.UnsupportedOperationException: Not a string: 15
	at com.eclipsesource.json.JsonValue.asString(JsonValue.java:384)
	at com.eclipsesource.json.JsonObject.getString(JsonObject.java:674)
	at lab.UniqueId$1.accept(UniqueId.java:16)
	at lab.UniqueId$1.accept(UniqueId.java:12)
	at lab.Node.handleRequest(Node.java:97)
	at lab.Node.handleMessage(Node.java:71)
	at lab.Node.lambda$run$0(Node.java:44)
	at java.base/java.util.concurrent.ThreadPoolExecutor.runWorker(ThreadPoolExecutor.java:1144)
	at java.base/java.util.concurrent.ThreadPoolExecutor$Worker.run(ThreadPoolExecutor.java:642)
	at java.base/java.lang.Thread.run(Thread.java:1583)

2026-03-10T17:56:11 Unexpected exception handling (msg c8 n2 {"type":"generate","msg_id":16}) : java.lang.UnsupportedOperationException: Not a string: 16
java.lang.UnsupportedOperationException: Not a string: 16
	at com.eclipsesource.json.JsonValue.asString(JsonValue.java:384)
	at com.eclipsesource.json.JsonObject.getString(JsonObject.java:674)
	at lab.UniqueId$1.accept(UniqueId.java:16)
	at lab.UniqueId$1.accept(UniqueId.java:12)
	at lab.Node.handleRequest(Node.java:97)
	at lab.Node.handleMessage(Node.java:71)
	at lab.Node.lambda$run$0(Node.java:44)
	at java.base/java.util.concurrent.ThreadPoolExecutor.runWorker(ThreadPoolExecutor.java:1144)
	at java.base/java.util.concurrent.ThreadPoolExecutor$Worker.run(ThreadPoolExecutor.java:642)
	at java.base/java.lang.Thread.run(Thread.java:1583)

2026-03-10T17:56:11 Unexpected exception handling (msg c8 n2 {"type":"generate","msg_id":17}) : java.lang.UnsupportedOperationException: Not a string: 17
java.lang.UnsupportedOperationException: Not a string: 17
	at com.eclipsesource.json.JsonValue.asString(JsonValue.java:384)
	at com.eclipsesource.json.JsonObject.getString(JsonObject.java:674)
	at lab.UniqueId$1.accept(UniqueId.java:16)
	at lab.UniqueId$1.accept(UniqueId.java:12)
	at lab.Node.handleRequest(Node.java:97)
	at lab.Node.handleMessage(Node.java:71)
	at lab.Node.lambda$run$0(Node.java:44)
	at java.base/java.util.concurrent.ThreadPoolExecutor.runWorker(ThreadPoolExecutor.java:1144)
	at java.base/java.util.concurrent.ThreadPoolExecutor$Worker.run(ThreadPoolExecutor.java:642)
	at java.base/java.lang.Thread.run(Thread.java:1583)

2026-03-10T17:56:11 Unexpected exception handling (msg c8 n2 {"type":"generate","msg_id":18}) : java.lang.UnsupportedOperationException: Not a string: 18
java.lang.UnsupportedOperationException: Not a string: 18
	at com.eclipsesource.json.JsonValue.asString(JsonValue.java:384)
	at com.eclipsesource.json.JsonObject.getString(JsonObject.java:674)
	at lab.UniqueId$1.accept(UniqueId.java:16)
	at lab.UniqueId$1.accept(UniqueId.java:12)
	at lab.Node.handleRequest(Node.java:97)
	at lab.Node.handleMessage(Node.java:71)
	at lab.Node.lambda$run$0(Node.java:44)
	at java.base/java.util.concurrent.ThreadPoolExecutor.runWorker(ThreadPoolExecutor.java:1144)
	at java.base/java.util.concurrent.ThreadPoolExecutor$Worker.run(ThreadPoolExecutor.java:642)
	at java.base/java.lang.Thread.run(Thread.java:1583)

2026-03-10T17:56:11 Unexpected exception handling (msg c8 n2 {"type":"generate","msg_id":19}) : java.lang.UnsupportedOperationException: Not a string: 19
java.lang.UnsupportedOperationException: Not a string: 19
	at com.eclipsesource.json.JsonValue.asString(JsonValue.java:384)
	at com.eclipsesource.json.JsonObject.getString(JsonObject.java:674)
	at lab.UniqueId$1.accept(UniqueId.java:16)
	at lab.UniqueId$1.accept(UniqueId.java:12)
	at lab.Node.handleRequest(Node.java:97)
	at lab.Node.handleMessage(Node.java:71)
	at lab.Node.lambda$run$0(Node.java:44)
	at java.base/java.util.concurrent.ThreadPoolExecutor.runWorker(ThreadPoolExecutor.java:1144)
	at java.base/java.util.concurrent.ThreadPoolExecutor$Worker.run(ThreadPoolExecutor.java:642)
	at java.base/java.lang.Thread.run(Thread.java:1583)

2026-03-10T17:56:11 Unexpected exception handling (msg c8 n2 {"type":"generate","msg_id":20}) : java.lang.UnsupportedOperationException: Not a string: 20
java.lang.UnsupportedOperationException: Not a string: 20
	at com.eclipsesource.json.JsonValue.asString(JsonValue.java:384)
	at com.eclipsesource.json.JsonObject.getString(JsonObject.java:674)
	at lab.UniqueId$1.accept(UniqueId.java:16)
	at lab.UniqueId$1.accept(UniqueId.java:12)
	at lab.Node.handleRequest(Node.java:97)
	at lab.Node.handleMessage(Node.java:71)
	at lab.Node.lambda$run$0(Node.java:44)
	at java.base/java.util.concurrent.ThreadPoolExecutor.runWorker(ThreadPoolExecutor.java:1144)
	at java.base/java.util.concurrent.ThreadPoolExecutor$Worker.run(ThreadPoolExecutor.java:642)
	at java.base/java.lang.Thread.run(Thread.java:1583)

2026-03-10T17:56:11 Unexpected exception handling (msg c8 n2 {"type":"generate","msg_id":21}) : java.lang.UnsupportedOperationException: Not a string: 21
java.lang.UnsupportedOperationException: Not a string: 21
	at com.eclipsesource.json.JsonValue.asString(JsonValue.java:384)
	at com.eclipsesource.json.JsonObject.getString(JsonObject.java:674)
	at lab.UniqueId$1.accept(UniqueId.java:16)
	at lab.UniqueId$1.accept(UniqueId.java:12)
	at lab.Node.handleRequest(Node.java:97)
	at lab.Node.handleMessage(Node.java:71)
	at lab.Node.lambda$run$0(Node.java:44)
	at java.base/java.util.concurrent.ThreadPoolExecutor.runWorker(ThreadPoolExecutor.java:1144)
	at java.base/java.util.concurrent.ThreadPoolExecutor$Worker.run(ThreadPoolExecutor.java:642)
	at java.base/java.lang.Thread.run(Thread.java:1583)

2026-03-10T17:56:11 Unexpected exception handling (msg c8 n2 {"type":"generate","msg_id":22}) : java.lang.UnsupportedOperationException: Not a string: 22
java.lang.UnsupportedOperationException: Not a string: 22
	at com.eclipsesource.json.JsonValue.asString(JsonValue.java:384)
	at com.eclipsesource.json.JsonObject.getString(JsonObject.java:674)
	at lab.UniqueId$1.accept(UniqueId.java:16)
	at lab.UniqueId$1.accept(UniqueId.java:12)
	at lab.Node.handleRequest(Node.java:97)
	at lab.Node.handleMessage(Node.java:71)
	at lab.Node.lambda$run$0(Node.java:44)
	at java.base/java.util.concurrent.ThreadPoolExecutor.runWorker(ThreadPoolExecutor.java:1144)
	at java.base/java.util.concurrent.ThreadPoolExecutor$Worker.run(ThreadPoolExecutor.java:642)
	at java.base/java.lang.Thread.run(Thread.java:1583)

2026-03-10T17:56:11 Unexpected exception handling (msg c8 n2 {"type":"generate","msg_id":23}) : java.lang.UnsupportedOperationException: Not a string: 23
java.lang.UnsupportedOperationException: Not a string: 23
	at com.eclipsesource.json.JsonValue.asString(JsonValue.java:384)
	at com.eclipsesource.json.JsonObject.getString(JsonObject.java:674)
	at lab.UniqueId$1.accept(UniqueId.java:16)
	at lab.UniqueId$1.accept(UniqueId.java:12)
	at lab.Node.handleRequest(Node.java:97)
	at lab.Node.handleMessage(Node.java:71)
	at lab.Node.lambda$run$0(Node.java:44)
	at java.base/java.util.concurrent.ThreadPoolExecutor.runWorker(ThreadPoolExecutor.java:1144)
	at java.base/java.util.concurrent.ThreadPoolExecutor$Worker.run(ThreadPoolExecutor.java:642)
	at java.base/java.lang.Thread.run(Thread.java:1583)

2026-03-10T17:56:11 Unexpected exception handling (msg c8 n2 {"type":"generate","msg_id":24}) : java.lang.UnsupportedOperationException: Not a string: 24
java.lang.UnsupportedOperationException: Not a string: 24
	at com.eclipsesource.json.JsonValue.asString(JsonValue.java:384)
	at com.eclipsesource.json.JsonObject.getString(JsonObject.java:674)
	at lab.UniqueId$1.accept(UniqueId.java:16)
	at lab.UniqueId$1.accept(UniqueId.java:12)
	at lab.Node.handleRequest(Node.java:97)
	at lab.Node.handleMessage(Node.java:71)
	at lab.Node.lambda$run$0(Node.java:44)
	at java.base/java.util.concurrent.ThreadPoolExecutor.runWorker(ThreadPoolExecutor.java:1144)
	at java.base/java.util.concurrent.ThreadPoolExecutor$Worker.run(ThreadPoolExecutor.java:642)
	at java.base/java.lang.Thread.run(Thread.java:1583)

2026-03-10T17:56:11 Unexpected exception handling (msg c8 n2 {"type":"generate","msg_id":25}) : java.lang.UnsupportedOperationException: Not a string: 25
java.lang.UnsupportedOperationException: Not a string: 25
	at com.eclipsesource.json.JsonValue.asString(JsonValue.java:384)
	at com.eclipsesource.json.JsonObject.getString(JsonObject.java:674)
	at lab.UniqueId$1.accept(UniqueId.java:16)
	at lab.UniqueId$1.accept(UniqueId.java:12)
	at lab.Node.handleRequest(Node.java:97)
	at lab.Node.handleMessage(Node.java:71)
	at lab.Node.lambda$run$0(Node.java:44)
	at java.base/java.util.concurrent.ThreadPoolExecutor.runWorker(ThreadPoolExecutor.java:1144)
	at java.base/java.util.concurrent.ThreadPoolExecutor$Worker.run(ThreadPoolExecutor.java:642)
	at java.base/java.lang.Thread.run(Thread.java:1583)

2026-03-10T17:56:11 Unexpected exception handling (msg c8 n2 {"type":"generate","msg_id":26}) : java.lang.UnsupportedOperationException: Not a string: 26
java.lang.UnsupportedOperationException: Not a string: 26
	at com.eclipsesource.json.JsonValue.asString(JsonValue.java:384)
	at com.eclipsesource.json.JsonObject.getString(JsonObject.java:674)
	at lab.UniqueId$1.accept(UniqueId.java:16)
	at lab.UniqueId$1.accept(UniqueId.java:12)
	at lab.Node.handleRequest(Node.java:97)
	at lab.Node.handleMessage(Node.java:71)
	at lab.Node.lambda$run$0(Node.java:44)
	at java.base/java.util.concurrent.ThreadPoolExecutor.runWorker(ThreadPoolExecutor.java:1144)
	at java.base/java.util.concurrent.ThreadPoolExecutor$Worker.run(ThreadPoolExecutor.java:642)
	at java.base/java.lang.Thread.run(Thread.java:1583)

2026-03-10T17:56:11 Unexpected exception handling (msg c8 n2 {"type":"generate","msg_id":27}) : java.lang.UnsupportedOperationException: Not a string: 27
java.lang.UnsupportedOperationException: Not a string: 27
	at com.eclipsesource.json.JsonValue.asString(JsonValue.java:384)
	at com.eclipsesource.json.JsonObject.getString(JsonObject.java:674)
	at lab.UniqueId$1.accept(UniqueId.java:16)
	at lab.UniqueId$1.accept(UniqueId.java:12)
	at lab.Node.handleRequest(Node.java:97)
	at lab.Node.handleMessage(Node.java:71)
	at lab.Node.lambda$run$0(Node.java:44)
	at java.base/java.util.concurrent.ThreadPoolExecutor.runWorker(ThreadPoolExecutor.java:1144)
	at java.base/java.util.concurrent.ThreadPoolExecutor$Worker.run(ThreadPoolExecutor.java:642)
	at java.base/java.lang.Thread.run(Thread.java:1583)

2026-03-10T17:56:11 Unexpected exception handling (msg c8 n2 {"type":"generate","msg_id":28}) : java.lang.UnsupportedOperationException: Not a string: 28
java.lang.UnsupportedOperationException: Not a string: 28
	at com.eclipsesource.json.JsonValue.asString(JsonValue.java:384)
	at com.eclipsesource.json.JsonObject.getString(JsonObject.java:674)
	at lab.UniqueId$1.accept(UniqueId.java:16)
	at lab.UniqueId$1.accept(UniqueId.java:12)
	at lab.Node.handleRequest(Node.java:97)
	at lab.Node.handleMessage(Node.java:71)
	at lab.Node.lambda$run$0(Node.java:44)
	at java.base/java.util.concurrent.ThreadPoolExecutor.runWorker(ThreadPoolExecutor.java:1144)
	at java.base/java.util.concurrent.ThreadPoolExecutor$Worker.run(ThreadPoolExecutor.java:642)
	at java.base/java.lang.Thread.run(Thread.java:1583)

2026-03-10T17:56:11 Unexpected exception handling (msg c8 n2 {"type":"generate","msg_id":29}) : java.lang.UnsupportedOperationException: Not a string: 29
java.lang.UnsupportedOperationException: Not a string: 29
	at com.eclipsesource.json.JsonValue.asString(JsonValue.java:384)
	at com.eclipsesource.json.JsonObject.getString(JsonObject.java:674)
	at lab.UniqueId$1.accept(UniqueId.java:16)
	at lab.UniqueId$1.accept(UniqueId.java:12)
	at lab.Node.handleRequest(Node.java:97)
	at lab.Node.handleMessage(Node.java:71)
	at lab.Node.lambda$run$0(Node.java:44)
	at java.base/java.util.concurrent.ThreadPoolExecutor.runWorker(ThreadPoolExecutor.java:1144)
	at java.base/java.util.concurrent.ThreadPoolExecutor$Worker.run(ThreadPoolExecutor.java:642)
	at java.base/java.lang.Thread.run(Thread.java:1583)

2026-03-10T17:56:11 Unexpected exception handling (msg c8 n2 {"type":"generate","msg_id":30}) : java.lang.UnsupportedOperationException: Not a string: 30
java.lang.UnsupportedOperationException: Not a string: 30
	at com.eclipsesource.json.JsonValue.asString(JsonValue.java:384)
	at com.eclipsesource.json.JsonObject.getString(JsonObject.java:674)
	at lab.UniqueId$1.accept(UniqueId.java:16)
	at lab.UniqueId$1.accept(UniqueId.java:12)
	at lab.Node.handleRequest(Node.java:97)
	at lab.Node.handleMessage(Node.java:71)
	at lab.Node.lambda$run$0(Node.java:44)
	at java.base/java.util.concurrent.ThreadPoolExecutor.runWorker(ThreadPoolExecutor.java:1144)
	at java.base/java.util.concurrent.ThreadPoolExecutor$Worker.run(ThreadPoolExecutor.java:642)
	at java.base/java.lang.Thread.run(Thread.java:1583)

2026-03-10T17:56:11 Unexpected exception handling (msg c8 n2 {"type":"generate","msg_id":31}) : java.lang.UnsupportedOperationException: Not a string: 31
java.lang.UnsupportedOperationException: Not a string: 31
	at com.eclipsesource.json.JsonValue.asString(JsonValue.java:384)
	at com.eclipsesource.json.JsonObject.getString(JsonObject.java:674)
	at lab.UniqueId$1.accept(UniqueId.java:16)
	at lab.UniqueId$1.accept(UniqueId.java:12)
	at lab.Node.handleRequest(Node.java:97)
	at lab.Node.handleMessage(Node.java:71)
	at lab.Node.lambda$run$0(Node.java:44)
	at java.base/java.util.concurrent.ThreadPoolExecutor.runWorker(ThreadPoolExecutor.java:1144)
	at java.base/java.util.concurrent.ThreadPoolExecutor$Worker.run(ThreadPoolExecutor.java:642)
	at java.base/java.lang.Thread.run(Thread.java:1583)

2026-03-10T17:56:11 Unexpected exception handling (msg c8 n2 {"type":"generate","msg_id":32}) : java.lang.UnsupportedOperationException: Not a string: 32
java.lang.UnsupportedOperationException: Not a string: 32
	at com.eclipsesource.json.JsonValue.asString(JsonValue.java:384)
	at com.eclipsesource.json.JsonObject.getString(JsonObject.java:674)
	at lab.UniqueId$1.accept(UniqueId.java:16)
	at lab.UniqueId$1.accept(UniqueId.java:12)
	at lab.Node.handleRequest(Node.java:97)
	at lab.Node.handleMessage(Node.java:71)
	at lab.Node.lambda$run$0(Node.java:44)
	at java.base/java.util.concurrent.ThreadPoolExecutor.runWorker(ThreadPoolExecutor.java:1144)
	at java.base/java.util.concurrent.ThreadPoolExecutor$Worker.run(ThreadPoolExecutor.java:642)
	at java.base/java.lang.Thread.run(Thread.java:1583)

2026-03-10T17:56:11 Unexpected exception handling (msg c8 n2 {"type":"generate","msg_id":33}) : java.lang.UnsupportedOperationException: Not a string: 33
java.lang.UnsupportedOperationException: Not a string: 33
	at com.eclipsesource.json.JsonValue.asString(JsonValue.java:384)
	at com.eclipsesource.json.JsonObject.getString(JsonObject.java:674)
	at lab.UniqueId$1.accept(UniqueId.java:16)
	at lab.UniqueId$1.accept(UniqueId.java:12)
	at lab.Node.handleRequest(Node.java:97)
	at lab.Node.handleMessage(Node.java:71)
	at lab.Node.lambda$run$0(Node.java:44)
	at java.base/java.util.concurrent.ThreadPoolExecutor.runWorker(ThreadPoolExecutor.java:1144)
	at java.base/java.util.concurrent.ThreadPoolExecutor$Worker.run(ThreadPoolExecutor.java:642)
	at java.base/java.lang.Thread.run(Thread.java:1583)

2026-03-10T17:56:11 Unexpected exception handling (msg c8 n2 {"type":"generate","msg_id":34}) : java.lang.UnsupportedOperationException: Not a string: 34
java.lang.UnsupportedOperationException: Not a string: 34
	at com.eclipsesource.json.JsonValue.asString(JsonValue.java:384)
	at com.eclipsesource.json.JsonObject.getString(JsonObject.java:674)
	at lab.UniqueId$1.accept(UniqueId.java:16)
	at lab.UniqueId$1.accept(UniqueId.java:12)
	at lab.Node.handleRequest(Node.java:97)
	at lab.Node.handleMessage(Node.java:71)
	at lab.Node.lambda$run$0(Node.java:44)
	at java.base/java.util.concurrent.ThreadPoolExecutor.runWorker(ThreadPoolExecutor.java:1144)
	at java.base/java.util.concurrent.ThreadPoolExecutor$Worker.run(ThreadPoolExecutor.java:642)
	at java.base/java.lang.Thread.run(Thread.java:1583)

2026-03-10T17:56:11 Unexpected exception handling (msg c8 n2 {"type":"generate","msg_id":35}) : java.lang.UnsupportedOperationException: Not a string: 35
java.lang.UnsupportedOperationException: Not a string: 35
	at com.eclipsesource.json.JsonValue.asString(JsonValue.java:384)
	at com.eclipsesource.json.JsonObject.getString(JsonObject.java:674)
	at lab.UniqueId$1.accept(UniqueId.java:16)
	at lab.UniqueId$1.accept(UniqueId.java:12)
	at lab.Node.handleRequest(Node.java:97)
	at lab.Node.handleMessage(Node.java:71)
	at lab.Node.lambda$run$0(Node.java:44)
	at java.base/java.util.concurrent.ThreadPoolExecutor.runWorker(ThreadPoolExecutor.java:1144)
	at java.base/java.util.concurrent.ThreadPoolExecutor$Worker.run(ThreadPoolExecutor.java:642)
	at java.base/java.lang.Thread.run(Thread.java:1583)

2026-03-10T17:56:11 Unexpected exception handling (msg c8 n2 {"type":"generate","msg_id":36}) : java.lang.UnsupportedOperationException: Not a string: 36
java.lang.UnsupportedOperationException: Not a string: 36
	at com.eclipsesource.json.JsonValue.asString(JsonValue.java:384)
	at com.eclipsesource.json.JsonObject.getString(JsonObject.java:674)
	at lab.UniqueId$1.accept(UniqueId.java:16)
	at lab.UniqueId$1.accept(UniqueId.java:12)
	at lab.Node.handleRequest(Node.java:97)
	at lab.Node.handleMessage(Node.java:71)
	at lab.Node.lambda$run$0(Node.java:44)
	at java.base/java.util.concurrent.ThreadPoolExecutor.runWorker(ThreadPoolExecutor.java:1144)
	at java.base/java.util.concurrent.ThreadPoolExecutor$Worker.run(ThreadPoolExecutor.java:642)
	at java.base/java.lang.Thread.run(Thread.java:1583)

2026-03-10T17:56:11 Unexpected exception handling (msg c8 n2 {"type":"generate","msg_id":37}) : java.lang.UnsupportedOperationException: Not a string: 37
java.lang.UnsupportedOperationException: Not a string: 37
	at com.eclipsesource.json.JsonValue.asString(JsonValue.java:384)
	at com.eclipsesource.json.JsonObject.getString(JsonObject.java:674)
	at lab.UniqueId$1.accept(UniqueId.java:16)
	at lab.UniqueId$1.accept(UniqueId.java:12)
	at lab.Node.handleRequest(Node.java:97)
	at lab.Node.handleMessage(Node.java:71)
	at lab.Node.lambda$run$0(Node.java:44)
	at java.base/java.util.concurrent.ThreadPoolExecutor.runWorker(ThreadPoolExecutor.java:1144)
	at java.base/java.util.concurrent.ThreadPoolExecutor$Worker.run(ThreadPoolExecutor.java:642)
	at java.base/java.lang.Thread.run(Thread.java:1583)

2026-03-10T17:56:11 Unexpected exception handling (msg c8 n2 {"type":"generate","msg_id":38}) : java.lang.UnsupportedOperationException: Not a string: 38
java.lang.UnsupportedOperationException: Not a string: 38
	at com.eclipsesource.json.JsonValue.asString(JsonValue.java:384)
	at com.eclipsesource.json.JsonObject.getString(JsonObject.java:674)
	at lab.UniqueId$1.accept(UniqueId.java:16)
	at lab.UniqueId$1.accept(UniqueId.java:12)
	at lab.Node.handleRequest(Node.java:97)
	at lab.Node.handleMessage(Node.java:71)
	at lab.Node.lambda$run$0(Node.java:44)
	at java.base/java.util.concurrent.ThreadPoolExecutor.runWorker(ThreadPoolExecutor.java:1144)
	at java.base/java.util.concurrent.ThreadPoolExecutor$Worker.run(ThreadPoolExecutor.java:642)
	at java.base/java.lang.Thread.run(Thread.java:1583)

2026-03-10T17:56:11 Unexpected exception handling (msg c8 n2 {"type":"generate","msg_id":39}) : java.lang.UnsupportedOperationException: Not a string: 39
java.lang.UnsupportedOperationException: Not a string: 39
	at com.eclipsesource.json.JsonValue.asString(JsonValue.java:384)
	at com.eclipsesource.json.JsonObject.getString(JsonObject.java:674)
	at lab.UniqueId$1.accept(UniqueId.java:16)
	at lab.UniqueId$1.accept(UniqueId.java:12)
	at lab.Node.handleRequest(Node.java:97)
	at lab.Node.handleMessage(Node.java:71)
	at lab.Node.lambda$run$0(Node.java:44)
	at java.base/java.util.concurrent.ThreadPoolExecutor.runWorker(ThreadPoolExecutor.java:1144)
	at java.base/java.util.concurrent.ThreadPoolExecutor$Worker.run(ThreadPoolExecutor.java:642)
	at java.base/java.lang.Thread.run(Thread.java:1583)

2026-03-10T17:56:11 Unexpected exception handling (msg c8 n2 {"type":"generate","msg_id":40}) : java.lang.UnsupportedOperationException: Not a string: 40
java.lang.UnsupportedOperationException: Not a string: 40
	at com.eclipsesource.json.JsonValue.asString(JsonValue.java:384)
	at com.eclipsesource.json.JsonObject.getString(JsonObject.java:674)
	at lab.UniqueId$1.accept(UniqueId.java:16)
	at lab.UniqueId$1.accept(UniqueId.java:12)
	at lab.Node.handleRequest(Node.java:97)
	at lab.Node.handleMessage(Node.java:71)
	at lab.Node.lambda$run$0(Node.java:44)
	at java.base/java.util.concurrent.ThreadPoolExecutor.runWorker(ThreadPoolExecutor.java:1144)
	at java.base/java.util.concurrent.ThreadPoolExecutor$Worker.run(ThreadPoolExecutor.java:642)
	at java.base/java.lang.Thread.run(Thread.java:1583)

2026-03-10T17:56:11 Unexpected exception handling (msg c8 n2 {"type":"generate","msg_id":41}) : java.lang.UnsupportedOperationException: Not a string: 41
java.lang.UnsupportedOperationException: Not a string: 41
	at com.eclipsesource.json.JsonValue.asString(JsonValue.java:384)
	at com.eclipsesource.json.JsonObject.getString(JsonObject.java:674)
	at lab.UniqueId$1.accept(UniqueId.java:16)
	at lab.UniqueId$1.accept(UniqueId.java:12)
	at lab.Node.handleRequest(Node.java:97)
	at lab.Node.handleMessage(Node.java:71)
	at lab.Node.lambda$run$0(Node.java:44)
	at java.base/java.util.concurrent.ThreadPoolExecutor.runWorker(ThreadPoolExecutor.java:1144)
	at java.base/java.util.concurrent.ThreadPoolExecutor$Worker.run(ThreadPoolExecutor.java:642)
	at java.base/java.lang.Thread.run(Thread.java:1583)

2026-03-10T17:56:11 Unexpected exception handling (msg c8 n2 {"type":"generate","msg_id":42}) : java.lang.UnsupportedOperationException: Not a string: 42
java.lang.UnsupportedOperationException: Not a string: 42
	at com.eclipsesource.json.JsonValue.asString(JsonValue.java:384)
	at com.eclipsesource.json.JsonObject.getString(JsonObject.java:674)
	at lab.UniqueId$1.accept(UniqueId.java:16)
	at lab.UniqueId$1.accept(UniqueId.java:12)
	at lab.Node.handleRequest(Node.java:97)
	at lab.Node.handleMessage(Node.java:71)
	at lab.Node.lambda$run$0(Node.java:44)
	at java.base/java.util.concurrent.ThreadPoolExecutor.runWorker(ThreadPoolExecutor.java:1144)
	at java.base/java.util.concurrent.ThreadPoolExecutor$Worker.run(ThreadPoolExecutor.java:642)
	at java.base/java.lang.Thread.run(Thread.java:1583)

2026-03-10T17:56:11 Unexpected exception handling (msg c8 n2 {"type":"generate","msg_id":43}) : java.lang.UnsupportedOperationException: Not a string: 43
java.lang.UnsupportedOperationException: Not a string: 43
	at com.eclipsesource.json.JsonValue.asString(JsonValue.java:384)
	at com.eclipsesource.json.JsonObject.getString(JsonObject.java:674)
	at lab.UniqueId$1.accept(UniqueId.java:16)
	at lab.UniqueId$1.accept(UniqueId.java:12)
	at lab.Node.handleRequest(Node.java:97)
	at lab.Node.handleMessage(Node.java:71)
	at lab.Node.lambda$run$0(Node.java:44)
	at java.base/java.util.concurrent.ThreadPoolExecutor.runWorker(ThreadPoolExecutor.java:1144)
	at java.base/java.util.concurrent.ThreadPoolExecutor$Worker.run(ThreadPoolExecutor.java:642)
	at java.base/java.lang.Thread.run(Thread.java:1583)

2026-03-10T17:56:11 Unexpected exception handling (msg c8 n2 {"type":"generate","msg_id":44}) : java.lang.UnsupportedOperationException: Not a string: 44
java.lang.UnsupportedOperationException: Not a string: 44
	at com.eclipsesource.json.JsonValue.asString(JsonValue.java:384)
	at com.eclipsesource.json.JsonObject.getString(JsonObject.java:674)
	at lab.UniqueId$1.accept(UniqueId.java:16)
	at lab.UniqueId$1.accept(UniqueId.java:12)
	at lab.Node.handleRequest(Node.java:97)
	at lab.Node.handleMessage(Node.java:71)
	at lab.Node.lambda$run$0(Node.java:44)
	at java.base/java.util.concurrent.ThreadPoolExecutor.runWorker(ThreadPoolExecutor.java:1144)
	at java.base/java.util.concurrent.ThreadPoolExecutor$Worker.run(ThreadPoolExecutor.java:642)
	at java.base/java.lang.Thread.run(Thread.java:1583)

2026-03-10T17:56:11 Unexpected exception handling (msg c8 n2 {"type":"generate","msg_id":45}) : java.lang.UnsupportedOperationException: Not a string: 45
java.lang.UnsupportedOperationException: Not a string: 45
	at com.eclipsesource.json.JsonValue.asString(JsonValue.java:384)
	at com.eclipsesource.json.JsonObject.getString(JsonObject.java:674)
	at lab.UniqueId$1.accept(UniqueId.java:16)
	at lab.UniqueId$1.accept(UniqueId.java:12)
	at lab.Node.handleRequest(Node.java:97)
	at lab.Node.handleMessage(Node.java:71)
	at lab.Node.lambda$run$0(Node.java:44)
	at java.base/java.util.concurrent.ThreadPoolExecutor.runWorker(ThreadPoolExecutor.java:1144)
	at java.base/java.util.concurrent.ThreadPoolExecutor$Worker.run(ThreadPoolExecutor.java:642)
	at java.base/java.lang.Thread.run(Thread.java:1583)

2026-03-10T17:56:11 Unexpected exception handling (msg c8 n2 {"type":"generate","msg_id":46}) : java.lang.UnsupportedOperationException: Not a string: 46
java.lang.UnsupportedOperationException: Not a string: 46
	at com.eclipsesource.json.JsonValue.asString(JsonValue.java:384)
	at com.eclipsesource.json.JsonObject.getString(JsonObject.java:674)
	at lab.UniqueId$1.accept(UniqueId.java:16)
	at lab.UniqueId$1.accept(UniqueId.java:12)
	at lab.Node.handleRequest(Node.java:97)
	at lab.Node.handleMessage(Node.java:71)
	at lab.Node.lambda$run$0(Node.java:44)
	at java.base/java.util.concurrent.ThreadPoolExecutor.runWorker(ThreadPoolExecutor.java:1144)
	at java.base/java.util.concurrent.ThreadPoolExecutor$Worker.run(ThreadPoolExecutor.java:642)
	at java.base/java.lang.Thread.run(Thread.java:1583)

2026-03-10T17:56:11 Unexpected exception handling (msg c8 n2 {"type":"generate","msg_id":47}) : java.lang.UnsupportedOperationException: Not a string: 47
java.lang.UnsupportedOperationException: Not a string: 47
	at com.eclipsesource.json.JsonValue.asString(JsonValue.java:384)
	at com.eclipsesource.json.JsonObject.getString(JsonObject.java:674)
	at lab.UniqueId$1.accept(UniqueId.java:16)
	at lab.UniqueId$1.accept(UniqueId.java:12)
	at lab.Node.handleRequest(Node.java:97)
	at lab.Node.handleMessage(Node.java:71)
	at lab.Node.lambda$run$0(Node.java:44)
	at java.base/java.util.concurrent.ThreadPoolExecutor.runWorker(ThreadPoolExecutor.java:1144)
	at java.base/java.util.concurrent.ThreadPoolExecutor$Worker.run(ThreadPoolExecutor.java:642)
	at java.base/java.lang.Thread.run(Thread.java:1583)

2026-03-10T17:56:11 Unexpected exception handling (msg c8 n2 {"type":"generate","msg_id":48}) : java.lang.UnsupportedOperationException: Not a string: 48
java.lang.UnsupportedOperationException: Not a string: 48
	at com.eclipsesource.json.JsonValue.asString(JsonValue.java:384)
	at com.eclipsesource.json.JsonObject.getString(JsonObject.java:674)
	at lab.UniqueId$1.accept(UniqueId.java:16)
	at lab.UniqueId$1.accept(UniqueId.java:12)
	at lab.Node.handleRequest(Node.java:97)
	at lab.Node.handleMessage(Node.java:71)
	at lab.Node.lambda$run$0(Node.java:44)
	at java.base/java.util.concurrent.ThreadPoolExecutor.runWorker(ThreadPoolExecutor.java:1144)
	at java.base/java.util.concurrent.ThreadPoolExecutor$Worker.run(ThreadPoolExecutor.java:642)
	at java.base/java.lang.Thread.run(Thread.java:1583)

2026-03-10T17:56:11 Unexpected exception handling (msg c8 n2 {"type":"generate","msg_id":49}) : java.lang.UnsupportedOperationException: Not a string: 49
java.lang.UnsupportedOperationException: Not a string: 49
	at com.eclipsesource.json.JsonValue.asString(JsonValue.java:384)
	at com.eclipsesource.json.JsonObject.getString(JsonObject.java:674)
	at lab.UniqueId$1.accept(UniqueId.java:16)
	at lab.UniqueId$1.accept(UniqueId.java:12)
	at lab.Node.handleRequest(Node.java:97)
	at lab.Node.handleMessage(Node.java:71)
	at lab.Node.lambda$run$0(Node.java:44)
	at java.base/java.util.concurrent.ThreadPoolExecutor.runWorker(ThreadPoolExecutor.java:1144)
	at java.base/java.util.concurrent.ThreadPoolExecutor$Worker.run(ThreadPoolExecutor.java:642)
	at java.base/java.lang.Thread.run(Thread.java:1583)

2026-03-10T17:56:11 Unexpected exception handling (msg c8 n2 {"type":"generate","msg_id":50}) : java.lang.UnsupportedOperationException: Not a string: 50
java.lang.UnsupportedOperationException: Not a string: 50
	at com.eclipsesource.json.JsonValue.asString(JsonValue.java:384)
	at com.eclipsesource.json.JsonObject.getString(JsonObject.java:674)
	at lab.UniqueId$1.accept(UniqueId.java:16)
	at lab.UniqueId$1.accept(UniqueId.java:12)
	at lab.Node.handleRequest(Node.java:97)
	at lab.Node.handleMessage(Node.java:71)
	at lab.Node.lambda$run$0(Node.java:44)
	at java.base/java.util.concurrent.ThreadPoolExecutor.runWorker(ThreadPoolExecutor.java:1144)
	at java.base/java.util.concurrent.ThreadPoolExecutor$Worker.run(ThreadPoolExecutor.java:642)
	at java.base/java.lang.Thread.run(Thread.java:1583)

2026-03-10T17:56:11 Unexpected exception handling (msg c8 n2 {"type":"generate","msg_id":51}) : java.lang.UnsupportedOperationException: Not a string: 51
java.lang.UnsupportedOperationException: Not a string: 51
	at com.eclipsesource.json.JsonValue.asString(JsonValue.java:384)
	at com.eclipsesource.json.JsonObject.getString(JsonObject.java:674)
	at lab.UniqueId$1.accept(UniqueId.java:16)
	at lab.UniqueId$1.accept(UniqueId.java:12)
	at lab.Node.handleRequest(Node.java:97)
	at lab.Node.handleMessage(Node.java:71)
	at lab.Node.lambda$run$0(Node.java:44)
	at java.base/java.util.concurrent.ThreadPoolExecutor.runWorker(ThreadPoolExecutor.java:1144)
	at java.base/java.util.concurrent.ThreadPoolExecutor$Worker.run(ThreadPoolExecutor.java:642)
	at java.base/java.lang.Thread.run(Thread.java:1583)

2026-03-10T17:56:11 Unexpected exception handling (msg c8 n2 {"type":"generate","msg_id":52}) : java.lang.UnsupportedOperationException: Not a string: 52
java.lang.UnsupportedOperationException: Not a string: 52
	at com.eclipsesource.json.JsonValue.asString(JsonValue.java:384)
	at com.eclipsesource.json.JsonObject.getString(JsonObject.java:674)
	at lab.UniqueId$1.accept(UniqueId.java:16)
	at lab.UniqueId$1.accept(UniqueId.java:12)
	at lab.Node.handleRequest(Node.java:97)
	at lab.Node.handleMessage(Node.java:71)
	at lab.Node.lambda$run$0(Node.java:44)
	at java.base/java.util.concurrent.ThreadPoolExecutor.runWorker(ThreadPoolExecutor.java:1144)
	at java.base/java.util.concurrent.ThreadPoolExecutor$Worker.run(ThreadPoolExecutor.java:642)
	at java.base/java.lang.Thread.run(Thread.java:1583)

2026-03-10T17:56:11 Unexpected exception handling (msg c8 n2 {"type":"generate","msg_id":53}) : java.lang.UnsupportedOperationException: Not a string: 53
java.lang.UnsupportedOperationException: Not a string: 53
	at com.eclipsesource.json.JsonValue.asString(JsonValue.java:384)
	at com.eclipsesource.json.JsonObject.getString(JsonObject.java:674)
	at lab.UniqueId$1.accept(UniqueId.java:16)
	at lab.UniqueId$1.accept(UniqueId.java:12)
	at lab.Node.handleRequest(Node.java:97)
	at lab.Node.handleMessage(Node.java:71)
	at lab.Node.lambda$run$0(Node.java:44)
	at java.base/java.util.concurrent.ThreadPoolExecutor.runWorker(ThreadPoolExecutor.java:1144)
	at java.base/java.util.concurrent.ThreadPoolExecutor$Worker.run(ThreadPoolExecutor.java:642)
	at java.base/java.lang.Thread.run(Thread.java:1583)

2026-03-10T17:56:11 Unexpected exception handling (msg c8 n2 {"type":"generate","msg_id":54}) : java.lang.UnsupportedOperationException: Not a string: 54
java.lang.UnsupportedOperationException: Not a string: 54
	at com.eclipsesource.json.JsonValue.asString(JsonValue.java:384)
	at com.eclipsesource.json.JsonObject.getString(JsonObject.java:674)
	at lab.UniqueId$1.accept(UniqueId.java:16)
	at lab.UniqueId$1.accept(UniqueId.java:12)
	at lab.Node.handleRequest(Node.java:97)
	at lab.Node.handleMessage(Node.java:71)
	at lab.Node.lambda$run$0(Node.java:44)
	at java.base/java.util.concurrent.ThreadPoolExecutor.runWorker(ThreadPoolExecutor.java:1144)
	at java.base/java.util.concurrent.ThreadPoolExecutor$Worker.run(ThreadPoolExecutor.java:642)
	at java.base/java.lang.Thread.run(Thread.java:1583)

2026-03-10T17:56:11 Unexpected exception handling (msg c8 n2 {"type":"generate","msg_id":55}) : java.lang.UnsupportedOperationException: Not a string: 55
java.lang.UnsupportedOperationException: Not a string: 55
	at com.eclipsesource.json.JsonValue.asString(JsonValue.java:384)
	at com.eclipsesource.json.JsonObject.getString(JsonObject.java:674)
	at lab.UniqueId$1.accept(UniqueId.java:16)
	at lab.UniqueId$1.accept(UniqueId.java:12)
	at lab.Node.handleRequest(Node.java:97)
	at lab.Node.handleMessage(Node.java:71)
	at lab.Node.lambda$run$0(Node.java:44)
	at java.base/java.util.concurrent.ThreadPoolExecutor.runWorker(ThreadPoolExecutor.java:1144)
	at java.base/java.util.concurrent.ThreadPoolExecutor$Worker.run(ThreadPoolExecutor.java:642)
	at java.base/java.lang.Thread.run(Thread.java:1583)

2026-03-10T17:56:11 Unexpected exception handling (msg c8 n2 {"type":"generate","msg_id":56}) : java.lang.UnsupportedOperationException: Not a string: 56
java.lang.UnsupportedOperationException: Not a string: 56
	at com.eclipsesource.json.JsonValue.asString(JsonValue.java:384)
	at com.eclipsesource.json.JsonObject.getString(JsonObject.java:674)
	at lab.UniqueId$1.accept(UniqueId.java:16)
	at lab.UniqueId$1.accept(UniqueId.java:12)
	at lab.Node.handleRequest(Node.java:97)
	at lab.Node.handleMessage(Node.java:71)
	at lab.Node.lambda$run$0(Node.java:44)
	at java.base/java.util.concurrent.ThreadPoolExecutor.runWorker(ThreadPoolExecutor.java:1144)
	at java.base/java.util.concurrent.ThreadPoolExecutor$Worker.run(ThreadPoolExecutor.java:642)
	at java.base/java.lang.Thread.run(Thread.java:1583)

2026-03-10T17:56:11 Unexpected exception handling (msg c8 n2 {"type":"generate","msg_id":57}) : java.lang.UnsupportedOperationException: Not a string: 57
java.lang.UnsupportedOperationException: Not a string: 57
	at com.eclipsesource.json.JsonValue.asString(JsonValue.java:384)
	at com.eclipsesource.json.JsonObject.getString(JsonObject.java:674)
	at lab.UniqueId$1.accept(UniqueId.java:16)
	at lab.UniqueId$1.accept(UniqueId.java:12)
	at lab.Node.handleRequest(Node.java:97)
	at lab.Node.handleMessage(Node.java:71)
	at lab.Node.lambda$run$0(Node.java:44)
	at java.base/java.util.concurrent.ThreadPoolExecutor.runWorker(ThreadPoolExecutor.java:1144)
	at java.base/java.util.concurrent.ThreadPoolExecutor$Worker.run(ThreadPoolExecutor.java:642)
	at java.base/java.lang.Thread.run(Thread.java:1583)

2026-03-10T17:56:11 Unexpected exception handling (msg c8 n2 {"type":"generate","msg_id":58}) : java.lang.UnsupportedOperationException: Not a string: 58
java.lang.UnsupportedOperationException: Not a string: 58
	at com.eclipsesource.json.JsonValue.asString(JsonValue.java:384)
	at com.eclipsesource.json.JsonObject.getString(JsonObject.java:674)
	at lab.UniqueId$1.accept(UniqueId.java:16)
	at lab.UniqueId$1.accept(UniqueId.java:12)
	at lab.Node.handleRequest(Node.java:97)
	at lab.Node.handleMessage(Node.java:71)
	at lab.Node.lambda$run$0(Node.java:44)
	at java.base/java.util.concurrent.ThreadPoolExecutor.runWorker(ThreadPoolExecutor.java:1144)
	at java.base/java.util.concurrent.ThreadPoolExecutor$Worker.run(ThreadPoolExecutor.java:642)
	at java.base/java.lang.Thread.run(Thread.java:1583)

2026-03-10T17:56:11 Unexpected exception handling (msg c8 n2 {"type":"generate","msg_id":59}) : java.lang.UnsupportedOperationException: Not a string: 59
java.lang.UnsupportedOperationException: Not a string: 59
	at com.eclipsesource.json.JsonValue.asString(JsonValue.java:384)
	at com.eclipsesource.json.JsonObject.getString(JsonObject.java:674)
	at lab.UniqueId$1.accept(UniqueId.java:16)
	at lab.UniqueId$1.accept(UniqueId.java:12)
	at lab.Node.handleRequest(Node.java:97)
	at lab.Node.handleMessage(Node.java:71)
	at lab.Node.lambda$run$0(Node.java:44)
	at java.base/java.util.concurrent.ThreadPoolExecutor.runWorker(ThreadPoolExecutor.java:1144)
	at java.base/java.util.concurrent.ThreadPoolExecutor$Worker.run(ThreadPoolExecutor.java:642)
	at java.base/java.lang.Thread.run(Thread.java:1583)

2026-03-10T17:56:11 Unexpected exception handling (msg c8 n2 {"type":"generate","msg_id":60}) : java.lang.UnsupportedOperationException: Not a string: 60
java.lang.UnsupportedOperationException: Not a string: 60
	at com.eclipsesource.json.JsonValue.asString(JsonValue.java:384)
	at com.eclipsesource.json.JsonObject.getString(JsonObject.java:674)
	at lab.UniqueId$1.accept(UniqueId.java:16)
	at lab.UniqueId$1.accept(UniqueId.java:12)
	at lab.Node.handleRequest(Node.java:97)
	at lab.Node.handleMessage(Node.java:71)
	at lab.Node.lambda$run$0(Node.java:44)
	at java.base/java.util.concurrent.ThreadPoolExecutor.runWorker(ThreadPoolExecutor.java:1144)
	at java.base/java.util.concurrent.ThreadPoolExecutor$Worker.run(ThreadPoolExecutor.java:642)
	at java.base/java.lang.Thread.run(Thread.java:1583)

2026-03-10T17:56:11 Unexpected exception handling (msg c8 n2 {"type":"generate","msg_id":61}) : java.lang.UnsupportedOperationException: Not a string: 61
java.lang.UnsupportedOperationException: Not a string: 61
	at com.eclipsesource.json.JsonValue.asString(JsonValue.java:384)
	at com.eclipsesource.json.JsonObject.getString(JsonObject.java:674)
	at lab.UniqueId$1.accept(UniqueId.java:16)
	at lab.UniqueId$1.accept(UniqueId.java:12)
	at lab.Node.handleRequest(Node.java:97)
	at lab.Node.handleMessage(Node.java:71)
	at lab.Node.lambda$run$0(Node.java:44)
	at java.base/java.util.concurrent.ThreadPoolExecutor.runWorker(ThreadPoolExecutor.java:1144)
	at java.base/java.util.concurrent.ThreadPoolExecutor$Worker.run(ThreadPoolExecutor.java:642)
	at java.base/java.lang.Thread.run(Thread.java:1583)

2026-03-10T17:56:11 Unexpected exception handling (msg c8 n2 {"type":"generate","msg_id":62}) : java.lang.UnsupportedOperationException: Not a string: 62
java.lang.UnsupportedOperationException: Not a string: 62
	at com.eclipsesource.json.JsonValue.asString(JsonValue.java:384)
	at com.eclipsesource.json.JsonObject.getString(JsonObject.java:674)
	at lab.UniqueId$1.accept(UniqueId.java:16)
	at lab.UniqueId$1.accept(UniqueId.java:12)
	at lab.Node.handleRequest(Node.java:97)
	at lab.Node.handleMessage(Node.java:71)
	at lab.Node.lambda$run$0(Node.java:44)
	at java.base/java.util.concurrent.ThreadPoolExecutor.runWorker(ThreadPoolExecutor.java:1144)
	at java.base/java.util.concurrent.ThreadPoolExecutor$Worker.run(ThreadPoolExecutor.java:642)
	at java.base/java.lang.Thread.run(Thread.java:1583)

2026-03-10T17:56:11 Unexpected exception handling (msg c8 n2 {"type":"generate","msg_id":63}) : java.lang.UnsupportedOperationException: Not a string: 63
java.lang.UnsupportedOperationException: Not a string: 63
	at com.eclipsesource.json.JsonValue.asString(JsonValue.java:384)
	at com.eclipsesource.json.JsonObject.getString(JsonObject.java:674)
	at lab.UniqueId$1.accept(UniqueId.java:16)
	at lab.UniqueId$1.accept(UniqueId.java:12)
	at lab.Node.handleRequest(Node.java:97)
	at lab.Node.handleMessage(Node.java:71)
	at lab.Node.lambda$run$0(Node.java:44)
	at java.base/java.util.concurrent.ThreadPoolExecutor.runWorker(ThreadPoolExecutor.java:1144)
	at java.base/java.util.concurrent.ThreadPoolExecutor$Worker.run(ThreadPoolExecutor.java:642)
	at java.base/java.lang.Thread.run(Thread.java:1583)

2026-03-10T17:56:11 Unexpected exception handling (msg c8 n2 {"type":"generate","msg_id":64}) : java.lang.UnsupportedOperationException: Not a string: 64
java.lang.UnsupportedOperationException: Not a string: 64
	at com.eclipsesource.json.JsonValue.asString(JsonValue.java:384)
	at com.eclipsesource.json.JsonObject.getString(JsonObject.java:674)
	at lab.UniqueId$1.accept(UniqueId.java:16)
	at lab.UniqueId$1.accept(UniqueId.java:12)
	at lab.Node.handleRequest(Node.java:97)
	at lab.Node.handleMessage(Node.java:71)
	at lab.Node.lambda$run$0(Node.java:44)
	at java.base/java.util.concurrent.ThreadPoolExecutor.runWorker(ThreadPoolExecutor.java:1144)
	at java.base/java.util.concurrent.ThreadPoolExecutor$Worker.run(ThreadPoolExecutor.java:642)
	at java.base/java.lang.Thread.run(Thread.java:1583)

2026-03-10T17:56:11 Unexpected exception handling (msg c8 n2 {"type":"generate","msg_id":65}) : java.lang.UnsupportedOperationException: Not a string: 65
java.lang.UnsupportedOperationException: Not a string: 65
	at com.eclipsesource.json.JsonValue.asString(JsonValue.java:384)
	at com.eclipsesource.json.JsonObject.getString(JsonObject.java:674)
	at lab.UniqueId$1.accept(UniqueId.java:16)
	at lab.UniqueId$1.accept(UniqueId.java:12)
	at lab.Node.handleRequest(Node.java:97)
	at lab.Node.handleMessage(Node.java:71)
	at lab.Node.lambda$run$0(Node.java:44)
	at java.base/java.util.concurrent.ThreadPoolExecutor.runWorker(ThreadPoolExecutor.java:1144)
	at java.base/java.util.concurrent.ThreadPoolExecutor$Worker.run(ThreadPoolExecutor.java:642)
	at java.base/java.lang.Thread.run(Thread.java:1583)

2026-03-10T17:56:11 Unexpected exception handling (msg c8 n2 {"type":"generate","msg_id":66}) : java.lang.UnsupportedOperationException: Not a string: 66
java.lang.UnsupportedOperationException: Not a string: 66
	at com.eclipsesource.json.JsonValue.asString(JsonValue.java:384)
	at com.eclipsesource.json.JsonObject.getString(JsonObject.java:674)
	at lab.UniqueId$1.accept(UniqueId.java:16)
	at lab.UniqueId$1.accept(UniqueId.java:12)
	at lab.Node.handleRequest(Node.java:97)
	at lab.Node.handleMessage(Node.java:71)
	at lab.Node.lambda$run$0(Node.java:44)
	at java.base/java.util.concurrent.ThreadPoolExecutor.runWorker(ThreadPoolExecutor.java:1144)
	at java.base/java.util.concurrent.ThreadPoolExecutor$Worker.run(ThreadPoolExecutor.java:642)
	at java.base/java.lang.Thread.run(Thread.java:1583)

2026-03-10T17:56:11 Unexpected exception handling (msg c8 n2 {"type":"generate","msg_id":67}) : java.lang.UnsupportedOperationException: Not a string: 67
java.lang.UnsupportedOperationException: Not a string: 67
	at com.eclipsesource.json.JsonValue.asString(JsonValue.java:384)
	at com.eclipsesource.json.JsonObject.getString(JsonObject.java:674)
	at lab.UniqueId$1.accept(UniqueId.java:16)
	at lab.UniqueId$1.accept(UniqueId.java:12)
	at lab.Node.handleRequest(Node.java:97)
	at lab.Node.handleMessage(Node.java:71)
	at lab.Node.lambda$run$0(Node.java:44)
	at java.base/java.util.concurrent.ThreadPoolExecutor.runWorker(ThreadPoolExecutor.java:1144)
	at java.base/java.util.concurrent.ThreadPoolExecutor$Worker.run(ThreadPoolExecutor.java:642)
	at java.base/java.lang.Thread.run(Thread.java:1583)

2026-03-10T17:56:11 Unexpected exception handling (msg c8 n2 {"type":"generate","msg_id":68}) : java.lang.UnsupportedOperationException: Not a string: 68
java.lang.UnsupportedOperationException: Not a string: 68
	at com.eclipsesource.json.JsonValue.asString(JsonValue.java:384)
	at com.eclipsesource.json.JsonObject.getString(JsonObject.java:674)
	at lab.UniqueId$1.accept(UniqueId.java:16)
	at lab.UniqueId$1.accept(UniqueId.java:12)
	at lab.Node.handleRequest(Node.java:97)
	at lab.Node.handleMessage(Node.java:71)
	at lab.Node.lambda$run$0(Node.java:44)
	at java.base/java.util.concurrent.ThreadPoolExecutor.runWorker(ThreadPoolExecutor.java:1144)
	at java.base/java.util.concurrent.ThreadPoolExecutor$Worker.run(ThreadPoolExecutor.java:642)
	at java.base/java.lang.Thread.run(Thread.java:1583)

2026-03-10T17:56:11 Unexpected exception handling (msg c8 n2 {"type":"generate","msg_id":69}) : java.lang.UnsupportedOperationException: Not a string: 69
java.lang.UnsupportedOperationException: Not a string: 69
	at com.eclipsesource.json.JsonValue.asString(JsonValue.java:384)
	at com.eclipsesource.json.JsonObject.getString(JsonObject.java:674)
	at lab.UniqueId$1.accept(UniqueId.java:16)
	at lab.UniqueId$1.accept(UniqueId.java:12)
	at lab.Node.handleRequest(Node.java:97)
	at lab.Node.handleMessage(Node.java:71)
	at lab.Node.lambda$run$0(Node.java:44)
	at java.base/java.util.concurrent.ThreadPoolExecutor.runWorker(ThreadPoolExecutor.java:1144)
	at java.base/java.util.concurrent.ThreadPoolExecutor$Worker.run(ThreadPoolExecutor.java:642)
	at java.base/java.lang.Thread.run(Thread.java:1583)

2026-03-10T17:56:11 Unexpected exception handling (msg c8 n2 {"type":"generate","msg_id":70}) : java.lang.UnsupportedOperationException: Not a string: 70
java.lang.UnsupportedOperationException: Not a string: 70
	at com.eclipsesource.json.JsonValue.asString(JsonValue.java:384)
	at com.eclipsesource.json.JsonObject.getString(JsonObject.java:674)
	at lab.UniqueId$1.accept(UniqueId.java:16)
	at lab.UniqueId$1.accept(UniqueId.java:12)
	at lab.Node.handleRequest(Node.java:97)
	at lab.Node.handleMessage(Node.java:71)
	at lab.Node.lambda$run$0(Node.java:44)
	at java.base/java.util.concurrent.ThreadPoolExecutor.runWorker(ThreadPoolExecutor.java:1144)
	at java.base/java.util.concurrent.ThreadPoolExecutor$Worker.run(ThreadPoolExecutor.java:642)
	at java.base/java.lang.Thread.run(Thread.java:1583)

2026-03-10T17:56:11 Unexpected exception handling (msg c8 n2 {"type":"generate","msg_id":71}) : java.lang.UnsupportedOperationException: Not a string: 71
java.lang.UnsupportedOperationException: Not a string: 71
	at com.eclipsesource.json.JsonValue.asString(JsonValue.java:384)
	at com.eclipsesource.json.JsonObject.getString(JsonObject.java:674)
	at lab.UniqueId$1.accept(UniqueId.java:16)
	at lab.UniqueId$1.accept(UniqueId.java:12)
	at lab.Node.handleRequest(Node.java:97)
	at lab.Node.handleMessage(Node.java:71)
	at lab.Node.lambda$run$0(Node.java:44)
	at java.base/java.util.concurrent.ThreadPoolExecutor.runWorker(ThreadPoolExecutor.java:1144)
	at java.base/java.util.concurrent.ThreadPoolExecutor$Worker.run(ThreadPoolExecutor.java:642)
	at java.base/java.lang.Thread.run(Thread.java:1583)

2026-03-10T17:56:11 Unexpected exception handling (msg c8 n2 {"type":"generate","msg_id":72}) : java.lang.UnsupportedOperationException: Not a string: 72
java.lang.UnsupportedOperationException: Not a string: 72
	at com.eclipsesource.json.JsonValue.asString(JsonValue.java:384)
	at com.eclipsesource.json.JsonObject.getString(JsonObject.java:674)
	at lab.UniqueId$1.accept(UniqueId.java:16)
	at lab.UniqueId$1.accept(UniqueId.java:12)
	at lab.Node.handleRequest(Node.java:97)
	at lab.Node.handleMessage(Node.java:71)
	at lab.Node.lambda$run$0(Node.java:44)
	at java.base/java.util.concurrent.ThreadPoolExecutor.runWorker(ThreadPoolExecutor.java:1144)
	at java.base/java.util.concurrent.ThreadPoolExecutor$Worker.run(ThreadPoolExecutor.java:642)
	at java.base/java.lang.Thread.run(Thread.java:1583)

2026-03-10T17:56:11 Unexpected exception handling (msg c8 n2 {"type":"generate","msg_id":73}) : java.lang.UnsupportedOperationException: Not a string: 73
java.lang.UnsupportedOperationException: Not a string: 73
	at com.eclipsesource.json.JsonValue.asString(JsonValue.java:384)
	at com.eclipsesource.json.JsonObject.getString(JsonObject.java:674)
	at lab.UniqueId$1.accept(UniqueId.java:16)
	at lab.UniqueId$1.accept(UniqueId.java:12)
	at lab.Node.handleRequest(Node.java:97)
	at lab.Node.handleMessage(Node.java:71)
	at lab.Node.lambda$run$0(Node.java:44)
	at java.base/java.util.concurrent.ThreadPoolExecutor.runWorker(ThreadPoolExecutor.java:1144)
	at java.base/java.util.concurrent.ThreadPoolExecutor$Worker.run(ThreadPoolExecutor.java:642)
	at java.base/java.lang.Thread.run(Thread.java:1583)

2026-03-10T17:56:11 Unexpected exception handling (msg c8 n2 {"type":"generate","msg_id":74}) : java.lang.UnsupportedOperationException: Not a string: 74
java.lang.UnsupportedOperationException: Not a string: 74
	at com.eclipsesource.json.JsonValue.asString(JsonValue.java:384)
	at com.eclipsesource.json.JsonObject.getString(JsonObject.java:674)
	at lab.UniqueId$1.accept(UniqueId.java:16)
	at lab.UniqueId$1.accept(UniqueId.java:12)
	at lab.Node.handleRequest(Node.java:97)
	at lab.Node.handleMessage(Node.java:71)
	at lab.Node.lambda$run$0(Node.java:44)
	at java.base/java.util.concurrent.ThreadPoolExecutor.runWorker(ThreadPoolExecutor.java:1144)
	at java.base/java.util.concurrent.ThreadPoolExecutor$Worker.run(ThreadPoolExecutor.java:642)
	at java.base/java.lang.Thread.run(Thread.java:1583)

2026-03-10T17:56:11 Unexpected exception handling (msg c8 n2 {"type":"generate","msg_id":75}) : java.lang.UnsupportedOperationException: Not a string: 75
java.lang.UnsupportedOperationException: Not a string: 75
	at com.eclipsesource.json.JsonValue.asString(JsonValue.java:384)
	at com.eclipsesource.json.JsonObject.getString(JsonObject.java:674)
	at lab.UniqueId$1.accept(UniqueId.java:16)
	at lab.UniqueId$1.accept(UniqueId.java:12)
	at lab.Node.handleRequest(Node.java:97)
	at lab.Node.handleMessage(Node.java:71)
	at lab.Node.lambda$run$0(Node.java:44)
	at java.base/java.util.concurrent.ThreadPoolExecutor.runWorker(ThreadPoolExecutor.java:1144)
	at java.base/java.util.concurrent.ThreadPoolExecutor$Worker.run(ThreadPoolExecutor.java:642)
	at java.base/java.lang.Thread.run(Thread.java:1583)

2026-03-10T17:56:11 Unexpected exception handling (msg c8 n2 {"type":"generate","msg_id":76}) : java.lang.UnsupportedOperationException: Not a string: 76
java.lang.UnsupportedOperationException: Not a string: 76
	at com.eclipsesource.json.JsonValue.asString(JsonValue.java:384)
	at com.eclipsesource.json.JsonObject.getString(JsonObject.java:674)
	at lab.UniqueId$1.accept(UniqueId.java:16)
	at lab.UniqueId$1.accept(UniqueId.java:12)
	at lab.Node.handleRequest(Node.java:97)
	at lab.Node.handleMessage(Node.java:71)
	at lab.Node.lambda$run$0(Node.java:44)
	at java.base/java.util.concurrent.ThreadPoolExecutor.runWorker(ThreadPoolExecutor.java:1144)
	at java.base/java.util.concurrent.ThreadPoolExecutor$Worker.run(ThreadPoolExecutor.java:642)
	at java.base/java.lang.Thread.run(Thread.java:1583)

2026-03-10T17:56:11 Unexpected exception handling (msg c8 n2 {"type":"generate","msg_id":77}) : java.lang.UnsupportedOperationException: Not a string: 77
java.lang.UnsupportedOperationException: Not a string: 77
	at com.eclipsesource.json.JsonValue.asString(JsonValue.java:384)
	at com.eclipsesource.json.JsonObject.getString(JsonObject.java:674)
	at lab.UniqueId$1.accept(UniqueId.java:16)
	at lab.UniqueId$1.accept(UniqueId.java:12)
	at lab.Node.handleRequest(Node.java:97)
	at lab.Node.handleMessage(Node.java:71)
	at lab.Node.lambda$run$0(Node.java:44)
	at java.base/java.util.concurrent.ThreadPoolExecutor.runWorker(ThreadPoolExecutor.java:1144)
	at java.base/java.util.concurrent.ThreadPoolExecutor$Worker.run(ThreadPoolExecutor.java:642)
	at java.base/java.lang.Thread.run(Thread.java:1583)

2026-03-10T17:56:11 Unexpected exception handling (msg c8 n2 {"type":"generate","msg_id":78}) : java.lang.UnsupportedOperationException: Not a string: 78
java.lang.UnsupportedOperationException: Not a string: 78
	at com.eclipsesource.json.JsonValue.asString(JsonValue.java:384)
	at com.eclipsesource.json.JsonObject.getString(JsonObject.java:674)
	at lab.UniqueId$1.accept(UniqueId.java:16)
	at lab.UniqueId$1.accept(UniqueId.java:12)
	at lab.Node.handleRequest(Node.java:97)
	at lab.Node.handleMessage(Node.java:71)
	at lab.Node.lambda$run$0(Node.java:44)
	at java.base/java.util.concurrent.ThreadPoolExecutor.runWorker(ThreadPoolExecutor.java:1144)
	at java.base/java.util.concurrent.ThreadPoolExecutor$Worker.run(ThreadPoolExecutor.java:642)
	at java.base/java.lang.Thread.run(Thread.java:1583)

2026-03-10T17:56:11 Unexpected exception handling (msg c8 n2 {"type":"generate","msg_id":79}) : java.lang.UnsupportedOperationException: Not a string: 79
java.lang.UnsupportedOperationException: Not a string: 79
	at com.eclipsesource.json.JsonValue.asString(JsonValue.java:384)
	at com.eclipsesource.json.JsonObject.getString(JsonObject.java:674)
	at lab.UniqueId$1.accept(UniqueId.java:16)
	at lab.UniqueId$1.accept(UniqueId.java:12)
	at lab.Node.handleRequest(Node.java:97)
	at lab.Node.handleMessage(Node.java:71)
	at lab.Node.lambda$run$0(Node.java:44)
	at java.base/java.util.concurrent.ThreadPoolExecutor.runWorker(ThreadPoolExecutor.java:1144)
	at java.base/java.util.concurrent.ThreadPoolExecutor$Worker.run(ThreadPoolExecutor.java:642)
	at java.base/java.lang.Thread.run(Thread.java:1583)

2026-03-10T17:56:11 Unexpected exception handling (msg c8 n2 {"type":"generate","msg_id":80}) : java.lang.UnsupportedOperationException: Not a string: 80
java.lang.UnsupportedOperationException: Not a string: 80
	at com.eclipsesource.json.JsonValue.asString(JsonValue.java:384)
	at com.eclipsesource.json.JsonObject.getString(JsonObject.java:674)
	at lab.UniqueId$1.accept(UniqueId.java:16)
	at lab.UniqueId$1.accept(UniqueId.java:12)
	at lab.Node.handleRequest(Node.java:97)
	at lab.Node.handleMessage(Node.java:71)
	at lab.Node.lambda$run$0(Node.java:44)
	at java.base/java.util.concurrent.ThreadPoolExecutor.runWorker(ThreadPoolExecutor.java:1144)
	at java.base/java.util.concurrent.ThreadPoolExecutor$Worker.run(ThreadPoolExecutor.java:642)
	at java.base/java.lang.Thread.run(Thread.java:1583)

2026-03-10T17:56:11 Unexpected exception handling (msg c8 n2 {"type":"generate","msg_id":81}) : java.lang.UnsupportedOperationException: Not a string: 81
java.lang.UnsupportedOperationException: Not a string: 81
	at com.eclipsesource.json.JsonValue.asString(JsonValue.java:384)
	at com.eclipsesource.json.JsonObject.getString(JsonObject.java:674)
	at lab.UniqueId$1.accept(UniqueId.java:16)
	at lab.UniqueId$1.accept(UniqueId.java:12)
	at lab.Node.handleRequest(Node.java:97)
	at lab.Node.handleMessage(Node.java:71)
	at lab.Node.lambda$run$0(Node.java:44)
	at java.base/java.util.concurrent.ThreadPoolExecutor.runWorker(ThreadPoolExecutor.java:1144)
	at java.base/java.util.concurrent.ThreadPoolExecutor$Worker.run(ThreadPoolExecutor.java:642)
	at java.base/java.lang.Thread.run(Thread.java:1583)

2026-03-10T17:56:11 Unexpected exception handling (msg c8 n2 {"type":"generate","msg_id":82}) : java.lang.UnsupportedOperationException: Not a string: 82
java.lang.UnsupportedOperationException: Not a string: 82
	at com.eclipsesource.json.JsonValue.asString(JsonValue.java:384)
	at com.eclipsesource.json.JsonObject.getString(JsonObject.java:674)
	at lab.UniqueId$1.accept(UniqueId.java:16)
	at lab.UniqueId$1.accept(UniqueId.java:12)
	at lab.Node.handleRequest(Node.java:97)
	at lab.Node.handleMessage(Node.java:71)
	at lab.Node.lambda$run$0(Node.java:44)
	at java.base/java.util.concurrent.ThreadPoolExecutor.runWorker(ThreadPoolExecutor.java:1144)
	at java.base/java.util.concurrent.ThreadPoolExecutor$Worker.run(ThreadPoolExecutor.java:642)
	at java.base/java.lang.Thread.run(Thread.java:1583)

2026-03-10T17:56:11 Unexpected exception handling (msg c8 n2 {"type":"generate","msg_id":83}) : java.lang.UnsupportedOperationException: Not a string: 83
java.lang.UnsupportedOperationException: Not a string: 83
	at com.eclipsesource.json.JsonValue.asString(JsonValue.java:384)
	at com.eclipsesource.json.JsonObject.getString(JsonObject.java:674)
	at lab.UniqueId$1.accept(UniqueId.java:16)
	at lab.UniqueId$1.accept(UniqueId.java:12)
	at lab.Node.handleRequest(Node.java:97)
	at lab.Node.handleMessage(Node.java:71)
	at lab.Node.lambda$run$0(Node.java:44)
	at java.base/java.util.concurrent.ThreadPoolExecutor.runWorker(ThreadPoolExecutor.java:1144)
	at java.base/java.util.concurrent.ThreadPoolExecutor$Worker.run(ThreadPoolExecutor.java:642)
	at java.base/java.lang.Thread.run(Thread.java:1583)

2026-03-10T17:56:11 Unexpected exception handling (msg c8 n2 {"type":"generate","msg_id":84}) : java.lang.UnsupportedOperationException: Not a string: 84
java.lang.UnsupportedOperationException: Not a string: 84
	at com.eclipsesource.json.JsonValue.asString(JsonValue.java:384)
	at com.eclipsesource.json.JsonObject.getString(JsonObject.java:674)
	at lab.UniqueId$1.accept(UniqueId.java:16)
	at lab.UniqueId$1.accept(UniqueId.java:12)
	at lab.Node.handleRequest(Node.java:97)
	at lab.Node.handleMessage(Node.java:71)
	at lab.Node.lambda$run$0(Node.java:44)
	at java.base/java.util.concurrent.ThreadPoolExecutor.runWorker(ThreadPoolExecutor.java:1144)
	at java.base/java.util.concurrent.ThreadPoolExecutor$Worker.run(ThreadPoolExecutor.java:642)
	at java.base/java.lang.Thread.run(Thread.java:1583)

2026-03-10T17:56:11 Unexpected exception handling (msg c8 n2 {"type":"generate","msg_id":85}) : java.lang.UnsupportedOperationException: Not a string: 85
java.lang.UnsupportedOperationException: Not a string: 85
	at com.eclipsesource.json.JsonValue.asString(JsonValue.java:384)
	at com.eclipsesource.json.JsonObject.getString(JsonObject.java:674)
	at lab.UniqueId$1.accept(UniqueId.java:16)
	at lab.UniqueId$1.accept(UniqueId.java:12)
	at lab.Node.handleRequest(Node.java:97)
	at lab.Node.handleMessage(Node.java:71)
	at lab.Node.lambda$run$0(Node.java:44)
	at java.base/java.util.concurrent.ThreadPoolExecutor.runWorker(ThreadPoolExecutor.java:1144)
	at java.base/java.util.concurrent.ThreadPoolExecutor$Worker.run(ThreadPoolExecutor.java:642)
	at java.base/java.lang.Thread.run(Thread.java:1583)

2026-03-10T17:56:11 Unexpected exception handling (msg c8 n2 {"type":"generate","msg_id":86}) : java.lang.UnsupportedOperationException: Not a string: 86
java.lang.UnsupportedOperationException: Not a string: 86
	at com.eclipsesource.json.JsonValue.asString(JsonValue.java:384)
	at com.eclipsesource.json.JsonObject.getString(JsonObject.java:674)
	at lab.UniqueId$1.accept(UniqueId.java:16)
	at lab.UniqueId$1.accept(UniqueId.java:12)
	at lab.Node.handleRequest(Node.java:97)
	at lab.Node.handleMessage(Node.java:71)
	at lab.Node.lambda$run$0(Node.java:44)
	at java.base/java.util.concurrent.ThreadPoolExecutor.runWorker(ThreadPoolExecutor.java:1144)
	at java.base/java.util.concurrent.ThreadPoolExecutor$Worker.run(ThreadPoolExecutor.java:642)
	at java.base/java.lang.Thread.run(Thread.java:1583)

2026-03-10T17:56:11 Unexpected exception handling (msg c8 n2 {"type":"generate","msg_id":87}) : java.lang.UnsupportedOperationException: Not a string: 87
java.lang.UnsupportedOperationException: Not a string: 87
	at com.eclipsesource.json.JsonValue.asString(JsonValue.java:384)
	at com.eclipsesource.json.JsonObject.getString(JsonObject.java:674)
	at lab.UniqueId$1.accept(UniqueId.java:16)
	at lab.UniqueId$1.accept(UniqueId.java:12)
	at lab.Node.handleRequest(Node.java:97)
	at lab.Node.handleMessage(Node.java:71)
	at lab.Node.lambda$run$0(Node.java:44)
	at java.base/java.util.concurrent.ThreadPoolExecutor.runWorker(ThreadPoolExecutor.java:1144)
	at java.base/java.util.concurrent.ThreadPoolExecutor$Worker.run(ThreadPoolExecutor.java:642)
	at java.base/java.lang.Thread.run(Thread.java:1583)

2026-03-10T17:56:11 Unexpected exception handling (msg c8 n2 {"type":"generate","msg_id":88}) : java.lang.UnsupportedOperationException: Not a string: 88
java.lang.UnsupportedOperationException: Not a string: 88
	at com.eclipsesource.json.JsonValue.asString(JsonValue.java:384)
	at com.eclipsesource.json.JsonObject.getString(JsonObject.java:674)
	at lab.UniqueId$1.accept(UniqueId.java:16)
	at lab.UniqueId$1.accept(UniqueId.java:12)
	at lab.Node.handleRequest(Node.java:97)
	at lab.Node.handleMessage(Node.java:71)
	at lab.Node.lambda$run$0(Node.java:44)
	at java.base/java.util.concurrent.ThreadPoolExecutor.runWorker(ThreadPoolExecutor.java:1144)
	at java.base/java.util.concurrent.ThreadPoolExecutor$Worker.run(ThreadPoolExecutor.java:642)
	at java.base/java.lang.Thread.run(Thread.java:1583)

2026-03-10T17:56:11 Unexpected exception handling (msg c8 n2 {"type":"generate","msg_id":89}) : java.lang.UnsupportedOperationException: Not a string: 89
java.lang.UnsupportedOperationException: Not a string: 89
	at com.eclipsesource.json.JsonValue.asString(JsonValue.java:384)
	at com.eclipsesource.json.JsonObject.getString(JsonObject.java:674)
	at lab.UniqueId$1.accept(UniqueId.java:16)
	at lab.UniqueId$1.accept(UniqueId.java:12)
	at lab.Node.handleRequest(Node.java:97)
	at lab.Node.handleMessage(Node.java:71)
	at lab.Node.lambda$run$0(Node.java:44)
	at java.base/java.util.concurrent.ThreadPoolExecutor.runWorker(ThreadPoolExecutor.java:1144)
	at java.base/java.util.concurrent.ThreadPoolExecutor$Worker.run(ThreadPoolExecutor.java:642)
	at java.base/java.lang.Thread.run(Thread.java:1583)

2026-03-10T17:56:11 Unexpected exception handling (msg c8 n2 {"type":"generate","msg_id":90}) : java.lang.UnsupportedOperationException: Not a string: 90
java.lang.UnsupportedOperationException: Not a string: 90
	at com.eclipsesource.json.JsonValue.asString(JsonValue.java:384)
	at com.eclipsesource.json.JsonObject.getString(JsonObject.java:674)
	at lab.UniqueId$1.accept(UniqueId.java:16)
	at lab.UniqueId$1.accept(UniqueId.java:12)
	at lab.Node.handleRequest(Node.java:97)
	at lab.Node.handleMessage(Node.java:71)
	at lab.Node.lambda$run$0(Node.java:44)
	at java.base/java.util.concurrent.ThreadPoolExecutor.runWorker(ThreadPoolExecutor.java:1144)
	at java.base/java.util.concurrent.ThreadPoolExecutor$Worker.run(ThreadPoolExecutor.java:642)
	at java.base/java.lang.Thread.run(Thread.java:1583)

2026-03-10T17:56:11 Unexpected exception handling (msg c8 n2 {"type":"generate","msg_id":91}) : java.lang.UnsupportedOperationException: Not a string: 91
java.lang.UnsupportedOperationException: Not a string: 91
	at com.eclipsesource.json.JsonValue.asString(JsonValue.java:384)
	at com.eclipsesource.json.JsonObject.getString(JsonObject.java:674)
	at lab.UniqueId$1.accept(UniqueId.java:16)
	at lab.UniqueId$1.accept(UniqueId.java:12)
	at lab.Node.handleRequest(Node.java:97)
	at lab.Node.handleMessage(Node.java:71)
	at lab.Node.lambda$run$0(Node.java:44)
	at java.base/java.util.concurrent.ThreadPoolExecutor.runWorker(ThreadPoolExecutor.java:1144)
	at java.base/java.util.concurrent.ThreadPoolExecutor$Worker.run(ThreadPoolExecutor.java:642)
	at java.base/java.lang.Thread.run(Thread.java:1583)

2026-03-10T17:56:11 Unexpected exception handling (msg c8 n2 {"type":"generate","msg_id":92}) : java.lang.UnsupportedOperationException: Not a string: 92
java.lang.UnsupportedOperationException: Not a string: 92
	at com.eclipsesource.json.JsonValue.asString(JsonValue.java:384)
	at com.eclipsesource.json.JsonObject.getString(JsonObject.java:674)
	at lab.UniqueId$1.accept(UniqueId.java:16)
	at lab.UniqueId$1.accept(UniqueId.java:12)
	at lab.Node.handleRequest(Node.java:97)
	at lab.Node.handleMessage(Node.java:71)
	at lab.Node.lambda$run$0(Node.java:44)
	at java.base/java.util.concurrent.ThreadPoolExecutor.runWorker(ThreadPoolExecutor.java:1144)
	at java.base/java.util.concurrent.ThreadPoolExecutor$Worker.run(ThreadPoolExecutor.java:642)
	at java.base/java.lang.Thread.run(Thread.java:1583)

2026-03-10T17:56:11 Unexpected exception handling (msg c8 n2 {"type":"generate","msg_id":93}) : java.lang.UnsupportedOperationException: Not a string: 93
java.lang.UnsupportedOperationException: Not a string: 93
	at com.eclipsesource.json.JsonValue.asString(JsonValue.java:384)
	at com.eclipsesource.json.JsonObject.getString(JsonObject.java:674)
	at lab.UniqueId$1.accept(UniqueId.java:16)
	at lab.UniqueId$1.accept(UniqueId.java:12)
	at lab.Node.handleRequest(Node.java:97)
	at lab.Node.handleMessage(Node.java:71)
	at lab.Node.lambda$run$0(Node.java:44)
	at java.base/java.util.concurrent.ThreadPoolExecutor.runWorker(ThreadPoolExecutor.java:1144)
	at java.base/java.util.concurrent.ThreadPoolExecutor$Worker.run(ThreadPoolExecutor.java:642)
	at java.base/java.lang.Thread.run(Thread.java:1583)

2026-03-10T17:56:11 Unexpected exception handling (msg c8 n2 {"type":"generate","msg_id":94}) : java.lang.UnsupportedOperationException: Not a string: 94
java.lang.UnsupportedOperationException: Not a string: 94
	at com.eclipsesource.json.JsonValue.asString(JsonValue.java:384)
	at com.eclipsesource.json.JsonObject.getString(JsonObject.java:674)
	at lab.UniqueId$1.accept(UniqueId.java:16)
	at lab.UniqueId$1.accept(UniqueId.java:12)
	at lab.Node.handleRequest(Node.java:97)
	at lab.Node.handleMessage(Node.java:71)
	at lab.Node.lambda$run$0(Node.java:44)
	at java.base/java.util.concurrent.ThreadPoolExecutor.runWorker(ThreadPoolExecutor.java:1144)
	at java.base/java.util.concurrent.ThreadPoolExecutor$Worker.run(ThreadPoolExecutor.java:642)
	at java.base/java.lang.Thread.run(Thread.java:1583)

2026-03-10T17:56:11 Unexpected exception handling (msg c8 n2 {"type":"generate","msg_id":95}) : java.lang.UnsupportedOperationException: Not a string: 95
java.lang.UnsupportedOperationException: Not a string: 95
	at com.eclipsesource.json.JsonValue.asString(JsonValue.java:384)
	at com.eclipsesource.json.JsonObject.getString(JsonObject.java:674)
	at lab.UniqueId$1.accept(UniqueId.java:16)
	at lab.UniqueId$1.accept(UniqueId.java:12)
	at lab.Node.handleRequest(Node.java:97)
	at lab.Node.handleMessage(Node.java:71)
	at lab.Node.lambda$run$0(Node.java:44)
	at java.base/java.util.concurrent.ThreadPoolExecutor.runWorker(ThreadPoolExecutor.java:1144)
	at java.base/java.util.concurrent.ThreadPoolExecutor$Worker.run(ThreadPoolExecutor.java:642)
	at java.base/java.lang.Thread.run(Thread.java:1583)

2026-03-10T17:56:11 Unexpected exception handling (msg c8 n2 {"type":"generate","msg_id":96}) : java.lang.UnsupportedOperationException: Not a string: 96
java.lang.UnsupportedOperationException: Not a string: 96
	at com.eclipsesource.json.JsonValue.asString(JsonValue.java:384)
	at com.eclipsesource.json.JsonObject.getString(JsonObject.java:674)
	at lab.UniqueId$1.accept(UniqueId.java:16)
	at lab.UniqueId$1.accept(UniqueId.java:12)
	at lab.Node.handleRequest(Node.java:97)
	at lab.Node.handleMessage(Node.java:71)
	at lab.Node.lambda$run$0(Node.java:44)
	at java.base/java.util.concurrent.ThreadPoolExecutor.runWorker(ThreadPoolExecutor.java:1144)
	at java.base/java.util.concurrent.ThreadPoolExecutor$Worker.run(ThreadPoolExecutor.java:642)
	at java.base/java.lang.Thread.run(Thread.java:1583)

2026-03-10T17:56:11 Unexpected exception handling (msg c8 n2 {"type":"generate","msg_id":97}) : java.lang.UnsupportedOperationException: Not a string: 97
java.lang.UnsupportedOperationException: Not a string: 97
	at com.eclipsesource.json.JsonValue.asString(JsonValue.java:384)
	at com.eclipsesource.json.JsonObject.getString(JsonObject.java:674)
	at lab.UniqueId$1.accept(UniqueId.java:16)
	at lab.UniqueId$1.accept(UniqueId.java:12)
	at lab.Node.handleRequest(Node.java:97)
	at lab.Node.handleMessage(Node.java:71)
	at lab.Node.lambda$run$0(Node.java:44)
	at java.base/java.util.concurrent.ThreadPoolExecutor.runWorker(ThreadPoolExecutor.java:1144)
	at java.base/java.util.concurrent.ThreadPoolExecutor$Worker.run(ThreadPoolExecutor.java:642)
	at java.base/java.lang.Thread.run(Thread.java:1583)

2026-03-10T17:56:11 Unexpected exception handling (msg c8 n2 {"type":"generate","msg_id":98}) : java.lang.UnsupportedOperationException: Not a string: 98
java.lang.UnsupportedOperationException: Not a string: 98
	at com.eclipsesource.json.JsonValue.asString(JsonValue.java:384)
	at com.eclipsesource.json.JsonObject.getString(JsonObject.java:674)
	at lab.UniqueId$1.accept(UniqueId.java:16)
	at lab.UniqueId$1.accept(UniqueId.java:12)
	at lab.Node.handleRequest(Node.java:97)
	at lab.Node.handleMessage(Node.java:71)
	at lab.Node.lambda$run$0(Node.java:44)
	at java.base/java.util.concurrent.ThreadPoolExecutor.runWorker(ThreadPoolExecutor.java:1144)
	at java.base/java.util.concurrent.ThreadPoolExecutor$Worker.run(ThreadPoolExecutor.java:642)
	at java.base/java.lang.Thread.run(Thread.java:1583)

2026-03-10T17:56:11 Unexpected exception handling (msg c8 n2 {"type":"generate","msg_id":99}) : java.lang.UnsupportedOperationException: Not a string: 99
java.lang.UnsupportedOperationException: Not a string: 99
	at com.eclipsesource.json.JsonValue.asString(JsonValue.java:384)
	at com.eclipsesource.json.JsonObject.getString(JsonObject.java:674)
	at lab.UniqueId$1.accept(UniqueId.java:16)
	at lab.UniqueId$1.accept(UniqueId.java:12)
	at lab.Node.handleRequest(Node.java:97)
	at lab.Node.handleMessage(Node.java:71)
	at lab.Node.lambda$run$0(Node.java:44)
	at java.base/java.util.concurrent.ThreadPoolExecutor.runWorker(ThreadPoolExecutor.java:1144)
	at java.base/java.util.concurrent.ThreadPoolExecutor$Worker.run(ThreadPoolExecutor.java:642)
	at java.base/java.lang.Thread.run(Thread.java:1583)

2026-03-10T17:56:11 Unexpected exception handling (msg c8 n2 {"type":"generate","msg_id":100}) : java.lang.UnsupportedOperationException: Not a string: 100
java.lang.UnsupportedOperationException: Not a string: 100
	at com.eclipsesource.json.JsonValue.asString(JsonValue.java:384)
	at com.eclipsesource.json.JsonObject.getString(JsonObject.java:674)
	at lab.UniqueId$1.accept(UniqueId.java:16)
	at lab.UniqueId$1.accept(UniqueId.java:12)
	at lab.Node.handleRequest(Node.java:97)
	at lab.Node.handleMessage(Node.java:71)
	at lab.Node.lambda$run$0(Node.java:44)
	at java.base/java.util.concurrent.ThreadPoolExecutor.runWorker(ThreadPoolExecutor.java:1144)
	at java.base/java.util.concurrent.ThreadPoolExecutor$Worker.run(ThreadPoolExecutor.java:642)
	at java.base/java.lang.Thread.run(Thread.java:1583)

2026-03-10T17:56:11 Unexpected exception handling (msg c8 n2 {"type":"generate","msg_id":101}) : java.lang.UnsupportedOperationException: Not a string: 101
java.lang.UnsupportedOperationException: Not a string: 101
	at com.eclipsesource.json.JsonValue.asString(JsonValue.java:384)
	at com.eclipsesource.json.JsonObject.getString(JsonObject.java:674)
	at lab.UniqueId$1.accept(UniqueId.java:16)
	at lab.UniqueId$1.accept(UniqueId.java:12)
	at lab.Node.handleRequest(Node.java:97)
	at lab.Node.handleMessage(Node.java:71)
	at lab.Node.lambda$run$0(Node.java:44)
	at java.base/java.util.concurrent.ThreadPoolExecutor.runWorker(ThreadPoolExecutor.java:1144)
	at java.base/java.util.concurrent.ThreadPoolExecutor$Worker.run(ThreadPoolExecutor.java:642)
	at java.base/java.lang.Thread.run(Thread.java:1583)

2026-03-10T17:56:11 Unexpected exception handling (msg c8 n2 {"type":"generate","msg_id":102}) : java.lang.UnsupportedOperationException: Not a string: 102
java.lang.UnsupportedOperationException: Not a string: 102
	at com.eclipsesource.json.JsonValue.asString(JsonValue.java:384)
	at com.eclipsesource.json.JsonObject.getString(JsonObject.java:674)
	at lab.UniqueId$1.accept(UniqueId.java:16)
	at lab.UniqueId$1.accept(UniqueId.java:12)
	at lab.Node.handleRequest(Node.java:97)
	at lab.Node.handleMessage(Node.java:71)
	at lab.Node.lambda$run$0(Node.java:44)
	at java.base/java.util.concurrent.ThreadPoolExecutor.runWorker(ThreadPoolExecutor.java:1144)
	at java.base/java.util.concurrent.ThreadPoolExecutor$Worker.run(ThreadPoolExecutor.java:642)
	at java.base/java.lang.Thread.run(Thread.java:1583)

2026-03-10T17:56:11 Unexpected exception handling (msg c8 n2 {"type":"generate","msg_id":103}) : java.lang.UnsupportedOperationException: Not a string: 103
java.lang.UnsupportedOperationException: Not a string: 103
	at com.eclipsesource.json.JsonValue.asString(JsonValue.java:384)
	at com.eclipsesource.json.JsonObject.getString(JsonObject.java:674)
	at lab.UniqueId$1.accept(UniqueId.java:16)
	at lab.UniqueId$1.accept(UniqueId.java:12)
	at lab.Node.handleRequest(Node.java:97)
	at lab.Node.handleMessage(Node.java:71)
	at lab.Node.lambda$run$0(Node.java:44)
	at java.base/java.util.concurrent.ThreadPoolExecutor.runWorker(ThreadPoolExecutor.java:1144)
	at java.base/java.util.concurrent.ThreadPoolExecutor$Worker.run(ThreadPoolExecutor.java:642)
	at java.base/java.lang.Thread.run(Thread.java:1583)

2026-03-10T17:56:11 Unexpected exception handling (msg c8 n2 {"type":"generate","msg_id":104}) : java.lang.UnsupportedOperationException: Not a string: 104
java.lang.UnsupportedOperationException: Not a string: 104
	at com.eclipsesource.json.JsonValue.asString(JsonValue.java:384)
	at com.eclipsesource.json.JsonObject.getString(JsonObject.java:674)
	at lab.UniqueId$1.accept(UniqueId.java:16)
	at lab.UniqueId$1.accept(UniqueId.java:12)
	at lab.Node.handleRequest(Node.java:97)
	at lab.Node.handleMessage(Node.java:71)
	at lab.Node.lambda$run$0(Node.java:44)
	at java.base/java.util.concurrent.ThreadPoolExecutor.runWorker(ThreadPoolExecutor.java:1144)
	at java.base/java.util.concurrent.ThreadPoolExecutor$Worker.run(ThreadPoolExecutor.java:642)
	at java.base/java.lang.Thread.run(Thread.java:1583)

2026-03-10T17:56:11 Unexpected exception handling (msg c8 n2 {"type":"generate","msg_id":105}) : java.lang.UnsupportedOperationException: Not a string: 105
java.lang.UnsupportedOperationException: Not a string: 105
	at com.eclipsesource.json.JsonValue.asString(JsonValue.java:384)
	at com.eclipsesource.json.JsonObject.getString(JsonObject.java:674)
	at lab.UniqueId$1.accept(UniqueId.java:16)
	at lab.UniqueId$1.accept(UniqueId.java:12)
	at lab.Node.handleRequest(Node.java:97)
	at lab.Node.handleMessage(Node.java:71)
	at lab.Node.lambda$run$0(Node.java:44)
	at java.base/java.util.concurrent.ThreadPoolExecutor.runWorker(ThreadPoolExecutor.java:1144)
	at java.base/java.util.concurrent.ThreadPoolExecutor$Worker.run(ThreadPoolExecutor.java:642)
	at java.base/java.lang.Thread.run(Thread.java:1583)

2026-03-10T17:56:11 Unexpected exception handling (msg c8 n2 {"type":"generate","msg_id":106}) : java.lang.UnsupportedOperationException: Not a string: 106
java.lang.UnsupportedOperationException: Not a string: 106
	at com.eclipsesource.json.JsonValue.asString(JsonValue.java:384)
	at com.eclipsesource.json.JsonObject.getString(JsonObject.java:674)
	at lab.UniqueId$1.accept(UniqueId.java:16)
	at lab.UniqueId$1.accept(UniqueId.java:12)
	at lab.Node.handleRequest(Node.java:97)
	at lab.Node.handleMessage(Node.java:71)
	at lab.Node.lambda$run$0(Node.java:44)
	at java.base/java.util.concurrent.ThreadPoolExecutor.runWorker(ThreadPoolExecutor.java:1144)
	at java.base/java.util.concurrent.ThreadPoolExecutor$Worker.run(ThreadPoolExecutor.java:642)
	at java.base/java.lang.Thread.run(Thread.java:1583)

2026-03-10T17:56:11 Unexpected exception handling (msg c8 n2 {"type":"generate","msg_id":107}) : java.lang.UnsupportedOperationException: Not a string: 107
java.lang.UnsupportedOperationException: Not a string: 107
	at com.eclipsesource.json.JsonValue.asString(JsonValue.java:384)
	at com.eclipsesource.json.JsonObject.getString(JsonObject.java:674)
	at lab.UniqueId$1.accept(UniqueId.java:16)
	at lab.UniqueId$1.accept(UniqueId.java:12)
	at lab.Node.handleRequest(Node.java:97)
	at lab.Node.handleMessage(Node.java:71)
	at lab.Node.lambda$run$0(Node.java:44)
	at java.base/java.util.concurrent.ThreadPoolExecutor.runWorker(ThreadPoolExecutor.java:1144)
	at java.base/java.util.concurrent.ThreadPoolExecutor$Worker.run(ThreadPoolExecutor.java:642)
	at java.base/java.lang.Thread.run(Thread.java:1583)

2026-03-10T17:56:11 Unexpected exception handling (msg c8 n2 {"type":"generate","msg_id":108}) : java.lang.UnsupportedOperationException: Not a string: 108
java.lang.UnsupportedOperationException: Not a string: 108
	at com.eclipsesource.json.JsonValue.asString(JsonValue.java:384)
	at com.eclipsesource.json.JsonObject.getString(JsonObject.java:674)
	at lab.UniqueId$1.accept(UniqueId.java:16)
	at lab.UniqueId$1.accept(UniqueId.java:12)
	at lab.Node.handleRequest(Node.java:97)
	at lab.Node.handleMessage(Node.java:71)
	at lab.Node.lambda$run$0(Node.java:44)
	at java.base/java.util.concurrent.ThreadPoolExecutor.runWorker(ThreadPoolExecutor.java:1144)
	at java.base/java.util.concurrent.ThreadPoolExecutor$Worker.run(ThreadPoolExecutor.java:642)
	at java.base/java.lang.Thread.run(Thread.java:1583)

2026-03-10T17:56:11 Unexpected exception handling (msg c8 n2 {"type":"generate","msg_id":109}) : java.lang.UnsupportedOperationException: Not a string: 109
java.lang.UnsupportedOperationException: Not a string: 109
	at com.eclipsesource.json.JsonValue.asString(JsonValue.java:384)
	at com.eclipsesource.json.JsonObject.getString(JsonObject.java:674)
	at lab.UniqueId$1.accept(UniqueId.java:16)
	at lab.UniqueId$1.accept(UniqueId.java:12)
	at lab.Node.handleRequest(Node.java:97)
	at lab.Node.handleMessage(Node.java:71)
	at lab.Node.lambda$run$0(Node.java:44)
	at java.base/java.util.concurrent.ThreadPoolExecutor.runWorker(ThreadPoolExecutor.java:1144)
	at java.base/java.util.concurrent.ThreadPoolExecutor$Worker.run(ThreadPoolExecutor.java:642)
	at java.base/java.lang.Thread.run(Thread.java:1583)

2026-03-10T17:56:11 Unexpected exception handling (msg c8 n2 {"type":"generate","msg_id":110}) : java.lang.UnsupportedOperationException: Not a string: 110
java.lang.UnsupportedOperationException: Not a string: 110
	at com.eclipsesource.json.JsonValue.asString(JsonValue.java:384)
	at com.eclipsesource.json.JsonObject.getString(JsonObject.java:674)
	at lab.UniqueId$1.accept(UniqueId.java:16)
	at lab.UniqueId$1.accept(UniqueId.java:12)
	at lab.Node.handleRequest(Node.java:97)
	at lab.Node.handleMessage(Node.java:71)
	at lab.Node.lambda$run$0(Node.java:44)
	at java.base/java.util.concurrent.ThreadPoolExecutor.runWorker(ThreadPoolExecutor.java:1144)
	at java.base/java.util.concurrent.ThreadPoolExecutor$Worker.run(ThreadPoolExecutor.java:642)
	at java.base/java.lang.Thread.run(Thread.java:1583)

2026-03-10T17:56:11 Unexpected exception handling (msg c8 n2 {"type":"generate","msg_id":111}) : java.lang.UnsupportedOperationException: Not a string: 111
java.lang.UnsupportedOperationException: Not a string: 111
	at com.eclipsesource.json.JsonValue.asString(JsonValue.java:384)
	at com.eclipsesource.json.JsonObject.getString(JsonObject.java:674)
	at lab.UniqueId$1.accept(UniqueId.java:16)
	at lab.UniqueId$1.accept(UniqueId.java:12)
	at lab.Node.handleRequest(Node.java:97)
	at lab.Node.handleMessage(Node.java:71)
	at lab.Node.lambda$run$0(Node.java:44)
	at java.base/java.util.concurrent.ThreadPoolExecutor.runWorker(ThreadPoolExecutor.java:1144)
	at java.base/java.util.concurrent.ThreadPoolExecutor$Worker.run(ThreadPoolExecutor.java:642)
	at java.base/java.lang.Thread.run(Thread.java:1583)

2026-03-10T17:56:12 Unexpected exception handling (msg c8 n2 {"type":"generate","msg_id":112}) : java.lang.UnsupportedOperationException: Not a string: 112
java.lang.UnsupportedOperationException: Not a string: 112
	at com.eclipsesource.json.JsonValue.asString(JsonValue.java:384)
	at com.eclipsesource.json.JsonObject.getString(JsonObject.java:674)
	at lab.UniqueId$1.accept(UniqueId.java:16)
	at lab.UniqueId$1.accept(UniqueId.java:12)
	at lab.Node.handleRequest(Node.java:97)
	at lab.Node.handleMessage(Node.java:71)
	at lab.Node.lambda$run$0(Node.java:44)
	at java.base/java.util.concurrent.ThreadPoolExecutor.runWorker(ThreadPoolExecutor.java:1144)
	at java.base/java.util.concurrent.ThreadPoolExecutor$Worker.run(ThreadPoolExecutor.java:642)
	at java.base/java.lang.Thread.run(Thread.java:1583)

2026-03-10T17:56:12 Unexpected exception handling (msg c8 n2 {"type":"generate","msg_id":113}) : java.lang.UnsupportedOperationException: Not a string: 113
java.lang.UnsupportedOperationException: Not a string: 113
	at com.eclipsesource.json.JsonValue.asString(JsonValue.java:384)
	at com.eclipsesource.json.JsonObject.getString(JsonObject.java:674)
	at lab.UniqueId$1.accept(UniqueId.java:16)
	at lab.UniqueId$1.accept(UniqueId.java:12)
	at lab.Node.handleRequest(Node.java:97)
	at lab.Node.handleMessage(Node.java:71)
	at lab.Node.lambda$run$0(Node.java:44)
	at java.base/java.util.concurrent.ThreadPoolExecutor.runWorker(ThreadPoolExecutor.java:1144)
	at java.base/java.util.concurrent.ThreadPoolExecutor$Worker.run(ThreadPoolExecutor.java:642)
	at java.base/java.lang.Thread.run(Thread.java:1583)

2026-03-10T17:56:12 Unexpected exception handling (msg c8 n2 {"type":"generate","msg_id":114}) : java.lang.UnsupportedOperationException: Not a string: 114
java.lang.UnsupportedOperationException: Not a string: 114
	at com.eclipsesource.json.JsonValue.asString(JsonValue.java:384)
	at com.eclipsesource.json.JsonObject.getString(JsonObject.java:674)
	at lab.UniqueId$1.accept(UniqueId.java:16)
	at lab.UniqueId$1.accept(UniqueId.java:12)
	at lab.Node.handleRequest(Node.java:97)
	at lab.Node.handleMessage(Node.java:71)
	at lab.Node.lambda$run$0(Node.java:44)
	at java.base/java.util.concurrent.ThreadPoolExecutor.runWorker(ThreadPoolExecutor.java:1144)
	at java.base/java.util.concurrent.ThreadPoolExecutor$Worker.run(ThreadPoolExecutor.java:642)
	at java.base/java.lang.Thread.run(Thread.java:1583)

2026-03-10T17:56:12 Unexpected exception handling (msg c8 n2 {"type":"generate","msg_id":115}) : java.lang.UnsupportedOperationException: Not a string: 115
java.lang.UnsupportedOperationException: Not a string: 115
	at com.eclipsesource.json.JsonValue.asString(JsonValue.java:384)
	at com.eclipsesource.json.JsonObject.getString(JsonObject.java:674)
	at lab.UniqueId$1.accept(UniqueId.java:16)
	at lab.UniqueId$1.accept(UniqueId.java:12)
	at lab.Node.handleRequest(Node.java:97)
	at lab.Node.handleMessage(Node.java:71)
	at lab.Node.lambda$run$0(Node.java:44)
	at java.base/java.util.concurrent.ThreadPoolExecutor.runWorker(ThreadPoolExecutor.java:1144)
	at java.base/java.util.concurrent.ThreadPoolExecutor$Worker.run(ThreadPoolExecutor.java:642)
	at java.base/java.lang.Thread.run(Thread.java:1583)

2026-03-10T17:56:12 Unexpected exception handling (msg c8 n2 {"type":"generate","msg_id":116}) : java.lang.UnsupportedOperationException: Not a string: 116
java.lang.UnsupportedOperationException: Not a string: 116
	at com.eclipsesource.json.JsonValue.asString(JsonValue.java:384)
	at com.eclipsesource.json.JsonObject.getString(JsonObject.java:674)
	at lab.UniqueId$1.accept(UniqueId.java:16)
	at lab.UniqueId$1.accept(UniqueId.java:12)
	at lab.Node.handleRequest(Node.java:97)
	at lab.Node.handleMessage(Node.java:71)
	at lab.Node.lambda$run$0(Node.java:44)
	at java.base/java.util.concurrent.ThreadPoolExecutor.runWorker(ThreadPoolExecutor.java:1144)
	at java.base/java.util.concurrent.ThreadPoolExecutor$Worker.run(ThreadPoolExecutor.java:642)
	at java.base/java.lang.Thread.run(Thread.java:1583)

2026-03-10T17:56:12 Unexpected exception handling (msg c8 n2 {"type":"generate","msg_id":117}) : java.lang.UnsupportedOperationException: Not a string: 117
java.lang.UnsupportedOperationException: Not a string: 117
	at com.eclipsesource.json.JsonValue.asString(JsonValue.java:384)
	at com.eclipsesource.json.JsonObject.getString(JsonObject.java:674)
	at lab.UniqueId$1.accept(UniqueId.java:16)
	at lab.UniqueId$1.accept(UniqueId.java:12)
	at lab.Node.handleRequest(Node.java:97)
	at lab.Node.handleMessage(Node.java:71)
	at lab.Node.lambda$run$0(Node.java:44)
	at java.base/java.util.concurrent.ThreadPoolExecutor.runWorker(ThreadPoolExecutor.java:1144)
	at java.base/java.util.concurrent.ThreadPoolExecutor$Worker.run(ThreadPoolExecutor.java:642)
	at java.base/java.lang.Thread.run(Thread.java:1583)

2026-03-10T17:56:12 Unexpected exception handling (msg c8 n2 {"type":"generate","msg_id":118}) : java.lang.UnsupportedOperationException: Not a string: 118
java.lang.UnsupportedOperationException: Not a string: 118
	at com.eclipsesource.json.JsonValue.asString(JsonValue.java:384)
	at com.eclipsesource.json.JsonObject.getString(JsonObject.java:674)
	at lab.UniqueId$1.accept(UniqueId.java:16)
	at lab.UniqueId$1.accept(UniqueId.java:12)
	at lab.Node.handleRequest(Node.java:97)
	at lab.Node.handleMessage(Node.java:71)
	at lab.Node.lambda$run$0(Node.java:44)
	at java.base/java.util.concurrent.ThreadPoolExecutor.runWorker(ThreadPoolExecutor.java:1144)
	at java.base/java.util.concurrent.ThreadPoolExecutor$Worker.run(ThreadPoolExecutor.java:642)
	at java.base/java.lang.Thread.run(Thread.java:1583)

2026-03-10T17:56:12 Unexpected exception handling (msg c8 n2 {"type":"generate","msg_id":119}) : java.lang.UnsupportedOperationException: Not a string: 119
java.lang.UnsupportedOperationException: Not a string: 119
	at com.eclipsesource.json.JsonValue.asString(JsonValue.java:384)
	at com.eclipsesource.json.JsonObject.getString(JsonObject.java:674)
	at lab.UniqueId$1.accept(UniqueId.java:16)
	at lab.UniqueId$1.accept(UniqueId.java:12)
	at lab.Node.handleRequest(Node.java:97)
	at lab.Node.handleMessage(Node.java:71)
	at lab.Node.lambda$run$0(Node.java:44)
	at java.base/java.util.concurrent.ThreadPoolExecutor.runWorker(ThreadPoolExecutor.java:1144)
	at java.base/java.util.concurrent.ThreadPoolExecutor$Worker.run(ThreadPoolExecutor.java:642)
	at java.base/java.lang.Thread.run(Thread.java:1583)

2026-03-10T17:56:12 Unexpected exception handling (msg c8 n2 {"type":"generate","msg_id":120}) : java.lang.UnsupportedOperationException: Not a string: 120
java.lang.UnsupportedOperationException: Not a string: 120
	at com.eclipsesource.json.JsonValue.asString(JsonValue.java:384)
	at com.eclipsesource.json.JsonObject.getString(JsonObject.java:674)
	at lab.UniqueId$1.accept(UniqueId.java:16)
	at lab.UniqueId$1.accept(UniqueId.java:12)
	at lab.Node.handleRequest(Node.java:97)
	at lab.Node.handleMessage(Node.java:71)
	at lab.Node.lambda$run$0(Node.java:44)
	at java.base/java.util.concurrent.ThreadPoolExecutor.runWorker(ThreadPoolExecutor.java:1144)
	at java.base/java.util.concurrent.ThreadPoolExecutor$Worker.run(ThreadPoolExecutor.java:642)
	at java.base/java.lang.Thread.run(Thread.java:1583)

2026-03-10T17:56:12 Unexpected exception handling (msg c8 n2 {"type":"generate","msg_id":121}) : java.lang.UnsupportedOperationException: Not a string: 121
java.lang.UnsupportedOperationException: Not a string: 121
	at com.eclipsesource.json.JsonValue.asString(JsonValue.java:384)
	at com.eclipsesource.json.JsonObject.getString(JsonObject.java:674)
	at lab.UniqueId$1.accept(UniqueId.java:16)
	at lab.UniqueId$1.accept(UniqueId.java:12)
	at lab.Node.handleRequest(Node.java:97)
	at lab.Node.handleMessage(Node.java:71)
	at lab.Node.lambda$run$0(Node.java:44)
	at java.base/java.util.concurrent.ThreadPoolExecutor.runWorker(ThreadPoolExecutor.java:1144)
	at java.base/java.util.concurrent.ThreadPoolExecutor$Worker.run(ThreadPoolExecutor.java:642)
	at java.base/java.lang.Thread.run(Thread.java:1583)

2026-03-10T17:56:12 Unexpected exception handling (msg c8 n2 {"type":"generate","msg_id":122}) : java.lang.UnsupportedOperationException: Not a string: 122
java.lang.UnsupportedOperationException: Not a string: 122
	at com.eclipsesource.json.JsonValue.asString(JsonValue.java:384)
	at com.eclipsesource.json.JsonObject.getString(JsonObject.java:674)
	at lab.UniqueId$1.accept(UniqueId.java:16)
	at lab.UniqueId$1.accept(UniqueId.java:12)
	at lab.Node.handleRequest(Node.java:97)
	at lab.Node.handleMessage(Node.java:71)
	at lab.Node.lambda$run$0(Node.java:44)
	at java.base/java.util.concurrent.ThreadPoolExecutor.runWorker(ThreadPoolExecutor.java:1144)
	at java.base/java.util.concurrent.ThreadPoolExecutor$Worker.run(ThreadPoolExecutor.java:642)
	at java.base/java.lang.Thread.run(Thread.java:1583)

2026-03-10T17:56:12 Unexpected exception handling (msg c8 n2 {"type":"generate","msg_id":123}) : java.lang.UnsupportedOperationException: Not a string: 123
java.lang.UnsupportedOperationException: Not a string: 123
	at com.eclipsesource.json.JsonValue.asString(JsonValue.java:384)
	at com.eclipsesource.json.JsonObject.getString(JsonObject.java:674)
	at lab.UniqueId$1.accept(UniqueId.java:16)
	at lab.UniqueId$1.accept(UniqueId.java:12)
	at lab.Node.handleRequest(Node.java:97)
	at lab.Node.handleMessage(Node.java:71)
	at lab.Node.lambda$run$0(Node.java:44)
	at java.base/java.util.concurrent.ThreadPoolExecutor.runWorker(ThreadPoolExecutor.java:1144)
	at java.base/java.util.concurrent.ThreadPoolExecutor$Worker.run(ThreadPoolExecutor.java:642)
	at java.base/java.lang.Thread.run(Thread.java:1583)

2026-03-10T17:56:12 Unexpected exception handling (msg c8 n2 {"type":"generate","msg_id":124}) : java.lang.UnsupportedOperationException: Not a string: 124
java.lang.UnsupportedOperationException: Not a string: 124
	at com.eclipsesource.json.JsonValue.asString(JsonValue.java:384)
	at com.eclipsesource.json.JsonObject.getString(JsonObject.java:674)
	at lab.UniqueId$1.accept(UniqueId.java:16)
	at lab.UniqueId$1.accept(UniqueId.java:12)
	at lab.Node.handleRequest(Node.java:97)
	at lab.Node.handleMessage(Node.java:71)
	at lab.Node.lambda$run$0(Node.java:44)
	at java.base/java.util.concurrent.ThreadPoolExecutor.runWorker(ThreadPoolExecutor.java:1144)
	at java.base/java.util.concurrent.ThreadPoolExecutor$Worker.run(ThreadPoolExecutor.java:642)
	at java.base/java.lang.Thread.run(Thread.java:1583)

2026-03-10T17:56:12 Unexpected exception handling (msg c8 n2 {"type":"generate","msg_id":125}) : java.lang.UnsupportedOperationException: Not a string: 125
java.lang.UnsupportedOperationException: Not a string: 125
	at com.eclipsesource.json.JsonValue.asString(JsonValue.java:384)
	at com.eclipsesource.json.JsonObject.getString(JsonObject.java:674)
	at lab.UniqueId$1.accept(UniqueId.java:16)
	at lab.UniqueId$1.accept(UniqueId.java:12)
	at lab.Node.handleRequest(Node.java:97)
	at lab.Node.handleMessage(Node.java:71)
	at lab.Node.lambda$run$0(Node.java:44)
	at java.base/java.util.concurrent.ThreadPoolExecutor.runWorker(ThreadPoolExecutor.java:1144)
	at java.base/java.util.concurrent.ThreadPoolExecutor$Worker.run(ThreadPoolExecutor.java:642)
	at java.base/java.lang.Thread.run(Thread.java:1583)

2026-03-10T17:56:12 Unexpected exception handling (msg c8 n2 {"type":"generate","msg_id":126}) : java.lang.UnsupportedOperationException: Not a string: 126
java.lang.UnsupportedOperationException: Not a string: 126
	at com.eclipsesource.json.JsonValue.asString(JsonValue.java:384)
	at com.eclipsesource.json.JsonObject.getString(JsonObject.java:674)
	at lab.UniqueId$1.accept(UniqueId.java:16)
	at lab.UniqueId$1.accept(UniqueId.java:12)
	at lab.Node.handleRequest(Node.java:97)
	at lab.Node.handleMessage(Node.java:71)
	at lab.Node.lambda$run$0(Node.java:44)
	at java.base/java.util.concurrent.ThreadPoolExecutor.runWorker(ThreadPoolExecutor.java:1144)
	at java.base/java.util.concurrent.ThreadPoolExecutor$Worker.run(ThreadPoolExecutor.java:642)
	at java.base/java.lang.Thread.run(Thread.java:1583)

2026-03-10T17:56:12 Unexpected exception handling (msg c8 n2 {"type":"generate","msg_id":127}) : java.lang.UnsupportedOperationException: Not a string: 127
java.lang.UnsupportedOperationException: Not a string: 127
	at com.eclipsesource.json.JsonValue.asString(JsonValue.java:384)
	at com.eclipsesource.json.JsonObject.getString(JsonObject.java:674)
	at lab.UniqueId$1.accept(UniqueId.java:16)
	at lab.UniqueId$1.accept(UniqueId.java:12)
	at lab.Node.handleRequest(Node.java:97)
	at lab.Node.handleMessage(Node.java:71)
	at lab.Node.lambda$run$0(Node.java:44)
	at java.base/java.util.concurrent.ThreadPoolExecutor.runWorker(ThreadPoolExecutor.java:1144)
	at java.base/java.util.concurrent.ThreadPoolExecutor$Worker.run(ThreadPoolExecutor.java:642)
	at java.base/java.lang.Thread.run(Thread.java:1583)

2026-03-10T17:56:12 Unexpected exception handling (msg c8 n2 {"type":"generate","msg_id":128}) : java.lang.UnsupportedOperationException: Not a string: 128
java.lang.UnsupportedOperationException: Not a string: 128
	at com.eclipsesource.json.JsonValue.asString(JsonValue.java:384)
	at com.eclipsesource.json.JsonObject.getString(JsonObject.java:674)
	at lab.UniqueId$1.accept(UniqueId.java:16)
	at lab.UniqueId$1.accept(UniqueId.java:12)
	at lab.Node.handleRequest(Node.java:97)
	at lab.Node.handleMessage(Node.java:71)
	at lab.Node.lambda$run$0(Node.java:44)
	at java.base/java.util.concurrent.ThreadPoolExecutor.runWorker(ThreadPoolExecutor.java:1144)
	at java.base/java.util.concurrent.ThreadPoolExecutor$Worker.run(ThreadPoolExecutor.java:642)
	at java.base/java.lang.Thread.run(Thread.java:1583)

2026-03-10T17:56:12 Unexpected exception handling (msg c8 n2 {"type":"generate","msg_id":129}) : java.lang.UnsupportedOperationException: Not a string: 129
java.lang.UnsupportedOperationException: Not a string: 129
	at com.eclipsesource.json.JsonValue.asString(JsonValue.java:384)
	at com.eclipsesource.json.JsonObject.getString(JsonObject.java:674)
	at lab.UniqueId$1.accept(UniqueId.java:16)
	at lab.UniqueId$1.accept(UniqueId.java:12)
	at lab.Node.handleRequest(Node.java:97)
	at lab.Node.handleMessage(Node.java:71)
	at lab.Node.lambda$run$0(Node.java:44)
	at java.base/java.util.concurrent.ThreadPoolExecutor.runWorker(ThreadPoolExecutor.java:1144)
	at java.base/java.util.concurrent.ThreadPoolExecutor$Worker.run(ThreadPoolExecutor.java:642)
	at java.base/java.lang.Thread.run(Thread.java:1583)

2026-03-10T17:56:12 Unexpected exception handling (msg c8 n2 {"type":"generate","msg_id":130}) : java.lang.UnsupportedOperationException: Not a string: 130
java.lang.UnsupportedOperationException: Not a string: 130
	at com.eclipsesource.json.JsonValue.asString(JsonValue.java:384)
	at com.eclipsesource.json.JsonObject.getString(JsonObject.java:674)
	at lab.UniqueId$1.accept(UniqueId.java:16)
	at lab.UniqueId$1.accept(UniqueId.java:12)
	at lab.Node.handleRequest(Node.java:97)
	at lab.Node.handleMessage(Node.java:71)
	at lab.Node.lambda$run$0(Node.java:44)
	at java.base/java.util.concurrent.ThreadPoolExecutor.runWorker(ThreadPoolExecutor.java:1144)
	at java.base/java.util.concurrent.ThreadPoolExecutor$Worker.run(ThreadPoolExecutor.java:642)
	at java.base/java.lang.Thread.run(Thread.java:1583)

2026-03-10T17:56:12 Unexpected exception handling (msg c8 n2 {"type":"generate","msg_id":131}) : java.lang.UnsupportedOperationException: Not a string: 131
java.lang.UnsupportedOperationException: Not a string: 131
	at com.eclipsesource.json.JsonValue.asString(JsonValue.java:384)
	at com.eclipsesource.json.JsonObject.getString(JsonObject.java:674)
	at lab.UniqueId$1.accept(UniqueId.java:16)
	at lab.UniqueId$1.accept(UniqueId.java:12)
	at lab.Node.handleRequest(Node.java:97)
	at lab.Node.handleMessage(Node.java:71)
	at lab.Node.lambda$run$0(Node.java:44)
	at java.base/java.util.concurrent.ThreadPoolExecutor.runWorker(ThreadPoolExecutor.java:1144)
	at java.base/java.util.concurrent.ThreadPoolExecutor$Worker.run(ThreadPoolExecutor.java:642)
	at java.base/java.lang.Thread.run(Thread.java:1583)

2026-03-10T17:56:12 Unexpected exception handling (msg c8 n2 {"type":"generate","msg_id":132}) : java.lang.UnsupportedOperationException: Not a string: 132
java.lang.UnsupportedOperationException: Not a string: 132
	at com.eclipsesource.json.JsonValue.asString(JsonValue.java:384)
	at com.eclipsesource.json.JsonObject.getString(JsonObject.java:674)
	at lab.UniqueId$1.accept(UniqueId.java:16)
	at lab.UniqueId$1.accept(UniqueId.java:12)
	at lab.Node.handleRequest(Node.java:97)
	at lab.Node.handleMessage(Node.java:71)
	at lab.Node.lambda$run$0(Node.java:44)
	at java.base/java.util.concurrent.ThreadPoolExecutor.runWorker(ThreadPoolExecutor.java:1144)
	at java.base/java.util.concurrent.ThreadPoolExecutor$Worker.run(ThreadPoolExecutor.java:642)
	at java.base/java.lang.Thread.run(Thread.java:1583)

2026-03-10T17:56:12 Unexpected exception handling (msg c8 n2 {"type":"generate","msg_id":133}) : java.lang.UnsupportedOperationException: Not a string: 133
java.lang.UnsupportedOperationException: Not a string: 133
	at com.eclipsesource.json.JsonValue.asString(JsonValue.java:384)
	at com.eclipsesource.json.JsonObject.getString(JsonObject.java:674)
	at lab.UniqueId$1.accept(UniqueId.java:16)
	at lab.UniqueId$1.accept(UniqueId.java:12)
	at lab.Node.handleRequest(Node.java:97)
	at lab.Node.handleMessage(Node.java:71)
	at lab.Node.lambda$run$0(Node.java:44)
	at java.base/java.util.concurrent.ThreadPoolExecutor.runWorker(ThreadPoolExecutor.java:1144)
	at java.base/java.util.concurrent.ThreadPoolExecutor$Worker.run(ThreadPoolExecutor.java:642)
	at java.base/java.lang.Thread.run(Thread.java:1583)

2026-03-10T17:56:12 Unexpected exception handling (msg c8 n2 {"type":"generate","msg_id":134}) : java.lang.UnsupportedOperationException: Not a string: 134
java.lang.UnsupportedOperationException: Not a string: 134
	at com.eclipsesource.json.JsonValue.asString(JsonValue.java:384)
	at com.eclipsesource.json.JsonObject.getString(JsonObject.java:674)
	at lab.UniqueId$1.accept(UniqueId.java:16)
	at lab.UniqueId$1.accept(UniqueId.java:12)
	at lab.Node.handleRequest(Node.java:97)
	at lab.Node.handleMessage(Node.java:71)
	at lab.Node.lambda$run$0(Node.java:44)
	at java.base/java.util.concurrent.ThreadPoolExecutor.runWorker(ThreadPoolExecutor.java:1144)
	at java.base/java.util.concurrent.ThreadPoolExecutor$Worker.run(ThreadPoolExecutor.java:642)
	at java.base/java.lang.Thread.run(Thread.java:1583)

2026-03-10T17:56:12 Unexpected exception handling (msg c8 n2 {"type":"generate","msg_id":135}) : java.lang.UnsupportedOperationException: Not a string: 135
java.lang.UnsupportedOperationException: Not a string: 135
	at com.eclipsesource.json.JsonValue.asString(JsonValue.java:384)
	at com.eclipsesource.json.JsonObject.getString(JsonObject.java:674)
	at lab.UniqueId$1.accept(UniqueId.java:16)
	at lab.UniqueId$1.accept(UniqueId.java:12)
	at lab.Node.handleRequest(Node.java:97)
	at lab.Node.handleMessage(Node.java:71)
	at lab.Node.lambda$run$0(Node.java:44)
	at java.base/java.util.concurrent.ThreadPoolExecutor.runWorker(ThreadPoolExecutor.java:1144)
	at java.base/java.util.concurrent.ThreadPoolExecutor$Worker.run(ThreadPoolExecutor.java:642)
	at java.base/java.lang.Thread.run(Thread.java:1583)

2026-03-10T17:56:12 Unexpected exception handling (msg c8 n2 {"type":"generate","msg_id":136}) : java.lang.UnsupportedOperationException: Not a string: 136
java.lang.UnsupportedOperationException: Not a string: 136
	at com.eclipsesource.json.JsonValue.asString(JsonValue.java:384)
	at com.eclipsesource.json.JsonObject.getString(JsonObject.java:674)
	at lab.UniqueId$1.accept(UniqueId.java:16)
	at lab.UniqueId$1.accept(UniqueId.java:12)
	at lab.Node.handleRequest(Node.java:97)
	at lab.Node.handleMessage(Node.java:71)
	at lab.Node.lambda$run$0(Node.java:44)
	at java.base/java.util.concurrent.ThreadPoolExecutor.runWorker(ThreadPoolExecutor.java:1144)
	at java.base/java.util.concurrent.ThreadPoolExecutor$Worker.run(ThreadPoolExecutor.java:642)
	at java.base/java.lang.Thread.run(Thread.java:1583)

2026-03-10T17:56:12 Unexpected exception handling (msg c8 n2 {"type":"generate","msg_id":137}) : java.lang.UnsupportedOperationException: Not a string: 137
java.lang.UnsupportedOperationException: Not a string: 137
	at com.eclipsesource.json.JsonValue.asString(JsonValue.java:384)
	at com.eclipsesource.json.JsonObject.getString(JsonObject.java:674)
	at lab.UniqueId$1.accept(UniqueId.java:16)
	at lab.UniqueId$1.accept(UniqueId.java:12)
	at lab.Node.handleRequest(Node.java:97)
	at lab.Node.handleMessage(Node.java:71)
	at lab.Node.lambda$run$0(Node.java:44)
	at java.base/java.util.concurrent.ThreadPoolExecutor.runWorker(ThreadPoolExecutor.java:1144)
	at java.base/java.util.concurrent.ThreadPoolExecutor$Worker.run(ThreadPoolExecutor.java:642)
	at java.base/java.lang.Thread.run(Thread.java:1583)

2026-03-10T17:56:12 Unexpected exception handling (msg c8 n2 {"type":"generate","msg_id":138}) : java.lang.UnsupportedOperationException: Not a string: 138
java.lang.UnsupportedOperationException: Not a string: 138
	at com.eclipsesource.json.JsonValue.asString(JsonValue.java:384)
	at com.eclipsesource.json.JsonObject.getString(JsonObject.java:674)
	at lab.UniqueId$1.accept(UniqueId.java:16)
	at lab.UniqueId$1.accept(UniqueId.java:12)
	at lab.Node.handleRequest(Node.java:97)
	at lab.Node.handleMessage(Node.java:71)
	at lab.Node.lambda$run$0(Node.java:44)
	at java.base/java.util.concurrent.ThreadPoolExecutor.runWorker(ThreadPoolExecutor.java:1144)
	at java.base/java.util.concurrent.ThreadPoolExecutor$Worker.run(ThreadPoolExecutor.java:642)
	at java.base/java.lang.Thread.run(Thread.java:1583)

2026-03-10T17:56:12 Unexpected exception handling (msg c8 n2 {"type":"generate","msg_id":139}) : java.lang.UnsupportedOperationException: Not a string: 139
java.lang.UnsupportedOperationException: Not a string: 139
	at com.eclipsesource.json.JsonValue.asString(JsonValue.java:384)
	at com.eclipsesource.json.JsonObject.getString(JsonObject.java:674)
	at lab.UniqueId$1.accept(UniqueId.java:16)
	at lab.UniqueId$1.accept(UniqueId.java:12)
	at lab.Node.handleRequest(Node.java:97)
	at lab.Node.handleMessage(Node.java:71)
	at lab.Node.lambda$run$0(Node.java:44)
	at java.base/java.util.concurrent.ThreadPoolExecutor.runWorker(ThreadPoolExecutor.java:1144)
	at java.base/java.util.concurrent.ThreadPoolExecutor$Worker.run(ThreadPoolExecutor.java:642)
	at java.base/java.lang.Thread.run(Thread.java:1583)

2026-03-10T17:56:12 Unexpected exception handling (msg c8 n2 {"type":"generate","msg_id":140}) : java.lang.UnsupportedOperationException: Not a string: 140
java.lang.UnsupportedOperationException: Not a string: 140
	at com.eclipsesource.json.JsonValue.asString(JsonValue.java:384)
	at com.eclipsesource.json.JsonObject.getString(JsonObject.java:674)
	at lab.UniqueId$1.accept(UniqueId.java:16)
	at lab.UniqueId$1.accept(UniqueId.java:12)
	at lab.Node.handleRequest(Node.java:97)
	at lab.Node.handleMessage(Node.java:71)
	at lab.Node.lambda$run$0(Node.java:44)
	at java.base/java.util.concurrent.ThreadPoolExecutor.runWorker(ThreadPoolExecutor.java:1144)
	at java.base/java.util.concurrent.ThreadPoolExecutor$Worker.run(ThreadPoolExecutor.java:642)
	at java.base/java.lang.Thread.run(Thread.java:1583)

2026-03-10T17:56:12 Unexpected exception handling (msg c8 n2 {"type":"generate","msg_id":141}) : java.lang.UnsupportedOperationException: Not a string: 141
java.lang.UnsupportedOperationException: Not a string: 141
	at com.eclipsesource.json.JsonValue.asString(JsonValue.java:384)
	at com.eclipsesource.json.JsonObject.getString(JsonObject.java:674)
	at lab.UniqueId$1.accept(UniqueId.java:16)
	at lab.UniqueId$1.accept(UniqueId.java:12)
	at lab.Node.handleRequest(Node.java:97)
	at lab.Node.handleMessage(Node.java:71)
	at lab.Node.lambda$run$0(Node.java:44)
	at java.base/java.util.concurrent.ThreadPoolExecutor.runWorker(ThreadPoolExecutor.java:1144)
	at java.base/java.util.concurrent.ThreadPoolExecutor$Worker.run(ThreadPoolExecutor.java:642)
	at java.base/java.lang.Thread.run(Thread.java:1583)

2026-03-10T17:56:12 Unexpected exception handling (msg c8 n2 {"type":"generate","msg_id":142}) : java.lang.UnsupportedOperationException: Not a string: 142
java.lang.UnsupportedOperationException: Not a string: 142
	at com.eclipsesource.json.JsonValue.asString(JsonValue.java:384)
	at com.eclipsesource.json.JsonObject.getString(JsonObject.java:674)
	at lab.UniqueId$1.accept(UniqueId.java:16)
	at lab.UniqueId$1.accept(UniqueId.java:12)
	at lab.Node.handleRequest(Node.java:97)
	at lab.Node.handleMessage(Node.java:71)
	at lab.Node.lambda$run$0(Node.java:44)
	at java.base/java.util.concurrent.ThreadPoolExecutor.runWorker(ThreadPoolExecutor.java:1144)
	at java.base/java.util.concurrent.ThreadPoolExecutor$Worker.run(ThreadPoolExecutor.java:642)
	at java.base/java.lang.Thread.run(Thread.java:1583)

2026-03-10T17:56:12 Unexpected exception handling (msg c8 n2 {"type":"generate","msg_id":143}) : java.lang.UnsupportedOperationException: Not a string: 143
java.lang.UnsupportedOperationException: Not a string: 143
	at com.eclipsesource.json.JsonValue.asString(JsonValue.java:384)
	at com.eclipsesource.json.JsonObject.getString(JsonObject.java:674)
	at lab.UniqueId$1.accept(UniqueId.java:16)
	at lab.UniqueId$1.accept(UniqueId.java:12)
	at lab.Node.handleRequest(Node.java:97)
	at lab.Node.handleMessage(Node.java:71)
	at lab.Node.lambda$run$0(Node.java:44)
	at java.base/java.util.concurrent.ThreadPoolExecutor.runWorker(ThreadPoolExecutor.java:1144)
	at java.base/java.util.concurrent.ThreadPoolExecutor$Worker.run(ThreadPoolExecutor.java:642)
	at java.base/java.lang.Thread.run(Thread.java:1583)

2026-03-10T17:56:12 Unexpected exception handling (msg c8 n2 {"type":"generate","msg_id":144}) : java.lang.UnsupportedOperationException: Not a string: 144
java.lang.UnsupportedOperationException: Not a string: 144
	at com.eclipsesource.json.JsonValue.asString(JsonValue.java:384)
	at com.eclipsesource.json.JsonObject.getString(JsonObject.java:674)
	at lab.UniqueId$1.accept(UniqueId.java:16)
	at lab.UniqueId$1.accept(UniqueId.java:12)
	at lab.Node.handleRequest(Node.java:97)
	at lab.Node.handleMessage(Node.java:71)
	at lab.Node.lambda$run$0(Node.java:44)
	at java.base/java.util.concurrent.ThreadPoolExecutor.runWorker(ThreadPoolExecutor.java:1144)
	at java.base/java.util.concurrent.ThreadPoolExecutor$Worker.run(ThreadPoolExecutor.java:642)
	at java.base/java.lang.Thread.run(Thread.java:1583)

2026-03-10T17:56:12 Unexpected exception handling (msg c8 n2 {"type":"generate","msg_id":145}) : java.lang.UnsupportedOperationException: Not a string: 145
java.lang.UnsupportedOperationException: Not a string: 145
	at com.eclipsesource.json.JsonValue.asString(JsonValue.java:384)
	at com.eclipsesource.json.JsonObject.getString(JsonObject.java:674)
	at lab.UniqueId$1.accept(UniqueId.java:16)
	at lab.UniqueId$1.accept(UniqueId.java:12)
	at lab.Node.handleRequest(Node.java:97)
	at lab.Node.handleMessage(Node.java:71)
	at lab.Node.lambda$run$0(Node.java:44)
	at java.base/java.util.concurrent.ThreadPoolExecutor.runWorker(ThreadPoolExecutor.java:1144)
	at java.base/java.util.concurrent.ThreadPoolExecutor$Worker.run(ThreadPoolExecutor.java:642)
	at java.base/java.lang.Thread.run(Thread.java:1583)

2026-03-10T17:56:12 Unexpected exception handling (msg c8 n2 {"type":"generate","msg_id":146}) : java.lang.UnsupportedOperationException: Not a string: 146
java.lang.UnsupportedOperationException: Not a string: 146
	at com.eclipsesource.json.JsonValue.asString(JsonValue.java:384)
	at com.eclipsesource.json.JsonObject.getString(JsonObject.java:674)
	at lab.UniqueId$1.accept(UniqueId.java:16)
	at lab.UniqueId$1.accept(UniqueId.java:12)
	at lab.Node.handleRequest(Node.java:97)
	at lab.Node.handleMessage(Node.java:71)
	at lab.Node.lambda$run$0(Node.java:44)
	at java.base/java.util.concurrent.ThreadPoolExecutor.runWorker(ThreadPoolExecutor.java:1144)
	at java.base/java.util.concurrent.ThreadPoolExecutor$Worker.run(ThreadPoolExecutor.java:642)
	at java.base/java.lang.Thread.run(Thread.java:1583)

2026-03-10T17:56:12 Unexpected exception handling (msg c8 n2 {"type":"generate","msg_id":147}) : java.lang.UnsupportedOperationException: Not a string: 147
java.lang.UnsupportedOperationException: Not a string: 147
	at com.eclipsesource.json.JsonValue.asString(JsonValue.java:384)
	at com.eclipsesource.json.JsonObject.getString(JsonObject.java:674)
	at lab.UniqueId$1.accept(UniqueId.java:16)
	at lab.UniqueId$1.accept(UniqueId.java:12)
	at lab.Node.handleRequest(Node.java:97)
	at lab.Node.handleMessage(Node.java:71)
	at lab.Node.lambda$run$0(Node.java:44)
	at java.base/java.util.concurrent.ThreadPoolExecutor.runWorker(ThreadPoolExecutor.java:1144)
	at java.base/java.util.concurrent.ThreadPoolExecutor$Worker.run(ThreadPoolExecutor.java:642)
	at java.base/java.lang.Thread.run(Thread.java:1583)

2026-03-10T17:56:12 Unexpected exception handling (msg c8 n2 {"type":"generate","msg_id":148}) : java.lang.UnsupportedOperationException: Not a string: 148
java.lang.UnsupportedOperationException: Not a string: 148
	at com.eclipsesource.json.JsonValue.asString(JsonValue.java:384)
	at com.eclipsesource.json.JsonObject.getString(JsonObject.java:674)
	at lab.UniqueId$1.accept(UniqueId.java:16)
	at lab.UniqueId$1.accept(UniqueId.java:12)
	at lab.Node.handleRequest(Node.java:97)
	at lab.Node.handleMessage(Node.java:71)
	at lab.Node.lambda$run$0(Node.java:44)
	at java.base/java.util.concurrent.ThreadPoolExecutor.runWorker(ThreadPoolExecutor.java:1144)
	at java.base/java.util.concurrent.ThreadPoolExecutor$Worker.run(ThreadPoolExecutor.java:642)
	at java.base/java.lang.Thread.run(Thread.java:1583)

2026-03-10T17:56:12 Unexpected exception handling (msg c8 n2 {"type":"generate","msg_id":149}) : java.lang.UnsupportedOperationException: Not a string: 149
java.lang.UnsupportedOperationException: Not a string: 149
	at com.eclipsesource.json.JsonValue.asString(JsonValue.java:384)
	at com.eclipsesource.json.JsonObject.getString(JsonObject.java:674)
	at lab.UniqueId$1.accept(UniqueId.java:16)
	at lab.UniqueId$1.accept(UniqueId.java:12)
	at lab.Node.handleRequest(Node.java:97)
	at lab.Node.handleMessage(Node.java:71)
	at lab.Node.lambda$run$0(Node.java:44)
	at java.base/java.util.concurrent.ThreadPoolExecutor.runWorker(ThreadPoolExecutor.java:1144)
	at java.base/java.util.concurrent.ThreadPoolExecutor$Worker.run(ThreadPoolExecutor.java:642)
	at java.base/java.lang.Thread.run(Thread.java:1583)

2026-03-10T17:56:12 Unexpected exception handling (msg c8 n2 {"type":"generate","msg_id":150}) : java.lang.UnsupportedOperationException: Not a string: 150
java.lang.UnsupportedOperationException: Not a string: 150
	at com.eclipsesource.json.JsonValue.asString(JsonValue.java:384)
	at com.eclipsesource.json.JsonObject.getString(JsonObject.java:674)
	at lab.UniqueId$1.accept(UniqueId.java:16)
	at lab.UniqueId$1.accept(UniqueId.java:12)
	at lab.Node.handleRequest(Node.java:97)
	at lab.Node.handleMessage(Node.java:71)
	at lab.Node.lambda$run$0(Node.java:44)
	at java.base/java.util.concurrent.ThreadPoolExecutor.runWorker(ThreadPoolExecutor.java:1144)
	at java.base/java.util.concurrent.ThreadPoolExecutor$Worker.run(ThreadPoolExecutor.java:642)
	at java.base/java.lang.Thread.run(Thread.java:1583)

2026-03-10T17:56:12 Unexpected exception handling (msg c8 n2 {"type":"generate","msg_id":151}) : java.lang.UnsupportedOperationException: Not a string: 151
java.lang.UnsupportedOperationException: Not a string: 151
	at com.eclipsesource.json.JsonValue.asString(JsonValue.java:384)
	at com.eclipsesource.json.JsonObject.getString(JsonObject.java:674)
	at lab.UniqueId$1.accept(UniqueId.java:16)
	at lab.UniqueId$1.accept(UniqueId.java:12)
	at lab.Node.handleRequest(Node.java:97)
	at lab.Node.handleMessage(Node.java:71)
	at lab.Node.lambda$run$0(Node.java:44)
	at java.base/java.util.concurrent.ThreadPoolExecutor.runWorker(ThreadPoolExecutor.java:1144)
	at java.base/java.util.concurrent.ThreadPoolExecutor$Worker.run(ThreadPoolExecutor.java:642)
	at java.base/java.lang.Thread.run(Thread.java:1583)

2026-03-10T17:56:12 Unexpected exception handling (msg c8 n2 {"type":"generate","msg_id":152}) : java.lang.UnsupportedOperationException: Not a string: 152
java.lang.UnsupportedOperationException: Not a string: 152
	at com.eclipsesource.json.JsonValue.asString(JsonValue.java:384)
	at com.eclipsesource.json.JsonObject.getString(JsonObject.java:674)
	at lab.UniqueId$1.accept(UniqueId.java:16)
	at lab.UniqueId$1.accept(UniqueId.java:12)
	at lab.Node.handleRequest(Node.java:97)
	at lab.Node.handleMessage(Node.java:71)
	at lab.Node.lambda$run$0(Node.java:44)
	at java.base/java.util.concurrent.ThreadPoolExecutor.runWorker(ThreadPoolExecutor.java:1144)
	at java.base/java.util.concurrent.ThreadPoolExecutor$Worker.run(ThreadPoolExecutor.java:642)
	at java.base/java.lang.Thread.run(Thread.java:1583)

2026-03-10T17:56:12 Unexpected exception handling (msg c8 n2 {"type":"generate","msg_id":153}) : java.lang.UnsupportedOperationException: Not a string: 153
java.lang.UnsupportedOperationException: Not a string: 153
	at com.eclipsesource.json.JsonValue.asString(JsonValue.java:384)
	at com.eclipsesource.json.JsonObject.getString(JsonObject.java:674)
	at lab.UniqueId$1.accept(UniqueId.java:16)
	at lab.UniqueId$1.accept(UniqueId.java:12)
	at lab.Node.handleRequest(Node.java:97)
	at lab.Node.handleMessage(Node.java:71)
	at lab.Node.lambda$run$0(Node.java:44)
	at java.base/java.util.concurrent.ThreadPoolExecutor.runWorker(ThreadPoolExecutor.java:1144)
	at java.base/java.util.concurrent.ThreadPoolExecutor$Worker.run(ThreadPoolExecutor.java:642)
	at java.base/java.lang.Thread.run(Thread.java:1583)

2026-03-10T17:56:12 Unexpected exception handling (msg c8 n2 {"type":"generate","msg_id":154}) : java.lang.UnsupportedOperationException: Not a string: 154
java.lang.UnsupportedOperationException: Not a string: 154
	at com.eclipsesource.json.JsonValue.asString(JsonValue.java:384)
	at com.eclipsesource.json.JsonObject.getString(JsonObject.java:674)
	at lab.UniqueId$1.accept(UniqueId.java:16)
	at lab.UniqueId$1.accept(UniqueId.java:12)
	at lab.Node.handleRequest(Node.java:97)
	at lab.Node.handleMessage(Node.java:71)
	at lab.Node.lambda$run$0(Node.java:44)
	at java.base/java.util.concurrent.ThreadPoolExecutor.runWorker(ThreadPoolExecutor.java:1144)
	at java.base/java.util.concurrent.ThreadPoolExecutor$Worker.run(ThreadPoolExecutor.java:642)
	at java.base/java.lang.Thread.run(Thread.java:1583)

2026-03-10T17:56:12 Unexpected exception handling (msg c8 n2 {"type":"generate","msg_id":155}) : java.lang.UnsupportedOperationException: Not a string: 155
java.lang.UnsupportedOperationException: Not a string: 155
	at com.eclipsesource.json.JsonValue.asString(JsonValue.java:384)
	at com.eclipsesource.json.JsonObject.getString(JsonObject.java:674)
	at lab.UniqueId$1.accept(UniqueId.java:16)
	at lab.UniqueId$1.accept(UniqueId.java:12)
	at lab.Node.handleRequest(Node.java:97)
	at lab.Node.handleMessage(Node.java:71)
	at lab.Node.lambda$run$0(Node.java:44)
	at java.base/java.util.concurrent.ThreadPoolExecutor.runWorker(ThreadPoolExecutor.java:1144)
	at java.base/java.util.concurrent.ThreadPoolExecutor$Worker.run(ThreadPoolExecutor.java:642)
	at java.base/java.lang.Thread.run(Thread.java:1583)

2026-03-10T17:56:12 Unexpected exception handling (msg c8 n2 {"type":"generate","msg_id":156}) : java.lang.UnsupportedOperationException: Not a string: 156
java.lang.UnsupportedOperationException: Not a string: 156
	at com.eclipsesource.json.JsonValue.asString(JsonValue.java:384)
	at com.eclipsesource.json.JsonObject.getString(JsonObject.java:674)
	at lab.UniqueId$1.accept(UniqueId.java:16)
	at lab.UniqueId$1.accept(UniqueId.java:12)
	at lab.Node.handleRequest(Node.java:97)
	at lab.Node.handleMessage(Node.java:71)
	at lab.Node.lambda$run$0(Node.java:44)
	at java.base/java.util.concurrent.ThreadPoolExecutor.runWorker(ThreadPoolExecutor.java:1144)
	at java.base/java.util.concurrent.ThreadPoolExecutor$Worker.run(ThreadPoolExecutor.java:642)
	at java.base/java.lang.Thread.run(Thread.java:1583)

2026-03-10T17:56:12 Unexpected exception handling (msg c8 n2 {"type":"generate","msg_id":157}) : java.lang.UnsupportedOperationException: Not a string: 157
java.lang.UnsupportedOperationException: Not a string: 157
	at com.eclipsesource.json.JsonValue.asString(JsonValue.java:384)
	at com.eclipsesource.json.JsonObject.getString(JsonObject.java:674)
	at lab.UniqueId$1.accept(UniqueId.java:16)
	at lab.UniqueId$1.accept(UniqueId.java:12)
	at lab.Node.handleRequest(Node.java:97)
	at lab.Node.handleMessage(Node.java:71)
	at lab.Node.lambda$run$0(Node.java:44)
	at java.base/java.util.concurrent.ThreadPoolExecutor.runWorker(ThreadPoolExecutor.java:1144)
	at java.base/java.util.concurrent.ThreadPoolExecutor$Worker.run(ThreadPoolExecutor.java:642)
	at java.base/java.lang.Thread.run(Thread.java:1583)

2026-03-10T17:56:12 Unexpected exception handling (msg c8 n2 {"type":"generate","msg_id":158}) : java.lang.UnsupportedOperationException: Not a string: 158
java.lang.UnsupportedOperationException: Not a string: 158
	at com.eclipsesource.json.JsonValue.asString(JsonValue.java:384)
	at com.eclipsesource.json.JsonObject.getString(JsonObject.java:674)
	at lab.UniqueId$1.accept(UniqueId.java:16)
	at lab.UniqueId$1.accept(UniqueId.java:12)
	at lab.Node.handleRequest(Node.java:97)
	at lab.Node.handleMessage(Node.java:71)
	at lab.Node.lambda$run$0(Node.java:44)
	at java.base/java.util.concurrent.ThreadPoolExecutor.runWorker(ThreadPoolExecutor.java:1144)
	at java.base/java.util.concurrent.ThreadPoolExecutor$Worker.run(ThreadPoolExecutor.java:642)
	at java.base/java.lang.Thread.run(Thread.java:1583)

2026-03-10T17:56:12 Unexpected exception handling (msg c8 n2 {"type":"generate","msg_id":159}) : java.lang.UnsupportedOperationException: Not a string: 159
java.lang.UnsupportedOperationException: Not a string: 159
	at com.eclipsesource.json.JsonValue.asString(JsonValue.java:384)
	at com.eclipsesource.json.JsonObject.getString(JsonObject.java:674)
	at lab.UniqueId$1.accept(UniqueId.java:16)
	at lab.UniqueId$1.accept(UniqueId.java:12)
	at lab.Node.handleRequest(Node.java:97)
	at lab.Node.handleMessage(Node.java:71)
	at lab.Node.lambda$run$0(Node.java:44)
	at java.base/java.util.concurrent.ThreadPoolExecutor.runWorker(ThreadPoolExecutor.java:1144)
	at java.base/java.util.concurrent.ThreadPoolExecutor$Worker.run(ThreadPoolExecutor.java:642)
	at java.base/java.lang.Thread.run(Thread.java:1583)

2026-03-10T17:56:12 Unexpected exception handling (msg c8 n2 {"type":"generate","msg_id":160}) : java.lang.UnsupportedOperationException: Not a string: 160
java.lang.UnsupportedOperationException: Not a string: 160
	at com.eclipsesource.json.JsonValue.asString(JsonValue.java:384)
	at com.eclipsesource.json.JsonObject.getString(JsonObject.java:674)
	at lab.UniqueId$1.accept(UniqueId.java:16)
	at lab.UniqueId$1.accept(UniqueId.java:12)
	at lab.Node.handleRequest(Node.java:97)
	at lab.Node.handleMessage(Node.java:71)
	at lab.Node.lambda$run$0(Node.java:44)
	at java.base/java.util.concurrent.ThreadPoolExecutor.runWorker(ThreadPoolExecutor.java:1144)
	at java.base/java.util.concurrent.ThreadPoolExecutor$Worker.run(ThreadPoolExecutor.java:642)
	at java.base/java.lang.Thread.run(Thread.java:1583)

2026-03-10T17:56:12 Unexpected exception handling (msg c8 n2 {"type":"generate","msg_id":161}) : java.lang.UnsupportedOperationException: Not a string: 161
java.lang.UnsupportedOperationException: Not a string: 161
	at com.eclipsesource.json.JsonValue.asString(JsonValue.java:384)
	at com.eclipsesource.json.JsonObject.getString(JsonObject.java:674)
	at lab.UniqueId$1.accept(UniqueId.java:16)
	at lab.UniqueId$1.accept(UniqueId.java:12)
	at lab.Node.handleRequest(Node.java:97)
	at lab.Node.handleMessage(Node.java:71)
	at lab.Node.lambda$run$0(Node.java:44)
	at java.base/java.util.concurrent.ThreadPoolExecutor.runWorker(ThreadPoolExecutor.java:1144)
	at java.base/java.util.concurrent.ThreadPoolExecutor$Worker.run(ThreadPoolExecutor.java:642)
	at java.base/java.lang.Thread.run(Thread.java:1583)

2026-03-10T17:56:12 Unexpected exception handling (msg c8 n2 {"type":"generate","msg_id":162}) : java.lang.UnsupportedOperationException: Not a string: 162
java.lang.UnsupportedOperationException: Not a string: 162
	at com.eclipsesource.json.JsonValue.asString(JsonValue.java:384)
	at com.eclipsesource.json.JsonObject.getString(JsonObject.java:674)
	at lab.UniqueId$1.accept(UniqueId.java:16)
	at lab.UniqueId$1.accept(UniqueId.java:12)
	at lab.Node.handleRequest(Node.java:97)
	at lab.Node.handleMessage(Node.java:71)
	at lab.Node.lambda$run$0(Node.java:44)
	at java.base/java.util.concurrent.ThreadPoolExecutor.runWorker(ThreadPoolExecutor.java:1144)
	at java.base/java.util.concurrent.ThreadPoolExecutor$Worker.run(ThreadPoolExecutor.java:642)
	at java.base/java.lang.Thread.run(Thread.java:1583)

2026-03-10T17:56:12 Unexpected exception handling (msg c8 n2 {"type":"generate","msg_id":163}) : java.lang.UnsupportedOperationException: Not a string: 163
java.lang.UnsupportedOperationException: Not a string: 163
	at com.eclipsesource.json.JsonValue.asString(JsonValue.java:384)
	at com.eclipsesource.json.JsonObject.getString(JsonObject.java:674)
	at lab.UniqueId$1.accept(UniqueId.java:16)
	at lab.UniqueId$1.accept(UniqueId.java:12)
	at lab.Node.handleRequest(Node.java:97)
	at lab.Node.handleMessage(Node.java:71)
	at lab.Node.lambda$run$0(Node.java:44)
	at java.base/java.util.concurrent.ThreadPoolExecutor.runWorker(ThreadPoolExecutor.java:1144)
	at java.base/java.util.concurrent.ThreadPoolExecutor$Worker.run(ThreadPoolExecutor.java:642)
	at java.base/java.lang.Thread.run(Thread.java:1583)

2026-03-10T17:56:12 Unexpected exception handling (msg c8 n2 {"type":"generate","msg_id":164}) : java.lang.UnsupportedOperationException: Not a string: 164
java.lang.UnsupportedOperationException: Not a string: 164
	at com.eclipsesource.json.JsonValue.asString(JsonValue.java:384)
	at com.eclipsesource.json.JsonObject.getString(JsonObject.java:674)
	at lab.UniqueId$1.accept(UniqueId.java:16)
	at lab.UniqueId$1.accept(UniqueId.java:12)
	at lab.Node.handleRequest(Node.java:97)
	at lab.Node.handleMessage(Node.java:71)
	at lab.Node.lambda$run$0(Node.java:44)
	at java.base/java.util.concurrent.ThreadPoolExecutor.runWorker(ThreadPoolExecutor.java:1144)
	at java.base/java.util.concurrent.ThreadPoolExecutor$Worker.run(ThreadPoolExecutor.java:642)
	at java.base/java.lang.Thread.run(Thread.java:1583)

2026-03-10T17:56:12 Unexpected exception handling (msg c8 n2 {"type":"generate","msg_id":165}) : java.lang.UnsupportedOperationException: Not a string: 165
java.lang.UnsupportedOperationException: Not a string: 165
	at com.eclipsesource.json.JsonValue.asString(JsonValue.java:384)
	at com.eclipsesource.json.JsonObject.getString(JsonObject.java:674)
	at lab.UniqueId$1.accept(UniqueId.java:16)
	at lab.UniqueId$1.accept(UniqueId.java:12)
	at lab.Node.handleRequest(Node.java:97)
	at lab.Node.handleMessage(Node.java:71)
	at lab.Node.lambda$run$0(Node.java:44)
	at java.base/java.util.concurrent.ThreadPoolExecutor.runWorker(ThreadPoolExecutor.java:1144)
	at java.base/java.util.concurrent.ThreadPoolExecutor$Worker.run(ThreadPoolExecutor.java:642)
	at java.base/java.lang.Thread.run(Thread.java:1583)

2026-03-10T17:56:12 Unexpected exception handling (msg c8 n2 {"type":"generate","msg_id":166}) : java.lang.UnsupportedOperationException: Not a string: 166
java.lang.UnsupportedOperationException: Not a string: 166
	at com.eclipsesource.json.JsonValue.asString(JsonValue.java:384)
	at com.eclipsesource.json.JsonObject.getString(JsonObject.java:674)
	at lab.UniqueId$1.accept(UniqueId.java:16)
	at lab.UniqueId$1.accept(UniqueId.java:12)
	at lab.Node.handleRequest(Node.java:97)
	at lab.Node.handleMessage(Node.java:71)
	at lab.Node.lambda$run$0(Node.java:44)
	at java.base/java.util.concurrent.ThreadPoolExecutor.runWorker(ThreadPoolExecutor.java:1144)
	at java.base/java.util.concurrent.ThreadPoolExecutor$Worker.run(ThreadPoolExecutor.java:642)
	at java.base/java.lang.Thread.run(Thread.java:1583)

2026-03-10T17:56:12 Unexpected exception handling (msg c8 n2 {"type":"generate","msg_id":167}) : java.lang.UnsupportedOperationException: Not a string: 167
java.lang.UnsupportedOperationException: Not a string: 167
	at com.eclipsesource.json.JsonValue.asString(JsonValue.java:384)
	at com.eclipsesource.json.JsonObject.getString(JsonObject.java:674)
	at lab.UniqueId$1.accept(UniqueId.java:16)
	at lab.UniqueId$1.accept(UniqueId.java:12)
	at lab.Node.handleRequest(Node.java:97)
	at lab.Node.handleMessage(Node.java:71)
	at lab.Node.lambda$run$0(Node.java:44)
	at java.base/java.util.concurrent.ThreadPoolExecutor.runWorker(ThreadPoolExecutor.java:1144)
	at java.base/java.util.concurrent.ThreadPoolExecutor$Worker.run(ThreadPoolExecutor.java:642)
	at java.base/java.lang.Thread.run(Thread.java:1583)

2026-03-10T17:56:12 Unexpected exception handling (msg c8 n2 {"type":"generate","msg_id":168}) : java.lang.UnsupportedOperationException: Not a string: 168
java.lang.UnsupportedOperationException: Not a string: 168
	at com.eclipsesource.json.JsonValue.asString(JsonValue.java:384)
	at com.eclipsesource.json.JsonObject.getString(JsonObject.java:674)
	at lab.UniqueId$1.accept(UniqueId.java:16)
	at lab.UniqueId$1.accept(UniqueId.java:12)
	at lab.Node.handleRequest(Node.java:97)
	at lab.Node.handleMessage(Node.java:71)
	at lab.Node.lambda$run$0(Node.java:44)
	at java.base/java.util.concurrent.ThreadPoolExecutor.runWorker(ThreadPoolExecutor.java:1144)
	at java.base/java.util.concurrent.ThreadPoolExecutor$Worker.run(ThreadPoolExecutor.java:642)
	at java.base/java.lang.Thread.run(Thread.java:1583)

2026-03-10T17:56:12 Unexpected exception handling (msg c8 n2 {"type":"generate","msg_id":169}) : java.lang.UnsupportedOperationException: Not a string: 169
java.lang.UnsupportedOperationException: Not a string: 169
	at com.eclipsesource.json.JsonValue.asString(JsonValue.java:384)
	at com.eclipsesource.json.JsonObject.getString(JsonObject.java:674)
	at lab.UniqueId$1.accept(UniqueId.java:16)
	at lab.UniqueId$1.accept(UniqueId.java:12)
	at lab.Node.handleRequest(Node.java:97)
	at lab.Node.handleMessage(Node.java:71)
	at lab.Node.lambda$run$0(Node.java:44)
	at java.base/java.util.concurrent.ThreadPoolExecutor.runWorker(ThreadPoolExecutor.java:1144)
	at java.base/java.util.concurrent.ThreadPoolExecutor$Worker.run(ThreadPoolExecutor.java:642)
	at java.base/java.lang.Thread.run(Thread.java:1583)

2026-03-10T17:56:12 Unexpected exception handling (msg c8 n2 {"type":"generate","msg_id":170}) : java.lang.UnsupportedOperationException: Not a string: 170
java.lang.UnsupportedOperationException: Not a string: 170
	at com.eclipsesource.json.JsonValue.asString(JsonValue.java:384)
	at com.eclipsesource.json.JsonObject.getString(JsonObject.java:674)
	at lab.UniqueId$1.accept(UniqueId.java:16)
	at lab.UniqueId$1.accept(UniqueId.java:12)
	at lab.Node.handleRequest(Node.java:97)
	at lab.Node.handleMessage(Node.java:71)
	at lab.Node.lambda$run$0(Node.java:44)
	at java.base/java.util.concurrent.ThreadPoolExecutor.runWorker(ThreadPoolExecutor.java:1144)
	at java.base/java.util.concurrent.ThreadPoolExecutor$Worker.run(ThreadPoolExecutor.java:642)
	at java.base/java.lang.Thread.run(Thread.java:1583)

2026-03-10T17:56:12 Unexpected exception handling (msg c8 n2 {"type":"generate","msg_id":171}) : java.lang.UnsupportedOperationException: Not a string: 171
java.lang.UnsupportedOperationException: Not a string: 171
	at com.eclipsesource.json.JsonValue.asString(JsonValue.java:384)
	at com.eclipsesource.json.JsonObject.getString(JsonObject.java:674)
	at lab.UniqueId$1.accept(UniqueId.java:16)
	at lab.UniqueId$1.accept(UniqueId.java:12)
	at lab.Node.handleRequest(Node.java:97)
	at lab.Node.handleMessage(Node.java:71)
	at lab.Node.lambda$run$0(Node.java:44)
	at java.base/java.util.concurrent.ThreadPoolExecutor.runWorker(ThreadPoolExecutor.java:1144)
	at java.base/java.util.concurrent.ThreadPoolExecutor$Worker.run(ThreadPoolExecutor.java:642)
	at java.base/java.lang.Thread.run(Thread.java:1583)

2026-03-10T17:56:12 Unexpected exception handling (msg c8 n2 {"type":"generate","msg_id":172}) : java.lang.UnsupportedOperationException: Not a string: 172
java.lang.UnsupportedOperationException: Not a string: 172
	at com.eclipsesource.json.JsonValue.asString(JsonValue.java:384)
	at com.eclipsesource.json.JsonObject.getString(JsonObject.java:674)
	at lab.UniqueId$1.accept(UniqueId.java:16)
	at lab.UniqueId$1.accept(UniqueId.java:12)
	at lab.Node.handleRequest(Node.java:97)
	at lab.Node.handleMessage(Node.java:71)
	at lab.Node.lambda$run$0(Node.java:44)
	at java.base/java.util.concurrent.ThreadPoolExecutor.runWorker(ThreadPoolExecutor.java:1144)
	at java.base/java.util.concurrent.ThreadPoolExecutor$Worker.run(ThreadPoolExecutor.java:642)
	at java.base/java.lang.Thread.run(Thread.java:1583)

2026-03-10T17:56:12 Unexpected exception handling (msg c8 n2 {"type":"generate","msg_id":173}) : java.lang.UnsupportedOperationException: Not a string: 173
java.lang.UnsupportedOperationException: Not a string: 173
	at com.eclipsesource.json.JsonValue.asString(JsonValue.java:384)
	at com.eclipsesource.json.JsonObject.getString(JsonObject.java:674)
	at lab.UniqueId$1.accept(UniqueId.java:16)
	at lab.UniqueId$1.accept(UniqueId.java:12)
	at lab.Node.handleRequest(Node.java:97)
	at lab.Node.handleMessage(Node.java:71)
	at lab.Node.lambda$run$0(Node.java:44)
	at java.base/java.util.concurrent.ThreadPoolExecutor.runWorker(ThreadPoolExecutor.java:1144)
	at java.base/java.util.concurrent.ThreadPoolExecutor$Worker.run(ThreadPoolExecutor.java:642)
	at java.base/java.lang.Thread.run(Thread.java:1583)

2026-03-10T17:56:12 Unexpected exception handling (msg c8 n2 {"type":"generate","msg_id":174}) : java.lang.UnsupportedOperationException: Not a string: 174
java.lang.UnsupportedOperationException: Not a string: 174
	at com.eclipsesource.json.JsonValue.asString(JsonValue.java:384)
	at com.eclipsesource.json.JsonObject.getString(JsonObject.java:674)
	at lab.UniqueId$1.accept(UniqueId.java:16)
	at lab.UniqueId$1.accept(UniqueId.java:12)
	at lab.Node.handleRequest(Node.java:97)
	at lab.Node.handleMessage(Node.java:71)
	at lab.Node.lambda$run$0(Node.java:44)
	at java.base/java.util.concurrent.ThreadPoolExecutor.runWorker(ThreadPoolExecutor.java:1144)
	at java.base/java.util.concurrent.ThreadPoolExecutor$Worker.run(ThreadPoolExecutor.java:642)
	at java.base/java.lang.Thread.run(Thread.java:1583)

2026-03-10T17:56:12 Unexpected exception handling (msg c8 n2 {"type":"generate","msg_id":175}) : java.lang.UnsupportedOperationException: Not a string: 175
java.lang.UnsupportedOperationException: Not a string: 175
	at com.eclipsesource.json.JsonValue.asString(JsonValue.java:384)
	at com.eclipsesource.json.JsonObject.getString(JsonObject.java:674)
	at lab.UniqueId$1.accept(UniqueId.java:16)
	at lab.UniqueId$1.accept(UniqueId.java:12)
	at lab.Node.handleRequest(Node.java:97)
	at lab.Node.handleMessage(Node.java:71)
	at lab.Node.lambda$run$0(Node.java:44)
	at java.base/java.util.concurrent.ThreadPoolExecutor.runWorker(ThreadPoolExecutor.java:1144)
	at java.base/java.util.concurrent.ThreadPoolExecutor$Worker.run(ThreadPoolExecutor.java:642)
	at java.base/java.lang.Thread.run(Thread.java:1583)

2026-03-10T17:56:12 Unexpected exception handling (msg c8 n2 {"type":"generate","msg_id":176}) : java.lang.UnsupportedOperationException: Not a string: 176
java.lang.UnsupportedOperationException: Not a string: 176
	at com.eclipsesource.json.JsonValue.asString(JsonValue.java:384)
	at com.eclipsesource.json.JsonObject.getString(JsonObject.java:674)
	at lab.UniqueId$1.accept(UniqueId.java:16)
	at lab.UniqueId$1.accept(UniqueId.java:12)
	at lab.Node.handleRequest(Node.java:97)
	at lab.Node.handleMessage(Node.java:71)
	at lab.Node.lambda$run$0(Node.java:44)
	at java.base/java.util.concurrent.ThreadPoolExecutor.runWorker(ThreadPoolExecutor.java:1144)
	at java.base/java.util.concurrent.ThreadPoolExecutor$Worker.run(ThreadPoolExecutor.java:642)
	at java.base/java.lang.Thread.run(Thread.java:1583)

2026-03-10T17:56:12 Unexpected exception handling (msg c8 n2 {"type":"generate","msg_id":177}) : java.lang.UnsupportedOperationException: Not a string: 177
java.lang.UnsupportedOperationException: Not a string: 177
	at com.eclipsesource.json.JsonValue.asString(JsonValue.java:384)
	at com.eclipsesource.json.JsonObject.getString(JsonObject.java:674)
	at lab.UniqueId$1.accept(UniqueId.java:16)
	at lab.UniqueId$1.accept(UniqueId.java:12)
	at lab.Node.handleRequest(Node.java:97)
	at lab.Node.handleMessage(Node.java:71)
	at lab.Node.lambda$run$0(Node.java:44)
	at java.base/java.util.concurrent.ThreadPoolExecutor.runWorker(ThreadPoolExecutor.java:1144)
	at java.base/java.util.concurrent.ThreadPoolExecutor$Worker.run(ThreadPoolExecutor.java:642)
	at java.base/java.lang.Thread.run(Thread.java:1583)

2026-03-10T17:56:12 Unexpected exception handling (msg c8 n2 {"type":"generate","msg_id":178}) : java.lang.UnsupportedOperationException: Not a string: 178
java.lang.UnsupportedOperationException: Not a string: 178
	at com.eclipsesource.json.JsonValue.asString(JsonValue.java:384)
	at com.eclipsesource.json.JsonObject.getString(JsonObject.java:674)
	at lab.UniqueId$1.accept(UniqueId.java:16)
	at lab.UniqueId$1.accept(UniqueId.java:12)
	at lab.Node.handleRequest(Node.java:97)
	at lab.Node.handleMessage(Node.java:71)
	at lab.Node.lambda$run$0(Node.java:44)
	at java.base/java.util.concurrent.ThreadPoolExecutor.runWorker(ThreadPoolExecutor.java:1144)
	at java.base/java.util.concurrent.ThreadPoolExecutor$Worker.run(ThreadPoolExecutor.java:642)
	at java.base/java.lang.Thread.run(Thread.java:1583)

2026-03-10T17:56:12 Unexpected exception handling (msg c8 n2 {"type":"generate","msg_id":179}) : java.lang.UnsupportedOperationException: Not a string: 179
java.lang.UnsupportedOperationException: Not a string: 179
	at com.eclipsesource.json.JsonValue.asString(JsonValue.java:384)
	at com.eclipsesource.json.JsonObject.getString(JsonObject.java:674)
	at lab.UniqueId$1.accept(UniqueId.java:16)
	at lab.UniqueId$1.accept(UniqueId.java:12)
	at lab.Node.handleRequest(Node.java:97)
	at lab.Node.handleMessage(Node.java:71)
	at lab.Node.lambda$run$0(Node.java:44)
	at java.base/java.util.concurrent.ThreadPoolExecutor.runWorker(ThreadPoolExecutor.java:1144)
	at java.base/java.util.concurrent.ThreadPoolExecutor$Worker.run(ThreadPoolExecutor.java:642)
	at java.base/java.lang.Thread.run(Thread.java:1583)

2026-03-10T17:56:12 Unexpected exception handling (msg c8 n2 {"type":"generate","msg_id":180}) : java.lang.UnsupportedOperationException: Not a string: 180
java.lang.UnsupportedOperationException: Not a string: 180
	at com.eclipsesource.json.JsonValue.asString(JsonValue.java:384)
	at com.eclipsesource.json.JsonObject.getString(JsonObject.java:674)
	at lab.UniqueId$1.accept(UniqueId.java:16)
	at lab.UniqueId$1.accept(UniqueId.java:12)
	at lab.Node.handleRequest(Node.java:97)
	at lab.Node.handleMessage(Node.java:71)
	at lab.Node.lambda$run$0(Node.java:44)
	at java.base/java.util.concurrent.ThreadPoolExecutor.runWorker(ThreadPoolExecutor.java:1144)
	at java.base/java.util.concurrent.ThreadPoolExecutor$Worker.run(ThreadPoolExecutor.java:642)
	at java.base/java.lang.Thread.run(Thread.java:1583)

2026-03-10T17:56:12 Unexpected exception handling (msg c8 n2 {"type":"generate","msg_id":181}) : java.lang.UnsupportedOperationException: Not a string: 181
java.lang.UnsupportedOperationException: Not a string: 181
	at com.eclipsesource.json.JsonValue.asString(JsonValue.java:384)
	at com.eclipsesource.json.JsonObject.getString(JsonObject.java:674)
	at lab.UniqueId$1.accept(UniqueId.java:16)
	at lab.UniqueId$1.accept(UniqueId.java:12)
	at lab.Node.handleRequest(Node.java:97)
	at lab.Node.handleMessage(Node.java:71)
	at lab.Node.lambda$run$0(Node.java:44)
	at java.base/java.util.concurrent.ThreadPoolExecutor.runWorker(ThreadPoolExecutor.java:1144)
	at java.base/java.util.concurrent.ThreadPoolExecutor$Worker.run(ThreadPoolExecutor.java:642)
	at java.base/java.lang.Thread.run(Thread.java:1583)

2026-03-10T17:56:12 Unexpected exception handling (msg c8 n2 {"type":"generate","msg_id":182}) : java.lang.UnsupportedOperationException: Not a string: 182
java.lang.UnsupportedOperationException: Not a string: 182
	at com.eclipsesource.json.JsonValue.asString(JsonValue.java:384)
	at com.eclipsesource.json.JsonObject.getString(JsonObject.java:674)
	at lab.UniqueId$1.accept(UniqueId.java:16)
	at lab.UniqueId$1.accept(UniqueId.java:12)
	at lab.Node.handleRequest(Node.java:97)
	at lab.Node.handleMessage(Node.java:71)
	at lab.Node.lambda$run$0(Node.java:44)
	at java.base/java.util.concurrent.ThreadPoolExecutor.runWorker(ThreadPoolExecutor.java:1144)
	at java.base/java.util.concurrent.ThreadPoolExecutor$Worker.run(ThreadPoolExecutor.java:642)
	at java.base/java.lang.Thread.run(Thread.java:1583)

2026-03-10T17:56:12 Unexpected exception handling (msg c8 n2 {"type":"generate","msg_id":183}) : java.lang.UnsupportedOperationException: Not a string: 183
java.lang.UnsupportedOperationException: Not a string: 183
	at com.eclipsesource.json.JsonValue.asString(JsonValue.java:384)
	at com.eclipsesource.json.JsonObject.getString(JsonObject.java:674)
	at lab.UniqueId$1.accept(UniqueId.java:16)
	at lab.UniqueId$1.accept(UniqueId.java:12)
	at lab.Node.handleRequest(Node.java:97)
	at lab.Node.handleMessage(Node.java:71)
	at lab.Node.lambda$run$0(Node.java:44)
	at java.base/java.util.concurrent.ThreadPoolExecutor.runWorker(ThreadPoolExecutor.java:1144)
	at java.base/java.util.concurrent.ThreadPoolExecutor$Worker.run(ThreadPoolExecutor.java:642)
	at java.base/java.lang.Thread.run(Thread.java:1583)

2026-03-10T17:56:12 Unexpected exception handling (msg c8 n2 {"type":"generate","msg_id":184}) : java.lang.UnsupportedOperationException: Not a string: 184
java.lang.UnsupportedOperationException: Not a string: 184
	at com.eclipsesource.json.JsonValue.asString(JsonValue.java:384)
	at com.eclipsesource.json.JsonObject.getString(JsonObject.java:674)
	at lab.UniqueId$1.accept(UniqueId.java:16)
	at lab.UniqueId$1.accept(UniqueId.java:12)
	at lab.Node.handleRequest(Node.java:97)
	at lab.Node.handleMessage(Node.java:71)
	at lab.Node.lambda$run$0(Node.java:44)
	at java.base/java.util.concurrent.ThreadPoolExecutor.runWorker(ThreadPoolExecutor.java:1144)
	at java.base/java.util.concurrent.ThreadPoolExecutor$Worker.run(ThreadPoolExecutor.java:642)
	at java.base/java.lang.Thread.run(Thread.java:1583)

2026-03-10T17:56:12 Unexpected exception handling (msg c8 n2 {"type":"generate","msg_id":185}) : java.lang.UnsupportedOperationException: Not a string: 185
java.lang.UnsupportedOperationException: Not a string: 185
	at com.eclipsesource.json.JsonValue.asString(JsonValue.java:384)
	at com.eclipsesource.json.JsonObject.getString(JsonObject.java:674)
	at lab.UniqueId$1.accept(UniqueId.java:16)
	at lab.UniqueId$1.accept(UniqueId.java:12)
	at lab.Node.handleRequest(Node.java:97)
	at lab.Node.handleMessage(Node.java:71)
	at lab.Node.lambda$run$0(Node.java:44)
	at java.base/java.util.concurrent.ThreadPoolExecutor.runWorker(ThreadPoolExecutor.java:1144)
	at java.base/java.util.concurrent.ThreadPoolExecutor$Worker.run(ThreadPoolExecutor.java:642)
	at java.base/java.lang.Thread.run(Thread.java:1583)

2026-03-10T17:56:12 Unexpected exception handling (msg c8 n2 {"type":"generate","msg_id":186}) : java.lang.UnsupportedOperationException: Not a string: 186
java.lang.UnsupportedOperationException: Not a string: 186
	at com.eclipsesource.json.JsonValue.asString(JsonValue.java:384)
	at com.eclipsesource.json.JsonObject.getString(JsonObject.java:674)
	at lab.UniqueId$1.accept(UniqueId.java:16)
	at lab.UniqueId$1.accept(UniqueId.java:12)
	at lab.Node.handleRequest(Node.java:97)
	at lab.Node.handleMessage(Node.java:71)
	at lab.Node.lambda$run$0(Node.java:44)
	at java.base/java.util.concurrent.ThreadPoolExecutor.runWorker(ThreadPoolExecutor.java:1144)
	at java.base/java.util.concurrent.ThreadPoolExecutor$Worker.run(ThreadPoolExecutor.java:642)
	at java.base/java.lang.Thread.run(Thread.java:1583)

2026-03-10T17:56:12 Unexpected exception handling (msg c8 n2 {"type":"generate","msg_id":187}) : java.lang.UnsupportedOperationException: Not a string: 187
java.lang.UnsupportedOperationException: Not a string: 187
	at com.eclipsesource.json.JsonValue.asString(JsonValue.java:384)
	at com.eclipsesource.json.JsonObject.getString(JsonObject.java:674)
	at lab.UniqueId$1.accept(UniqueId.java:16)
	at lab.UniqueId$1.accept(UniqueId.java:12)
	at lab.Node.handleRequest(Node.java:97)
	at lab.Node.handleMessage(Node.java:71)
	at lab.Node.lambda$run$0(Node.java:44)
	at java.base/java.util.concurrent.ThreadPoolExecutor.runWorker(ThreadPoolExecutor.java:1144)
	at java.base/java.util.concurrent.ThreadPoolExecutor$Worker.run(ThreadPoolExecutor.java:642)
	at java.base/java.lang.Thread.run(Thread.java:1583)

2026-03-10T17:56:12 Unexpected exception handling (msg c8 n2 {"type":"generate","msg_id":188}) : java.lang.UnsupportedOperationException: Not a string: 188
java.lang.UnsupportedOperationException: Not a string: 188
	at com.eclipsesource.json.JsonValue.asString(JsonValue.java:384)
	at com.eclipsesource.json.JsonObject.getString(JsonObject.java:674)
	at lab.UniqueId$1.accept(UniqueId.java:16)
	at lab.UniqueId$1.accept(UniqueId.java:12)
	at lab.Node.handleRequest(Node.java:97)
	at lab.Node.handleMessage(Node.java:71)
	at lab.Node.lambda$run$0(Node.java:44)
	at java.base/java.util.concurrent.ThreadPoolExecutor.runWorker(ThreadPoolExecutor.java:1144)
	at java.base/java.util.concurrent.ThreadPoolExecutor$Worker.run(ThreadPoolExecutor.java:642)
	at java.base/java.lang.Thread.run(Thread.java:1583)

2026-03-10T17:56:12 Unexpected exception handling (msg c8 n2 {"type":"generate","msg_id":189}) : java.lang.UnsupportedOperationException: Not a string: 189
java.lang.UnsupportedOperationException: Not a string: 189
	at com.eclipsesource.json.JsonValue.asString(JsonValue.java:384)
	at com.eclipsesource.json.JsonObject.getString(JsonObject.java:674)
	at lab.UniqueId$1.accept(UniqueId.java:16)
	at lab.UniqueId$1.accept(UniqueId.java:12)
	at lab.Node.handleRequest(Node.java:97)
	at lab.Node.handleMessage(Node.java:71)
	at lab.Node.lambda$run$0(Node.java:44)
	at java.base/java.util.concurrent.ThreadPoolExecutor.runWorker(ThreadPoolExecutor.java:1144)
	at java.base/java.util.concurrent.ThreadPoolExecutor$Worker.run(ThreadPoolExecutor.java:642)
	at java.base/java.lang.Thread.run(Thread.java:1583)

2026-03-10T17:56:12 Unexpected exception handling (msg c8 n2 {"type":"generate","msg_id":190}) : java.lang.UnsupportedOperationException: Not a string: 190
java.lang.UnsupportedOperationException: Not a string: 190
	at com.eclipsesource.json.JsonValue.asString(JsonValue.java:384)
	at com.eclipsesource.json.JsonObject.getString(JsonObject.java:674)
	at lab.UniqueId$1.accept(UniqueId.java:16)
	at lab.UniqueId$1.accept(UniqueId.java:12)
	at lab.Node.handleRequest(Node.java:97)
	at lab.Node.handleMessage(Node.java:71)
	at lab.Node.lambda$run$0(Node.java:44)
	at java.base/java.util.concurrent.ThreadPoolExecutor.runWorker(ThreadPoolExecutor.java:1144)
	at java.base/java.util.concurrent.ThreadPoolExecutor$Worker.run(ThreadPoolExecutor.java:642)
	at java.base/java.lang.Thread.run(Thread.java:1583)

2026-03-10T17:56:12 Unexpected exception handling (msg c8 n2 {"type":"generate","msg_id":191}) : java.lang.UnsupportedOperationException: Not a string: 191
java.lang.UnsupportedOperationException: Not a string: 191
	at com.eclipsesource.json.JsonValue.asString(JsonValue.java:384)
	at com.eclipsesource.json.JsonObject.getString(JsonObject.java:674)
	at lab.UniqueId$1.accept(UniqueId.java:16)
	at lab.UniqueId$1.accept(UniqueId.java:12)
	at lab.Node.handleRequest(Node.java:97)
	at lab.Node.handleMessage(Node.java:71)
	at lab.Node.lambda$run$0(Node.java:44)
	at java.base/java.util.concurrent.ThreadPoolExecutor.runWorker(ThreadPoolExecutor.java:1144)
	at java.base/java.util.concurrent.ThreadPoolExecutor$Worker.run(ThreadPoolExecutor.java:642)
	at java.base/java.lang.Thread.run(Thread.java:1583)

2026-03-10T17:56:12 Unexpected exception handling (msg c8 n2 {"type":"generate","msg_id":192}) : java.lang.UnsupportedOperationException: Not a string: 192
java.lang.UnsupportedOperationException: Not a string: 192
	at com.eclipsesource.json.JsonValue.asString(JsonValue.java:384)
	at com.eclipsesource.json.JsonObject.getString(JsonObject.java:674)
	at lab.UniqueId$1.accept(UniqueId.java:16)
	at lab.UniqueId$1.accept(UniqueId.java:12)
	at lab.Node.handleRequest(Node.java:97)
	at lab.Node.handleMessage(Node.java:71)
	at lab.Node.lambda$run$0(Node.java:44)
	at java.base/java.util.concurrent.ThreadPoolExecutor.runWorker(ThreadPoolExecutor.java:1144)
	at java.base/java.util.concurrent.ThreadPoolExecutor$Worker.run(ThreadPoolExecutor.java:642)
	at java.base/java.lang.Thread.run(Thread.java:1583)

2026-03-10T17:56:12 Unexpected exception handling (msg c8 n2 {"type":"generate","msg_id":193}) : java.lang.UnsupportedOperationException: Not a string: 193
java.lang.UnsupportedOperationException: Not a string: 193
	at com.eclipsesource.json.JsonValue.asString(JsonValue.java:384)
	at com.eclipsesource.json.JsonObject.getString(JsonObject.java:674)
	at lab.UniqueId$1.accept(UniqueId.java:16)
	at lab.UniqueId$1.accept(UniqueId.java:12)
	at lab.Node.handleRequest(Node.java:97)
	at lab.Node.handleMessage(Node.java:71)
	at lab.Node.lambda$run$0(Node.java:44)
	at java.base/java.util.concurrent.ThreadPoolExecutor.runWorker(ThreadPoolExecutor.java:1144)
	at java.base/java.util.concurrent.ThreadPoolExecutor$Worker.run(ThreadPoolExecutor.java:642)
	at java.base/java.lang.Thread.run(Thread.java:1583)

2026-03-10T17:56:12 Unexpected exception handling (msg c8 n2 {"type":"generate","msg_id":194}) : java.lang.UnsupportedOperationException: Not a string: 194
java.lang.UnsupportedOperationException: Not a string: 194
	at com.eclipsesource.json.JsonValue.asString(JsonValue.java:384)
	at com.eclipsesource.json.JsonObject.getString(JsonObject.java:674)
	at lab.UniqueId$1.accept(UniqueId.java:16)
	at lab.UniqueId$1.accept(UniqueId.java:12)
	at lab.Node.handleRequest(Node.java:97)
	at lab.Node.handleMessage(Node.java:71)
	at lab.Node.lambda$run$0(Node.java:44)
	at java.base/java.util.concurrent.ThreadPoolExecutor.runWorker(ThreadPoolExecutor.java:1144)
	at java.base/java.util.concurrent.ThreadPoolExecutor$Worker.run(ThreadPoolExecutor.java:642)
	at java.base/java.lang.Thread.run(Thread.java:1583)

2026-03-10T17:56:12 Unexpected exception handling (msg c8 n2 {"type":"generate","msg_id":195}) : java.lang.UnsupportedOperationException: Not a string: 195
java.lang.UnsupportedOperationException: Not a string: 195
	at com.eclipsesource.json.JsonValue.asString(JsonValue.java:384)
	at com.eclipsesource.json.JsonObject.getString(JsonObject.java:674)
	at lab.UniqueId$1.accept(UniqueId.java:16)
	at lab.UniqueId$1.accept(UniqueId.java:12)
	at lab.Node.handleRequest(Node.java:97)
	at lab.Node.handleMessage(Node.java:71)
	at lab.Node.lambda$run$0(Node.java:44)
	at java.base/java.util.concurrent.ThreadPoolExecutor.runWorker(ThreadPoolExecutor.java:1144)
	at java.base/java.util.concurrent.ThreadPoolExecutor$Worker.run(ThreadPoolExecutor.java:642)
	at java.base/java.lang.Thread.run(Thread.java:1583)

2026-03-10T17:56:12 Unexpected exception handling (msg c8 n2 {"type":"generate","msg_id":196}) : java.lang.UnsupportedOperationException: Not a string: 196
java.lang.UnsupportedOperationException: Not a string: 196
	at com.eclipsesource.json.JsonValue.asString(JsonValue.java:384)
	at com.eclipsesource.json.JsonObject.getString(JsonObject.java:674)
	at lab.UniqueId$1.accept(UniqueId.java:16)
	at lab.UniqueId$1.accept(UniqueId.java:12)
	at lab.Node.handleRequest(Node.java:97)
	at lab.Node.handleMessage(Node.java:71)
	at lab.Node.lambda$run$0(Node.java:44)
	at java.base/java.util.concurrent.ThreadPoolExecutor.runWorker(ThreadPoolExecutor.java:1144)
	at java.base/java.util.concurrent.ThreadPoolExecutor$Worker.run(ThreadPoolExecutor.java:642)
	at java.base/java.lang.Thread.run(Thread.java:1583)

2026-03-10T17:56:12 Unexpected exception handling (msg c8 n2 {"type":"generate","msg_id":197}) : java.lang.UnsupportedOperationException: Not a string: 197
java.lang.UnsupportedOperationException: Not a string: 197
	at com.eclipsesource.json.JsonValue.asString(JsonValue.java:384)
	at com.eclipsesource.json.JsonObject.getString(JsonObject.java:674)
	at lab.UniqueId$1.accept(UniqueId.java:16)
	at lab.UniqueId$1.accept(UniqueId.java:12)
	at lab.Node.handleRequest(Node.java:97)
	at lab.Node.handleMessage(Node.java:71)
	at lab.Node.lambda$run$0(Node.java:44)
	at java.base/java.util.concurrent.ThreadPoolExecutor.runWorker(ThreadPoolExecutor.java:1144)
	at java.base/java.util.concurrent.ThreadPoolExecutor$Worker.run(ThreadPoolExecutor.java:642)
	at java.base/java.lang.Thread.run(Thread.java:1583)

2026-03-10T17:56:12 Unexpected exception handling (msg c8 n2 {"type":"generate","msg_id":198}) : java.lang.UnsupportedOperationException: Not a string: 198
java.lang.UnsupportedOperationException: Not a string: 198
	at com.eclipsesource.json.JsonValue.asString(JsonValue.java:384)
	at com.eclipsesource.json.JsonObject.getString(JsonObject.java:674)
	at lab.UniqueId$1.accept(UniqueId.java:16)
	at lab.UniqueId$1.accept(UniqueId.java:12)
	at lab.Node.handleRequest(Node.java:97)
	at lab.Node.handleMessage(Node.java:71)
	at lab.Node.lambda$run$0(Node.java:44)
	at java.base/java.util.concurrent.ThreadPoolExecutor.runWorker(ThreadPoolExecutor.java:1144)
	at java.base/java.util.concurrent.ThreadPoolExecutor$Worker.run(ThreadPoolExecutor.java:642)
	at java.base/java.lang.Thread.run(Thread.java:1583)

2026-03-10T17:56:12 Unexpected exception handling (msg c8 n2 {"type":"generate","msg_id":199}) : java.lang.UnsupportedOperationException: Not a string: 199
java.lang.UnsupportedOperationException: Not a string: 199
	at com.eclipsesource.json.JsonValue.asString(JsonValue.java:384)
	at com.eclipsesource.json.JsonObject.getString(JsonObject.java:674)
	at lab.UniqueId$1.accept(UniqueId.java:16)
	at lab.UniqueId$1.accept(UniqueId.java:12)
	at lab.Node.handleRequest(Node.java:97)
	at lab.Node.handleMessage(Node.java:71)
	at lab.Node.lambda$run$0(Node.java:44)
	at java.base/java.util.concurrent.ThreadPoolExecutor.runWorker(ThreadPoolExecutor.java:1144)
	at java.base/java.util.concurrent.ThreadPoolExecutor$Worker.run(ThreadPoolExecutor.java:642)
	at java.base/java.lang.Thread.run(Thread.java:1583)

2026-03-10T17:56:12 Unexpected exception handling (msg c8 n2 {"type":"generate","msg_id":200}) : java.lang.UnsupportedOperationException: Not a string: 200
java.lang.UnsupportedOperationException: Not a string: 200
	at com.eclipsesource.json.JsonValue.asString(JsonValue.java:384)
	at com.eclipsesource.json.JsonObject.getString(JsonObject.java:674)
	at lab.UniqueId$1.accept(UniqueId.java:16)
	at lab.UniqueId$1.accept(UniqueId.java:12)
	at lab.Node.handleRequest(Node.java:97)
	at lab.Node.handleMessage(Node.java:71)
	at lab.Node.lambda$run$0(Node.java:44)
	at java.base/java.util.concurrent.ThreadPoolExecutor.runWorker(ThreadPoolExecutor.java:1144)
	at java.base/java.util.concurrent.ThreadPoolExecutor$Worker.run(ThreadPoolExecutor.java:642)
	at java.base/java.lang.Thread.run(Thread.java:1583)

2026-03-10T17:56:12 Unexpected exception handling (msg c8 n2 {"type":"generate","msg_id":201}) : java.lang.UnsupportedOperationException: Not a string: 201
java.lang.UnsupportedOperationException: Not a string: 201
	at com.eclipsesource.json.JsonValue.asString(JsonValue.java:384)
	at com.eclipsesource.json.JsonObject.getString(JsonObject.java:674)
	at lab.UniqueId$1.accept(UniqueId.java:16)
	at lab.UniqueId$1.accept(UniqueId.java:12)
	at lab.Node.handleRequest(Node.java:97)
	at lab.Node.handleMessage(Node.java:71)
	at lab.Node.lambda$run$0(Node.java:44)
	at java.base/java.util.concurrent.ThreadPoolExecutor.runWorker(ThreadPoolExecutor.java:1144)
	at java.base/java.util.concurrent.ThreadPoolExecutor$Worker.run(ThreadPoolExecutor.java:642)
	at java.base/java.lang.Thread.run(Thread.java:1583)

2026-03-10T17:56:12 Unexpected exception handling (msg c8 n2 {"type":"generate","msg_id":202}) : java.lang.UnsupportedOperationException: Not a string: 202
java.lang.UnsupportedOperationException: Not a string: 202
	at com.eclipsesource.json.JsonValue.asString(JsonValue.java:384)
	at com.eclipsesource.json.JsonObject.getString(JsonObject.java:674)
	at lab.UniqueId$1.accept(UniqueId.java:16)
	at lab.UniqueId$1.accept(UniqueId.java:12)
	at lab.Node.handleRequest(Node.java:97)
	at lab.Node.handleMessage(Node.java:71)
	at lab.Node.lambda$run$0(Node.java:44)
	at java.base/java.util.concurrent.ThreadPoolExecutor.runWorker(ThreadPoolExecutor.java:1144)
	at java.base/java.util.concurrent.ThreadPoolExecutor$Worker.run(ThreadPoolExecutor.java:642)
	at java.base/java.lang.Thread.run(Thread.java:1583)

2026-03-10T17:56:12 Unexpected exception handling (msg c8 n2 {"type":"generate","msg_id":203}) : java.lang.UnsupportedOperationException: Not a string: 203
java.lang.UnsupportedOperationException: Not a string: 203
	at com.eclipsesource.json.JsonValue.asString(JsonValue.java:384)
	at com.eclipsesource.json.JsonObject.getString(JsonObject.java:674)
	at lab.UniqueId$1.accept(UniqueId.java:16)
	at lab.UniqueId$1.accept(UniqueId.java:12)
	at lab.Node.handleRequest(Node.java:97)
	at lab.Node.handleMessage(Node.java:71)
	at lab.Node.lambda$run$0(Node.java:44)
	at java.base/java.util.concurrent.ThreadPoolExecutor.runWorker(ThreadPoolExecutor.java:1144)
	at java.base/java.util.concurrent.ThreadPoolExecutor$Worker.run(ThreadPoolExecutor.java:642)
	at java.base/java.lang.Thread.run(Thread.java:1583)

2026-03-10T17:56:12 Unexpected exception handling (msg c8 n2 {"type":"generate","msg_id":204}) : java.lang.UnsupportedOperationException: Not a string: 204
java.lang.UnsupportedOperationException: Not a string: 204
	at com.eclipsesource.json.JsonValue.asString(JsonValue.java:384)
	at com.eclipsesource.json.JsonObject.getString(JsonObject.java:674)
	at lab.UniqueId$1.accept(UniqueId.java:16)
	at lab.UniqueId$1.accept(UniqueId.java:12)
	at lab.Node.handleRequest(Node.java:97)
	at lab.Node.handleMessage(Node.java:71)
	at lab.Node.lambda$run$0(Node.java:44)
	at java.base/java.util.concurrent.ThreadPoolExecutor.runWorker(ThreadPoolExecutor.java:1144)
	at java.base/java.util.concurrent.ThreadPoolExecutor$Worker.run(ThreadPoolExecutor.java:642)
	at java.base/java.lang.Thread.run(Thread.java:1583)

2026-03-10T17:56:12 Unexpected exception handling (msg c8 n2 {"type":"generate","msg_id":205}) : java.lang.UnsupportedOperationException: Not a string: 205
java.lang.UnsupportedOperationException: Not a string: 205
	at com.eclipsesource.json.JsonValue.asString(JsonValue.java:384)
	at com.eclipsesource.json.JsonObject.getString(JsonObject.java:674)
	at lab.UniqueId$1.accept(UniqueId.java:16)
	at lab.UniqueId$1.accept(UniqueId.java:12)
	at lab.Node.handleRequest(Node.java:97)
	at lab.Node.handleMessage(Node.java:71)
	at lab.Node.lambda$run$0(Node.java:44)
	at java.base/java.util.concurrent.ThreadPoolExecutor.runWorker(ThreadPoolExecutor.java:1144)
	at java.base/java.util.concurrent.ThreadPoolExecutor$Worker.run(ThreadPoolExecutor.java:642)
	at java.base/java.lang.Thread.run(Thread.java:1583)

2026-03-10T17:56:12 Unexpected exception handling (msg c8 n2 {"type":"generate","msg_id":206}) : java.lang.UnsupportedOperationException: Not a string: 206
java.lang.UnsupportedOperationException: Not a string: 206
	at com.eclipsesource.json.JsonValue.asString(JsonValue.java:384)
	at com.eclipsesource.json.JsonObject.getString(JsonObject.java:674)
	at lab.UniqueId$1.accept(UniqueId.java:16)
	at lab.UniqueId$1.accept(UniqueId.java:12)
	at lab.Node.handleRequest(Node.java:97)
	at lab.Node.handleMessage(Node.java:71)
	at lab.Node.lambda$run$0(Node.java:44)
	at java.base/java.util.concurrent.ThreadPoolExecutor.runWorker(ThreadPoolExecutor.java:1144)
	at java.base/java.util.concurrent.ThreadPoolExecutor$Worker.run(ThreadPoolExecutor.java:642)
	at java.base/java.lang.Thread.run(Thread.java:1583)

2026-03-10T17:56:12 Unexpected exception handling (msg c8 n2 {"type":"generate","msg_id":207}) : java.lang.UnsupportedOperationException: Not a string: 207
java.lang.UnsupportedOperationException: Not a string: 207
	at com.eclipsesource.json.JsonValue.asString(JsonValue.java:384)
	at com.eclipsesource.json.JsonObject.getString(JsonObject.java:674)
	at lab.UniqueId$1.accept(UniqueId.java:16)
	at lab.UniqueId$1.accept(UniqueId.java:12)
	at lab.Node.handleRequest(Node.java:97)
	at lab.Node.handleMessage(Node.java:71)
	at lab.Node.lambda$run$0(Node.java:44)
	at java.base/java.util.concurrent.ThreadPoolExecutor.runWorker(ThreadPoolExecutor.java:1144)
	at java.base/java.util.concurrent.ThreadPoolExecutor$Worker.run(ThreadPoolExecutor.java:642)
	at java.base/java.lang.Thread.run(Thread.java:1583)

2026-03-10T17:56:12 Unexpected exception handling (msg c8 n2 {"type":"generate","msg_id":208}) : java.lang.UnsupportedOperationException: Not a string: 208
java.lang.UnsupportedOperationException: Not a string: 208
	at com.eclipsesource.json.JsonValue.asString(JsonValue.java:384)
	at com.eclipsesource.json.JsonObject.getString(JsonObject.java:674)
	at lab.UniqueId$1.accept(UniqueId.java:16)
	at lab.UniqueId$1.accept(UniqueId.java:12)
	at lab.Node.handleRequest(Node.java:97)
	at lab.Node.handleMessage(Node.java:71)
	at lab.Node.lambda$run$0(Node.java:44)
	at java.base/java.util.concurrent.ThreadPoolExecutor.runWorker(ThreadPoolExecutor.java:1144)
	at java.base/java.util.concurrent.ThreadPoolExecutor$Worker.run(ThreadPoolExecutor.java:642)
	at java.base/java.lang.Thread.run(Thread.java:1583)

2026-03-10T17:56:12 Unexpected exception handling (msg c8 n2 {"type":"generate","msg_id":209}) : java.lang.UnsupportedOperationException: Not a string: 209
java.lang.UnsupportedOperationException: Not a string: 209
	at com.eclipsesource.json.JsonValue.asString(JsonValue.java:384)
	at com.eclipsesource.json.JsonObject.getString(JsonObject.java:674)
	at lab.UniqueId$1.accept(UniqueId.java:16)
	at lab.UniqueId$1.accept(UniqueId.java:12)
	at lab.Node.handleRequest(Node.java:97)
	at lab.Node.handleMessage(Node.java:71)
	at lab.Node.lambda$run$0(Node.java:44)
	at java.base/java.util.concurrent.ThreadPoolExecutor.runWorker(ThreadPoolExecutor.java:1144)
	at java.base/java.util.concurrent.ThreadPoolExecutor$Worker.run(ThreadPoolExecutor.java:642)
	at java.base/java.lang.Thread.run(Thread.java:1583)

2026-03-10T17:56:12 Unexpected exception handling (msg c8 n2 {"type":"generate","msg_id":210}) : java.lang.UnsupportedOperationException: Not a string: 210
java.lang.UnsupportedOperationException: Not a string: 210
	at com.eclipsesource.json.JsonValue.asString(JsonValue.java:384)
	at com.eclipsesource.json.JsonObject.getString(JsonObject.java:674)
	at lab.UniqueId$1.accept(UniqueId.java:16)
	at lab.UniqueId$1.accept(UniqueId.java:12)
	at lab.Node.handleRequest(Node.java:97)
	at lab.Node.handleMessage(Node.java:71)
	at lab.Node.lambda$run$0(Node.java:44)
	at java.base/java.util.concurrent.ThreadPoolExecutor.runWorker(ThreadPoolExecutor.java:1144)
	at java.base/java.util.concurrent.ThreadPoolExecutor$Worker.run(ThreadPoolExecutor.java:642)
	at java.base/java.lang.Thread.run(Thread.java:1583)

2026-03-10T17:56:12 Unexpected exception handling (msg c8 n2 {"type":"generate","msg_id":211}) : java.lang.UnsupportedOperationException: Not a string: 211
java.lang.UnsupportedOperationException: Not a string: 211
	at com.eclipsesource.json.JsonValue.asString(JsonValue.java:384)
	at com.eclipsesource.json.JsonObject.getString(JsonObject.java:674)
	at lab.UniqueId$1.accept(UniqueId.java:16)
	at lab.UniqueId$1.accept(UniqueId.java:12)
	at lab.Node.handleRequest(Node.java:97)
	at lab.Node.handleMessage(Node.java:71)
	at lab.Node.lambda$run$0(Node.java:44)
	at java.base/java.util.concurrent.ThreadPoolExecutor.runWorker(ThreadPoolExecutor.java:1144)
	at java.base/java.util.concurrent.ThreadPoolExecutor$Worker.run(ThreadPoolExecutor.java:642)
	at java.base/java.lang.Thread.run(Thread.java:1583)

2026-03-10T17:56:12 Unexpected exception handling (msg c8 n2 {"type":"generate","msg_id":212}) : java.lang.UnsupportedOperationException: Not a string: 212
java.lang.UnsupportedOperationException: Not a string: 212
	at com.eclipsesource.json.JsonValue.asString(JsonValue.java:384)
	at com.eclipsesource.json.JsonObject.getString(JsonObject.java:674)
	at lab.UniqueId$1.accept(UniqueId.java:16)
	at lab.UniqueId$1.accept(UniqueId.java:12)
	at lab.Node.handleRequest(Node.java:97)
	at lab.Node.handleMessage(Node.java:71)
	at lab.Node.lambda$run$0(Node.java:44)
	at java.base/java.util.concurrent.ThreadPoolExecutor.runWorker(ThreadPoolExecutor.java:1144)
	at java.base/java.util.concurrent.ThreadPoolExecutor$Worker.run(ThreadPoolExecutor.java:642)
	at java.base/java.lang.Thread.run(Thread.java:1583)

2026-03-10T17:56:12 Unexpected exception handling (msg c8 n2 {"type":"generate","msg_id":213}) : java.lang.UnsupportedOperationException: Not a string: 213
java.lang.UnsupportedOperationException: Not a string: 213
	at com.eclipsesource.json.JsonValue.asString(JsonValue.java:384)
	at com.eclipsesource.json.JsonObject.getString(JsonObject.java:674)
	at lab.UniqueId$1.accept(UniqueId.java:16)
	at lab.UniqueId$1.accept(UniqueId.java:12)
	at lab.Node.handleRequest(Node.java:97)
	at lab.Node.handleMessage(Node.java:71)
	at lab.Node.lambda$run$0(Node.java:44)
	at java.base/java.util.concurrent.ThreadPoolExecutor.runWorker(ThreadPoolExecutor.java:1144)
	at java.base/java.util.concurrent.ThreadPoolExecutor$Worker.run(ThreadPoolExecutor.java:642)
	at java.base/java.lang.Thread.run(Thread.java:1583)

2026-03-10T17:56:12 Unexpected exception handling (msg c8 n2 {"type":"generate","msg_id":214}) : java.lang.UnsupportedOperationException: Not a string: 214
java.lang.UnsupportedOperationException: Not a string: 214
	at com.eclipsesource.json.JsonValue.asString(JsonValue.java:384)
	at com.eclipsesource.json.JsonObject.getString(JsonObject.java:674)
	at lab.UniqueId$1.accept(UniqueId.java:16)
	at lab.UniqueId$1.accept(UniqueId.java:12)
	at lab.Node.handleRequest(Node.java:97)
	at lab.Node.handleMessage(Node.java:71)
	at lab.Node.lambda$run$0(Node.java:44)
	at java.base/java.util.concurrent.ThreadPoolExecutor.runWorker(ThreadPoolExecutor.java:1144)
	at java.base/java.util.concurrent.ThreadPoolExecutor$Worker.run(ThreadPoolExecutor.java:642)
	at java.base/java.lang.Thread.run(Thread.java:1583)

2026-03-10T17:56:12 Unexpected exception handling (msg c8 n2 {"type":"generate","msg_id":215}) : java.lang.UnsupportedOperationException: Not a string: 215
java.lang.UnsupportedOperationException: Not a string: 215
	at com.eclipsesource.json.JsonValue.asString(JsonValue.java:384)
	at com.eclipsesource.json.JsonObject.getString(JsonObject.java:674)
	at lab.UniqueId$1.accept(UniqueId.java:16)
	at lab.UniqueId$1.accept(UniqueId.java:12)
	at lab.Node.handleRequest(Node.java:97)
	at lab.Node.handleMessage(Node.java:71)
	at lab.Node.lambda$run$0(Node.java:44)
	at java.base/java.util.concurrent.ThreadPoolExecutor.runWorker(ThreadPoolExecutor.java:1144)
	at java.base/java.util.concurrent.ThreadPoolExecutor$Worker.run(ThreadPoolExecutor.java:642)
	at java.base/java.lang.Thread.run(Thread.java:1583)

2026-03-10T17:56:12 Unexpected exception handling (msg c8 n2 {"type":"generate","msg_id":216}) : java.lang.UnsupportedOperationException: Not a string: 216
java.lang.UnsupportedOperationException: Not a string: 216
	at com.eclipsesource.json.JsonValue.asString(JsonValue.java:384)
	at com.eclipsesource.json.JsonObject.getString(JsonObject.java:674)
	at lab.UniqueId$1.accept(UniqueId.java:16)
	at lab.UniqueId$1.accept(UniqueId.java:12)
	at lab.Node.handleRequest(Node.java:97)
	at lab.Node.handleMessage(Node.java:71)
	at lab.Node.lambda$run$0(Node.java:44)
	at java.base/java.util.concurrent.ThreadPoolExecutor.runWorker(ThreadPoolExecutor.java:1144)
	at java.base/java.util.concurrent.ThreadPoolExecutor$Worker.run(ThreadPoolExecutor.java:642)
	at java.base/java.lang.Thread.run(Thread.java:1583)

2026-03-10T17:56:12 Unexpected exception handling (msg c8 n2 {"type":"generate","msg_id":217}) : java.lang.UnsupportedOperationException: Not a string: 217
java.lang.UnsupportedOperationException: Not a string: 217
	at com.eclipsesource.json.JsonValue.asString(JsonValue.java:384)
	at com.eclipsesource.json.JsonObject.getString(JsonObject.java:674)
	at lab.UniqueId$1.accept(UniqueId.java:16)
	at lab.UniqueId$1.accept(UniqueId.java:12)
	at lab.Node.handleRequest(Node.java:97)
	at lab.Node.handleMessage(Node.java:71)
	at lab.Node.lambda$run$0(Node.java:44)
	at java.base/java.util.concurrent.ThreadPoolExecutor.runWorker(ThreadPoolExecutor.java:1144)
	at java.base/java.util.concurrent.ThreadPoolExecutor$Worker.run(ThreadPoolExecutor.java:642)
	at java.base/java.lang.Thread.run(Thread.java:1583)

2026-03-10T17:56:12 Unexpected exception handling (msg c8 n2 {"type":"generate","msg_id":218}) : java.lang.UnsupportedOperationException: Not a string: 218
java.lang.UnsupportedOperationException: Not a string: 218
	at com.eclipsesource.json.JsonValue.asString(JsonValue.java:384)
	at com.eclipsesource.json.JsonObject.getString(JsonObject.java:674)
	at lab.UniqueId$1.accept(UniqueId.java:16)
	at lab.UniqueId$1.accept(UniqueId.java:12)
	at lab.Node.handleRequest(Node.java:97)
	at lab.Node.handleMessage(Node.java:71)
	at lab.Node.lambda$run$0(Node.java:44)
	at java.base/java.util.concurrent.ThreadPoolExecutor.runWorker(ThreadPoolExecutor.java:1144)
	at java.base/java.util.concurrent.ThreadPoolExecutor$Worker.run(ThreadPoolExecutor.java:642)
	at java.base/java.lang.Thread.run(Thread.java:1583)

2026-03-10T17:56:12 Unexpected exception handling (msg c8 n2 {"type":"generate","msg_id":219}) : java.lang.UnsupportedOperationException: Not a string: 219
java.lang.UnsupportedOperationException: Not a string: 219
	at com.eclipsesource.json.JsonValue.asString(JsonValue.java:384)
	at com.eclipsesource.json.JsonObject.getString(JsonObject.java:674)
	at lab.UniqueId$1.accept(UniqueId.java:16)
	at lab.UniqueId$1.accept(UniqueId.java:12)
	at lab.Node.handleRequest(Node.java:97)
	at lab.Node.handleMessage(Node.java:71)
	at lab.Node.lambda$run$0(Node.java:44)
	at java.base/java.util.concurrent.ThreadPoolExecutor.runWorker(ThreadPoolExecutor.java:1144)
	at java.base/java.util.concurrent.ThreadPoolExecutor$Worker.run(ThreadPoolExecutor.java:642)
	at java.base/java.lang.Thread.run(Thread.java:1583)

2026-03-10T17:56:12 Unexpected exception handling (msg c8 n2 {"type":"generate","msg_id":220}) : java.lang.UnsupportedOperationException: Not a string: 220
java.lang.UnsupportedOperationException: Not a string: 220
	at com.eclipsesource.json.JsonValue.asString(JsonValue.java:384)
	at com.eclipsesource.json.JsonObject.getString(JsonObject.java:674)
	at lab.UniqueId$1.accept(UniqueId.java:16)
	at lab.UniqueId$1.accept(UniqueId.java:12)
	at lab.Node.handleRequest(Node.java:97)
	at lab.Node.handleMessage(Node.java:71)
	at lab.Node.lambda$run$0(Node.java:44)
	at java.base/java.util.concurrent.ThreadPoolExecutor.runWorker(ThreadPoolExecutor.java:1144)
	at java.base/java.util.concurrent.ThreadPoolExecutor$Worker.run(ThreadPoolExecutor.java:642)
	at java.base/java.lang.Thread.run(Thread.java:1583)

2026-03-10T17:56:12 Unexpected exception handling (msg c8 n2 {"type":"generate","msg_id":221}) : java.lang.UnsupportedOperationException: Not a string: 221
java.lang.UnsupportedOperationException: Not a string: 221
	at com.eclipsesource.json.JsonValue.asString(JsonValue.java:384)
	at com.eclipsesource.json.JsonObject.getString(JsonObject.java:674)
	at lab.UniqueId$1.accept(UniqueId.java:16)
	at lab.UniqueId$1.accept(UniqueId.java:12)
	at lab.Node.handleRequest(Node.java:97)
	at lab.Node.handleMessage(Node.java:71)
	at lab.Node.lambda$run$0(Node.java:44)
	at java.base/java.util.concurrent.ThreadPoolExecutor.runWorker(ThreadPoolExecutor.java:1144)
	at java.base/java.util.concurrent.ThreadPoolExecutor$Worker.run(ThreadPoolExecutor.java:642)
	at java.base/java.lang.Thread.run(Thread.java:1583)

2026-03-10T17:56:12 Unexpected exception handling (msg c8 n2 {"type":"generate","msg_id":222}) : java.lang.UnsupportedOperationException: Not a string: 222
java.lang.UnsupportedOperationException: Not a string: 222
	at com.eclipsesource.json.JsonValue.asString(JsonValue.java:384)
	at com.eclipsesource.json.JsonObject.getString(JsonObject.java:674)
	at lab.UniqueId$1.accept(UniqueId.java:16)
	at lab.UniqueId$1.accept(UniqueId.java:12)
	at lab.Node.handleRequest(Node.java:97)
	at lab.Node.handleMessage(Node.java:71)
	at lab.Node.lambda$run$0(Node.java:44)
	at java.base/java.util.concurrent.ThreadPoolExecutor.runWorker(ThreadPoolExecutor.java:1144)
	at java.base/java.util.concurrent.ThreadPoolExecutor$Worker.run(ThreadPoolExecutor.java:642)
	at java.base/java.lang.Thread.run(Thread.java:1583)

2026-03-10T17:56:12 Unexpected exception handling (msg c8 n2 {"type":"generate","msg_id":223}) : java.lang.UnsupportedOperationException: Not a string: 223
java.lang.UnsupportedOperationException: Not a string: 223
	at com.eclipsesource.json.JsonValue.asString(JsonValue.java:384)
	at com.eclipsesource.json.JsonObject.getString(JsonObject.java:674)
	at lab.UniqueId$1.accept(UniqueId.java:16)
	at lab.UniqueId$1.accept(UniqueId.java:12)
	at lab.Node.handleRequest(Node.java:97)
	at lab.Node.handleMessage(Node.java:71)
	at lab.Node.lambda$run$0(Node.java:44)
	at java.base/java.util.concurrent.ThreadPoolExecutor.runWorker(ThreadPoolExecutor.java:1144)
	at java.base/java.util.concurrent.ThreadPoolExecutor$Worker.run(ThreadPoolExecutor.java:642)
	at java.base/java.lang.Thread.run(Thread.java:1583)

2026-03-10T17:56:12 Unexpected exception handling (msg c8 n2 {"type":"generate","msg_id":224}) : java.lang.UnsupportedOperationException: Not a string: 224
java.lang.UnsupportedOperationException: Not a string: 224
	at com.eclipsesource.json.JsonValue.asString(JsonValue.java:384)
	at com.eclipsesource.json.JsonObject.getString(JsonObject.java:674)
	at lab.UniqueId$1.accept(UniqueId.java:16)
	at lab.UniqueId$1.accept(UniqueId.java:12)
	at lab.Node.handleRequest(Node.java:97)
	at lab.Node.handleMessage(Node.java:71)
	at lab.Node.lambda$run$0(Node.java:44)
	at java.base/java.util.concurrent.ThreadPoolExecutor.runWorker(ThreadPoolExecutor.java:1144)
	at java.base/java.util.concurrent.ThreadPoolExecutor$Worker.run(ThreadPoolExecutor.java:642)
	at java.base/java.lang.Thread.run(Thread.java:1583)

2026-03-10T17:56:12 Unexpected exception handling (msg c8 n2 {"type":"generate","msg_id":225}) : java.lang.UnsupportedOperationException: Not a string: 225
java.lang.UnsupportedOperationException: Not a string: 225
	at com.eclipsesource.json.JsonValue.asString(JsonValue.java:384)
	at com.eclipsesource.json.JsonObject.getString(JsonObject.java:674)
	at lab.UniqueId$1.accept(UniqueId.java:16)
	at lab.UniqueId$1.accept(UniqueId.java:12)
	at lab.Node.handleRequest(Node.java:97)
	at lab.Node.handleMessage(Node.java:71)
	at lab.Node.lambda$run$0(Node.java:44)
	at java.base/java.util.concurrent.ThreadPoolExecutor.runWorker(ThreadPoolExecutor.java:1144)
	at java.base/java.util.concurrent.ThreadPoolExecutor$Worker.run(ThreadPoolExecutor.java:642)
	at java.base/java.lang.Thread.run(Thread.java:1583)

2026-03-10T17:56:12 Unexpected exception handling (msg c8 n2 {"type":"generate","msg_id":226}) : java.lang.UnsupportedOperationException: Not a string: 226
java.lang.UnsupportedOperationException: Not a string: 226
	at com.eclipsesource.json.JsonValue.asString(JsonValue.java:384)
	at com.eclipsesource.json.JsonObject.getString(JsonObject.java:674)
	at lab.UniqueId$1.accept(UniqueId.java:16)
	at lab.UniqueId$1.accept(UniqueId.java:12)
	at lab.Node.handleRequest(Node.java:97)
	at lab.Node.handleMessage(Node.java:71)
	at lab.Node.lambda$run$0(Node.java:44)
	at java.base/java.util.concurrent.ThreadPoolExecutor.runWorker(ThreadPoolExecutor.java:1144)
	at java.base/java.util.concurrent.ThreadPoolExecutor$Worker.run(ThreadPoolExecutor.java:642)
	at java.base/java.lang.Thread.run(Thread.java:1583)

2026-03-10T17:56:12 Unexpected exception handling (msg c8 n2 {"type":"generate","msg_id":227}) : java.lang.UnsupportedOperationException: Not a string: 227
java.lang.UnsupportedOperationException: Not a string: 227
	at com.eclipsesource.json.JsonValue.asString(JsonValue.java:384)
	at com.eclipsesource.json.JsonObject.getString(JsonObject.java:674)
	at lab.UniqueId$1.accept(UniqueId.java:16)
	at lab.UniqueId$1.accept(UniqueId.java:12)
	at lab.Node.handleRequest(Node.java:97)
	at lab.Node.handleMessage(Node.java:71)
	at lab.Node.lambda$run$0(Node.java:44)
	at java.base/java.util.concurrent.ThreadPoolExecutor.runWorker(ThreadPoolExecutor.java:1144)
	at java.base/java.util.concurrent.ThreadPoolExecutor$Worker.run(ThreadPoolExecutor.java:642)
	at java.base/java.lang.Thread.run(Thread.java:1583)

2026-03-10T17:56:12 Unexpected exception handling (msg c8 n2 {"type":"generate","msg_id":228}) : java.lang.UnsupportedOperationException: Not a string: 228
java.lang.UnsupportedOperationException: Not a string: 228
	at com.eclipsesource.json.JsonValue.asString(JsonValue.java:384)
	at com.eclipsesource.json.JsonObject.getString(JsonObject.java:674)
	at lab.UniqueId$1.accept(UniqueId.java:16)
	at lab.UniqueId$1.accept(UniqueId.java:12)
	at lab.Node.handleRequest(Node.java:97)
	at lab.Node.handleMessage(Node.java:71)
	at lab.Node.lambda$run$0(Node.java:44)
	at java.base/java.util.concurrent.ThreadPoolExecutor.runWorker(ThreadPoolExecutor.java:1144)
	at java.base/java.util.concurrent.ThreadPoolExecutor$Worker.run(ThreadPoolExecutor.java:642)
	at java.base/java.lang.Thread.run(Thread.java:1583)

2026-03-10T17:56:12 Unexpected exception handling (msg c8 n2 {"type":"generate","msg_id":229}) : java.lang.UnsupportedOperationException: Not a string: 229
java.lang.UnsupportedOperationException: Not a string: 229
	at com.eclipsesource.json.JsonValue.asString(JsonValue.java:384)
	at com.eclipsesource.json.JsonObject.getString(JsonObject.java:674)
	at lab.UniqueId$1.accept(UniqueId.java:16)
	at lab.UniqueId$1.accept(UniqueId.java:12)
	at lab.Node.handleRequest(Node.java:97)
	at lab.Node.handleMessage(Node.java:71)
	at lab.Node.lambda$run$0(Node.java:44)
	at java.base/java.util.concurrent.ThreadPoolExecutor.runWorker(ThreadPoolExecutor.java:1144)
	at java.base/java.util.concurrent.ThreadPoolExecutor$Worker.run(ThreadPoolExecutor.java:642)
	at java.base/java.lang.Thread.run(Thread.java:1583)

2026-03-10T17:56:13 Unexpected exception handling (msg c8 n2 {"type":"generate","msg_id":230}) : java.lang.UnsupportedOperationException: Not a string: 230
java.lang.UnsupportedOperationException: Not a string: 230
	at com.eclipsesource.json.JsonValue.asString(JsonValue.java:384)
	at com.eclipsesource.json.JsonObject.getString(JsonObject.java:674)
	at lab.UniqueId$1.accept(UniqueId.java:16)
	at lab.UniqueId$1.accept(UniqueId.java:12)
	at lab.Node.handleRequest(Node.java:97)
	at lab.Node.handleMessage(Node.java:71)
	at lab.Node.lambda$run$0(Node.java:44)
	at java.base/java.util.concurrent.ThreadPoolExecutor.runWorker(ThreadPoolExecutor.java:1144)
	at java.base/java.util.concurrent.ThreadPoolExecutor$Worker.run(ThreadPoolExecutor.java:642)
	at java.base/java.lang.Thread.run(Thread.java:1583)

2026-03-10T17:56:13 Unexpected exception handling (msg c8 n2 {"type":"generate","msg_id":231}) : java.lang.UnsupportedOperationException: Not a string: 231
java.lang.UnsupportedOperationException: Not a string: 231
	at com.eclipsesource.json.JsonValue.asString(JsonValue.java:384)
	at com.eclipsesource.json.JsonObject.getString(JsonObject.java:674)
	at lab.UniqueId$1.accept(UniqueId.java:16)
	at lab.UniqueId$1.accept(UniqueId.java:12)
	at lab.Node.handleRequest(Node.java:97)
	at lab.Node.handleMessage(Node.java:71)
	at lab.Node.lambda$run$0(Node.java:44)
	at java.base/java.util.concurrent.ThreadPoolExecutor.runWorker(ThreadPoolExecutor.java:1144)
	at java.base/java.util.concurrent.ThreadPoolExecutor$Worker.run(ThreadPoolExecutor.java:642)
	at java.base/java.lang.Thread.run(Thread.java:1583)

2026-03-10T17:56:13 Unexpected exception handling (msg c8 n2 {"type":"generate","msg_id":232}) : java.lang.UnsupportedOperationException: Not a string: 232
java.lang.UnsupportedOperationException: Not a string: 232
	at com.eclipsesource.json.JsonValue.asString(JsonValue.java:384)
	at com.eclipsesource.json.JsonObject.getString(JsonObject.java:674)
	at lab.UniqueId$1.accept(UniqueId.java:16)
	at lab.UniqueId$1.accept(UniqueId.java:12)
	at lab.Node.handleRequest(Node.java:97)
	at lab.Node.handleMessage(Node.java:71)
	at lab.Node.lambda$run$0(Node.java:44)
	at java.base/java.util.concurrent.ThreadPoolExecutor.runWorker(ThreadPoolExecutor.java:1144)
	at java.base/java.util.concurrent.ThreadPoolExecutor$Worker.run(ThreadPoolExecutor.java:642)
	at java.base/java.lang.Thread.run(Thread.java:1583)

2026-03-10T17:56:13 Unexpected exception handling (msg c8 n2 {"type":"generate","msg_id":233}) : java.lang.UnsupportedOperationException: Not a string: 233
java.lang.UnsupportedOperationException: Not a string: 233
	at com.eclipsesource.json.JsonValue.asString(JsonValue.java:384)
	at com.eclipsesource.json.JsonObject.getString(JsonObject.java:674)
	at lab.UniqueId$1.accept(UniqueId.java:16)
	at lab.UniqueId$1.accept(UniqueId.java:12)
	at lab.Node.handleRequest(Node.java:97)
	at lab.Node.handleMessage(Node.java:71)
	at lab.Node.lambda$run$0(Node.java:44)
	at java.base/java.util.concurrent.ThreadPoolExecutor.runWorker(ThreadPoolExecutor.java:1144)
	at java.base/java.util.concurrent.ThreadPoolExecutor$Worker.run(ThreadPoolExecutor.java:642)
	at java.base/java.lang.Thread.run(Thread.java:1583)

2026-03-10T17:56:13 Unexpected exception handling (msg c8 n2 {"type":"generate","msg_id":234}) : java.lang.UnsupportedOperationException: Not a string: 234
java.lang.UnsupportedOperationException: Not a string: 234
	at com.eclipsesource.json.JsonValue.asString(JsonValue.java:384)
	at com.eclipsesource.json.JsonObject.getString(JsonObject.java:674)
	at lab.UniqueId$1.accept(UniqueId.java:16)
	at lab.UniqueId$1.accept(UniqueId.java:12)
	at lab.Node.handleRequest(Node.java:97)
	at lab.Node.handleMessage(Node.java:71)
	at lab.Node.lambda$run$0(Node.java:44)
	at java.base/java.util.concurrent.ThreadPoolExecutor.runWorker(ThreadPoolExecutor.java:1144)
	at java.base/java.util.concurrent.ThreadPoolExecutor$Worker.run(ThreadPoolExecutor.java:642)
	at java.base/java.lang.Thread.run(Thread.java:1583)

2026-03-10T17:56:13 Unexpected exception handling (msg c8 n2 {"type":"generate","msg_id":235}) : java.lang.UnsupportedOperationException: Not a string: 235
java.lang.UnsupportedOperationException: Not a string: 235
	at com.eclipsesource.json.JsonValue.asString(JsonValue.java:384)
	at com.eclipsesource.json.JsonObject.getString(JsonObject.java:674)
	at lab.UniqueId$1.accept(UniqueId.java:16)
	at lab.UniqueId$1.accept(UniqueId.java:12)
	at lab.Node.handleRequest(Node.java:97)
	at lab.Node.handleMessage(Node.java:71)
	at lab.Node.lambda$run$0(Node.java:44)
	at java.base/java.util.concurrent.ThreadPoolExecutor.runWorker(ThreadPoolExecutor.java:1144)
	at java.base/java.util.concurrent.ThreadPoolExecutor$Worker.run(ThreadPoolExecutor.java:642)
	at java.base/java.lang.Thread.run(Thread.java:1583)

2026-03-10T17:56:13 Unexpected exception handling (msg c8 n2 {"type":"generate","msg_id":236}) : java.lang.UnsupportedOperationException: Not a string: 236
java.lang.UnsupportedOperationException: Not a string: 236
	at com.eclipsesource.json.JsonValue.asString(JsonValue.java:384)
	at com.eclipsesource.json.JsonObject.getString(JsonObject.java:674)
	at lab.UniqueId$1.accept(UniqueId.java:16)
	at lab.UniqueId$1.accept(UniqueId.java:12)
	at lab.Node.handleRequest(Node.java:97)
	at lab.Node.handleMessage(Node.java:71)
	at lab.Node.lambda$run$0(Node.java:44)
	at java.base/java.util.concurrent.ThreadPoolExecutor.runWorker(ThreadPoolExecutor.java:1144)
	at java.base/java.util.concurrent.ThreadPoolExecutor$Worker.run(ThreadPoolExecutor.java:642)
	at java.base/java.lang.Thread.run(Thread.java:1583)

2026-03-10T17:56:13 Unexpected exception handling (msg c8 n2 {"type":"generate","msg_id":237}) : java.lang.UnsupportedOperationException: Not a string: 237
java.lang.UnsupportedOperationException: Not a string: 237
	at com.eclipsesource.json.JsonValue.asString(JsonValue.java:384)
	at com.eclipsesource.json.JsonObject.getString(JsonObject.java:674)
	at lab.UniqueId$1.accept(UniqueId.java:16)
	at lab.UniqueId$1.accept(UniqueId.java:12)
	at lab.Node.handleRequest(Node.java:97)
	at lab.Node.handleMessage(Node.java:71)
	at lab.Node.lambda$run$0(Node.java:44)
	at java.base/java.util.concurrent.ThreadPoolExecutor.runWorker(ThreadPoolExecutor.java:1144)
	at java.base/java.util.concurrent.ThreadPoolExecutor$Worker.run(ThreadPoolExecutor.java:642)
	at java.base/java.lang.Thread.run(Thread.java:1583)

2026-03-10T17:56:13 Unexpected exception handling (msg c8 n2 {"type":"generate","msg_id":238}) : java.lang.UnsupportedOperationException: Not a string: 238
java.lang.UnsupportedOperationException: Not a string: 238
	at com.eclipsesource.json.JsonValue.asString(JsonValue.java:384)
	at com.eclipsesource.json.JsonObject.getString(JsonObject.java:674)
	at lab.UniqueId$1.accept(UniqueId.java:16)
	at lab.UniqueId$1.accept(UniqueId.java:12)
	at lab.Node.handleRequest(Node.java:97)
	at lab.Node.handleMessage(Node.java:71)
	at lab.Node.lambda$run$0(Node.java:44)
	at java.base/java.util.concurrent.ThreadPoolExecutor.runWorker(ThreadPoolExecutor.java:1144)
	at java.base/java.util.concurrent.ThreadPoolExecutor$Worker.run(ThreadPoolExecutor.java:642)
	at java.base/java.lang.Thread.run(Thread.java:1583)

2026-03-10T17:56:13 Unexpected exception handling (msg c8 n2 {"type":"generate","msg_id":239}) : java.lang.UnsupportedOperationException: Not a string: 239
java.lang.UnsupportedOperationException: Not a string: 239
	at com.eclipsesource.json.JsonValue.asString(JsonValue.java:384)
	at com.eclipsesource.json.JsonObject.getString(JsonObject.java:674)
	at lab.UniqueId$1.accept(UniqueId.java:16)
	at lab.UniqueId$1.accept(UniqueId.java:12)
	at lab.Node.handleRequest(Node.java:97)
	at lab.Node.handleMessage(Node.java:71)
	at lab.Node.lambda$run$0(Node.java:44)
	at java.base/java.util.concurrent.ThreadPoolExecutor.runWorker(ThreadPoolExecutor.java:1144)
	at java.base/java.util.concurrent.ThreadPoolExecutor$Worker.run(ThreadPoolExecutor.java:642)
	at java.base/java.lang.Thread.run(Thread.java:1583)

2026-03-10T17:56:13 Unexpected exception handling (msg c8 n2 {"type":"generate","msg_id":240}) : java.lang.UnsupportedOperationException: Not a string: 240
java.lang.UnsupportedOperationException: Not a string: 240
	at com.eclipsesource.json.JsonValue.asString(JsonValue.java:384)
	at com.eclipsesource.json.JsonObject.getString(JsonObject.java:674)
	at lab.UniqueId$1.accept(UniqueId.java:16)
	at lab.UniqueId$1.accept(UniqueId.java:12)
	at lab.Node.handleRequest(Node.java:97)
	at lab.Node.handleMessage(Node.java:71)
	at lab.Node.lambda$run$0(Node.java:44)
	at java.base/java.util.concurrent.ThreadPoolExecutor.runWorker(ThreadPoolExecutor.java:1144)
	at java.base/java.util.concurrent.ThreadPoolExecutor$Worker.run(ThreadPoolExecutor.java:642)
	at java.base/java.lang.Thread.run(Thread.java:1583)

2026-03-10T17:56:13 Unexpected exception handling (msg c8 n2 {"type":"generate","msg_id":241}) : java.lang.UnsupportedOperationException: Not a string: 241
java.lang.UnsupportedOperationException: Not a string: 241
	at com.eclipsesource.json.JsonValue.asString(JsonValue.java:384)
	at com.eclipsesource.json.JsonObject.getString(JsonObject.java:674)
	at lab.UniqueId$1.accept(UniqueId.java:16)
	at lab.UniqueId$1.accept(UniqueId.java:12)
	at lab.Node.handleRequest(Node.java:97)
	at lab.Node.handleMessage(Node.java:71)
	at lab.Node.lambda$run$0(Node.java:44)
	at java.base/java.util.concurrent.ThreadPoolExecutor.runWorker(ThreadPoolExecutor.java:1144)
	at java.base/java.util.concurrent.ThreadPoolExecutor$Worker.run(ThreadPoolExecutor.java:642)
	at java.base/java.lang.Thread.run(Thread.java:1583)

2026-03-10T17:56:13 Unexpected exception handling (msg c8 n2 {"type":"generate","msg_id":242}) : java.lang.UnsupportedOperationException: Not a string: 242
java.lang.UnsupportedOperationException: Not a string: 242
	at com.eclipsesource.json.JsonValue.asString(JsonValue.java:384)
	at com.eclipsesource.json.JsonObject.getString(JsonObject.java:674)
	at lab.UniqueId$1.accept(UniqueId.java:16)
	at lab.UniqueId$1.accept(UniqueId.java:12)
	at lab.Node.handleRequest(Node.java:97)
	at lab.Node.handleMessage(Node.java:71)
	at lab.Node.lambda$run$0(Node.java:44)
	at java.base/java.util.concurrent.ThreadPoolExecutor.runWorker(ThreadPoolExecutor.java:1144)
	at java.base/java.util.concurrent.ThreadPoolExecutor$Worker.run(ThreadPoolExecutor.java:642)
	at java.base/java.lang.Thread.run(Thread.java:1583)

2026-03-10T17:56:13 Unexpected exception handling (msg c8 n2 {"type":"generate","msg_id":243}) : java.lang.UnsupportedOperationException: Not a string: 243
java.lang.UnsupportedOperationException: Not a string: 243
	at com.eclipsesource.json.JsonValue.asString(JsonValue.java:384)
	at com.eclipsesource.json.JsonObject.getString(JsonObject.java:674)
	at lab.UniqueId$1.accept(UniqueId.java:16)
	at lab.UniqueId$1.accept(UniqueId.java:12)
	at lab.Node.handleRequest(Node.java:97)
	at lab.Node.handleMessage(Node.java:71)
	at lab.Node.lambda$run$0(Node.java:44)
	at java.base/java.util.concurrent.ThreadPoolExecutor.runWorker(ThreadPoolExecutor.java:1144)
	at java.base/java.util.concurrent.ThreadPoolExecutor$Worker.run(ThreadPoolExecutor.java:642)
	at java.base/java.lang.Thread.run(Thread.java:1583)

2026-03-10T17:56:13 Unexpected exception handling (msg c8 n2 {"type":"generate","msg_id":244}) : java.lang.UnsupportedOperationException: Not a string: 244
java.lang.UnsupportedOperationException: Not a string: 244
	at com.eclipsesource.json.JsonValue.asString(JsonValue.java:384)
	at com.eclipsesource.json.JsonObject.getString(JsonObject.java:674)
	at lab.UniqueId$1.accept(UniqueId.java:16)
	at lab.UniqueId$1.accept(UniqueId.java:12)
	at lab.Node.handleRequest(Node.java:97)
	at lab.Node.handleMessage(Node.java:71)
	at lab.Node.lambda$run$0(Node.java:44)
	at java.base/java.util.concurrent.ThreadPoolExecutor.runWorker(ThreadPoolExecutor.java:1144)
	at java.base/java.util.concurrent.ThreadPoolExecutor$Worker.run(ThreadPoolExecutor.java:642)
	at java.base/java.lang.Thread.run(Thread.java:1583)

2026-03-10T17:56:13 Unexpected exception handling (msg c8 n2 {"type":"generate","msg_id":245}) : java.lang.UnsupportedOperationException: Not a string: 245
java.lang.UnsupportedOperationException: Not a string: 245
	at com.eclipsesource.json.JsonValue.asString(JsonValue.java:384)
	at com.eclipsesource.json.JsonObject.getString(JsonObject.java:674)
	at lab.UniqueId$1.accept(UniqueId.java:16)
	at lab.UniqueId$1.accept(UniqueId.java:12)
	at lab.Node.handleRequest(Node.java:97)
	at lab.Node.handleMessage(Node.java:71)
	at lab.Node.lambda$run$0(Node.java:44)
	at java.base/java.util.concurrent.ThreadPoolExecutor.runWorker(ThreadPoolExecutor.java:1144)
	at java.base/java.util.concurrent.ThreadPoolExecutor$Worker.run(ThreadPoolExecutor.java:642)
	at java.base/java.lang.Thread.run(Thread.java:1583)

2026-03-10T17:56:13 Unexpected exception handling (msg c8 n2 {"type":"generate","msg_id":246}) : java.lang.UnsupportedOperationException: Not a string: 246
java.lang.UnsupportedOperationException: Not a string: 246
	at com.eclipsesource.json.JsonValue.asString(JsonValue.java:384)
	at com.eclipsesource.json.JsonObject.getString(JsonObject.java:674)
	at lab.UniqueId$1.accept(UniqueId.java:16)
	at lab.UniqueId$1.accept(UniqueId.java:12)
	at lab.Node.handleRequest(Node.java:97)
	at lab.Node.handleMessage(Node.java:71)
	at lab.Node.lambda$run$0(Node.java:44)
	at java.base/java.util.concurrent.ThreadPoolExecutor.runWorker(ThreadPoolExecutor.java:1144)
	at java.base/java.util.concurrent.ThreadPoolExecutor$Worker.run(ThreadPoolExecutor.java:642)
	at java.base/java.lang.Thread.run(Thread.java:1583)

2026-03-10T17:56:13 Unexpected exception handling (msg c8 n2 {"type":"generate","msg_id":247}) : java.lang.UnsupportedOperationException: Not a string: 247
java.lang.UnsupportedOperationException: Not a string: 247
	at com.eclipsesource.json.JsonValue.asString(JsonValue.java:384)
	at com.eclipsesource.json.JsonObject.getString(JsonObject.java:674)
	at lab.UniqueId$1.accept(UniqueId.java:16)
	at lab.UniqueId$1.accept(UniqueId.java:12)
	at lab.Node.handleRequest(Node.java:97)
	at lab.Node.handleMessage(Node.java:71)
	at lab.Node.lambda$run$0(Node.java:44)
	at java.base/java.util.concurrent.ThreadPoolExecutor.runWorker(ThreadPoolExecutor.java:1144)
	at java.base/java.util.concurrent.ThreadPoolExecutor$Worker.run(ThreadPoolExecutor.java:642)
	at java.base/java.lang.Thread.run(Thread.java:1583)

2026-03-10T17:56:13 Unexpected exception handling (msg c8 n2 {"type":"generate","msg_id":248}) : java.lang.UnsupportedOperationException: Not a string: 248
java.lang.UnsupportedOperationException: Not a string: 248
	at com.eclipsesource.json.JsonValue.asString(JsonValue.java:384)
	at com.eclipsesource.json.JsonObject.getString(JsonObject.java:674)
	at lab.UniqueId$1.accept(UniqueId.java:16)
	at lab.UniqueId$1.accept(UniqueId.java:12)
	at lab.Node.handleRequest(Node.java:97)
	at lab.Node.handleMessage(Node.java:71)
	at lab.Node.lambda$run$0(Node.java:44)
	at java.base/java.util.concurrent.ThreadPoolExecutor.runWorker(ThreadPoolExecutor.java:1144)
	at java.base/java.util.concurrent.ThreadPoolExecutor$Worker.run(ThreadPoolExecutor.java:642)
	at java.base/java.lang.Thread.run(Thread.java:1583)

2026-03-10T17:56:13 Unexpected exception handling (msg c8 n2 {"type":"generate","msg_id":249}) : java.lang.UnsupportedOperationException: Not a string: 249
java.lang.UnsupportedOperationException: Not a string: 249
	at com.eclipsesource.json.JsonValue.asString(JsonValue.java:384)
	at com.eclipsesource.json.JsonObject.getString(JsonObject.java:674)
	at lab.UniqueId$1.accept(UniqueId.java:16)
	at lab.UniqueId$1.accept(UniqueId.java:12)
	at lab.Node.handleRequest(Node.java:97)
	at lab.Node.handleMessage(Node.java:71)
	at lab.Node.lambda$run$0(Node.java:44)
	at java.base/java.util.concurrent.ThreadPoolExecutor.runWorker(ThreadPoolExecutor.java:1144)
	at java.base/java.util.concurrent.ThreadPoolExecutor$Worker.run(ThreadPoolExecutor.java:642)
	at java.base/java.lang.Thread.run(Thread.java:1583)

2026-03-10T17:56:13 Unexpected exception handling (msg c8 n2 {"type":"generate","msg_id":250}) : java.lang.UnsupportedOperationException: Not a string: 250
java.lang.UnsupportedOperationException: Not a string: 250
	at com.eclipsesource.json.JsonValue.asString(JsonValue.java:384)
	at com.eclipsesource.json.JsonObject.getString(JsonObject.java:674)
	at lab.UniqueId$1.accept(UniqueId.java:16)
	at lab.UniqueId$1.accept(UniqueId.java:12)
	at lab.Node.handleRequest(Node.java:97)
	at lab.Node.handleMessage(Node.java:71)
	at lab.Node.lambda$run$0(Node.java:44)
	at java.base/java.util.concurrent.ThreadPoolExecutor.runWorker(ThreadPoolExecutor.java:1144)
	at java.base/java.util.concurrent.ThreadPoolExecutor$Worker.run(ThreadPoolExecutor.java:642)
	at java.base/java.lang.Thread.run(Thread.java:1583)

2026-03-10T17:56:13 Unexpected exception handling (msg c8 n2 {"type":"generate","msg_id":251}) : java.lang.UnsupportedOperationException: Not a string: 251
java.lang.UnsupportedOperationException: Not a string: 251
	at com.eclipsesource.json.JsonValue.asString(JsonValue.java:384)
	at com.eclipsesource.json.JsonObject.getString(JsonObject.java:674)
	at lab.UniqueId$1.accept(UniqueId.java:16)
	at lab.UniqueId$1.accept(UniqueId.java:12)
	at lab.Node.handleRequest(Node.java:97)
	at lab.Node.handleMessage(Node.java:71)
	at lab.Node.lambda$run$0(Node.java:44)
	at java.base/java.util.concurrent.ThreadPoolExecutor.runWorker(ThreadPoolExecutor.java:1144)
	at java.base/java.util.concurrent.ThreadPoolExecutor$Worker.run(ThreadPoolExecutor.java:642)
	at java.base/java.lang.Thread.run(Thread.java:1583)

2026-03-10T17:56:13 Unexpected exception handling (msg c8 n2 {"type":"generate","msg_id":252}) : java.lang.UnsupportedOperationException: Not a string: 252
java.lang.UnsupportedOperationException: Not a string: 252
	at com.eclipsesource.json.JsonValue.asString(JsonValue.java:384)
	at com.eclipsesource.json.JsonObject.getString(JsonObject.java:674)
	at lab.UniqueId$1.accept(UniqueId.java:16)
	at lab.UniqueId$1.accept(UniqueId.java:12)
	at lab.Node.handleRequest(Node.java:97)
	at lab.Node.handleMessage(Node.java:71)
	at lab.Node.lambda$run$0(Node.java:44)
	at java.base/java.util.concurrent.ThreadPoolExecutor.runWorker(ThreadPoolExecutor.java:1144)
	at java.base/java.util.concurrent.ThreadPoolExecutor$Worker.run(ThreadPoolExecutor.java:642)
	at java.base/java.lang.Thread.run(Thread.java:1583)

2026-03-10T17:56:13 Unexpected exception handling (msg c8 n2 {"type":"generate","msg_id":253}) : java.lang.UnsupportedOperationException: Not a string: 253
java.lang.UnsupportedOperationException: Not a string: 253
	at com.eclipsesource.json.JsonValue.asString(JsonValue.java:384)
	at com.eclipsesource.json.JsonObject.getString(JsonObject.java:674)
	at lab.UniqueId$1.accept(UniqueId.java:16)
	at lab.UniqueId$1.accept(UniqueId.java:12)
	at lab.Node.handleRequest(Node.java:97)
	at lab.Node.handleMessage(Node.java:71)
	at lab.Node.lambda$run$0(Node.java:44)
	at java.base/java.util.concurrent.ThreadPoolExecutor.runWorker(ThreadPoolExecutor.java:1144)
	at java.base/java.util.concurrent.ThreadPoolExecutor$Worker.run(ThreadPoolExecutor.java:642)
	at java.base/java.lang.Thread.run(Thread.java:1583)

2026-03-10T17:56:13 Unexpected exception handling (msg c8 n2 {"type":"generate","msg_id":254}) : java.lang.UnsupportedOperationException: Not a string: 254
java.lang.UnsupportedOperationException: Not a string: 254
	at com.eclipsesource.json.JsonValue.asString(JsonValue.java:384)
	at com.eclipsesource.json.JsonObject.getString(JsonObject.java:674)
	at lab.UniqueId$1.accept(UniqueId.java:16)
	at lab.UniqueId$1.accept(UniqueId.java:12)
	at lab.Node.handleRequest(Node.java:97)
	at lab.Node.handleMessage(Node.java:71)
	at lab.Node.lambda$run$0(Node.java:44)
	at java.base/java.util.concurrent.ThreadPoolExecutor.runWorker(ThreadPoolExecutor.java:1144)
	at java.base/java.util.concurrent.ThreadPoolExecutor$Worker.run(ThreadPoolExecutor.java:642)
	at java.base/java.lang.Thread.run(Thread.java:1583)

2026-03-10T17:56:13 Unexpected exception handling (msg c8 n2 {"type":"generate","msg_id":255}) : java.lang.UnsupportedOperationException: Not a string: 255
java.lang.UnsupportedOperationException: Not a string: 255
	at com.eclipsesource.json.JsonValue.asString(JsonValue.java:384)
	at com.eclipsesource.json.JsonObject.getString(JsonObject.java:674)
	at lab.UniqueId$1.accept(UniqueId.java:16)
	at lab.UniqueId$1.accept(UniqueId.java:12)
	at lab.Node.handleRequest(Node.java:97)
	at lab.Node.handleMessage(Node.java:71)
	at lab.Node.lambda$run$0(Node.java:44)
	at java.base/java.util.concurrent.ThreadPoolExecutor.runWorker(ThreadPoolExecutor.java:1144)
	at java.base/java.util.concurrent.ThreadPoolExecutor$Worker.run(ThreadPoolExecutor.java:642)
	at java.base/java.lang.Thread.run(Thread.java:1583)

2026-03-10T17:56:13 Unexpected exception handling (msg c8 n2 {"type":"generate","msg_id":256}) : java.lang.UnsupportedOperationException: Not a string: 256
java.lang.UnsupportedOperationException: Not a string: 256
	at com.eclipsesource.json.JsonValue.asString(JsonValue.java:384)
	at com.eclipsesource.json.JsonObject.getString(JsonObject.java:674)
	at lab.UniqueId$1.accept(UniqueId.java:16)
	at lab.UniqueId$1.accept(UniqueId.java:12)
	at lab.Node.handleRequest(Node.java:97)
	at lab.Node.handleMessage(Node.java:71)
	at lab.Node.lambda$run$0(Node.java:44)
	at java.base/java.util.concurrent.ThreadPoolExecutor.runWorker(ThreadPoolExecutor.java:1144)
	at java.base/java.util.concurrent.ThreadPoolExecutor$Worker.run(ThreadPoolExecutor.java:642)
	at java.base/java.lang.Thread.run(Thread.java:1583)

2026-03-10T17:56:13 Unexpected exception handling (msg c8 n2 {"type":"generate","msg_id":257}) : java.lang.UnsupportedOperationException: Not a string: 257
java.lang.UnsupportedOperationException: Not a string: 257
	at com.eclipsesource.json.JsonValue.asString(JsonValue.java:384)
	at com.eclipsesource.json.JsonObject.getString(JsonObject.java:674)
	at lab.UniqueId$1.accept(UniqueId.java:16)
	at lab.UniqueId$1.accept(UniqueId.java:12)
	at lab.Node.handleRequest(Node.java:97)
	at lab.Node.handleMessage(Node.java:71)
	at lab.Node.lambda$run$0(Node.java:44)
	at java.base/java.util.concurrent.ThreadPoolExecutor.runWorker(ThreadPoolExecutor.java:1144)
	at java.base/java.util.concurrent.ThreadPoolExecutor$Worker.run(ThreadPoolExecutor.java:642)
	at java.base/java.lang.Thread.run(Thread.java:1583)

2026-03-10T17:56:13 Unexpected exception handling (msg c8 n2 {"type":"generate","msg_id":258}) : java.lang.UnsupportedOperationException: Not a string: 258
java.lang.UnsupportedOperationException: Not a string: 258
	at com.eclipsesource.json.JsonValue.asString(JsonValue.java:384)
	at com.eclipsesource.json.JsonObject.getString(JsonObject.java:674)
	at lab.UniqueId$1.accept(UniqueId.java:16)
	at lab.UniqueId$1.accept(UniqueId.java:12)
	at lab.Node.handleRequest(Node.java:97)
	at lab.Node.handleMessage(Node.java:71)
	at lab.Node.lambda$run$0(Node.java:44)
	at java.base/java.util.concurrent.ThreadPoolExecutor.runWorker(ThreadPoolExecutor.java:1144)
	at java.base/java.util.concurrent.ThreadPoolExecutor$Worker.run(ThreadPoolExecutor.java:642)
	at java.base/java.lang.Thread.run(Thread.java:1583)

2026-03-10T17:56:13 Unexpected exception handling (msg c8 n2 {"type":"generate","msg_id":259}) : java.lang.UnsupportedOperationException: Not a string: 259
java.lang.UnsupportedOperationException: Not a string: 259
	at com.eclipsesource.json.JsonValue.asString(JsonValue.java:384)
	at com.eclipsesource.json.JsonObject.getString(JsonObject.java:674)
	at lab.UniqueId$1.accept(UniqueId.java:16)
	at lab.UniqueId$1.accept(UniqueId.java:12)
	at lab.Node.handleRequest(Node.java:97)
	at lab.Node.handleMessage(Node.java:71)
	at lab.Node.lambda$run$0(Node.java:44)
	at java.base/java.util.concurrent.ThreadPoolExecutor.runWorker(ThreadPoolExecutor.java:1144)
	at java.base/java.util.concurrent.ThreadPoolExecutor$Worker.run(ThreadPoolExecutor.java:642)
	at java.base/java.lang.Thread.run(Thread.java:1583)

2026-03-10T17:56:13 Unexpected exception handling (msg c8 n2 {"type":"generate","msg_id":260}) : java.lang.UnsupportedOperationException: Not a string: 260
java.lang.UnsupportedOperationException: Not a string: 260
	at com.eclipsesource.json.JsonValue.asString(JsonValue.java:384)
	at com.eclipsesource.json.JsonObject.getString(JsonObject.java:674)
	at lab.UniqueId$1.accept(UniqueId.java:16)
	at lab.UniqueId$1.accept(UniqueId.java:12)
	at lab.Node.handleRequest(Node.java:97)
	at lab.Node.handleMessage(Node.java:71)
	at lab.Node.lambda$run$0(Node.java:44)
	at java.base/java.util.concurrent.ThreadPoolExecutor.runWorker(ThreadPoolExecutor.java:1144)
	at java.base/java.util.concurrent.ThreadPoolExecutor$Worker.run(ThreadPoolExecutor.java:642)
	at java.base/java.lang.Thread.run(Thread.java:1583)

2026-03-10T17:56:13 Unexpected exception handling (msg c8 n2 {"type":"generate","msg_id":261}) : java.lang.UnsupportedOperationException: Not a string: 261
java.lang.UnsupportedOperationException: Not a string: 261
	at com.eclipsesource.json.JsonValue.asString(JsonValue.java:384)
	at com.eclipsesource.json.JsonObject.getString(JsonObject.java:674)
	at lab.UniqueId$1.accept(UniqueId.java:16)
	at lab.UniqueId$1.accept(UniqueId.java:12)
	at lab.Node.handleRequest(Node.java:97)
	at lab.Node.handleMessage(Node.java:71)
	at lab.Node.lambda$run$0(Node.java:44)
	at java.base/java.util.concurrent.ThreadPoolExecutor.runWorker(ThreadPoolExecutor.java:1144)
	at java.base/java.util.concurrent.ThreadPoolExecutor$Worker.run(ThreadPoolExecutor.java:642)
	at java.base/java.lang.Thread.run(Thread.java:1583)

2026-03-10T17:56:13 Unexpected exception handling (msg c8 n2 {"type":"generate","msg_id":262}) : java.lang.UnsupportedOperationException: Not a string: 262
java.lang.UnsupportedOperationException: Not a string: 262
	at com.eclipsesource.json.JsonValue.asString(JsonValue.java:384)
	at com.eclipsesource.json.JsonObject.getString(JsonObject.java:674)
	at lab.UniqueId$1.accept(UniqueId.java:16)
	at lab.UniqueId$1.accept(UniqueId.java:12)
	at lab.Node.handleRequest(Node.java:97)
	at lab.Node.handleMessage(Node.java:71)
	at lab.Node.lambda$run$0(Node.java:44)
	at java.base/java.util.concurrent.ThreadPoolExecutor.runWorker(ThreadPoolExecutor.java:1144)
	at java.base/java.util.concurrent.ThreadPoolExecutor$Worker.run(ThreadPoolExecutor.java:642)
	at java.base/java.lang.Thread.run(Thread.java:1583)

2026-03-10T17:56:13 Unexpected exception handling (msg c8 n2 {"type":"generate","msg_id":263}) : java.lang.UnsupportedOperationException: Not a string: 263
java.lang.UnsupportedOperationException: Not a string: 263
	at com.eclipsesource.json.JsonValue.asString(JsonValue.java:384)
	at com.eclipsesource.json.JsonObject.getString(JsonObject.java:674)
	at lab.UniqueId$1.accept(UniqueId.java:16)
	at lab.UniqueId$1.accept(UniqueId.java:12)
	at lab.Node.handleRequest(Node.java:97)
	at lab.Node.handleMessage(Node.java:71)
	at lab.Node.lambda$run$0(Node.java:44)
	at java.base/java.util.concurrent.ThreadPoolExecutor.runWorker(ThreadPoolExecutor.java:1144)
	at java.base/java.util.concurrent.ThreadPoolExecutor$Worker.run(ThreadPoolExecutor.java:642)
	at java.base/java.lang.Thread.run(Thread.java:1583)

2026-03-10T17:56:13 Unexpected exception handling (msg c8 n2 {"type":"generate","msg_id":264}) : java.lang.UnsupportedOperationException: Not a string: 264
java.lang.UnsupportedOperationException: Not a string: 264
	at com.eclipsesource.json.JsonValue.asString(JsonValue.java:384)
	at com.eclipsesource.json.JsonObject.getString(JsonObject.java:674)
	at lab.UniqueId$1.accept(UniqueId.java:16)
	at lab.UniqueId$1.accept(UniqueId.java:12)
	at lab.Node.handleRequest(Node.java:97)
	at lab.Node.handleMessage(Node.java:71)
	at lab.Node.lambda$run$0(Node.java:44)
	at java.base/java.util.concurrent.ThreadPoolExecutor.runWorker(ThreadPoolExecutor.java:1144)
	at java.base/java.util.concurrent.ThreadPoolExecutor$Worker.run(ThreadPoolExecutor.java:642)
	at java.base/java.lang.Thread.run(Thread.java:1583)

2026-03-10T17:56:13 Unexpected exception handling (msg c8 n2 {"type":"generate","msg_id":265}) : java.lang.UnsupportedOperationException: Not a string: 265
java.lang.UnsupportedOperationException: Not a string: 265
	at com.eclipsesource.json.JsonValue.asString(JsonValue.java:384)
	at com.eclipsesource.json.JsonObject.getString(JsonObject.java:674)
	at lab.UniqueId$1.accept(UniqueId.java:16)
	at lab.UniqueId$1.accept(UniqueId.java:12)
	at lab.Node.handleRequest(Node.java:97)
	at lab.Node.handleMessage(Node.java:71)
	at lab.Node.lambda$run$0(Node.java:44)
	at java.base/java.util.concurrent.ThreadPoolExecutor.runWorker(ThreadPoolExecutor.java:1144)
	at java.base/java.util.concurrent.ThreadPoolExecutor$Worker.run(ThreadPoolExecutor.java:642)
	at java.base/java.lang.Thread.run(Thread.java:1583)

2026-03-10T17:56:13 Unexpected exception handling (msg c8 n2 {"type":"generate","msg_id":266}) : java.lang.UnsupportedOperationException: Not a string: 266
java.lang.UnsupportedOperationException: Not a string: 266
	at com.eclipsesource.json.JsonValue.asString(JsonValue.java:384)
	at com.eclipsesource.json.JsonObject.getString(JsonObject.java:674)
	at lab.UniqueId$1.accept(UniqueId.java:16)
	at lab.UniqueId$1.accept(UniqueId.java:12)
	at lab.Node.handleRequest(Node.java:97)
	at lab.Node.handleMessage(Node.java:71)
	at lab.Node.lambda$run$0(Node.java:44)
	at java.base/java.util.concurrent.ThreadPoolExecutor.runWorker(ThreadPoolExecutor.java:1144)
	at java.base/java.util.concurrent.ThreadPoolExecutor$Worker.run(ThreadPoolExecutor.java:642)
	at java.base/java.lang.Thread.run(Thread.java:1583)

2026-03-10T17:56:13 Unexpected exception handling (msg c8 n2 {"type":"generate","msg_id":267}) : java.lang.UnsupportedOperationException: Not a string: 267
java.lang.UnsupportedOperationException: Not a string: 267
	at com.eclipsesource.json.JsonValue.asString(JsonValue.java:384)
	at com.eclipsesource.json.JsonObject.getString(JsonObject.java:674)
	at lab.UniqueId$1.accept(UniqueId.java:16)
	at lab.UniqueId$1.accept(UniqueId.java:12)
	at lab.Node.handleRequest(Node.java:97)
	at lab.Node.handleMessage(Node.java:71)
	at lab.Node.lambda$run$0(Node.java:44)
	at java.base/java.util.concurrent.ThreadPoolExecutor.runWorker(ThreadPoolExecutor.java:1144)
	at java.base/java.util.concurrent.ThreadPoolExecutor$Worker.run(ThreadPoolExecutor.java:642)
	at java.base/java.lang.Thread.run(Thread.java:1583)

2026-03-10T17:56:13 Unexpected exception handling (msg c8 n2 {"type":"generate","msg_id":268}) : java.lang.UnsupportedOperationException: Not a string: 268
java.lang.UnsupportedOperationException: Not a string: 268
	at com.eclipsesource.json.JsonValue.asString(JsonValue.java:384)
	at com.eclipsesource.json.JsonObject.getString(JsonObject.java:674)
	at lab.UniqueId$1.accept(UniqueId.java:16)
	at lab.UniqueId$1.accept(UniqueId.java:12)
	at lab.Node.handleRequest(Node.java:97)
	at lab.Node.handleMessage(Node.java:71)
	at lab.Node.lambda$run$0(Node.java:44)
	at java.base/java.util.concurrent.ThreadPoolExecutor.runWorker(ThreadPoolExecutor.java:1144)
	at java.base/java.util.concurrent.ThreadPoolExecutor$Worker.run(ThreadPoolExecutor.java:642)
	at java.base/java.lang.Thread.run(Thread.java:1583)

2026-03-10T17:56:13 Unexpected exception handling (msg c8 n2 {"type":"generate","msg_id":269}) : java.lang.UnsupportedOperationException: Not a string: 269
java.lang.UnsupportedOperationException: Not a string: 269
	at com.eclipsesource.json.JsonValue.asString(JsonValue.java:384)
	at com.eclipsesource.json.JsonObject.getString(JsonObject.java:674)
	at lab.UniqueId$1.accept(UniqueId.java:16)
	at lab.UniqueId$1.accept(UniqueId.java:12)
	at lab.Node.handleRequest(Node.java:97)
	at lab.Node.handleMessage(Node.java:71)
	at lab.Node.lambda$run$0(Node.java:44)
	at java.base/java.util.concurrent.ThreadPoolExecutor.runWorker(ThreadPoolExecutor.java:1144)
	at java.base/java.util.concurrent.ThreadPoolExecutor$Worker.run(ThreadPoolExecutor.java:642)
	at java.base/java.lang.Thread.run(Thread.java:1583)

2026-03-10T17:56:13 Unexpected exception handling (msg c8 n2 {"type":"generate","msg_id":270}) : java.lang.UnsupportedOperationException: Not a string: 270
java.lang.UnsupportedOperationException: Not a string: 270
	at com.eclipsesource.json.JsonValue.asString(JsonValue.java:384)
	at com.eclipsesource.json.JsonObject.getString(JsonObject.java:674)
	at lab.UniqueId$1.accept(UniqueId.java:16)
	at lab.UniqueId$1.accept(UniqueId.java:12)
	at lab.Node.handleRequest(Node.java:97)
	at lab.Node.handleMessage(Node.java:71)
	at lab.Node.lambda$run$0(Node.java:44)
	at java.base/java.util.concurrent.ThreadPoolExecutor.runWorker(ThreadPoolExecutor.java:1144)
	at java.base/java.util.concurrent.ThreadPoolExecutor$Worker.run(ThreadPoolExecutor.java:642)
	at java.base/java.lang.Thread.run(Thread.java:1583)

2026-03-10T17:56:13 Unexpected exception handling (msg c8 n2 {"type":"generate","msg_id":271}) : java.lang.UnsupportedOperationException: Not a string: 271
java.lang.UnsupportedOperationException: Not a string: 271
	at com.eclipsesource.json.JsonValue.asString(JsonValue.java:384)
	at com.eclipsesource.json.JsonObject.getString(JsonObject.java:674)
	at lab.UniqueId$1.accept(UniqueId.java:16)
	at lab.UniqueId$1.accept(UniqueId.java:12)
	at lab.Node.handleRequest(Node.java:97)
	at lab.Node.handleMessage(Node.java:71)
	at lab.Node.lambda$run$0(Node.java:44)
	at java.base/java.util.concurrent.ThreadPoolExecutor.runWorker(ThreadPoolExecutor.java:1144)
	at java.base/java.util.concurrent.ThreadPoolExecutor$Worker.run(ThreadPoolExecutor.java:642)
	at java.base/java.lang.Thread.run(Thread.java:1583)

2026-03-10T17:56:13 Unexpected exception handling (msg c8 n2 {"type":"generate","msg_id":272}) : java.lang.UnsupportedOperationException: Not a string: 272
java.lang.UnsupportedOperationException: Not a string: 272
	at com.eclipsesource.json.JsonValue.asString(JsonValue.java:384)
	at com.eclipsesource.json.JsonObject.getString(JsonObject.java:674)
	at lab.UniqueId$1.accept(UniqueId.java:16)
	at lab.UniqueId$1.accept(UniqueId.java:12)
	at lab.Node.handleRequest(Node.java:97)
	at lab.Node.handleMessage(Node.java:71)
	at lab.Node.lambda$run$0(Node.java:44)
	at java.base/java.util.concurrent.ThreadPoolExecutor.runWorker(ThreadPoolExecutor.java:1144)
	at java.base/java.util.concurrent.ThreadPoolExecutor$Worker.run(ThreadPoolExecutor.java:642)
	at java.base/java.lang.Thread.run(Thread.java:1583)

2026-03-10T17:56:13 Unexpected exception handling (msg c8 n2 {"type":"generate","msg_id":273}) : java.lang.UnsupportedOperationException: Not a string: 273
java.lang.UnsupportedOperationException: Not a string: 273
	at com.eclipsesource.json.JsonValue.asString(JsonValue.java:384)
	at com.eclipsesource.json.JsonObject.getString(JsonObject.java:674)
	at lab.UniqueId$1.accept(UniqueId.java:16)
	at lab.UniqueId$1.accept(UniqueId.java:12)
	at lab.Node.handleRequest(Node.java:97)
	at lab.Node.handleMessage(Node.java:71)
	at lab.Node.lambda$run$0(Node.java:44)
	at java.base/java.util.concurrent.ThreadPoolExecutor.runWorker(ThreadPoolExecutor.java:1144)
	at java.base/java.util.concurrent.ThreadPoolExecutor$Worker.run(ThreadPoolExecutor.java:642)
	at java.base/java.lang.Thread.run(Thread.java:1583)

2026-03-10T17:56:13 Unexpected exception handling (msg c8 n2 {"type":"generate","msg_id":274}) : java.lang.UnsupportedOperationException: Not a string: 274
java.lang.UnsupportedOperationException: Not a string: 274
	at com.eclipsesource.json.JsonValue.asString(JsonValue.java:384)
	at com.eclipsesource.json.JsonObject.getString(JsonObject.java:674)
	at lab.UniqueId$1.accept(UniqueId.java:16)
	at lab.UniqueId$1.accept(UniqueId.java:12)
	at lab.Node.handleRequest(Node.java:97)
	at lab.Node.handleMessage(Node.java:71)
	at lab.Node.lambda$run$0(Node.java:44)
	at java.base/java.util.concurrent.ThreadPoolExecutor.runWorker(ThreadPoolExecutor.java:1144)
	at java.base/java.util.concurrent.ThreadPoolExecutor$Worker.run(ThreadPoolExecutor.java:642)
	at java.base/java.lang.Thread.run(Thread.java:1583)

2026-03-10T17:56:13 Unexpected exception handling (msg c8 n2 {"type":"generate","msg_id":275}) : java.lang.UnsupportedOperationException: Not a string: 275
java.lang.UnsupportedOperationException: Not a string: 275
	at com.eclipsesource.json.JsonValue.asString(JsonValue.java:384)
	at com.eclipsesource.json.JsonObject.getString(JsonObject.java:674)
	at lab.UniqueId$1.accept(UniqueId.java:16)
	at lab.UniqueId$1.accept(UniqueId.java:12)
	at lab.Node.handleRequest(Node.java:97)
	at lab.Node.handleMessage(Node.java:71)
	at lab.Node.lambda$run$0(Node.java:44)
	at java.base/java.util.concurrent.ThreadPoolExecutor.runWorker(ThreadPoolExecutor.java:1144)
	at java.base/java.util.concurrent.ThreadPoolExecutor$Worker.run(ThreadPoolExecutor.java:642)
	at java.base/java.lang.Thread.run(Thread.java:1583)

2026-03-10T17:56:13 Unexpected exception handling (msg c8 n2 {"type":"generate","msg_id":276}) : java.lang.UnsupportedOperationException: Not a string: 276
java.lang.UnsupportedOperationException: Not a string: 276
	at com.eclipsesource.json.JsonValue.asString(JsonValue.java:384)
	at com.eclipsesource.json.JsonObject.getString(JsonObject.java:674)
	at lab.UniqueId$1.accept(UniqueId.java:16)
	at lab.UniqueId$1.accept(UniqueId.java:12)
	at lab.Node.handleRequest(Node.java:97)
	at lab.Node.handleMessage(Node.java:71)
	at lab.Node.lambda$run$0(Node.java:44)
	at java.base/java.util.concurrent.ThreadPoolExecutor.runWorker(ThreadPoolExecutor.java:1144)
	at java.base/java.util.concurrent.ThreadPoolExecutor$Worker.run(ThreadPoolExecutor.java:642)
	at java.base/java.lang.Thread.run(Thread.java:1583)

2026-03-10T17:56:13 Unexpected exception handling (msg c8 n2 {"type":"generate","msg_id":277}) : java.lang.UnsupportedOperationException: Not a string: 277
java.lang.UnsupportedOperationException: Not a string: 277
	at com.eclipsesource.json.JsonValue.asString(JsonValue.java:384)
	at com.eclipsesource.json.JsonObject.getString(JsonObject.java:674)
	at lab.UniqueId$1.accept(UniqueId.java:16)
	at lab.UniqueId$1.accept(UniqueId.java:12)
	at lab.Node.handleRequest(Node.java:97)
	at lab.Node.handleMessage(Node.java:71)
	at lab.Node.lambda$run$0(Node.java:44)
	at java.base/java.util.concurrent.ThreadPoolExecutor.runWorker(ThreadPoolExecutor.java:1144)
	at java.base/java.util.concurrent.ThreadPoolExecutor$Worker.run(ThreadPoolExecutor.java:642)
	at java.base/java.lang.Thread.run(Thread.java:1583)

2026-03-10T17:56:13 Unexpected exception handling (msg c8 n2 {"type":"generate","msg_id":278}) : java.lang.UnsupportedOperationException: Not a string: 278
java.lang.UnsupportedOperationException: Not a string: 278
	at com.eclipsesource.json.JsonValue.asString(JsonValue.java:384)
	at com.eclipsesource.json.JsonObject.getString(JsonObject.java:674)
	at lab.UniqueId$1.accept(UniqueId.java:16)
	at lab.UniqueId$1.accept(UniqueId.java:12)
	at lab.Node.handleRequest(Node.java:97)
	at lab.Node.handleMessage(Node.java:71)
	at lab.Node.lambda$run$0(Node.java:44)
	at java.base/java.util.concurrent.ThreadPoolExecutor.runWorker(ThreadPoolExecutor.java:1144)
	at java.base/java.util.concurrent.ThreadPoolExecutor$Worker.run(ThreadPoolExecutor.java:642)
	at java.base/java.lang.Thread.run(Thread.java:1583)

2026-03-10T17:56:13 Unexpected exception handling (msg c8 n2 {"type":"generate","msg_id":279}) : java.lang.UnsupportedOperationException: Not a string: 279
java.lang.UnsupportedOperationException: Not a string: 279
	at com.eclipsesource.json.JsonValue.asString(JsonValue.java:384)
	at com.eclipsesource.json.JsonObject.getString(JsonObject.java:674)
	at lab.UniqueId$1.accept(UniqueId.java:16)
	at lab.UniqueId$1.accept(UniqueId.java:12)
	at lab.Node.handleRequest(Node.java:97)
	at lab.Node.handleMessage(Node.java:71)
	at lab.Node.lambda$run$0(Node.java:44)
	at java.base/java.util.concurrent.ThreadPoolExecutor.runWorker(ThreadPoolExecutor.java:1144)
	at java.base/java.util.concurrent.ThreadPoolExecutor$Worker.run(ThreadPoolExecutor.java:642)
	at java.base/java.lang.Thread.run(Thread.java:1583)

2026-03-10T17:56:13 Unexpected exception handling (msg c8 n2 {"type":"generate","msg_id":280}) : java.lang.UnsupportedOperationException: Not a string: 280
java.lang.UnsupportedOperationException: Not a string: 280
	at com.eclipsesource.json.JsonValue.asString(JsonValue.java:384)
	at com.eclipsesource.json.JsonObject.getString(JsonObject.java:674)
	at lab.UniqueId$1.accept(UniqueId.java:16)
	at lab.UniqueId$1.accept(UniqueId.java:12)
	at lab.Node.handleRequest(Node.java:97)
	at lab.Node.handleMessage(Node.java:71)
	at lab.Node.lambda$run$0(Node.java:44)
	at java.base/java.util.concurrent.ThreadPoolExecutor.runWorker(ThreadPoolExecutor.java:1144)
	at java.base/java.util.concurrent.ThreadPoolExecutor$Worker.run(ThreadPoolExecutor.java:642)
	at java.base/java.lang.Thread.run(Thread.java:1583)

2026-03-10T17:56:13 Unexpected exception handling (msg c8 n2 {"type":"generate","msg_id":281}) : java.lang.UnsupportedOperationException: Not a string: 281
java.lang.UnsupportedOperationException: Not a string: 281
	at com.eclipsesource.json.JsonValue.asString(JsonValue.java:384)
	at com.eclipsesource.json.JsonObject.getString(JsonObject.java:674)
	at lab.UniqueId$1.accept(UniqueId.java:16)
	at lab.UniqueId$1.accept(UniqueId.java:12)
	at lab.Node.handleRequest(Node.java:97)
	at lab.Node.handleMessage(Node.java:71)
	at lab.Node.lambda$run$0(Node.java:44)
	at java.base/java.util.concurrent.ThreadPoolExecutor.runWorker(ThreadPoolExecutor.java:1144)
	at java.base/java.util.concurrent.ThreadPoolExecutor$Worker.run(ThreadPoolExecutor.java:642)
	at java.base/java.lang.Thread.run(Thread.java:1583)

2026-03-10T17:56:13 Unexpected exception handling (msg c8 n2 {"type":"generate","msg_id":282}) : java.lang.UnsupportedOperationException: Not a string: 282
java.lang.UnsupportedOperationException: Not a string: 282
	at com.eclipsesource.json.JsonValue.asString(JsonValue.java:384)
	at com.eclipsesource.json.JsonObject.getString(JsonObject.java:674)
	at lab.UniqueId$1.accept(UniqueId.java:16)
	at lab.UniqueId$1.accept(UniqueId.java:12)
	at lab.Node.handleRequest(Node.java:97)
	at lab.Node.handleMessage(Node.java:71)
	at lab.Node.lambda$run$0(Node.java:44)
	at java.base/java.util.concurrent.ThreadPoolExecutor.runWorker(ThreadPoolExecutor.java:1144)
	at java.base/java.util.concurrent.ThreadPoolExecutor$Worker.run(ThreadPoolExecutor.java:642)
	at java.base/java.lang.Thread.run(Thread.java:1583)

2026-03-10T17:56:13 Unexpected exception handling (msg c8 n2 {"type":"generate","msg_id":283}) : java.lang.UnsupportedOperationException: Not a string: 283
java.lang.UnsupportedOperationException: Not a string: 283
	at com.eclipsesource.json.JsonValue.asString(JsonValue.java:384)
	at com.eclipsesource.json.JsonObject.getString(JsonObject.java:674)
	at lab.UniqueId$1.accept(UniqueId.java:16)
	at lab.UniqueId$1.accept(UniqueId.java:12)
	at lab.Node.handleRequest(Node.java:97)
	at lab.Node.handleMessage(Node.java:71)
	at lab.Node.lambda$run$0(Node.java:44)
	at java.base/java.util.concurrent.ThreadPoolExecutor.runWorker(ThreadPoolExecutor.java:1144)
	at java.base/java.util.concurrent.ThreadPoolExecutor$Worker.run(ThreadPoolExecutor.java:642)
	at java.base/java.lang.Thread.run(Thread.java:1583)

2026-03-10T17:56:13 Unexpected exception handling (msg c8 n2 {"type":"generate","msg_id":284}) : java.lang.UnsupportedOperationException: Not a string: 284
java.lang.UnsupportedOperationException: Not a string: 284
	at com.eclipsesource.json.JsonValue.asString(JsonValue.java:384)
	at com.eclipsesource.json.JsonObject.getString(JsonObject.java:674)
	at lab.UniqueId$1.accept(UniqueId.java:16)
	at lab.UniqueId$1.accept(UniqueId.java:12)
	at lab.Node.handleRequest(Node.java:97)
	at lab.Node.handleMessage(Node.java:71)
	at lab.Node.lambda$run$0(Node.java:44)
	at java.base/java.util.concurrent.ThreadPoolExecutor.runWorker(ThreadPoolExecutor.java:1144)
	at java.base/java.util.concurrent.ThreadPoolExecutor$Worker.run(ThreadPoolExecutor.java:642)
	at java.base/java.lang.Thread.run(Thread.java:1583)

2026-03-10T17:56:13 Unexpected exception handling (msg c8 n2 {"type":"generate","msg_id":285}) : java.lang.UnsupportedOperationException: Not a string: 285
java.lang.UnsupportedOperationException: Not a string: 285
	at com.eclipsesource.json.JsonValue.asString(JsonValue.java:384)
	at com.eclipsesource.json.JsonObject.getString(JsonObject.java:674)
	at lab.UniqueId$1.accept(UniqueId.java:16)
	at lab.UniqueId$1.accept(UniqueId.java:12)
	at lab.Node.handleRequest(Node.java:97)
	at lab.Node.handleMessage(Node.java:71)
	at lab.Node.lambda$run$0(Node.java:44)
	at java.base/java.util.concurrent.ThreadPoolExecutor.runWorker(ThreadPoolExecutor.java:1144)
	at java.base/java.util.concurrent.ThreadPoolExecutor$Worker.run(ThreadPoolExecutor.java:642)
	at java.base/java.lang.Thread.run(Thread.java:1583)

2026-03-10T17:56:13 Unexpected exception handling (msg c8 n2 {"type":"generate","msg_id":286}) : java.lang.UnsupportedOperationException: Not a string: 286
java.lang.UnsupportedOperationException: Not a string: 286
	at com.eclipsesource.json.JsonValue.asString(JsonValue.java:384)
	at com.eclipsesource.json.JsonObject.getString(JsonObject.java:674)
	at lab.UniqueId$1.accept(UniqueId.java:16)
	at lab.UniqueId$1.accept(UniqueId.java:12)
	at lab.Node.handleRequest(Node.java:97)
	at lab.Node.handleMessage(Node.java:71)
	at lab.Node.lambda$run$0(Node.java:44)
	at java.base/java.util.concurrent.ThreadPoolExecutor.runWorker(ThreadPoolExecutor.java:1144)
	at java.base/java.util.concurrent.ThreadPoolExecutor$Worker.run(ThreadPoolExecutor.java:642)
	at java.base/java.lang.Thread.run(Thread.java:1583)

2026-03-10T17:56:13 Unexpected exception handling (msg c8 n2 {"type":"generate","msg_id":287}) : java.lang.UnsupportedOperationException: Not a string: 287
java.lang.UnsupportedOperationException: Not a string: 287
	at com.eclipsesource.json.JsonValue.asString(JsonValue.java:384)
	at com.eclipsesource.json.JsonObject.getString(JsonObject.java:674)
	at lab.UniqueId$1.accept(UniqueId.java:16)
	at lab.UniqueId$1.accept(UniqueId.java:12)
	at lab.Node.handleRequest(Node.java:97)
	at lab.Node.handleMessage(Node.java:71)
	at lab.Node.lambda$run$0(Node.java:44)
	at java.base/java.util.concurrent.ThreadPoolExecutor.runWorker(ThreadPoolExecutor.java:1144)
	at java.base/java.util.concurrent.ThreadPoolExecutor$Worker.run(ThreadPoolExecutor.java:642)
	at java.base/java.lang.Thread.run(Thread.java:1583)

2026-03-10T17:56:13 Unexpected exception handling (msg c8 n2 {"type":"generate","msg_id":288}) : java.lang.UnsupportedOperationException: Not a string: 288
java.lang.UnsupportedOperationException: Not a string: 288
	at com.eclipsesource.json.JsonValue.asString(JsonValue.java:384)
	at com.eclipsesource.json.JsonObject.getString(JsonObject.java:674)
	at lab.UniqueId$1.accept(UniqueId.java:16)
	at lab.UniqueId$1.accept(UniqueId.java:12)
	at lab.Node.handleRequest(Node.java:97)
	at lab.Node.handleMessage(Node.java:71)
	at lab.Node.lambda$run$0(Node.java:44)
	at java.base/java.util.concurrent.ThreadPoolExecutor.runWorker(ThreadPoolExecutor.java:1144)
	at java.base/java.util.concurrent.ThreadPoolExecutor$Worker.run(ThreadPoolExecutor.java:642)
	at java.base/java.lang.Thread.run(Thread.java:1583)

2026-03-10T17:56:13 Unexpected exception handling (msg c8 n2 {"type":"generate","msg_id":289}) : java.lang.UnsupportedOperationException: Not a string: 289
java.lang.UnsupportedOperationException: Not a string: 289
	at com.eclipsesource.json.JsonValue.asString(JsonValue.java:384)
	at com.eclipsesource.json.JsonObject.getString(JsonObject.java:674)
	at lab.UniqueId$1.accept(UniqueId.java:16)
	at lab.UniqueId$1.accept(UniqueId.java:12)
	at lab.Node.handleRequest(Node.java:97)
	at lab.Node.handleMessage(Node.java:71)
	at lab.Node.lambda$run$0(Node.java:44)
	at java.base/java.util.concurrent.ThreadPoolExecutor.runWorker(ThreadPoolExecutor.java:1144)
	at java.base/java.util.concurrent.ThreadPoolExecutor$Worker.run(ThreadPoolExecutor.java:642)
	at java.base/java.lang.Thread.run(Thread.java:1583)

2026-03-10T17:56:13 Unexpected exception handling (msg c8 n2 {"type":"generate","msg_id":290}) : java.lang.UnsupportedOperationException: Not a string: 290
java.lang.UnsupportedOperationException: Not a string: 290
	at com.eclipsesource.json.JsonValue.asString(JsonValue.java:384)
	at com.eclipsesource.json.JsonObject.getString(JsonObject.java:674)
	at lab.UniqueId$1.accept(UniqueId.java:16)
	at lab.UniqueId$1.accept(UniqueId.java:12)
	at lab.Node.handleRequest(Node.java:97)
	at lab.Node.handleMessage(Node.java:71)
	at lab.Node.lambda$run$0(Node.java:44)
	at java.base/java.util.concurrent.ThreadPoolExecutor.runWorker(ThreadPoolExecutor.java:1144)
	at java.base/java.util.concurrent.ThreadPoolExecutor$Worker.run(ThreadPoolExecutor.java:642)
	at java.base/java.lang.Thread.run(Thread.java:1583)

2026-03-10T17:56:13 Unexpected exception handling (msg c8 n2 {"type":"generate","msg_id":291}) : java.lang.UnsupportedOperationException: Not a string: 291
java.lang.UnsupportedOperationException: Not a string: 291
	at com.eclipsesource.json.JsonValue.asString(JsonValue.java:384)
	at com.eclipsesource.json.JsonObject.getString(JsonObject.java:674)
	at lab.UniqueId$1.accept(UniqueId.java:16)
	at lab.UniqueId$1.accept(UniqueId.java:12)
	at lab.Node.handleRequest(Node.java:97)
	at lab.Node.handleMessage(Node.java:71)
	at lab.Node.lambda$run$0(Node.java:44)
	at java.base/java.util.concurrent.ThreadPoolExecutor.runWorker(ThreadPoolExecutor.java:1144)
	at java.base/java.util.concurrent.ThreadPoolExecutor$Worker.run(ThreadPoolExecutor.java:642)
	at java.base/java.lang.Thread.run(Thread.java:1583)

2026-03-10T17:56:13 Unexpected exception handling (msg c8 n2 {"type":"generate","msg_id":292}) : java.lang.UnsupportedOperationException: Not a string: 292
java.lang.UnsupportedOperationException: Not a string: 292
	at com.eclipsesource.json.JsonValue.asString(JsonValue.java:384)
	at com.eclipsesource.json.JsonObject.getString(JsonObject.java:674)
	at lab.UniqueId$1.accept(UniqueId.java:16)
	at lab.UniqueId$1.accept(UniqueId.java:12)
	at lab.Node.handleRequest(Node.java:97)
	at lab.Node.handleMessage(Node.java:71)
	at lab.Node.lambda$run$0(Node.java:44)
	at java.base/java.util.concurrent.ThreadPoolExecutor.runWorker(ThreadPoolExecutor.java:1144)
	at java.base/java.util.concurrent.ThreadPoolExecutor$Worker.run(ThreadPoolExecutor.java:642)
	at java.base/java.lang.Thread.run(Thread.java:1583)

2026-03-10T17:56:13 Unexpected exception handling (msg c8 n2 {"type":"generate","msg_id":293}) : java.lang.UnsupportedOperationException: Not a string: 293
java.lang.UnsupportedOperationException: Not a string: 293
	at com.eclipsesource.json.JsonValue.asString(JsonValue.java:384)
	at com.eclipsesource.json.JsonObject.getString(JsonObject.java:674)
	at lab.UniqueId$1.accept(UniqueId.java:16)
	at lab.UniqueId$1.accept(UniqueId.java:12)
	at lab.Node.handleRequest(Node.java:97)
	at lab.Node.handleMessage(Node.java:71)
	at lab.Node.lambda$run$0(Node.java:44)
	at java.base/java.util.concurrent.ThreadPoolExecutor.runWorker(ThreadPoolExecutor.java:1144)
	at java.base/java.util.concurrent.ThreadPoolExecutor$Worker.run(ThreadPoolExecutor.java:642)
	at java.base/java.lang.Thread.run(Thread.java:1583)

2026-03-10T17:56:13 Unexpected exception handling (msg c8 n2 {"type":"generate","msg_id":294}) : java.lang.UnsupportedOperationException: Not a string: 294
java.lang.UnsupportedOperationException: Not a string: 294
	at com.eclipsesource.json.JsonValue.asString(JsonValue.java:384)
	at com.eclipsesource.json.JsonObject.getString(JsonObject.java:674)
	at lab.UniqueId$1.accept(UniqueId.java:16)
	at lab.UniqueId$1.accept(UniqueId.java:12)
	at lab.Node.handleRequest(Node.java:97)
	at lab.Node.handleMessage(Node.java:71)
	at lab.Node.lambda$run$0(Node.java:44)
	at java.base/java.util.concurrent.ThreadPoolExecutor.runWorker(ThreadPoolExecutor.java:1144)
	at java.base/java.util.concurrent.ThreadPoolExecutor$Worker.run(ThreadPoolExecutor.java:642)
	at java.base/java.lang.Thread.run(Thread.java:1583)

2026-03-10T17:56:13 Unexpected exception handling (msg c8 n2 {"type":"generate","msg_id":295}) : java.lang.UnsupportedOperationException: Not a string: 295
java.lang.UnsupportedOperationException: Not a string: 295
	at com.eclipsesource.json.JsonValue.asString(JsonValue.java:384)
	at com.eclipsesource.json.JsonObject.getString(JsonObject.java:674)
	at lab.UniqueId$1.accept(UniqueId.java:16)
	at lab.UniqueId$1.accept(UniqueId.java:12)
	at lab.Node.handleRequest(Node.java:97)
	at lab.Node.handleMessage(Node.java:71)
	at lab.Node.lambda$run$0(Node.java:44)
	at java.base/java.util.concurrent.ThreadPoolExecutor.runWorker(ThreadPoolExecutor.java:1144)
	at java.base/java.util.concurrent.ThreadPoolExecutor$Worker.run(ThreadPoolExecutor.java:642)
	at java.base/java.lang.Thread.run(Thread.java:1583)

2026-03-10T17:56:13 Unexpected exception handling (msg c8 n2 {"type":"generate","msg_id":296}) : java.lang.UnsupportedOperationException: Not a string: 296
java.lang.UnsupportedOperationException: Not a string: 296
	at com.eclipsesource.json.JsonValue.asString(JsonValue.java:384)
	at com.eclipsesource.json.JsonObject.getString(JsonObject.java:674)
	at lab.UniqueId$1.accept(UniqueId.java:16)
	at lab.UniqueId$1.accept(UniqueId.java:12)
	at lab.Node.handleRequest(Node.java:97)
	at lab.Node.handleMessage(Node.java:71)
	at lab.Node.lambda$run$0(Node.java:44)
	at java.base/java.util.concurrent.ThreadPoolExecutor.runWorker(ThreadPoolExecutor.java:1144)
	at java.base/java.util.concurrent.ThreadPoolExecutor$Worker.run(ThreadPoolExecutor.java:642)
	at java.base/java.lang.Thread.run(Thread.java:1583)

2026-03-10T17:56:13 Unexpected exception handling (msg c8 n2 {"type":"generate","msg_id":297}) : java.lang.UnsupportedOperationException: Not a string: 297
java.lang.UnsupportedOperationException: Not a string: 297
	at com.eclipsesource.json.JsonValue.asString(JsonValue.java:384)
	at com.eclipsesource.json.JsonObject.getString(JsonObject.java:674)
	at lab.UniqueId$1.accept(UniqueId.java:16)
	at lab.UniqueId$1.accept(UniqueId.java:12)
	at lab.Node.handleRequest(Node.java:97)
	at lab.Node.handleMessage(Node.java:71)
	at lab.Node.lambda$run$0(Node.java:44)
	at java.base/java.util.concurrent.ThreadPoolExecutor.runWorker(ThreadPoolExecutor.java:1144)
	at java.base/java.util.concurrent.ThreadPoolExecutor$Worker.run(ThreadPoolExecutor.java:642)
	at java.base/java.lang.Thread.run(Thread.java:1583)

2026-03-10T17:56:13 Unexpected exception handling (msg c8 n2 {"type":"generate","msg_id":298}) : java.lang.UnsupportedOperationException: Not a string: 298
java.lang.UnsupportedOperationException: Not a string: 298
	at com.eclipsesource.json.JsonValue.asString(JsonValue.java:384)
	at com.eclipsesource.json.JsonObject.getString(JsonObject.java:674)
	at lab.UniqueId$1.accept(UniqueId.java:16)
	at lab.UniqueId$1.accept(UniqueId.java:12)
	at lab.Node.handleRequest(Node.java:97)
	at lab.Node.handleMessage(Node.java:71)
	at lab.Node.lambda$run$0(Node.java:44)
	at java.base/java.util.concurrent.ThreadPoolExecutor.runWorker(ThreadPoolExecutor.java:1144)
	at java.base/java.util.concurrent.ThreadPoolExecutor$Worker.run(ThreadPoolExecutor.java:642)
	at java.base/java.lang.Thread.run(Thread.java:1583)

2026-03-10T17:56:13 Unexpected exception handling (msg c8 n2 {"type":"generate","msg_id":299}) : java.lang.UnsupportedOperationException: Not a string: 299
java.lang.UnsupportedOperationException: Not a string: 299
	at com.eclipsesource.json.JsonValue.asString(JsonValue.java:384)
	at com.eclipsesource.json.JsonObject.getString(JsonObject.java:674)
	at lab.UniqueId$1.accept(UniqueId.java:16)
	at lab.UniqueId$1.accept(UniqueId.java:12)
	at lab.Node.handleRequest(Node.java:97)
	at lab.Node.handleMessage(Node.java:71)
	at lab.Node.lambda$run$0(Node.java:44)
	at java.base/java.util.concurrent.ThreadPoolExecutor.runWorker(ThreadPoolExecutor.java:1144)
	at java.base/java.util.concurrent.ThreadPoolExecutor$Worker.run(ThreadPoolExecutor.java:642)
	at java.base/java.lang.Thread.run(Thread.java:1583)

2026-03-10T17:56:13 Unexpected exception handling (msg c8 n2 {"type":"generate","msg_id":300}) : java.lang.UnsupportedOperationException: Not a string: 300
java.lang.UnsupportedOperationException: Not a string: 300
	at com.eclipsesource.json.JsonValue.asString(JsonValue.java:384)
	at com.eclipsesource.json.JsonObject.getString(JsonObject.java:674)
	at lab.UniqueId$1.accept(UniqueId.java:16)
	at lab.UniqueId$1.accept(UniqueId.java:12)
	at lab.Node.handleRequest(Node.java:97)
	at lab.Node.handleMessage(Node.java:71)
	at lab.Node.lambda$run$0(Node.java:44)
	at java.base/java.util.concurrent.ThreadPoolExecutor.runWorker(ThreadPoolExecutor.java:1144)
	at java.base/java.util.concurrent.ThreadPoolExecutor$Worker.run(ThreadPoolExecutor.java:642)
	at java.base/java.lang.Thread.run(Thread.java:1583)

2026-03-10T17:56:13 Unexpected exception handling (msg c8 n2 {"type":"generate","msg_id":301}) : java.lang.UnsupportedOperationException: Not a string: 301
java.lang.UnsupportedOperationException: Not a string: 301
	at com.eclipsesource.json.JsonValue.asString(JsonValue.java:384)
	at com.eclipsesource.json.JsonObject.getString(JsonObject.java:674)
	at lab.UniqueId$1.accept(UniqueId.java:16)
	at lab.UniqueId$1.accept(UniqueId.java:12)
	at lab.Node.handleRequest(Node.java:97)
	at lab.Node.handleMessage(Node.java:71)
	at lab.Node.lambda$run$0(Node.java:44)
	at java.base/java.util.concurrent.ThreadPoolExecutor.runWorker(ThreadPoolExecutor.java:1144)
	at java.base/java.util.concurrent.ThreadPoolExecutor$Worker.run(ThreadPoolExecutor.java:642)
	at java.base/java.lang.Thread.run(Thread.java:1583)

2026-03-10T17:56:13 Unexpected exception handling (msg c8 n2 {"type":"generate","msg_id":302}) : java.lang.UnsupportedOperationException: Not a string: 302
java.lang.UnsupportedOperationException: Not a string: 302
	at com.eclipsesource.json.JsonValue.asString(JsonValue.java:384)
	at com.eclipsesource.json.JsonObject.getString(JsonObject.java:674)
	at lab.UniqueId$1.accept(UniqueId.java:16)
	at lab.UniqueId$1.accept(UniqueId.java:12)
	at lab.Node.handleRequest(Node.java:97)
	at lab.Node.handleMessage(Node.java:71)
	at lab.Node.lambda$run$0(Node.java:44)
	at java.base/java.util.concurrent.ThreadPoolExecutor.runWorker(ThreadPoolExecutor.java:1144)
	at java.base/java.util.concurrent.ThreadPoolExecutor$Worker.run(ThreadPoolExecutor.java:642)
	at java.base/java.lang.Thread.run(Thread.java:1583)

2026-03-10T17:56:13 Unexpected exception handling (msg c8 n2 {"type":"generate","msg_id":303}) : java.lang.UnsupportedOperationException: Not a string: 303
java.lang.UnsupportedOperationException: Not a string: 303
	at com.eclipsesource.json.JsonValue.asString(JsonValue.java:384)
	at com.eclipsesource.json.JsonObject.getString(JsonObject.java:674)
	at lab.UniqueId$1.accept(UniqueId.java:16)
	at lab.UniqueId$1.accept(UniqueId.java:12)
	at lab.Node.handleRequest(Node.java:97)
	at lab.Node.handleMessage(Node.java:71)
	at lab.Node.lambda$run$0(Node.java:44)
	at java.base/java.util.concurrent.ThreadPoolExecutor.runWorker(ThreadPoolExecutor.java:1144)
	at java.base/java.util.concurrent.ThreadPoolExecutor$Worker.run(ThreadPoolExecutor.java:642)
	at java.base/java.lang.Thread.run(Thread.java:1583)

2026-03-10T17:56:13 Unexpected exception handling (msg c8 n2 {"type":"generate","msg_id":304}) : java.lang.UnsupportedOperationException: Not a string: 304
java.lang.UnsupportedOperationException: Not a string: 304
	at com.eclipsesource.json.JsonValue.asString(JsonValue.java:384)
	at com.eclipsesource.json.JsonObject.getString(JsonObject.java:674)
	at lab.UniqueId$1.accept(UniqueId.java:16)
	at lab.UniqueId$1.accept(UniqueId.java:12)
	at lab.Node.handleRequest(Node.java:97)
	at lab.Node.handleMessage(Node.java:71)
	at lab.Node.lambda$run$0(Node.java:44)
	at java.base/java.util.concurrent.ThreadPoolExecutor.runWorker(ThreadPoolExecutor.java:1144)
	at java.base/java.util.concurrent.ThreadPoolExecutor$Worker.run(ThreadPoolExecutor.java:642)
	at java.base/java.lang.Thread.run(Thread.java:1583)

2026-03-10T17:56:13 Unexpected exception handling (msg c8 n2 {"type":"generate","msg_id":305}) : java.lang.UnsupportedOperationException: Not a string: 305
java.lang.UnsupportedOperationException: Not a string: 305
	at com.eclipsesource.json.JsonValue.asString(JsonValue.java:384)
	at com.eclipsesource.json.JsonObject.getString(JsonObject.java:674)
	at lab.UniqueId$1.accept(UniqueId.java:16)
	at lab.UniqueId$1.accept(UniqueId.java:12)
	at lab.Node.handleRequest(Node.java:97)
	at lab.Node.handleMessage(Node.java:71)
	at lab.Node.lambda$run$0(Node.java:44)
	at java.base/java.util.concurrent.ThreadPoolExecutor.runWorker(ThreadPoolExecutor.java:1144)
	at java.base/java.util.concurrent.ThreadPoolExecutor$Worker.run(ThreadPoolExecutor.java:642)
	at java.base/java.lang.Thread.run(Thread.java:1583)

2026-03-10T17:56:13 Unexpected exception handling (msg c8 n2 {"type":"generate","msg_id":306}) : java.lang.UnsupportedOperationException: Not a string: 306
java.lang.UnsupportedOperationException: Not a string: 306
	at com.eclipsesource.json.JsonValue.asString(JsonValue.java:384)
	at com.eclipsesource.json.JsonObject.getString(JsonObject.java:674)
	at lab.UniqueId$1.accept(UniqueId.java:16)
	at lab.UniqueId$1.accept(UniqueId.java:12)
	at lab.Node.handleRequest(Node.java:97)
	at lab.Node.handleMessage(Node.java:71)
	at lab.Node.lambda$run$0(Node.java:44)
	at java.base/java.util.concurrent.ThreadPoolExecutor.runWorker(ThreadPoolExecutor.java:1144)
	at java.base/java.util.concurrent.ThreadPoolExecutor$Worker.run(ThreadPoolExecutor.java:642)
	at java.base/java.lang.Thread.run(Thread.java:1583)

2026-03-10T17:56:13 Unexpected exception handling (msg c8 n2 {"type":"generate","msg_id":307}) : java.lang.UnsupportedOperationException: Not a string: 307
java.lang.UnsupportedOperationException: Not a string: 307
	at com.eclipsesource.json.JsonValue.asString(JsonValue.java:384)
	at com.eclipsesource.json.JsonObject.getString(JsonObject.java:674)
	at lab.UniqueId$1.accept(UniqueId.java:16)
	at lab.UniqueId$1.accept(UniqueId.java:12)
	at lab.Node.handleRequest(Node.java:97)
	at lab.Node.handleMessage(Node.java:71)
	at lab.Node.lambda$run$0(Node.java:44)
	at java.base/java.util.concurrent.ThreadPoolExecutor.runWorker(ThreadPoolExecutor.java:1144)
	at java.base/java.util.concurrent.ThreadPoolExecutor$Worker.run(ThreadPoolExecutor.java:642)
	at java.base/java.lang.Thread.run(Thread.java:1583)

2026-03-10T17:56:13 Unexpected exception handling (msg c8 n2 {"type":"generate","msg_id":308}) : java.lang.UnsupportedOperationException: Not a string: 308
java.lang.UnsupportedOperationException: Not a string: 308
	at com.eclipsesource.json.JsonValue.asString(JsonValue.java:384)
	at com.eclipsesource.json.JsonObject.getString(JsonObject.java:674)
	at lab.UniqueId$1.accept(UniqueId.java:16)
	at lab.UniqueId$1.accept(UniqueId.java:12)
	at lab.Node.handleRequest(Node.java:97)
	at lab.Node.handleMessage(Node.java:71)
	at lab.Node.lambda$run$0(Node.java:44)
	at java.base/java.util.concurrent.ThreadPoolExecutor.runWorker(ThreadPoolExecutor.java:1144)
	at java.base/java.util.concurrent.ThreadPoolExecutor$Worker.run(ThreadPoolExecutor.java:642)
	at java.base/java.lang.Thread.run(Thread.java:1583)

2026-03-10T17:56:13 Unexpected exception handling (msg c8 n2 {"type":"generate","msg_id":309}) : java.lang.UnsupportedOperationException: Not a string: 309
java.lang.UnsupportedOperationException: Not a string: 309
	at com.eclipsesource.json.JsonValue.asString(JsonValue.java:384)
	at com.eclipsesource.json.JsonObject.getString(JsonObject.java:674)
	at lab.UniqueId$1.accept(UniqueId.java:16)
	at lab.UniqueId$1.accept(UniqueId.java:12)
	at lab.Node.handleRequest(Node.java:97)
	at lab.Node.handleMessage(Node.java:71)
	at lab.Node.lambda$run$0(Node.java:44)
	at java.base/java.util.concurrent.ThreadPoolExecutor.runWorker(ThreadPoolExecutor.java:1144)
	at java.base/java.util.concurrent.ThreadPoolExecutor$Worker.run(ThreadPoolExecutor.java:642)
	at java.base/java.lang.Thread.run(Thread.java:1583)

2026-03-10T17:56:13 Unexpected exception handling (msg c8 n2 {"type":"generate","msg_id":310}) : java.lang.UnsupportedOperationException: Not a string: 310
java.lang.UnsupportedOperationException: Not a string: 310
	at com.eclipsesource.json.JsonValue.asString(JsonValue.java:384)
	at com.eclipsesource.json.JsonObject.getString(JsonObject.java:674)
	at lab.UniqueId$1.accept(UniqueId.java:16)
	at lab.UniqueId$1.accept(UniqueId.java:12)
	at lab.Node.handleRequest(Node.java:97)
	at lab.Node.handleMessage(Node.java:71)
	at lab.Node.lambda$run$0(Node.java:44)
	at java.base/java.util.concurrent.ThreadPoolExecutor.runWorker(ThreadPoolExecutor.java:1144)
	at java.base/java.util.concurrent.ThreadPoolExecutor$Worker.run(ThreadPoolExecutor.java:642)
	at java.base/java.lang.Thread.run(Thread.java:1583)

2026-03-10T17:56:13 Unexpected exception handling (msg c8 n2 {"type":"generate","msg_id":311}) : java.lang.UnsupportedOperationException: Not a string: 311
java.lang.UnsupportedOperationException: Not a string: 311
	at com.eclipsesource.json.JsonValue.asString(JsonValue.java:384)
	at com.eclipsesource.json.JsonObject.getString(JsonObject.java:674)
	at lab.UniqueId$1.accept(UniqueId.java:16)
	at lab.UniqueId$1.accept(UniqueId.java:12)
	at lab.Node.handleRequest(Node.java:97)
	at lab.Node.handleMessage(Node.java:71)
	at lab.Node.lambda$run$0(Node.java:44)
	at java.base/java.util.concurrent.ThreadPoolExecutor.runWorker(ThreadPoolExecutor.java:1144)
	at java.base/java.util.concurrent.ThreadPoolExecutor$Worker.run(ThreadPoolExecutor.java:642)
	at java.base/java.lang.Thread.run(Thread.java:1583)

2026-03-10T17:56:13 Unexpected exception handling (msg c8 n2 {"type":"generate","msg_id":312}) : java.lang.UnsupportedOperationException: Not a string: 312
java.lang.UnsupportedOperationException: Not a string: 312
	at com.eclipsesource.json.JsonValue.asString(JsonValue.java:384)
	at com.eclipsesource.json.JsonObject.getString(JsonObject.java:674)
	at lab.UniqueId$1.accept(UniqueId.java:16)
	at lab.UniqueId$1.accept(UniqueId.java:12)
	at lab.Node.handleRequest(Node.java:97)
	at lab.Node.handleMessage(Node.java:71)
	at lab.Node.lambda$run$0(Node.java:44)
	at java.base/java.util.concurrent.ThreadPoolExecutor.runWorker(ThreadPoolExecutor.java:1144)
	at java.base/java.util.concurrent.ThreadPoolExecutor$Worker.run(ThreadPoolExecutor.java:642)
	at java.base/java.lang.Thread.run(Thread.java:1583)

2026-03-10T17:56:13 Unexpected exception handling (msg c8 n2 {"type":"generate","msg_id":313}) : java.lang.UnsupportedOperationException: Not a string: 313
java.lang.UnsupportedOperationException: Not a string: 313
	at com.eclipsesource.json.JsonValue.asString(JsonValue.java:384)
	at com.eclipsesource.json.JsonObject.getString(JsonObject.java:674)
	at lab.UniqueId$1.accept(UniqueId.java:16)
	at lab.UniqueId$1.accept(UniqueId.java:12)
	at lab.Node.handleRequest(Node.java:97)
	at lab.Node.handleMessage(Node.java:71)
	at lab.Node.lambda$run$0(Node.java:44)
	at java.base/java.util.concurrent.ThreadPoolExecutor.runWorker(ThreadPoolExecutor.java:1144)
	at java.base/java.util.concurrent.ThreadPoolExecutor$Worker.run(ThreadPoolExecutor.java:642)
	at java.base/java.lang.Thread.run(Thread.java:1583)

2026-03-10T17:56:13 Unexpected exception handling (msg c8 n2 {"type":"generate","msg_id":314}) : java.lang.UnsupportedOperationException: Not a string: 314
java.lang.UnsupportedOperationException: Not a string: 314
	at com.eclipsesource.json.JsonValue.asString(JsonValue.java:384)
	at com.eclipsesource.json.JsonObject.getString(JsonObject.java:674)
	at lab.UniqueId$1.accept(UniqueId.java:16)
	at lab.UniqueId$1.accept(UniqueId.java:12)
	at lab.Node.handleRequest(Node.java:97)
	at lab.Node.handleMessage(Node.java:71)
	at lab.Node.lambda$run$0(Node.java:44)
	at java.base/java.util.concurrent.ThreadPoolExecutor.runWorker(ThreadPoolExecutor.java:1144)
	at java.base/java.util.concurrent.ThreadPoolExecutor$Worker.run(ThreadPoolExecutor.java:642)
	at java.base/java.lang.Thread.run(Thread.java:1583)

2026-03-10T17:56:13 Unexpected exception handling (msg c8 n2 {"type":"generate","msg_id":315}) : java.lang.UnsupportedOperationException: Not a string: 315
java.lang.UnsupportedOperationException: Not a string: 315
	at com.eclipsesource.json.JsonValue.asString(JsonValue.java:384)
	at com.eclipsesource.json.JsonObject.getString(JsonObject.java:674)
	at lab.UniqueId$1.accept(UniqueId.java:16)
	at lab.UniqueId$1.accept(UniqueId.java:12)
	at lab.Node.handleRequest(Node.java:97)
	at lab.Node.handleMessage(Node.java:71)
	at lab.Node.lambda$run$0(Node.java:44)
	at java.base/java.util.concurrent.ThreadPoolExecutor.runWorker(ThreadPoolExecutor.java:1144)
	at java.base/java.util.concurrent.ThreadPoolExecutor$Worker.run(ThreadPoolExecutor.java:642)
	at java.base/java.lang.Thread.run(Thread.java:1583)

2026-03-10T17:56:13 Unexpected exception handling (msg c8 n2 {"type":"generate","msg_id":316}) : java.lang.UnsupportedOperationException: Not a string: 316
java.lang.UnsupportedOperationException: Not a string: 316
	at com.eclipsesource.json.JsonValue.asString(JsonValue.java:384)
	at com.eclipsesource.json.JsonObject.getString(JsonObject.java:674)
	at lab.UniqueId$1.accept(UniqueId.java:16)
	at lab.UniqueId$1.accept(UniqueId.java:12)
	at lab.Node.handleRequest(Node.java:97)
	at lab.Node.handleMessage(Node.java:71)
	at lab.Node.lambda$run$0(Node.java:44)
	at java.base/java.util.concurrent.ThreadPoolExecutor.runWorker(ThreadPoolExecutor.java:1144)
	at java.base/java.util.concurrent.ThreadPoolExecutor$Worker.run(ThreadPoolExecutor.java:642)
	at java.base/java.lang.Thread.run(Thread.java:1583)

2026-03-10T17:56:13 Unexpected exception handling (msg c8 n2 {"type":"generate","msg_id":317}) : java.lang.UnsupportedOperationException: Not a string: 317
java.lang.UnsupportedOperationException: Not a string: 317
	at com.eclipsesource.json.JsonValue.asString(JsonValue.java:384)
	at com.eclipsesource.json.JsonObject.getString(JsonObject.java:674)
	at lab.UniqueId$1.accept(UniqueId.java:16)
	at lab.UniqueId$1.accept(UniqueId.java:12)
	at lab.Node.handleRequest(Node.java:97)
	at lab.Node.handleMessage(Node.java:71)
	at lab.Node.lambda$run$0(Node.java:44)
	at java.base/java.util.concurrent.ThreadPoolExecutor.runWorker(ThreadPoolExecutor.java:1144)
	at java.base/java.util.concurrent.ThreadPoolExecutor$Worker.run(ThreadPoolExecutor.java:642)
	at java.base/java.lang.Thread.run(Thread.java:1583)

2026-03-10T17:56:13 Unexpected exception handling (msg c8 n2 {"type":"generate","msg_id":318}) : java.lang.UnsupportedOperationException: Not a string: 318
java.lang.UnsupportedOperationException: Not a string: 318
	at com.eclipsesource.json.JsonValue.asString(JsonValue.java:384)
	at com.eclipsesource.json.JsonObject.getString(JsonObject.java:674)
	at lab.UniqueId$1.accept(UniqueId.java:16)
	at lab.UniqueId$1.accept(UniqueId.java:12)
	at lab.Node.handleRequest(Node.java:97)
	at lab.Node.handleMessage(Node.java:71)
	at lab.Node.lambda$run$0(Node.java:44)
	at java.base/java.util.concurrent.ThreadPoolExecutor.runWorker(ThreadPoolExecutor.java:1144)
	at java.base/java.util.concurrent.ThreadPoolExecutor$Worker.run(ThreadPoolExecutor.java:642)
	at java.base/java.lang.Thread.run(Thread.java:1583)

2026-03-10T17:56:13 Unexpected exception handling (msg c8 n2 {"type":"generate","msg_id":319}) : java.lang.UnsupportedOperationException: Not a string: 319
java.lang.UnsupportedOperationException: Not a string: 319
	at com.eclipsesource.json.JsonValue.asString(JsonValue.java:384)
	at com.eclipsesource.json.JsonObject.getString(JsonObject.java:674)
	at lab.UniqueId$1.accept(UniqueId.java:16)
	at lab.UniqueId$1.accept(UniqueId.java:12)
	at lab.Node.handleRequest(Node.java:97)
	at lab.Node.handleMessage(Node.java:71)
	at lab.Node.lambda$run$0(Node.java:44)
	at java.base/java.util.concurrent.ThreadPoolExecutor.runWorker(ThreadPoolExecutor.java:1144)
	at java.base/java.util.concurrent.ThreadPoolExecutor$Worker.run(ThreadPoolExecutor.java:642)
	at java.base/java.lang.Thread.run(Thread.java:1583)

2026-03-10T17:56:13 Unexpected exception handling (msg c8 n2 {"type":"generate","msg_id":320}) : java.lang.UnsupportedOperationException: Not a string: 320
java.lang.UnsupportedOperationException: Not a string: 320
	at com.eclipsesource.json.JsonValue.asString(JsonValue.java:384)
	at com.eclipsesource.json.JsonObject.getString(JsonObject.java:674)
	at lab.UniqueId$1.accept(UniqueId.java:16)
	at lab.UniqueId$1.accept(UniqueId.java:12)
	at lab.Node.handleRequest(Node.java:97)
	at lab.Node.handleMessage(Node.java:71)
	at lab.Node.lambda$run$0(Node.java:44)
	at java.base/java.util.concurrent.ThreadPoolExecutor.runWorker(ThreadPoolExecutor.java:1144)
	at java.base/java.util.concurrent.ThreadPoolExecutor$Worker.run(ThreadPoolExecutor.java:642)
	at java.base/java.lang.Thread.run(Thread.java:1583)

2026-03-10T17:56:13 Unexpected exception handling (msg c8 n2 {"type":"generate","msg_id":321}) : java.lang.UnsupportedOperationException: Not a string: 321
java.lang.UnsupportedOperationException: Not a string: 321
	at com.eclipsesource.json.JsonValue.asString(JsonValue.java:384)
	at com.eclipsesource.json.JsonObject.getString(JsonObject.java:674)
	at lab.UniqueId$1.accept(UniqueId.java:16)
	at lab.UniqueId$1.accept(UniqueId.java:12)
	at lab.Node.handleRequest(Node.java:97)
	at lab.Node.handleMessage(Node.java:71)
	at lab.Node.lambda$run$0(Node.java:44)
	at java.base/java.util.concurrent.ThreadPoolExecutor.runWorker(ThreadPoolExecutor.java:1144)
	at java.base/java.util.concurrent.ThreadPoolExecutor$Worker.run(ThreadPoolExecutor.java:642)
	at java.base/java.lang.Thread.run(Thread.java:1583)

2026-03-10T17:56:13 Unexpected exception handling (msg c8 n2 {"type":"generate","msg_id":322}) : java.lang.UnsupportedOperationException: Not a string: 322
java.lang.UnsupportedOperationException: Not a string: 322
	at com.eclipsesource.json.JsonValue.asString(JsonValue.java:384)
	at com.eclipsesource.json.JsonObject.getString(JsonObject.java:674)
	at lab.UniqueId$1.accept(UniqueId.java:16)
	at lab.UniqueId$1.accept(UniqueId.java:12)
	at lab.Node.handleRequest(Node.java:97)
	at lab.Node.handleMessage(Node.java:71)
	at lab.Node.lambda$run$0(Node.java:44)
	at java.base/java.util.concurrent.ThreadPoolExecutor.runWorker(ThreadPoolExecutor.java:1144)
	at java.base/java.util.concurrent.ThreadPoolExecutor$Worker.run(ThreadPoolExecutor.java:642)
	at java.base/java.lang.Thread.run(Thread.java:1583)

2026-03-10T17:56:13 Unexpected exception handling (msg c8 n2 {"type":"generate","msg_id":323}) : java.lang.UnsupportedOperationException: Not a string: 323
java.lang.UnsupportedOperationException: Not a string: 323
	at com.eclipsesource.json.JsonValue.asString(JsonValue.java:384)
	at com.eclipsesource.json.JsonObject.getString(JsonObject.java:674)
	at lab.UniqueId$1.accept(UniqueId.java:16)
	at lab.UniqueId$1.accept(UniqueId.java:12)
	at lab.Node.handleRequest(Node.java:97)
	at lab.Node.handleMessage(Node.java:71)
	at lab.Node.lambda$run$0(Node.java:44)
	at java.base/java.util.concurrent.ThreadPoolExecutor.runWorker(ThreadPoolExecutor.java:1144)
	at java.base/java.util.concurrent.ThreadPoolExecutor$Worker.run(ThreadPoolExecutor.java:642)
	at java.base/java.lang.Thread.run(Thread.java:1583)

2026-03-10T17:56:13 Unexpected exception handling (msg c8 n2 {"type":"generate","msg_id":324}) : java.lang.UnsupportedOperationException: Not a string: 324
java.lang.UnsupportedOperationException: Not a string: 324
	at com.eclipsesource.json.JsonValue.asString(JsonValue.java:384)
	at com.eclipsesource.json.JsonObject.getString(JsonObject.java:674)
	at lab.UniqueId$1.accept(UniqueId.java:16)
	at lab.UniqueId$1.accept(UniqueId.java:12)
	at lab.Node.handleRequest(Node.java:97)
	at lab.Node.handleMessage(Node.java:71)
	at lab.Node.lambda$run$0(Node.java:44)
	at java.base/java.util.concurrent.ThreadPoolExecutor.runWorker(ThreadPoolExecutor.java:1144)
	at java.base/java.util.concurrent.ThreadPoolExecutor$Worker.run(ThreadPoolExecutor.java:642)
	at java.base/java.lang.Thread.run(Thread.java:1583)

2026-03-10T17:56:13 Unexpected exception handling (msg c8 n2 {"type":"generate","msg_id":325}) : java.lang.UnsupportedOperationException: Not a string: 325
java.lang.UnsupportedOperationException: Not a string: 325
	at com.eclipsesource.json.JsonValue.asString(JsonValue.java:384)
	at com.eclipsesource.json.JsonObject.getString(JsonObject.java:674)
	at lab.UniqueId$1.accept(UniqueId.java:16)
	at lab.UniqueId$1.accept(UniqueId.java:12)
	at lab.Node.handleRequest(Node.java:97)
	at lab.Node.handleMessage(Node.java:71)
	at lab.Node.lambda$run$0(Node.java:44)
	at java.base/java.util.concurrent.ThreadPoolExecutor.runWorker(ThreadPoolExecutor.java:1144)
	at java.base/java.util.concurrent.ThreadPoolExecutor$Worker.run(ThreadPoolExecutor.java:642)
	at java.base/java.lang.Thread.run(Thread.java:1583)

2026-03-10T17:56:13 Unexpected exception handling (msg c8 n2 {"type":"generate","msg_id":326}) : java.lang.UnsupportedOperationException: Not a string: 326
java.lang.UnsupportedOperationException: Not a string: 326
	at com.eclipsesource.json.JsonValue.asString(JsonValue.java:384)
	at com.eclipsesource.json.JsonObject.getString(JsonObject.java:674)
	at lab.UniqueId$1.accept(UniqueId.java:16)
	at lab.UniqueId$1.accept(UniqueId.java:12)
	at lab.Node.handleRequest(Node.java:97)
	at lab.Node.handleMessage(Node.java:71)
	at lab.Node.lambda$run$0(Node.java:44)
	at java.base/java.util.concurrent.ThreadPoolExecutor.runWorker(ThreadPoolExecutor.java:1144)
	at java.base/java.util.concurrent.ThreadPoolExecutor$Worker.run(ThreadPoolExecutor.java:642)
	at java.base/java.lang.Thread.run(Thread.java:1583)

2026-03-10T17:56:13 Unexpected exception handling (msg c8 n2 {"type":"generate","msg_id":327}) : java.lang.UnsupportedOperationException: Not a string: 327
java.lang.UnsupportedOperationException: Not a string: 327
	at com.eclipsesource.json.JsonValue.asString(JsonValue.java:384)
	at com.eclipsesource.json.JsonObject.getString(JsonObject.java:674)
	at lab.UniqueId$1.accept(UniqueId.java:16)
	at lab.UniqueId$1.accept(UniqueId.java:12)
	at lab.Node.handleRequest(Node.java:97)
	at lab.Node.handleMessage(Node.java:71)
	at lab.Node.lambda$run$0(Node.java:44)
	at java.base/java.util.concurrent.ThreadPoolExecutor.runWorker(ThreadPoolExecutor.java:1144)
	at java.base/java.util.concurrent.ThreadPoolExecutor$Worker.run(ThreadPoolExecutor.java:642)
	at java.base/java.lang.Thread.run(Thread.java:1583)

2026-03-10T17:56:13 Unexpected exception handling (msg c8 n2 {"type":"generate","msg_id":328}) : java.lang.UnsupportedOperationException: Not a string: 328
java.lang.UnsupportedOperationException: Not a string: 328
	at com.eclipsesource.json.JsonValue.asString(JsonValue.java:384)
	at com.eclipsesource.json.JsonObject.getString(JsonObject.java:674)
	at lab.UniqueId$1.accept(UniqueId.java:16)
	at lab.UniqueId$1.accept(UniqueId.java:12)
	at lab.Node.handleRequest(Node.java:97)
	at lab.Node.handleMessage(Node.java:71)
	at lab.Node.lambda$run$0(Node.java:44)
	at java.base/java.util.concurrent.ThreadPoolExecutor.runWorker(ThreadPoolExecutor.java:1144)
	at java.base/java.util.concurrent.ThreadPoolExecutor$Worker.run(ThreadPoolExecutor.java:642)
	at java.base/java.lang.Thread.run(Thread.java:1583)

2026-03-10T17:56:13 Unexpected exception handling (msg c8 n2 {"type":"generate","msg_id":329}) : java.lang.UnsupportedOperationException: Not a string: 329
java.lang.UnsupportedOperationException: Not a string: 329
	at com.eclipsesource.json.JsonValue.asString(JsonValue.java:384)
	at com.eclipsesource.json.JsonObject.getString(JsonObject.java:674)
	at lab.UniqueId$1.accept(UniqueId.java:16)
	at lab.UniqueId$1.accept(UniqueId.java:12)
	at lab.Node.handleRequest(Node.java:97)
	at lab.Node.handleMessage(Node.java:71)
	at lab.Node.lambda$run$0(Node.java:44)
	at java.base/java.util.concurrent.ThreadPoolExecutor.runWorker(ThreadPoolExecutor.java:1144)
	at java.base/java.util.concurrent.ThreadPoolExecutor$Worker.run(ThreadPoolExecutor.java:642)
	at java.base/java.lang.Thread.run(Thread.java:1583)

2026-03-10T17:56:13 Unexpected exception handling (msg c8 n2 {"type":"generate","msg_id":330}) : java.lang.UnsupportedOperationException: Not a string: 330
java.lang.UnsupportedOperationException: Not a string: 330
	at com.eclipsesource.json.JsonValue.asString(JsonValue.java:384)
	at com.eclipsesource.json.JsonObject.getString(JsonObject.java:674)
	at lab.UniqueId$1.accept(UniqueId.java:16)
	at lab.UniqueId$1.accept(UniqueId.java:12)
	at lab.Node.handleRequest(Node.java:97)
	at lab.Node.handleMessage(Node.java:71)
	at lab.Node.lambda$run$0(Node.java:44)
	at java.base/java.util.concurrent.ThreadPoolExecutor.runWorker(ThreadPoolExecutor.java:1144)
	at java.base/java.util.concurrent.ThreadPoolExecutor$Worker.run(ThreadPoolExecutor.java:642)
	at java.base/java.lang.Thread.run(Thread.java:1583)

2026-03-10T17:56:13 Unexpected exception handling (msg c8 n2 {"type":"generate","msg_id":331}) : java.lang.UnsupportedOperationException: Not a string: 331
java.lang.UnsupportedOperationException: Not a string: 331
	at com.eclipsesource.json.JsonValue.asString(JsonValue.java:384)
	at com.eclipsesource.json.JsonObject.getString(JsonObject.java:674)
	at lab.UniqueId$1.accept(UniqueId.java:16)
	at lab.UniqueId$1.accept(UniqueId.java:12)
	at lab.Node.handleRequest(Node.java:97)
	at lab.Node.handleMessage(Node.java:71)
	at lab.Node.lambda$run$0(Node.java:44)
	at java.base/java.util.concurrent.ThreadPoolExecutor.runWorker(ThreadPoolExecutor.java:1144)
	at java.base/java.util.concurrent.ThreadPoolExecutor$Worker.run(ThreadPoolExecutor.java:642)
	at java.base/java.lang.Thread.run(Thread.java:1583)

2026-03-10T17:56:13 Unexpected exception handling (msg c8 n2 {"type":"generate","msg_id":332}) : java.lang.UnsupportedOperationException: Not a string: 332
java.lang.UnsupportedOperationException: Not a string: 332
	at com.eclipsesource.json.JsonValue.asString(JsonValue.java:384)
	at com.eclipsesource.json.JsonObject.getString(JsonObject.java:674)
	at lab.UniqueId$1.accept(UniqueId.java:16)
	at lab.UniqueId$1.accept(UniqueId.java:12)
	at lab.Node.handleRequest(Node.java:97)
	at lab.Node.handleMessage(Node.java:71)
	at lab.Node.lambda$run$0(Node.java:44)
	at java.base/java.util.concurrent.ThreadPoolExecutor.runWorker(ThreadPoolExecutor.java:1144)
	at java.base/java.util.concurrent.ThreadPoolExecutor$Worker.run(ThreadPoolExecutor.java:642)
	at java.base/java.lang.Thread.run(Thread.java:1583)

2026-03-10T17:56:13 Unexpected exception handling (msg c8 n2 {"type":"generate","msg_id":333}) : java.lang.UnsupportedOperationException: Not a string: 333
java.lang.UnsupportedOperationException: Not a string: 333
	at com.eclipsesource.json.JsonValue.asString(JsonValue.java:384)
	at com.eclipsesource.json.JsonObject.getString(JsonObject.java:674)
	at lab.UniqueId$1.accept(UniqueId.java:16)
	at lab.UniqueId$1.accept(UniqueId.java:12)
	at lab.Node.handleRequest(Node.java:97)
	at lab.Node.handleMessage(Node.java:71)
	at lab.Node.lambda$run$0(Node.java:44)
	at java.base/java.util.concurrent.ThreadPoolExecutor.runWorker(ThreadPoolExecutor.java:1144)
	at java.base/java.util.concurrent.ThreadPoolExecutor$Worker.run(ThreadPoolExecutor.java:642)
	at java.base/java.lang.Thread.run(Thread.java:1583)

2026-03-10T17:56:13 Unexpected exception handling (msg c8 n2 {"type":"generate","msg_id":334}) : java.lang.UnsupportedOperationException: Not a string: 334
java.lang.UnsupportedOperationException: Not a string: 334
	at com.eclipsesource.json.JsonValue.asString(JsonValue.java:384)
	at com.eclipsesource.json.JsonObject.getString(JsonObject.java:674)
	at lab.UniqueId$1.accept(UniqueId.java:16)
	at lab.UniqueId$1.accept(UniqueId.java:12)
	at lab.Node.handleRequest(Node.java:97)
	at lab.Node.handleMessage(Node.java:71)
	at lab.Node.lambda$run$0(Node.java:44)
	at java.base/java.util.concurrent.ThreadPoolExecutor.runWorker(ThreadPoolExecutor.java:1144)
	at java.base/java.util.concurrent.ThreadPoolExecutor$Worker.run(ThreadPoolExecutor.java:642)
	at java.base/java.lang.Thread.run(Thread.java:1583)

2026-03-10T17:56:13 Unexpected exception handling (msg c8 n2 {"type":"generate","msg_id":335}) : java.lang.UnsupportedOperationException: Not a string: 335
java.lang.UnsupportedOperationException: Not a string: 335
	at com.eclipsesource.json.JsonValue.asString(JsonValue.java:384)
	at com.eclipsesource.json.JsonObject.getString(JsonObject.java:674)
	at lab.UniqueId$1.accept(UniqueId.java:16)
	at lab.UniqueId$1.accept(UniqueId.java:12)
	at lab.Node.handleRequest(Node.java:97)
	at lab.Node.handleMessage(Node.java:71)
	at lab.Node.lambda$run$0(Node.java:44)
	at java.base/java.util.concurrent.ThreadPoolExecutor.runWorker(ThreadPoolExecutor.java:1144)
	at java.base/java.util.concurrent.ThreadPoolExecutor$Worker.run(ThreadPoolExecutor.java:642)
	at java.base/java.lang.Thread.run(Thread.java:1583)

2026-03-10T17:56:13 Unexpected exception handling (msg c8 n2 {"type":"generate","msg_id":336}) : java.lang.UnsupportedOperationException: Not a string: 336
java.lang.UnsupportedOperationException: Not a string: 336
	at com.eclipsesource.json.JsonValue.asString(JsonValue.java:384)
	at com.eclipsesource.json.JsonObject.getString(JsonObject.java:674)
	at lab.UniqueId$1.accept(UniqueId.java:16)
	at lab.UniqueId$1.accept(UniqueId.java:12)
	at lab.Node.handleRequest(Node.java:97)
	at lab.Node.handleMessage(Node.java:71)
	at lab.Node.lambda$run$0(Node.java:44)
	at java.base/java.util.concurrent.ThreadPoolExecutor.runWorker(ThreadPoolExecutor.java:1144)
	at java.base/java.util.concurrent.ThreadPoolExecutor$Worker.run(ThreadPoolExecutor.java:642)
	at java.base/java.lang.Thread.run(Thread.java:1583)

2026-03-10T17:56:13 Unexpected exception handling (msg c8 n2 {"type":"generate","msg_id":337}) : java.lang.UnsupportedOperationException: Not a string: 337
java.lang.UnsupportedOperationException: Not a string: 337
	at com.eclipsesource.json.JsonValue.asString(JsonValue.java:384)
	at com.eclipsesource.json.JsonObject.getString(JsonObject.java:674)
	at lab.UniqueId$1.accept(UniqueId.java:16)
	at lab.UniqueId$1.accept(UniqueId.java:12)
	at lab.Node.handleRequest(Node.java:97)
	at lab.Node.handleMessage(Node.java:71)
	at lab.Node.lambda$run$0(Node.java:44)
	at java.base/java.util.concurrent.ThreadPoolExecutor.runWorker(ThreadPoolExecutor.java:1144)
	at java.base/java.util.concurrent.ThreadPoolExecutor$Worker.run(ThreadPoolExecutor.java:642)
	at java.base/java.lang.Thread.run(Thread.java:1583)

2026-03-10T17:56:13 Unexpected exception handling (msg c8 n2 {"type":"generate","msg_id":338}) : java.lang.UnsupportedOperationException: Not a string: 338
java.lang.UnsupportedOperationException: Not a string: 338
	at com.eclipsesource.json.JsonValue.asString(JsonValue.java:384)
	at com.eclipsesource.json.JsonObject.getString(JsonObject.java:674)
	at lab.UniqueId$1.accept(UniqueId.java:16)
	at lab.UniqueId$1.accept(UniqueId.java:12)
	at lab.Node.handleRequest(Node.java:97)
	at lab.Node.handleMessage(Node.java:71)
	at lab.Node.lambda$run$0(Node.java:44)
	at java.base/java.util.concurrent.ThreadPoolExecutor.runWorker(ThreadPoolExecutor.java:1144)
	at java.base/java.util.concurrent.ThreadPoolExecutor$Worker.run(ThreadPoolExecutor.java:642)
	at java.base/java.lang.Thread.run(Thread.java:1583)

2026-03-10T17:56:13 Unexpected exception handling (msg c8 n2 {"type":"generate","msg_id":339}) : java.lang.UnsupportedOperationException: Not a string: 339
java.lang.UnsupportedOperationException: Not a string: 339
	at com.eclipsesource.json.JsonValue.asString(JsonValue.java:384)
	at com.eclipsesource.json.JsonObject.getString(JsonObject.java:674)
	at lab.UniqueId$1.accept(UniqueId.java:16)
	at lab.UniqueId$1.accept(UniqueId.java:12)
	at lab.Node.handleRequest(Node.java:97)
	at lab.Node.handleMessage(Node.java:71)
	at lab.Node.lambda$run$0(Node.java:44)
	at java.base/java.util.concurrent.ThreadPoolExecutor.runWorker(ThreadPoolExecutor.java:1144)
	at java.base/java.util.concurrent.ThreadPoolExecutor$Worker.run(ThreadPoolExecutor.java:642)
	at java.base/java.lang.Thread.run(Thread.java:1583)

2026-03-10T17:56:13 Unexpected exception handling (msg c8 n2 {"type":"generate","msg_id":340}) : java.lang.UnsupportedOperationException: Not a string: 340
java.lang.UnsupportedOperationException: Not a string: 340
	at com.eclipsesource.json.JsonValue.asString(JsonValue.java:384)
	at com.eclipsesource.json.JsonObject.getString(JsonObject.java:674)
	at lab.UniqueId$1.accept(UniqueId.java:16)
	at lab.UniqueId$1.accept(UniqueId.java:12)
	at lab.Node.handleRequest(Node.java:97)
	at lab.Node.handleMessage(Node.java:71)
	at lab.Node.lambda$run$0(Node.java:44)
	at java.base/java.util.concurrent.ThreadPoolExecutor.runWorker(ThreadPoolExecutor.java:1144)
	at java.base/java.util.concurrent.ThreadPoolExecutor$Worker.run(ThreadPoolExecutor.java:642)
	at java.base/java.lang.Thread.run(Thread.java:1583)

2026-03-10T17:56:13 Unexpected exception handling (msg c8 n2 {"type":"generate","msg_id":341}) : java.lang.UnsupportedOperationException: Not a string: 341
java.lang.UnsupportedOperationException: Not a string: 341
	at com.eclipsesource.json.JsonValue.asString(JsonValue.java:384)
	at com.eclipsesource.json.JsonObject.getString(JsonObject.java:674)
	at lab.UniqueId$1.accept(UniqueId.java:16)
	at lab.UniqueId$1.accept(UniqueId.java:12)
	at lab.Node.handleRequest(Node.java:97)
	at lab.Node.handleMessage(Node.java:71)
	at lab.Node.lambda$run$0(Node.java:44)
	at java.base/java.util.concurrent.ThreadPoolExecutor.runWorker(ThreadPoolExecutor.java:1144)
	at java.base/java.util.concurrent.ThreadPoolExecutor$Worker.run(ThreadPoolExecutor.java:642)
	at java.base/java.lang.Thread.run(Thread.java:1583)

2026-03-10T17:56:13 Unexpected exception handling (msg c8 n2 {"type":"generate","msg_id":342}) : java.lang.UnsupportedOperationException: Not a string: 342
java.lang.UnsupportedOperationException: Not a string: 342
	at com.eclipsesource.json.JsonValue.asString(JsonValue.java:384)
	at com.eclipsesource.json.JsonObject.getString(JsonObject.java:674)
	at lab.UniqueId$1.accept(UniqueId.java:16)
	at lab.UniqueId$1.accept(UniqueId.java:12)
	at lab.Node.handleRequest(Node.java:97)
	at lab.Node.handleMessage(Node.java:71)
	at lab.Node.lambda$run$0(Node.java:44)
	at java.base/java.util.concurrent.ThreadPoolExecutor.runWorker(ThreadPoolExecutor.java:1144)
	at java.base/java.util.concurrent.ThreadPoolExecutor$Worker.run(ThreadPoolExecutor.java:642)
	at java.base/java.lang.Thread.run(Thread.java:1583)

2026-03-10T17:56:13 Unexpected exception handling (msg c8 n2 {"type":"generate","msg_id":343}) : java.lang.UnsupportedOperationException: Not a string: 343
java.lang.UnsupportedOperationException: Not a string: 343
	at com.eclipsesource.json.JsonValue.asString(JsonValue.java:384)
	at com.eclipsesource.json.JsonObject.getString(JsonObject.java:674)
	at lab.UniqueId$1.accept(UniqueId.java:16)
	at lab.UniqueId$1.accept(UniqueId.java:12)
	at lab.Node.handleRequest(Node.java:97)
	at lab.Node.handleMessage(Node.java:71)
	at lab.Node.lambda$run$0(Node.java:44)
	at java.base/java.util.concurrent.ThreadPoolExecutor.runWorker(ThreadPoolExecutor.java:1144)
	at java.base/java.util.concurrent.ThreadPoolExecutor$Worker.run(ThreadPoolExecutor.java:642)
	at java.base/java.lang.Thread.run(Thread.java:1583)

2026-03-10T17:56:13 Unexpected exception handling (msg c8 n2 {"type":"generate","msg_id":344}) : java.lang.UnsupportedOperationException: Not a string: 344
java.lang.UnsupportedOperationException: Not a string: 344
	at com.eclipsesource.json.JsonValue.asString(JsonValue.java:384)
	at com.eclipsesource.json.JsonObject.getString(JsonObject.java:674)
	at lab.UniqueId$1.accept(UniqueId.java:16)
	at lab.UniqueId$1.accept(UniqueId.java:12)
	at lab.Node.handleRequest(Node.java:97)
	at lab.Node.handleMessage(Node.java:71)
	at lab.Node.lambda$run$0(Node.java:44)
	at java.base/java.util.concurrent.ThreadPoolExecutor.runWorker(ThreadPoolExecutor.java:1144)
	at java.base/java.util.concurrent.ThreadPoolExecutor$Worker.run(ThreadPoolExecutor.java:642)
	at java.base/java.lang.Thread.run(Thread.java:1583)

2026-03-10T17:56:14 Unexpected exception handling (msg c8 n2 {"type":"generate","msg_id":345}) : java.lang.UnsupportedOperationException: Not a string: 345
java.lang.UnsupportedOperationException: Not a string: 345
	at com.eclipsesource.json.JsonValue.asString(JsonValue.java:384)
	at com.eclipsesource.json.JsonObject.getString(JsonObject.java:674)
	at lab.UniqueId$1.accept(UniqueId.java:16)
	at lab.UniqueId$1.accept(UniqueId.java:12)
	at lab.Node.handleRequest(Node.java:97)
	at lab.Node.handleMessage(Node.java:71)
	at lab.Node.lambda$run$0(Node.java:44)
	at java.base/java.util.concurrent.ThreadPoolExecutor.runWorker(ThreadPoolExecutor.java:1144)
	at java.base/java.util.concurrent.ThreadPoolExecutor$Worker.run(ThreadPoolExecutor.java:642)
	at java.base/java.lang.Thread.run(Thread.java:1583)

2026-03-10T17:56:14 Unexpected exception handling (msg c8 n2 {"type":"generate","msg_id":346}) : java.lang.UnsupportedOperationException: Not a string: 346
java.lang.UnsupportedOperationException: Not a string: 346
	at com.eclipsesource.json.JsonValue.asString(JsonValue.java:384)
	at com.eclipsesource.json.JsonObject.getString(JsonObject.java:674)
	at lab.UniqueId$1.accept(UniqueId.java:16)
	at lab.UniqueId$1.accept(UniqueId.java:12)
	at lab.Node.handleRequest(Node.java:97)
	at lab.Node.handleMessage(Node.java:71)
	at lab.Node.lambda$run$0(Node.java:44)
	at java.base/java.util.concurrent.ThreadPoolExecutor.runWorker(ThreadPoolExecutor.java:1144)
	at java.base/java.util.concurrent.ThreadPoolExecutor$Worker.run(ThreadPoolExecutor.java:642)
	at java.base/java.lang.Thread.run(Thread.java:1583)

2026-03-10T17:56:14 Unexpected exception handling (msg c8 n2 {"type":"generate","msg_id":347}) : java.lang.UnsupportedOperationException: Not a string: 347
java.lang.UnsupportedOperationException: Not a string: 347
	at com.eclipsesource.json.JsonValue.asString(JsonValue.java:384)
	at com.eclipsesource.json.JsonObject.getString(JsonObject.java:674)
	at lab.UniqueId$1.accept(UniqueId.java:16)
	at lab.UniqueId$1.accept(UniqueId.java:12)
	at lab.Node.handleRequest(Node.java:97)
	at lab.Node.handleMessage(Node.java:71)
	at lab.Node.lambda$run$0(Node.java:44)
	at java.base/java.util.concurrent.ThreadPoolExecutor.runWorker(ThreadPoolExecutor.java:1144)
	at java.base/java.util.concurrent.ThreadPoolExecutor$Worker.run(ThreadPoolExecutor.java:642)
	at java.base/java.lang.Thread.run(Thread.java:1583)

2026-03-10T17:56:14 Unexpected exception handling (msg c8 n2 {"type":"generate","msg_id":348}) : java.lang.UnsupportedOperationException: Not a string: 348
java.lang.UnsupportedOperationException: Not a string: 348
	at com.eclipsesource.json.JsonValue.asString(JsonValue.java:384)
	at com.eclipsesource.json.JsonObject.getString(JsonObject.java:674)
	at lab.UniqueId$1.accept(UniqueId.java:16)
	at lab.UniqueId$1.accept(UniqueId.java:12)
	at lab.Node.handleRequest(Node.java:97)
	at lab.Node.handleMessage(Node.java:71)
	at lab.Node.lambda$run$0(Node.java:44)
	at java.base/java.util.concurrent.ThreadPoolExecutor.runWorker(ThreadPoolExecutor.java:1144)
	at java.base/java.util.concurrent.ThreadPoolExecutor$Worker.run(ThreadPoolExecutor.java:642)
	at java.base/java.lang.Thread.run(Thread.java:1583)

2026-03-10T17:56:14 Unexpected exception handling (msg c8 n2 {"type":"generate","msg_id":349}) : java.lang.UnsupportedOperationException: Not a string: 349
java.lang.UnsupportedOperationException: Not a string: 349
	at com.eclipsesource.json.JsonValue.asString(JsonValue.java:384)
	at com.eclipsesource.json.JsonObject.getString(JsonObject.java:674)
	at lab.UniqueId$1.accept(UniqueId.java:16)
	at lab.UniqueId$1.accept(UniqueId.java:12)
	at lab.Node.handleRequest(Node.java:97)
	at lab.Node.handleMessage(Node.java:71)
	at lab.Node.lambda$run$0(Node.java:44)
	at java.base/java.util.concurrent.ThreadPoolExecutor.runWorker(ThreadPoolExecutor.java:1144)
	at java.base/java.util.concurrent.ThreadPoolExecutor$Worker.run(ThreadPoolExecutor.java:642)
	at java.base/java.lang.Thread.run(Thread.java:1583)

2026-03-10T17:56:14 Unexpected exception handling (msg c8 n2 {"type":"generate","msg_id":350}) : java.lang.UnsupportedOperationException: Not a string: 350
java.lang.UnsupportedOperationException: Not a string: 350
	at com.eclipsesource.json.JsonValue.asString(JsonValue.java:384)
	at com.eclipsesource.json.JsonObject.getString(JsonObject.java:674)
	at lab.UniqueId$1.accept(UniqueId.java:16)
	at lab.UniqueId$1.accept(UniqueId.java:12)
	at lab.Node.handleRequest(Node.java:97)
	at lab.Node.handleMessage(Node.java:71)
	at lab.Node.lambda$run$0(Node.java:44)
	at java.base/java.util.concurrent.ThreadPoolExecutor.runWorker(ThreadPoolExecutor.java:1144)
	at java.base/java.util.concurrent.ThreadPoolExecutor$Worker.run(ThreadPoolExecutor.java:642)
	at java.base/java.lang.Thread.run(Thread.java:1583)

2026-03-10T17:56:14 Unexpected exception handling (msg c8 n2 {"type":"generate","msg_id":351}) : java.lang.UnsupportedOperationException: Not a string: 351
java.lang.UnsupportedOperationException: Not a string: 351
	at com.eclipsesource.json.JsonValue.asString(JsonValue.java:384)
	at com.eclipsesource.json.JsonObject.getString(JsonObject.java:674)
	at lab.UniqueId$1.accept(UniqueId.java:16)
	at lab.UniqueId$1.accept(UniqueId.java:12)
	at lab.Node.handleRequest(Node.java:97)
	at lab.Node.handleMessage(Node.java:71)
	at lab.Node.lambda$run$0(Node.java:44)
	at java.base/java.util.concurrent.ThreadPoolExecutor.runWorker(ThreadPoolExecutor.java:1144)
	at java.base/java.util.concurrent.ThreadPoolExecutor$Worker.run(ThreadPoolExecutor.java:642)
	at java.base/java.lang.Thread.run(Thread.java:1583)

2026-03-10T17:56:14 Unexpected exception handling (msg c8 n2 {"type":"generate","msg_id":352}) : java.lang.UnsupportedOperationException: Not a string: 352
java.lang.UnsupportedOperationException: Not a string: 352
	at com.eclipsesource.json.JsonValue.asString(JsonValue.java:384)
	at com.eclipsesource.json.JsonObject.getString(JsonObject.java:674)
	at lab.UniqueId$1.accept(UniqueId.java:16)
	at lab.UniqueId$1.accept(UniqueId.java:12)
	at lab.Node.handleRequest(Node.java:97)
	at lab.Node.handleMessage(Node.java:71)
	at lab.Node.lambda$run$0(Node.java:44)
	at java.base/java.util.concurrent.ThreadPoolExecutor.runWorker(ThreadPoolExecutor.java:1144)
	at java.base/java.util.concurrent.ThreadPoolExecutor$Worker.run(ThreadPoolExecutor.java:642)
	at java.base/java.lang.Thread.run(Thread.java:1583)

2026-03-10T17:56:14 Unexpected exception handling (msg c8 n2 {"type":"generate","msg_id":353}) : java.lang.UnsupportedOperationException: Not a string: 353
java.lang.UnsupportedOperationException: Not a string: 353
	at com.eclipsesource.json.JsonValue.asString(JsonValue.java:384)
	at com.eclipsesource.json.JsonObject.getString(JsonObject.java:674)
	at lab.UniqueId$1.accept(UniqueId.java:16)
	at lab.UniqueId$1.accept(UniqueId.java:12)
	at lab.Node.handleRequest(Node.java:97)
	at lab.Node.handleMessage(Node.java:71)
	at lab.Node.lambda$run$0(Node.java:44)
	at java.base/java.util.concurrent.ThreadPoolExecutor.runWorker(ThreadPoolExecutor.java:1144)
	at java.base/java.util.concurrent.ThreadPoolExecutor$Worker.run(ThreadPoolExecutor.java:642)
	at java.base/java.lang.Thread.run(Thread.java:1583)

2026-03-10T17:56:14 Unexpected exception handling (msg c8 n2 {"type":"generate","msg_id":354}) : java.lang.UnsupportedOperationException: Not a string: 354
java.lang.UnsupportedOperationException: Not a string: 354
	at com.eclipsesource.json.JsonValue.asString(JsonValue.java:384)
	at com.eclipsesource.json.JsonObject.getString(JsonObject.java:674)
	at lab.UniqueId$1.accept(UniqueId.java:16)
	at lab.UniqueId$1.accept(UniqueId.java:12)
	at lab.Node.handleRequest(Node.java:97)
	at lab.Node.handleMessage(Node.java:71)
	at lab.Node.lambda$run$0(Node.java:44)
	at java.base/java.util.concurrent.ThreadPoolExecutor.runWorker(ThreadPoolExecutor.java:1144)
	at java.base/java.util.concurrent.ThreadPoolExecutor$Worker.run(ThreadPoolExecutor.java:642)
	at java.base/java.lang.Thread.run(Thread.java:1583)

2026-03-10T17:56:14 Unexpected exception handling (msg c8 n2 {"type":"generate","msg_id":355}) : java.lang.UnsupportedOperationException: Not a string: 355
java.lang.UnsupportedOperationException: Not a string: 355
	at com.eclipsesource.json.JsonValue.asString(JsonValue.java:384)
	at com.eclipsesource.json.JsonObject.getString(JsonObject.java:674)
	at lab.UniqueId$1.accept(UniqueId.java:16)
	at lab.UniqueId$1.accept(UniqueId.java:12)
	at lab.Node.handleRequest(Node.java:97)
	at lab.Node.handleMessage(Node.java:71)
	at lab.Node.lambda$run$0(Node.java:44)
	at java.base/java.util.concurrent.ThreadPoolExecutor.runWorker(ThreadPoolExecutor.java:1144)
	at java.base/java.util.concurrent.ThreadPoolExecutor$Worker.run(ThreadPoolExecutor.java:642)
	at java.base/java.lang.Thread.run(Thread.java:1583)

2026-03-10T17:56:14 Unexpected exception handling (msg c8 n2 {"type":"generate","msg_id":356}) : java.lang.UnsupportedOperationException: Not a string: 356
java.lang.UnsupportedOperationException: Not a string: 356
	at com.eclipsesource.json.JsonValue.asString(JsonValue.java:384)
	at com.eclipsesource.json.JsonObject.getString(JsonObject.java:674)
	at lab.UniqueId$1.accept(UniqueId.java:16)
	at lab.UniqueId$1.accept(UniqueId.java:12)
	at lab.Node.handleRequest(Node.java:97)
	at lab.Node.handleMessage(Node.java:71)
	at lab.Node.lambda$run$0(Node.java:44)
	at java.base/java.util.concurrent.ThreadPoolExecutor.runWorker(ThreadPoolExecutor.java:1144)
	at java.base/java.util.concurrent.ThreadPoolExecutor$Worker.run(ThreadPoolExecutor.java:642)
	at java.base/java.lang.Thread.run(Thread.java:1583)

2026-03-10T17:56:14 Unexpected exception handling (msg c8 n2 {"type":"generate","msg_id":357}) : java.lang.UnsupportedOperationException: Not a string: 357
java.lang.UnsupportedOperationException: Not a string: 357
	at com.eclipsesource.json.JsonValue.asString(JsonValue.java:384)
	at com.eclipsesource.json.JsonObject.getString(JsonObject.java:674)
	at lab.UniqueId$1.accept(UniqueId.java:16)
	at lab.UniqueId$1.accept(UniqueId.java:12)
	at lab.Node.handleRequest(Node.java:97)
	at lab.Node.handleMessage(Node.java:71)
	at lab.Node.lambda$run$0(Node.java:44)
	at java.base/java.util.concurrent.ThreadPoolExecutor.runWorker(ThreadPoolExecutor.java:1144)
	at java.base/java.util.concurrent.ThreadPoolExecutor$Worker.run(ThreadPoolExecutor.java:642)
	at java.base/java.lang.Thread.run(Thread.java:1583)

2026-03-10T17:56:14 Unexpected exception handling (msg c8 n2 {"type":"generate","msg_id":358}) : java.lang.UnsupportedOperationException: Not a string: 358
java.lang.UnsupportedOperationException: Not a string: 358
	at com.eclipsesource.json.JsonValue.asString(JsonValue.java:384)
	at com.eclipsesource.json.JsonObject.getString(JsonObject.java:674)
	at lab.UniqueId$1.accept(UniqueId.java:16)
	at lab.UniqueId$1.accept(UniqueId.java:12)
	at lab.Node.handleRequest(Node.java:97)
	at lab.Node.handleMessage(Node.java:71)
	at lab.Node.lambda$run$0(Node.java:44)
	at java.base/java.util.concurrent.ThreadPoolExecutor.runWorker(ThreadPoolExecutor.java:1144)
	at java.base/java.util.concurrent.ThreadPoolExecutor$Worker.run(ThreadPoolExecutor.java:642)
	at java.base/java.lang.Thread.run(Thread.java:1583)

2026-03-10T17:56:14 Unexpected exception handling (msg c8 n2 {"type":"generate","msg_id":359}) : java.lang.UnsupportedOperationException: Not a string: 359
java.lang.UnsupportedOperationException: Not a string: 359
	at com.eclipsesource.json.JsonValue.asString(JsonValue.java:384)
	at com.eclipsesource.json.JsonObject.getString(JsonObject.java:674)
	at lab.UniqueId$1.accept(UniqueId.java:16)
	at lab.UniqueId$1.accept(UniqueId.java:12)
	at lab.Node.handleRequest(Node.java:97)
	at lab.Node.handleMessage(Node.java:71)
	at lab.Node.lambda$run$0(Node.java:44)
	at java.base/java.util.concurrent.ThreadPoolExecutor.runWorker(ThreadPoolExecutor.java:1144)
	at java.base/java.util.concurrent.ThreadPoolExecutor$Worker.run(ThreadPoolExecutor.java:642)
	at java.base/java.lang.Thread.run(Thread.java:1583)

2026-03-10T17:56:14 Unexpected exception handling (msg c8 n2 {"type":"generate","msg_id":360}) : java.lang.UnsupportedOperationException: Not a string: 360
java.lang.UnsupportedOperationException: Not a string: 360
	at com.eclipsesource.json.JsonValue.asString(JsonValue.java:384)
	at com.eclipsesource.json.JsonObject.getString(JsonObject.java:674)
	at lab.UniqueId$1.accept(UniqueId.java:16)
	at lab.UniqueId$1.accept(UniqueId.java:12)
	at lab.Node.handleRequest(Node.java:97)
	at lab.Node.handleMessage(Node.java:71)
	at lab.Node.lambda$run$0(Node.java:44)
	at java.base/java.util.concurrent.ThreadPoolExecutor.runWorker(ThreadPoolExecutor.java:1144)
	at java.base/java.util.concurrent.ThreadPoolExecutor$Worker.run(ThreadPoolExecutor.java:642)
	at java.base/java.lang.Thread.run(Thread.java:1583)

2026-03-10T17:56:14 Unexpected exception handling (msg c8 n2 {"type":"generate","msg_id":361}) : java.lang.UnsupportedOperationException: Not a string: 361
java.lang.UnsupportedOperationException: Not a string: 361
	at com.eclipsesource.json.JsonValue.asString(JsonValue.java:384)
	at com.eclipsesource.json.JsonObject.getString(JsonObject.java:674)
	at lab.UniqueId$1.accept(UniqueId.java:16)
	at lab.UniqueId$1.accept(UniqueId.java:12)
	at lab.Node.handleRequest(Node.java:97)
	at lab.Node.handleMessage(Node.java:71)
	at lab.Node.lambda$run$0(Node.java:44)
	at java.base/java.util.concurrent.ThreadPoolExecutor.runWorker(ThreadPoolExecutor.java:1144)
	at java.base/java.util.concurrent.ThreadPoolExecutor$Worker.run(ThreadPoolExecutor.java:642)
	at java.base/java.lang.Thread.run(Thread.java:1583)

2026-03-10T17:56:14 Unexpected exception handling (msg c8 n2 {"type":"generate","msg_id":362}) : java.lang.UnsupportedOperationException: Not a string: 362
java.lang.UnsupportedOperationException: Not a string: 362
	at com.eclipsesource.json.JsonValue.asString(JsonValue.java:384)
	at com.eclipsesource.json.JsonObject.getString(JsonObject.java:674)
	at lab.UniqueId$1.accept(UniqueId.java:16)
	at lab.UniqueId$1.accept(UniqueId.java:12)
	at lab.Node.handleRequest(Node.java:97)
	at lab.Node.handleMessage(Node.java:71)
	at lab.Node.lambda$run$0(Node.java:44)
	at java.base/java.util.concurrent.ThreadPoolExecutor.runWorker(ThreadPoolExecutor.java:1144)
	at java.base/java.util.concurrent.ThreadPoolExecutor$Worker.run(ThreadPoolExecutor.java:642)
	at java.base/java.lang.Thread.run(Thread.java:1583)

2026-03-10T17:56:14 Unexpected exception handling (msg c8 n2 {"type":"generate","msg_id":363}) : java.lang.UnsupportedOperationException: Not a string: 363
java.lang.UnsupportedOperationException: Not a string: 363
	at com.eclipsesource.json.JsonValue.asString(JsonValue.java:384)
	at com.eclipsesource.json.JsonObject.getString(JsonObject.java:674)
	at lab.UniqueId$1.accept(UniqueId.java:16)
	at lab.UniqueId$1.accept(UniqueId.java:12)
	at lab.Node.handleRequest(Node.java:97)
	at lab.Node.handleMessage(Node.java:71)
	at lab.Node.lambda$run$0(Node.java:44)
	at java.base/java.util.concurrent.ThreadPoolExecutor.runWorker(ThreadPoolExecutor.java:1144)
	at java.base/java.util.concurrent.ThreadPoolExecutor$Worker.run(ThreadPoolExecutor.java:642)
	at java.base/java.lang.Thread.run(Thread.java:1583)

2026-03-10T17:56:14 Unexpected exception handling (msg c8 n2 {"type":"generate","msg_id":364}) : java.lang.UnsupportedOperationException: Not a string: 364
java.lang.UnsupportedOperationException: Not a string: 364
	at com.eclipsesource.json.JsonValue.asString(JsonValue.java:384)
	at com.eclipsesource.json.JsonObject.getString(JsonObject.java:674)
	at lab.UniqueId$1.accept(UniqueId.java:16)
	at lab.UniqueId$1.accept(UniqueId.java:12)
	at lab.Node.handleRequest(Node.java:97)
	at lab.Node.handleMessage(Node.java:71)
	at lab.Node.lambda$run$0(Node.java:44)
	at java.base/java.util.concurrent.ThreadPoolExecutor.runWorker(ThreadPoolExecutor.java:1144)
	at java.base/java.util.concurrent.ThreadPoolExecutor$Worker.run(ThreadPoolExecutor.java:642)
	at java.base/java.lang.Thread.run(Thread.java:1583)

2026-03-10T17:56:14 Unexpected exception handling (msg c8 n2 {"type":"generate","msg_id":365}) : java.lang.UnsupportedOperationException: Not a string: 365
java.lang.UnsupportedOperationException: Not a string: 365
	at com.eclipsesource.json.JsonValue.asString(JsonValue.java:384)
	at com.eclipsesource.json.JsonObject.getString(JsonObject.java:674)
	at lab.UniqueId$1.accept(UniqueId.java:16)
	at lab.UniqueId$1.accept(UniqueId.java:12)
	at lab.Node.handleRequest(Node.java:97)
	at lab.Node.handleMessage(Node.java:71)
	at lab.Node.lambda$run$0(Node.java:44)
	at java.base/java.util.concurrent.ThreadPoolExecutor.runWorker(ThreadPoolExecutor.java:1144)
	at java.base/java.util.concurrent.ThreadPoolExecutor$Worker.run(ThreadPoolExecutor.java:642)
	at java.base/java.lang.Thread.run(Thread.java:1583)

2026-03-10T17:56:14 Unexpected exception handling (msg c8 n2 {"type":"generate","msg_id":366}) : java.lang.UnsupportedOperationException: Not a string: 366
java.lang.UnsupportedOperationException: Not a string: 366
	at com.eclipsesource.json.JsonValue.asString(JsonValue.java:384)
	at com.eclipsesource.json.JsonObject.getString(JsonObject.java:674)
	at lab.UniqueId$1.accept(UniqueId.java:16)
	at lab.UniqueId$1.accept(UniqueId.java:12)
	at lab.Node.handleRequest(Node.java:97)
	at lab.Node.handleMessage(Node.java:71)
	at lab.Node.lambda$run$0(Node.java:44)
	at java.base/java.util.concurrent.ThreadPoolExecutor.runWorker(ThreadPoolExecutor.java:1144)
	at java.base/java.util.concurrent.ThreadPoolExecutor$Worker.run(ThreadPoolExecutor.java:642)
	at java.base/java.lang.Thread.run(Thread.java:1583)

2026-03-10T17:56:14 Unexpected exception handling (msg c8 n2 {"type":"generate","msg_id":367}) : java.lang.UnsupportedOperationException: Not a string: 367
java.lang.UnsupportedOperationException: Not a string: 367
	at com.eclipsesource.json.JsonValue.asString(JsonValue.java:384)
	at com.eclipsesource.json.JsonObject.getString(JsonObject.java:674)
	at lab.UniqueId$1.accept(UniqueId.java:16)
	at lab.UniqueId$1.accept(UniqueId.java:12)
	at lab.Node.handleRequest(Node.java:97)
	at lab.Node.handleMessage(Node.java:71)
	at lab.Node.lambda$run$0(Node.java:44)
	at java.base/java.util.concurrent.ThreadPoolExecutor.runWorker(ThreadPoolExecutor.java:1144)
	at java.base/java.util.concurrent.ThreadPoolExecutor$Worker.run(ThreadPoolExecutor.java:642)
	at java.base/java.lang.Thread.run(Thread.java:1583)

2026-03-10T17:56:14 Unexpected exception handling (msg c8 n2 {"type":"generate","msg_id":368}) : java.lang.UnsupportedOperationException: Not a string: 368
java.lang.UnsupportedOperationException: Not a string: 368
	at com.eclipsesource.json.JsonValue.asString(JsonValue.java:384)
	at com.eclipsesource.json.JsonObject.getString(JsonObject.java:674)
	at lab.UniqueId$1.accept(UniqueId.java:16)
	at lab.UniqueId$1.accept(UniqueId.java:12)
	at lab.Node.handleRequest(Node.java:97)
	at lab.Node.handleMessage(Node.java:71)
	at lab.Node.lambda$run$0(Node.java:44)
	at java.base/java.util.concurrent.ThreadPoolExecutor.runWorker(ThreadPoolExecutor.java:1144)
	at java.base/java.util.concurrent.ThreadPoolExecutor$Worker.run(ThreadPoolExecutor.java:642)
	at java.base/java.lang.Thread.run(Thread.java:1583)

2026-03-10T17:56:14 Unexpected exception handling (msg c8 n2 {"type":"generate","msg_id":369}) : java.lang.UnsupportedOperationException: Not a string: 369
java.lang.UnsupportedOperationException: Not a string: 369
	at com.eclipsesource.json.JsonValue.asString(JsonValue.java:384)
	at com.eclipsesource.json.JsonObject.getString(JsonObject.java:674)
	at lab.UniqueId$1.accept(UniqueId.java:16)
	at lab.UniqueId$1.accept(UniqueId.java:12)
	at lab.Node.handleRequest(Node.java:97)
	at lab.Node.handleMessage(Node.java:71)
	at lab.Node.lambda$run$0(Node.java:44)
	at java.base/java.util.concurrent.ThreadPoolExecutor.runWorker(ThreadPoolExecutor.java:1144)
	at java.base/java.util.concurrent.ThreadPoolExecutor$Worker.run(ThreadPoolExecutor.java:642)
	at java.base/java.lang.Thread.run(Thread.java:1583)

2026-03-10T17:56:14 Unexpected exception handling (msg c8 n2 {"type":"generate","msg_id":370}) : java.lang.UnsupportedOperationException: Not a string: 370
java.lang.UnsupportedOperationException: Not a string: 370
	at com.eclipsesource.json.JsonValue.asString(JsonValue.java:384)
	at com.eclipsesource.json.JsonObject.getString(JsonObject.java:674)
	at lab.UniqueId$1.accept(UniqueId.java:16)
	at lab.UniqueId$1.accept(UniqueId.java:12)
	at lab.Node.handleRequest(Node.java:97)
	at lab.Node.handleMessage(Node.java:71)
	at lab.Node.lambda$run$0(Node.java:44)
	at java.base/java.util.concurrent.ThreadPoolExecutor.runWorker(ThreadPoolExecutor.java:1144)
	at java.base/java.util.concurrent.ThreadPoolExecutor$Worker.run(ThreadPoolExecutor.java:642)
	at java.base/java.lang.Thread.run(Thread.java:1583)

2026-03-10T17:56:14 Unexpected exception handling (msg c8 n2 {"type":"generate","msg_id":371}) : java.lang.UnsupportedOperationException: Not a string: 371
java.lang.UnsupportedOperationException: Not a string: 371
	at com.eclipsesource.json.JsonValue.asString(JsonValue.java:384)
	at com.eclipsesource.json.JsonObject.getString(JsonObject.java:674)
	at lab.UniqueId$1.accept(UniqueId.java:16)
	at lab.UniqueId$1.accept(UniqueId.java:12)
	at lab.Node.handleRequest(Node.java:97)
	at lab.Node.handleMessage(Node.java:71)
	at lab.Node.lambda$run$0(Node.java:44)
	at java.base/java.util.concurrent.ThreadPoolExecutor.runWorker(ThreadPoolExecutor.java:1144)
	at java.base/java.util.concurrent.ThreadPoolExecutor$Worker.run(ThreadPoolExecutor.java:642)
	at java.base/java.lang.Thread.run(Thread.java:1583)

2026-03-10T17:56:14 Unexpected exception handling (msg c8 n2 {"type":"generate","msg_id":372}) : java.lang.UnsupportedOperationException: Not a string: 372
java.lang.UnsupportedOperationException: Not a string: 372
	at com.eclipsesource.json.JsonValue.asString(JsonValue.java:384)
	at com.eclipsesource.json.JsonObject.getString(JsonObject.java:674)
	at lab.UniqueId$1.accept(UniqueId.java:16)
	at lab.UniqueId$1.accept(UniqueId.java:12)
	at lab.Node.handleRequest(Node.java:97)
	at lab.Node.handleMessage(Node.java:71)
	at lab.Node.lambda$run$0(Node.java:44)
	at java.base/java.util.concurrent.ThreadPoolExecutor.runWorker(ThreadPoolExecutor.java:1144)
	at java.base/java.util.concurrent.ThreadPoolExecutor$Worker.run(ThreadPoolExecutor.java:642)
	at java.base/java.lang.Thread.run(Thread.java:1583)

2026-03-10T17:56:14 Unexpected exception handling (msg c8 n2 {"type":"generate","msg_id":373}) : java.lang.UnsupportedOperationException: Not a string: 373
java.lang.UnsupportedOperationException: Not a string: 373
	at com.eclipsesource.json.JsonValue.asString(JsonValue.java:384)
	at com.eclipsesource.json.JsonObject.getString(JsonObject.java:674)
	at lab.UniqueId$1.accept(UniqueId.java:16)
	at lab.UniqueId$1.accept(UniqueId.java:12)
	at lab.Node.handleRequest(Node.java:97)
	at lab.Node.handleMessage(Node.java:71)
	at lab.Node.lambda$run$0(Node.java:44)
	at java.base/java.util.concurrent.ThreadPoolExecutor.runWorker(ThreadPoolExecutor.java:1144)
	at java.base/java.util.concurrent.ThreadPoolExecutor$Worker.run(ThreadPoolExecutor.java:642)
	at java.base/java.lang.Thread.run(Thread.java:1583)

2026-03-10T17:56:14 Unexpected exception handling (msg c8 n2 {"type":"generate","msg_id":374}) : java.lang.UnsupportedOperationException: Not a string: 374
java.lang.UnsupportedOperationException: Not a string: 374
	at com.eclipsesource.json.JsonValue.asString(JsonValue.java:384)
	at com.eclipsesource.json.JsonObject.getString(JsonObject.java:674)
	at lab.UniqueId$1.accept(UniqueId.java:16)
	at lab.UniqueId$1.accept(UniqueId.java:12)
	at lab.Node.handleRequest(Node.java:97)
	at lab.Node.handleMessage(Node.java:71)
	at lab.Node.lambda$run$0(Node.java:44)
	at java.base/java.util.concurrent.ThreadPoolExecutor.runWorker(ThreadPoolExecutor.java:1144)
	at java.base/java.util.concurrent.ThreadPoolExecutor$Worker.run(ThreadPoolExecutor.java:642)
	at java.base/java.lang.Thread.run(Thread.java:1583)

2026-03-10T17:56:14 Unexpected exception handling (msg c8 n2 {"type":"generate","msg_id":375}) : java.lang.UnsupportedOperationException: Not a string: 375
java.lang.UnsupportedOperationException: Not a string: 375
	at com.eclipsesource.json.JsonValue.asString(JsonValue.java:384)
	at com.eclipsesource.json.JsonObject.getString(JsonObject.java:674)
	at lab.UniqueId$1.accept(UniqueId.java:16)
	at lab.UniqueId$1.accept(UniqueId.java:12)
	at lab.Node.handleRequest(Node.java:97)
	at lab.Node.handleMessage(Node.java:71)
	at lab.Node.lambda$run$0(Node.java:44)
	at java.base/java.util.concurrent.ThreadPoolExecutor.runWorker(ThreadPoolExecutor.java:1144)
	at java.base/java.util.concurrent.ThreadPoolExecutor$Worker.run(ThreadPoolExecutor.java:642)
	at java.base/java.lang.Thread.run(Thread.java:1583)

2026-03-10T17:56:14 Unexpected exception handling (msg c8 n2 {"type":"generate","msg_id":376}) : java.lang.UnsupportedOperationException: Not a string: 376
java.lang.UnsupportedOperationException: Not a string: 376
	at com.eclipsesource.json.JsonValue.asString(JsonValue.java:384)
	at com.eclipsesource.json.JsonObject.getString(JsonObject.java:674)
	at lab.UniqueId$1.accept(UniqueId.java:16)
	at lab.UniqueId$1.accept(UniqueId.java:12)
	at lab.Node.handleRequest(Node.java:97)
	at lab.Node.handleMessage(Node.java:71)
	at lab.Node.lambda$run$0(Node.java:44)
	at java.base/java.util.concurrent.ThreadPoolExecutor.runWorker(ThreadPoolExecutor.java:1144)
	at java.base/java.util.concurrent.ThreadPoolExecutor$Worker.run(ThreadPoolExecutor.java:642)
	at java.base/java.lang.Thread.run(Thread.java:1583)

2026-03-10T17:56:14 Unexpected exception handling (msg c8 n2 {"type":"generate","msg_id":377}) : java.lang.UnsupportedOperationException: Not a string: 377
java.lang.UnsupportedOperationException: Not a string: 377
	at com.eclipsesource.json.JsonValue.asString(JsonValue.java:384)
	at com.eclipsesource.json.JsonObject.getString(JsonObject.java:674)
	at lab.UniqueId$1.accept(UniqueId.java:16)
	at lab.UniqueId$1.accept(UniqueId.java:12)
	at lab.Node.handleRequest(Node.java:97)
	at lab.Node.handleMessage(Node.java:71)
	at lab.Node.lambda$run$0(Node.java:44)
	at java.base/java.util.concurrent.ThreadPoolExecutor.runWorker(ThreadPoolExecutor.java:1144)
	at java.base/java.util.concurrent.ThreadPoolExecutor$Worker.run(ThreadPoolExecutor.java:642)
	at java.base/java.lang.Thread.run(Thread.java:1583)

2026-03-10T17:56:14 Unexpected exception handling (msg c8 n2 {"type":"generate","msg_id":378}) : java.lang.UnsupportedOperationException: Not a string: 378
java.lang.UnsupportedOperationException: Not a string: 378
	at com.eclipsesource.json.JsonValue.asString(JsonValue.java:384)
	at com.eclipsesource.json.JsonObject.getString(JsonObject.java:674)
	at lab.UniqueId$1.accept(UniqueId.java:16)
	at lab.UniqueId$1.accept(UniqueId.java:12)
	at lab.Node.handleRequest(Node.java:97)
	at lab.Node.handleMessage(Node.java:71)
	at lab.Node.lambda$run$0(Node.java:44)
	at java.base/java.util.concurrent.ThreadPoolExecutor.runWorker(ThreadPoolExecutor.java:1144)
	at java.base/java.util.concurrent.ThreadPoolExecutor$Worker.run(ThreadPoolExecutor.java:642)
	at java.base/java.lang.Thread.run(Thread.java:1583)

2026-03-10T17:56:14 Unexpected exception handling (msg c8 n2 {"type":"generate","msg_id":379}) : java.lang.UnsupportedOperationException: Not a string: 379
java.lang.UnsupportedOperationException: Not a string: 379
	at com.eclipsesource.json.JsonValue.asString(JsonValue.java:384)
	at com.eclipsesource.json.JsonObject.getString(JsonObject.java:674)
	at lab.UniqueId$1.accept(UniqueId.java:16)
	at lab.UniqueId$1.accept(UniqueId.java:12)
	at lab.Node.handleRequest(Node.java:97)
	at lab.Node.handleMessage(Node.java:71)
	at lab.Node.lambda$run$0(Node.java:44)
	at java.base/java.util.concurrent.ThreadPoolExecutor.runWorker(ThreadPoolExecutor.java:1144)
	at java.base/java.util.concurrent.ThreadPoolExecutor$Worker.run(ThreadPoolExecutor.java:642)
	at java.base/java.lang.Thread.run(Thread.java:1583)

2026-03-10T17:56:14 Unexpected exception handling (msg c8 n2 {"type":"generate","msg_id":380}) : java.lang.UnsupportedOperationException: Not a string: 380
java.lang.UnsupportedOperationException: Not a string: 380
	at com.eclipsesource.json.JsonValue.asString(JsonValue.java:384)
	at com.eclipsesource.json.JsonObject.getString(JsonObject.java:674)
	at lab.UniqueId$1.accept(UniqueId.java:16)
	at lab.UniqueId$1.accept(UniqueId.java:12)
	at lab.Node.handleRequest(Node.java:97)
	at lab.Node.handleMessage(Node.java:71)
	at lab.Node.lambda$run$0(Node.java:44)
	at java.base/java.util.concurrent.ThreadPoolExecutor.runWorker(ThreadPoolExecutor.java:1144)
	at java.base/java.util.concurrent.ThreadPoolExecutor$Worker.run(ThreadPoolExecutor.java:642)
	at java.base/java.lang.Thread.run(Thread.java:1583)

2026-03-10T17:56:14 Unexpected exception handling (msg c8 n2 {"type":"generate","msg_id":381}) : java.lang.UnsupportedOperationException: Not a string: 381
java.lang.UnsupportedOperationException: Not a string: 381
	at com.eclipsesource.json.JsonValue.asString(JsonValue.java:384)
	at com.eclipsesource.json.JsonObject.getString(JsonObject.java:674)
	at lab.UniqueId$1.accept(UniqueId.java:16)
	at lab.UniqueId$1.accept(UniqueId.java:12)
	at lab.Node.handleRequest(Node.java:97)
	at lab.Node.handleMessage(Node.java:71)
	at lab.Node.lambda$run$0(Node.java:44)
	at java.base/java.util.concurrent.ThreadPoolExecutor.runWorker(ThreadPoolExecutor.java:1144)
	at java.base/java.util.concurrent.ThreadPoolExecutor$Worker.run(ThreadPoolExecutor.java:642)
	at java.base/java.lang.Thread.run(Thread.java:1583)

2026-03-10T17:56:14 Unexpected exception handling (msg c8 n2 {"type":"generate","msg_id":382}) : java.lang.UnsupportedOperationException: Not a string: 382
java.lang.UnsupportedOperationException: Not a string: 382
	at com.eclipsesource.json.JsonValue.asString(JsonValue.java:384)
	at com.eclipsesource.json.JsonObject.getString(JsonObject.java:674)
	at lab.UniqueId$1.accept(UniqueId.java:16)
	at lab.UniqueId$1.accept(UniqueId.java:12)
	at lab.Node.handleRequest(Node.java:97)
	at lab.Node.handleMessage(Node.java:71)
	at lab.Node.lambda$run$0(Node.java:44)
	at java.base/java.util.concurrent.ThreadPoolExecutor.runWorker(ThreadPoolExecutor.java:1144)
	at java.base/java.util.concurrent.ThreadPoolExecutor$Worker.run(ThreadPoolExecutor.java:642)
	at java.base/java.lang.Thread.run(Thread.java:1583)

2026-03-10T17:56:14 Unexpected exception handling (msg c8 n2 {"type":"generate","msg_id":383}) : java.lang.UnsupportedOperationException: Not a string: 383
java.lang.UnsupportedOperationException: Not a string: 383
	at com.eclipsesource.json.JsonValue.asString(JsonValue.java:384)
	at com.eclipsesource.json.JsonObject.getString(JsonObject.java:674)
	at lab.UniqueId$1.accept(UniqueId.java:16)
	at lab.UniqueId$1.accept(UniqueId.java:12)
	at lab.Node.handleRequest(Node.java:97)
	at lab.Node.handleMessage(Node.java:71)
	at lab.Node.lambda$run$0(Node.java:44)
	at java.base/java.util.concurrent.ThreadPoolExecutor.runWorker(ThreadPoolExecutor.java:1144)
	at java.base/java.util.concurrent.ThreadPoolExecutor$Worker.run(ThreadPoolExecutor.java:642)
	at java.base/java.lang.Thread.run(Thread.java:1583)

2026-03-10T17:56:14 Unexpected exception handling (msg c8 n2 {"type":"generate","msg_id":384}) : java.lang.UnsupportedOperationException: Not a string: 384
java.lang.UnsupportedOperationException: Not a string: 384
	at com.eclipsesource.json.JsonValue.asString(JsonValue.java:384)
	at com.eclipsesource.json.JsonObject.getString(JsonObject.java:674)
	at lab.UniqueId$1.accept(UniqueId.java:16)
	at lab.UniqueId$1.accept(UniqueId.java:12)
	at lab.Node.handleRequest(Node.java:97)
	at lab.Node.handleMessage(Node.java:71)
	at lab.Node.lambda$run$0(Node.java:44)
	at java.base/java.util.concurrent.ThreadPoolExecutor.runWorker(ThreadPoolExecutor.java:1144)
	at java.base/java.util.concurrent.ThreadPoolExecutor$Worker.run(ThreadPoolExecutor.java:642)
	at java.base/java.lang.Thread.run(Thread.java:1583)

2026-03-10T17:56:14 Unexpected exception handling (msg c8 n2 {"type":"generate","msg_id":385}) : java.lang.UnsupportedOperationException: Not a string: 385
java.lang.UnsupportedOperationException: Not a string: 385
	at com.eclipsesource.json.JsonValue.asString(JsonValue.java:384)
	at com.eclipsesource.json.JsonObject.getString(JsonObject.java:674)
	at lab.UniqueId$1.accept(UniqueId.java:16)
	at lab.UniqueId$1.accept(UniqueId.java:12)
	at lab.Node.handleRequest(Node.java:97)
	at lab.Node.handleMessage(Node.java:71)
	at lab.Node.lambda$run$0(Node.java:44)
	at java.base/java.util.concurrent.ThreadPoolExecutor.runWorker(ThreadPoolExecutor.java:1144)
	at java.base/java.util.concurrent.ThreadPoolExecutor$Worker.run(ThreadPoolExecutor.java:642)
	at java.base/java.lang.Thread.run(Thread.java:1583)

2026-03-10T17:56:14 Unexpected exception handling (msg c8 n2 {"type":"generate","msg_id":386}) : java.lang.UnsupportedOperationException: Not a string: 386
java.lang.UnsupportedOperationException: Not a string: 386
	at com.eclipsesource.json.JsonValue.asString(JsonValue.java:384)
	at com.eclipsesource.json.JsonObject.getString(JsonObject.java:674)
	at lab.UniqueId$1.accept(UniqueId.java:16)
	at lab.UniqueId$1.accept(UniqueId.java:12)
	at lab.Node.handleRequest(Node.java:97)
	at lab.Node.handleMessage(Node.java:71)
	at lab.Node.lambda$run$0(Node.java:44)
	at java.base/java.util.concurrent.ThreadPoolExecutor.runWorker(ThreadPoolExecutor.java:1144)
	at java.base/java.util.concurrent.ThreadPoolExecutor$Worker.run(ThreadPoolExecutor.java:642)
	at java.base/java.lang.Thread.run(Thread.java:1583)

2026-03-10T17:56:14 Unexpected exception handling (msg c8 n2 {"type":"generate","msg_id":387}) : java.lang.UnsupportedOperationException: Not a string: 387
java.lang.UnsupportedOperationException: Not a string: 387
	at com.eclipsesource.json.JsonValue.asString(JsonValue.java:384)
	at com.eclipsesource.json.JsonObject.getString(JsonObject.java:674)
	at lab.UniqueId$1.accept(UniqueId.java:16)
	at lab.UniqueId$1.accept(UniqueId.java:12)
	at lab.Node.handleRequest(Node.java:97)
	at lab.Node.handleMessage(Node.java:71)
	at lab.Node.lambda$run$0(Node.java:44)
	at java.base/java.util.concurrent.ThreadPoolExecutor.runWorker(ThreadPoolExecutor.java:1144)
	at java.base/java.util.concurrent.ThreadPoolExecutor$Worker.run(ThreadPoolExecutor.java:642)
	at java.base/java.lang.Thread.run(Thread.java:1583)

2026-03-10T17:56:14 Unexpected exception handling (msg c8 n2 {"type":"generate","msg_id":388}) : java.lang.UnsupportedOperationException: Not a string: 388
java.lang.UnsupportedOperationException: Not a string: 388
	at com.eclipsesource.json.JsonValue.asString(JsonValue.java:384)
	at com.eclipsesource.json.JsonObject.getString(JsonObject.java:674)
	at lab.UniqueId$1.accept(UniqueId.java:16)
	at lab.UniqueId$1.accept(UniqueId.java:12)
	at lab.Node.handleRequest(Node.java:97)
	at lab.Node.handleMessage(Node.java:71)
	at lab.Node.lambda$run$0(Node.java:44)
	at java.base/java.util.concurrent.ThreadPoolExecutor.runWorker(ThreadPoolExecutor.java:1144)
	at java.base/java.util.concurrent.ThreadPoolExecutor$Worker.run(ThreadPoolExecutor.java:642)
	at java.base/java.lang.Thread.run(Thread.java:1583)

2026-03-10T17:56:14 Unexpected exception handling (msg c8 n2 {"type":"generate","msg_id":389}) : java.lang.UnsupportedOperationException: Not a string: 389
java.lang.UnsupportedOperationException: Not a string: 389
	at com.eclipsesource.json.JsonValue.asString(JsonValue.java:384)
	at com.eclipsesource.json.JsonObject.getString(JsonObject.java:674)
	at lab.UniqueId$1.accept(UniqueId.java:16)
	at lab.UniqueId$1.accept(UniqueId.java:12)
	at lab.Node.handleRequest(Node.java:97)
	at lab.Node.handleMessage(Node.java:71)
	at lab.Node.lambda$run$0(Node.java:44)
	at java.base/java.util.concurrent.ThreadPoolExecutor.runWorker(ThreadPoolExecutor.java:1144)
	at java.base/java.util.concurrent.ThreadPoolExecutor$Worker.run(ThreadPoolExecutor.java:642)
	at java.base/java.lang.Thread.run(Thread.java:1583)

2026-03-10T17:56:14 Unexpected exception handling (msg c8 n2 {"type":"generate","msg_id":390}) : java.lang.UnsupportedOperationException: Not a string: 390
java.lang.UnsupportedOperationException: Not a string: 390
	at com.eclipsesource.json.JsonValue.asString(JsonValue.java:384)
	at com.eclipsesource.json.JsonObject.getString(JsonObject.java:674)
	at lab.UniqueId$1.accept(UniqueId.java:16)
	at lab.UniqueId$1.accept(UniqueId.java:12)
	at lab.Node.handleRequest(Node.java:97)
	at lab.Node.handleMessage(Node.java:71)
	at lab.Node.lambda$run$0(Node.java:44)
	at java.base/java.util.concurrent.ThreadPoolExecutor.runWorker(ThreadPoolExecutor.java:1144)
	at java.base/java.util.concurrent.ThreadPoolExecutor$Worker.run(ThreadPoolExecutor.java:642)
	at java.base/java.lang.Thread.run(Thread.java:1583)

2026-03-10T17:56:14 Unexpected exception handling (msg c8 n2 {"type":"generate","msg_id":391}) : java.lang.UnsupportedOperationException: Not a string: 391
java.lang.UnsupportedOperationException: Not a string: 391
	at com.eclipsesource.json.JsonValue.asString(JsonValue.java:384)
	at com.eclipsesource.json.JsonObject.getString(JsonObject.java:674)
	at lab.UniqueId$1.accept(UniqueId.java:16)
	at lab.UniqueId$1.accept(UniqueId.java:12)
	at lab.Node.handleRequest(Node.java:97)
	at lab.Node.handleMessage(Node.java:71)
	at lab.Node.lambda$run$0(Node.java:44)
	at java.base/java.util.concurrent.ThreadPoolExecutor.runWorker(ThreadPoolExecutor.java:1144)
	at java.base/java.util.concurrent.ThreadPoolExecutor$Worker.run(ThreadPoolExecutor.java:642)
	at java.base/java.lang.Thread.run(Thread.java:1583)

2026-03-10T17:56:14 Unexpected exception handling (msg c8 n2 {"type":"generate","msg_id":392}) : java.lang.UnsupportedOperationException: Not a string: 392
java.lang.UnsupportedOperationException: Not a string: 392
	at com.eclipsesource.json.JsonValue.asString(JsonValue.java:384)
	at com.eclipsesource.json.JsonObject.getString(JsonObject.java:674)
	at lab.UniqueId$1.accept(UniqueId.java:16)
	at lab.UniqueId$1.accept(UniqueId.java:12)
	at lab.Node.handleRequest(Node.java:97)
	at lab.Node.handleMessage(Node.java:71)
	at lab.Node.lambda$run$0(Node.java:44)
	at java.base/java.util.concurrent.ThreadPoolExecutor.runWorker(ThreadPoolExecutor.java:1144)
	at java.base/java.util.concurrent.ThreadPoolExecutor$Worker.run(ThreadPoolExecutor.java:642)
	at java.base/java.lang.Thread.run(Thread.java:1583)

2026-03-10T17:56:14 Unexpected exception handling (msg c8 n2 {"type":"generate","msg_id":393}) : java.lang.UnsupportedOperationException: Not a string: 393
java.lang.UnsupportedOperationException: Not a string: 393
	at com.eclipsesource.json.JsonValue.asString(JsonValue.java:384)
	at com.eclipsesource.json.JsonObject.getString(JsonObject.java:674)
	at lab.UniqueId$1.accept(UniqueId.java:16)
	at lab.UniqueId$1.accept(UniqueId.java:12)
	at lab.Node.handleRequest(Node.java:97)
	at lab.Node.handleMessage(Node.java:71)
	at lab.Node.lambda$run$0(Node.java:44)
	at java.base/java.util.concurrent.ThreadPoolExecutor.runWorker(ThreadPoolExecutor.java:1144)
	at java.base/java.util.concurrent.ThreadPoolExecutor$Worker.run(ThreadPoolExecutor.java:642)
	at java.base/java.lang.Thread.run(Thread.java:1583)

2026-03-10T17:56:14 Unexpected exception handling (msg c8 n2 {"type":"generate","msg_id":394}) : java.lang.UnsupportedOperationException: Not a string: 394
java.lang.UnsupportedOperationException: Not a string: 394
	at com.eclipsesource.json.JsonValue.asString(JsonValue.java:384)
	at com.eclipsesource.json.JsonObject.getString(JsonObject.java:674)
	at lab.UniqueId$1.accept(UniqueId.java:16)
	at lab.UniqueId$1.accept(UniqueId.java:12)
	at lab.Node.handleRequest(Node.java:97)
	at lab.Node.handleMessage(Node.java:71)
	at lab.Node.lambda$run$0(Node.java:44)
	at java.base/java.util.concurrent.ThreadPoolExecutor.runWorker(ThreadPoolExecutor.java:1144)
	at java.base/java.util.concurrent.ThreadPoolExecutor$Worker.run(ThreadPoolExecutor.java:642)
	at java.base/java.lang.Thread.run(Thread.java:1583)

2026-03-10T17:56:14 Unexpected exception handling (msg c8 n2 {"type":"generate","msg_id":395}) : java.lang.UnsupportedOperationException: Not a string: 395
java.lang.UnsupportedOperationException: Not a string: 395
	at com.eclipsesource.json.JsonValue.asString(JsonValue.java:384)
	at com.eclipsesource.json.JsonObject.getString(JsonObject.java:674)
	at lab.UniqueId$1.accept(UniqueId.java:16)
	at lab.UniqueId$1.accept(UniqueId.java:12)
	at lab.Node.handleRequest(Node.java:97)
	at lab.Node.handleMessage(Node.java:71)
	at lab.Node.lambda$run$0(Node.java:44)
	at java.base/java.util.concurrent.ThreadPoolExecutor.runWorker(ThreadPoolExecutor.java:1144)
	at java.base/java.util.concurrent.ThreadPoolExecutor$Worker.run(ThreadPoolExecutor.java:642)
	at java.base/java.lang.Thread.run(Thread.java:1583)

2026-03-10T17:56:14 Unexpected exception handling (msg c8 n2 {"type":"generate","msg_id":396}) : java.lang.UnsupportedOperationException: Not a string: 396
java.lang.UnsupportedOperationException: Not a string: 396
	at com.eclipsesource.json.JsonValue.asString(JsonValue.java:384)
	at com.eclipsesource.json.JsonObject.getString(JsonObject.java:674)
	at lab.UniqueId$1.accept(UniqueId.java:16)
	at lab.UniqueId$1.accept(UniqueId.java:12)
	at lab.Node.handleRequest(Node.java:97)
	at lab.Node.handleMessage(Node.java:71)
	at lab.Node.lambda$run$0(Node.java:44)
	at java.base/java.util.concurrent.ThreadPoolExecutor.runWorker(ThreadPoolExecutor.java:1144)
	at java.base/java.util.concurrent.ThreadPoolExecutor$Worker.run(ThreadPoolExecutor.java:642)
	at java.base/java.lang.Thread.run(Thread.java:1583)

2026-03-10T17:56:14 Unexpected exception handling (msg c8 n2 {"type":"generate","msg_id":397}) : java.lang.UnsupportedOperationException: Not a string: 397
java.lang.UnsupportedOperationException: Not a string: 397
	at com.eclipsesource.json.JsonValue.asString(JsonValue.java:384)
	at com.eclipsesource.json.JsonObject.getString(JsonObject.java:674)
	at lab.UniqueId$1.accept(UniqueId.java:16)
	at lab.UniqueId$1.accept(UniqueId.java:12)
	at lab.Node.handleRequest(Node.java:97)
	at lab.Node.handleMessage(Node.java:71)
	at lab.Node.lambda$run$0(Node.java:44)
	at java.base/java.util.concurrent.ThreadPoolExecutor.runWorker(ThreadPoolExecutor.java:1144)
	at java.base/java.util.concurrent.ThreadPoolExecutor$Worker.run(ThreadPoolExecutor.java:642)
	at java.base/java.lang.Thread.run(Thread.java:1583)

2026-03-10T17:56:14 Unexpected exception handling (msg c8 n2 {"type":"generate","msg_id":398}) : java.lang.UnsupportedOperationException: Not a string: 398
java.lang.UnsupportedOperationException: Not a string: 398
	at com.eclipsesource.json.JsonValue.asString(JsonValue.java:384)
	at com.eclipsesource.json.JsonObject.getString(JsonObject.java:674)
	at lab.UniqueId$1.accept(UniqueId.java:16)
	at lab.UniqueId$1.accept(UniqueId.java:12)
	at lab.Node.handleRequest(Node.java:97)
	at lab.Node.handleMessage(Node.java:71)
	at lab.Node.lambda$run$0(Node.java:44)
	at java.base/java.util.concurrent.ThreadPoolExecutor.runWorker(ThreadPoolExecutor.java:1144)
	at java.base/java.util.concurrent.ThreadPoolExecutor$Worker.run(ThreadPoolExecutor.java:642)
	at java.base/java.lang.Thread.run(Thread.java:1583)

2026-03-10T17:56:14 Unexpected exception handling (msg c8 n2 {"type":"generate","msg_id":399}) : java.lang.UnsupportedOperationException: Not a string: 399
java.lang.UnsupportedOperationException: Not a string: 399
	at com.eclipsesource.json.JsonValue.asString(JsonValue.java:384)
	at com.eclipsesource.json.JsonObject.getString(JsonObject.java:674)
	at lab.UniqueId$1.accept(UniqueId.java:16)
	at lab.UniqueId$1.accept(UniqueId.java:12)
	at lab.Node.handleRequest(Node.java:97)
	at lab.Node.handleMessage(Node.java:71)
	at lab.Node.lambda$run$0(Node.java:44)
	at java.base/java.util.concurrent.ThreadPoolExecutor.runWorker(ThreadPoolExecutor.java:1144)
	at java.base/java.util.concurrent.ThreadPoolExecutor$Worker.run(ThreadPoolExecutor.java:642)
	at java.base/java.lang.Thread.run(Thread.java:1583)

2026-03-10T17:56:14 Unexpected exception handling (msg c8 n2 {"type":"generate","msg_id":400}) : java.lang.UnsupportedOperationException: Not a string: 400
java.lang.UnsupportedOperationException: Not a string: 400
	at com.eclipsesource.json.JsonValue.asString(JsonValue.java:384)
	at com.eclipsesource.json.JsonObject.getString(JsonObject.java:674)
	at lab.UniqueId$1.accept(UniqueId.java:16)
	at lab.UniqueId$1.accept(UniqueId.java:12)
	at lab.Node.handleRequest(Node.java:97)
	at lab.Node.handleMessage(Node.java:71)
	at lab.Node.lambda$run$0(Node.java:44)
	at java.base/java.util.concurrent.ThreadPoolExecutor.runWorker(ThreadPoolExecutor.java:1144)
	at java.base/java.util.concurrent.ThreadPoolExecutor$Worker.run(ThreadPoolExecutor.java:642)
	at java.base/java.lang.Thread.run(Thread.java:1583)

2026-03-10T17:56:14 Unexpected exception handling (msg c8 n2 {"type":"generate","msg_id":401}) : java.lang.UnsupportedOperationException: Not a string: 401
java.lang.UnsupportedOperationException: Not a string: 401
	at com.eclipsesource.json.JsonValue.asString(JsonValue.java:384)
	at com.eclipsesource.json.JsonObject.getString(JsonObject.java:674)
	at lab.UniqueId$1.accept(UniqueId.java:16)
	at lab.UniqueId$1.accept(UniqueId.java:12)
	at lab.Node.handleRequest(Node.java:97)
	at lab.Node.handleMessage(Node.java:71)
	at lab.Node.lambda$run$0(Node.java:44)
	at java.base/java.util.concurrent.ThreadPoolExecutor.runWorker(ThreadPoolExecutor.java:1144)
	at java.base/java.util.concurrent.ThreadPoolExecutor$Worker.run(ThreadPoolExecutor.java:642)
	at java.base/java.lang.Thread.run(Thread.java:1583)

2026-03-10T17:56:14 Unexpected exception handling (msg c8 n2 {"type":"generate","msg_id":402}) : java.lang.UnsupportedOperationException: Not a string: 402
java.lang.UnsupportedOperationException: Not a string: 402
	at com.eclipsesource.json.JsonValue.asString(JsonValue.java:384)
	at com.eclipsesource.json.JsonObject.getString(JsonObject.java:674)
	at lab.UniqueId$1.accept(UniqueId.java:16)
	at lab.UniqueId$1.accept(UniqueId.java:12)
	at lab.Node.handleRequest(Node.java:97)
	at lab.Node.handleMessage(Node.java:71)
	at lab.Node.lambda$run$0(Node.java:44)
	at java.base/java.util.concurrent.ThreadPoolExecutor.runWorker(ThreadPoolExecutor.java:1144)
	at java.base/java.util.concurrent.ThreadPoolExecutor$Worker.run(ThreadPoolExecutor.java:642)
	at java.base/java.lang.Thread.run(Thread.java:1583)

