2026-03-11 14:38:15,078{GMT}	INFO	[jepsen test runner] jepsen.core: Command line:
lein run test -w unique-ids --bin run.sh generate --time-limit 30 --rate 1000 --node-count 3 --availability total --nemesis partition
2026-03-11 14:38:15,134{GMT}	INFO	[jepsen test runner] jepsen.core: Running test:
{:args ["generate"]
 :remote
 #jepsen.control.retry.Remote{:remote #jepsen.control.scp.Remote{:cmd-remote #jepsen.control.sshj.SSHJRemote{:concurrency-limit 6,
                                                                                                             :conn-spec nil,
                                                                                                             :client nil,
                                                                                                             :semaphore nil},
                                                                 :conn-spec nil},
                              :conn nil}
 :log-net-send false
 :node-count 3
 :availability :total
 :max-txn-length 4
 :concurrency 3
 :db
 #object[maelstrom.db$db$reify__16142
         "0x75f3c0c9"
         "maelstrom.db$db$reify__16142@75f3c0c9"]
 :max-writes-per-key 16
 :leave-db-running? false
 :name "unique-ids"
 :logging-json? false
 :start-time
 #object[org.joda.time.DateTime "0x28ec35e3" "2026-03-11T14:38:15.058Z"]
 :nemesis-interval 10
 :net
 #object[maelstrom.net$jepsen_net$reify__15251
         "0x5068a2b1"
         "maelstrom.net$jepsen_net$reify__15251@5068a2b1"]
 :client
 #object[maelstrom.workload.unique_ids$client$reify__20074
         "0x52268f73"
         "maelstrom.workload.unique_ids$client$reify__20074@52268f73"]
 :barrier
 #object[java.util.concurrent.CyclicBarrier
         "0x3938e876"
         "java.util.concurrent.CyclicBarrier@3938e876"]
 :log-stderr false
 :pure-generators true
 :ssh {:dummy? true}
 :rate 1000.0
 :checker
 #object[jepsen.checker$compose$reify__11881
         "0x70b2819f"
         "jepsen.checker$compose$reify__11881@70b2819f"]
 :argv
 ("test"
  "-w"
  "unique-ids"
  "--bin"
  "run.sh"
  "generate"
  "--time-limit"
  "30"
  "--rate"
  "1000"
  "--node-count"
  "3"
  "--availability"
  "total"
  "--nemesis"
  "partition")
 :nemesis
 (jepsen.nemesis.ReflCompose
  {:fm {:start-partition 0,
        :stop-partition 0,
        :kill 1,
        :start 1,
        :pause 1,
        :resume 1},
   :nemeses [#unprintable "jepsen.nemesis.combined$partition_nemesis$reify__16416@65dac812"
             #unprintable "jepsen.nemesis.combined$db_nemesis$reify__16397@3619ecd"]})
 :nodes ["n0" "n1" "n2"]
 :test-count 1
 :latency {:mean 0, :dist :constant}
 :bin "run.sh"
 :generator
 (jepsen.generator.TimeLimit
  {:limit 30000000000,
   :cutoff nil,
   :gen (jepsen.generator.Any
         {:gens [(jepsen.generator.OnThreads
                  {:f #{:nemesis},
                   :context-filter #object[jepsen.generator.context$make_thread_filter$lazy_filter__9167
                                           "0x63f88d35"
                                           "jepsen.generator.context$make_thread_filter$lazy_filter__9167@63f88d35"],
                   :gen (jepsen.generator.Stagger
                         {:dt 20000000000,
                          :next-time nil,
                          :gen (jepsen.generator.FlipFlop
                                {:gens [#object[jepsen.nemesis.combined$partition_package$start__16420
                                                "0x2e962cec"
                                                "jepsen.nemesis.combined$partition_package$start__16420@2e962cec"]
                                        ({:type :info,
                                          :f :stop-partition,
                                          :value nil}
                                         {:type :info,
                                          :f :stop-partition,
                                          :value nil}
                                         {:type :info,
                                          :f :stop-partition,
                                          :value nil}
                                         {:type :info,
                                          :f :stop-partition,
                                          :value nil}
                                         {:type :info,
                                          :f :stop-partition,
                                          :value nil}
                                         {:type :info,
                                          :f :stop-partition,
                                          :value nil}
                                         {:type :info,
                                          :f :stop-partition,
                                          :value nil}
                                         {:type :info,
                                          :f :stop-partition,
                                          :value nil}
                                         ...)],
                                 :i 0})})})
                 (jepsen.generator.OnThreads
                  {:f #jepsen.generator.context.AllBut{:element :nemesis},
                   :context-filter #object[jepsen.generator.context$make_thread_filter$lazy_filter__9167
                                           "0x10e28d97"
                                           "jepsen.generator.context$make_thread_filter$lazy_filter__9167@10e28d97"],
                   :gen (jepsen.generator.Stagger
                         {:dt 2000000,
                          :next-time nil,
                          :gen (jepsen.generator.Repeat
                                {:remaining -1, :gen {:f :generate}})})})]})})
 :log-net-recv false
 :os
 #object[maelstrom.net$jepsen_os$reify__15254
         "0x37d43b9b"
         "maelstrom.net$jepsen_os$reify__15254@37d43b9b"]
 :time-limit 30
 :workload :unique-ids
 :consistency-models [:strict-serializable]
 :topology :grid}

2026-03-11 14:38:16,424{GMT}	INFO	[jepsen node n0] maelstrom.net: Starting Maelstrom network
2026-03-11 14:38:16,426{GMT}	INFO	[jepsen test runner] jepsen.db: Tearing down DB
2026-03-11 14:38:16,428{GMT}	INFO	[jepsen test runner] jepsen.db: Setting up DB
2026-03-11 14:38:16,429{GMT}	INFO	[jepsen node n1] maelstrom.db: Setting up n1
2026-03-11 14:38:16,429{GMT}	INFO	[jepsen node n2] maelstrom.db: Setting up n2
2026-03-11 14:38:16,430{GMT}	INFO	[jepsen node n2] maelstrom.process: launching run.sh ["generate"]
2026-03-11 14:38:16,430{GMT}	INFO	[jepsen node n1] maelstrom.process: launching run.sh ["generate"]
2026-03-11 14:38:16,431{GMT}	INFO	[jepsen node n0] maelstrom.service: Starting services: (lin-kv lin-tso lww-kv seq-kv)
2026-03-11 14:38:16,433{GMT}	INFO	[jepsen node n0] maelstrom.db: Setting up n0
2026-03-11 14:38:16,434{GMT}	INFO	[jepsen node n0] maelstrom.process: launching run.sh ["generate"]
2026-03-11 14:38:16,570{GMT}	INFO	[jepsen test runner] jepsen.core: Relative time begins now
2026-03-11 14:38:16,588{GMT}	INFO	[jepsen worker 1] jepsen.util: 1	:invoke	:generate	nil
2026-03-11 14:38:16,588{GMT}	INFO	[jepsen worker nemesis] jepsen.util: :nemesis	:info	:start-partition	:one
2026-03-11 14:38:16,588{GMT}	INFO	[jepsen worker 0] jepsen.util: 0	:invoke	:generate	nil
2026-03-11 14:38:16,590{GMT}	INFO	[jepsen worker 2] jepsen.util: 2	:invoke	:generate	nil
2026-03-11 14:38:16,598{GMT}	INFO	[jepsen worker nemesis] jepsen.util: :nemesis	:info	:start-partition	[:isolated {"n1" #{"n2" "n0"}, "n2" #{"n1"}, "n0" #{"n1"}}]
2026-03-11 14:38:16,618{GMT}	INFO	[jepsen worker 0] jepsen.util: 0	:ok	:generate	"0-null"
2026-03-11 14:38:16,620{GMT}	INFO	[jepsen worker 0] jepsen.util: 0	:invoke	:generate	nil
2026-03-11 14:38:16,622{GMT}	INFO	[jepsen worker 1] jepsen.util: 1	:ok	:generate	"0-null"
2026-03-11 14:38:16,624{GMT}	INFO	[jepsen worker 1] jepsen.util: 1	:invoke	:generate	nil
2026-03-11 14:38:16,627{GMT}	INFO	[jepsen worker 0] jepsen.util: 0	:ok	:generate	"1-null"
2026-03-11 14:38:16,627{GMT}	INFO	[jepsen worker 2] jepsen.util: 2	:ok	:generate	"0-null"
2026-03-11 14:38:16,628{GMT}	INFO	[jepsen worker 1] jepsen.util: 1	:ok	:generate	"1-null"
2026-03-11 14:38:16,628{GMT}	INFO	[jepsen worker 2] jepsen.util: 2	:invoke	:generate	nil
2026-03-11 14:38:16,631{GMT}	INFO	[jepsen worker 0] jepsen.util: 0	:invoke	:generate	nil
2026-03-11 14:38:16,631{GMT}	INFO	[jepsen worker 1] jepsen.util: 1	:invoke	:generate	nil
2026-03-11 14:38:16,631{GMT}	INFO	[jepsen worker 2] jepsen.util: 2	:ok	:generate	"1-null"
2026-03-11 14:38:16,633{GMT}	INFO	[jepsen worker 0] jepsen.util: 0	:ok	:generate	"2-null"
2026-03-11 14:38:16,633{GMT}	INFO	[jepsen worker 1] jepsen.util: 1	:ok	:generate	"2-null"
2026-03-11 14:38:16,634{GMT}	INFO	[jepsen worker 0] jepsen.util: 0	:invoke	:generate	nil
2026-03-11 14:38:16,635{GMT}	INFO	[jepsen worker 2] jepsen.util: 2	:invoke	:generate	nil
2026-03-11 14:38:16,635{GMT}	INFO	[jepsen worker 1] jepsen.util: 1	:invoke	:generate	nil
2026-03-11 14:38:16,637{GMT}	INFO	[jepsen worker 0] jepsen.util: 0	:ok	:generate	"3-null"
2026-03-11 14:38:16,638{GMT}	INFO	[jepsen worker 0] jepsen.util: 0	:invoke	:generate	nil
2026-03-11 14:38:16,639{GMT}	INFO	[jepsen worker 2] jepsen.util: 2	:ok	:generate	"2-null"
2026-03-11 14:38:16,639{GMT}	INFO	[jepsen worker 2] jepsen.util: 2	:invoke	:generate	nil
2026-03-11 14:38:16,639{GMT}	INFO	[jepsen worker 1] jepsen.util: 1	:ok	:generate	"3-null"
2026-03-11 14:38:16,639{GMT}	INFO	[jepsen worker 1] jepsen.util: 1	:invoke	:generate	nil
2026-03-11 14:38:16,641{GMT}	INFO	[jepsen worker 0] jepsen.util: 0	:ok	:generate	"4-null"
2026-03-11 14:38:16,642{GMT}	INFO	[jepsen worker 0] jepsen.util: 0	:invoke	:generate	nil
2026-03-11 14:38:16,643{GMT}	INFO	[jepsen worker 2] jepsen.util: 2	:ok	:generate	"3-null"
2026-03-11 14:38:16,643{GMT}	INFO	[jepsen worker 2] jepsen.util: 2	:invoke	:generate	nil
2026-03-11 14:38:16,643{GMT}	INFO	[jepsen worker 1] jepsen.util: 1	:ok	:generate	"4-null"
2026-03-11 14:38:16,646{GMT}	INFO	[jepsen worker 0] jepsen.util: 0	:ok	:generate	"5-null"
2026-03-11 14:38:16,646{GMT}	INFO	[jepsen worker 2] jepsen.util: 2	:ok	:generate	"4-null"
2026-03-11 14:38:16,647{GMT}	INFO	[jepsen worker 1] jepsen.util: 1	:invoke	:generate	nil
2026-03-11 14:38:16,648{GMT}	INFO	[jepsen worker 2] jepsen.util: 2	:invoke	:generate	nil
2026-03-11 14:38:16,650{GMT}	INFO	[jepsen worker 1] jepsen.util: 1	:ok	:generate	"5-null"
2026-03-11 14:38:16,650{GMT}	INFO	[jepsen worker 0] jepsen.util: 0	:invoke	:generate	nil
2026-03-11 14:38:16,652{GMT}	INFO	[jepsen worker 1] jepsen.util: 1	:invoke	:generate	nil
2026-03-11 14:38:16,652{GMT}	INFO	[jepsen worker 2] jepsen.util: 2	:ok	:generate	"5-null"
2026-03-11 14:38:16,653{GMT}	INFO	[jepsen worker 2] jepsen.util: 2	:invoke	:generate	nil
2026-03-11 14:38:16,655{GMT}	INFO	[jepsen worker 1] jepsen.util: 1	:ok	:generate	"6-null"
2026-03-11 14:38:16,655{GMT}	INFO	[jepsen worker 1] jepsen.util: 1	:invoke	:generate	nil
2026-03-11 14:38:16,656{GMT}	INFO	[jepsen worker 2] jepsen.util: 2	:ok	:generate	"6-null"
2026-03-11 14:38:16,656{GMT}	INFO	[jepsen worker 2] jepsen.util: 2	:invoke	:generate	nil
2026-03-11 14:38:16,658{GMT}	INFO	[jepsen worker 0] jepsen.util: 0	:ok	:generate	"6-null"
2026-03-11 14:38:16,659{GMT}	INFO	[jepsen worker 2] jepsen.util: 2	:ok	:generate	"7-null"
2026-03-11 14:38:16,659{GMT}	INFO	[jepsen worker 0] jepsen.util: 0	:invoke	:generate	nil
2026-03-11 14:38:16,659{GMT}	INFO	[jepsen worker 1] jepsen.util: 1	:ok	:generate	"7-null"
2026-03-11 14:38:16,659{GMT}	INFO	[jepsen worker 2] jepsen.util: 2	:invoke	:generate	nil
2026-03-11 14:38:16,662{GMT}	INFO	[jepsen worker 0] jepsen.util: 0	:ok	:generate	"7-null"
2026-03-11 14:38:16,662{GMT}	INFO	[jepsen worker 1] jepsen.util: 1	:invoke	:generate	nil
2026-03-11 14:38:16,663{GMT}	INFO	[jepsen worker 2] jepsen.util: 2	:ok	:generate	"8-null"
2026-03-11 14:38:16,663{GMT}	INFO	[jepsen worker 2] jepsen.util: 2	:invoke	:generate	nil
2026-03-11 14:38:16,663{GMT}	INFO	[jepsen worker 0] jepsen.util: 0	:invoke	:generate	nil
2026-03-11 14:38:16,665{GMT}	INFO	[jepsen worker 1] jepsen.util: 1	:ok	:generate	"8-null"
2026-03-11 14:38:16,666{GMT}	INFO	[jepsen worker 2] jepsen.util: 2	:ok	:generate	"9-null"
2026-03-11 14:38:16,666{GMT}	INFO	[jepsen worker 0] jepsen.util: 0	:ok	:generate	"8-null"
2026-03-11 14:38:16,667{GMT}	INFO	[jepsen worker 2] jepsen.util: 2	:invoke	:generate	nil
2026-03-11 14:38:16,667{GMT}	INFO	[jepsen worker 1] jepsen.util: 1	:invoke	:generate	nil
2026-03-11 14:38:16,669{GMT}	INFO	[jepsen worker 0] jepsen.util: 0	:invoke	:generate	nil
2026-03-11 14:38:16,672{GMT}	INFO	[jepsen worker 2] jepsen.util: 2	:ok	:generate	"10-null"
2026-03-11 14:38:16,672{GMT}	INFO	[jepsen worker 1] jepsen.util: 1	:ok	:generate	"9-null"
2026-03-11 14:38:16,673{GMT}	INFO	[jepsen worker 1] jepsen.util: 1	:invoke	:generate	nil
2026-03-11 14:38:16,673{GMT}	INFO	[jepsen worker 0] jepsen.util: 0	:ok	:generate	"9-null"
2026-03-11 14:38:16,676{GMT}	INFO	[jepsen worker 2] jepsen.util: 2	:invoke	:generate	nil
2026-03-11 14:38:16,676{GMT}	INFO	[jepsen worker 1] jepsen.util: 1	:ok	:generate	"10-null"
2026-03-11 14:38:16,677{GMT}	INFO	[jepsen worker 0] jepsen.util: 0	:invoke	:generate	nil
2026-03-11 14:38:16,678{GMT}	INFO	[jepsen worker 2] jepsen.util: 2	:ok	:generate	"11-null"
2026-03-11 14:38:16,679{GMT}	INFO	[jepsen worker 2] jepsen.util: 2	:invoke	:generate	nil
2026-03-11 14:38:16,679{GMT}	INFO	[jepsen worker 1] jepsen.util: 1	:invoke	:generate	nil
2026-03-11 14:38:16,682{GMT}	INFO	[jepsen worker 0] jepsen.util: 0	:ok	:generate	"10-null"
2026-03-11 14:38:16,682{GMT}	INFO	[jepsen worker 2] jepsen.util: 2	:ok	:generate	"12-null"
2026-03-11 14:38:16,683{GMT}	INFO	[jepsen worker 0] jepsen.util: 0	:invoke	:generate	nil
2026-03-11 14:38:16,683{GMT}	INFO	[jepsen worker 1] jepsen.util: 1	:ok	:generate	"11-null"
2026-03-11 14:38:16,685{GMT}	INFO	[jepsen worker 2] jepsen.util: 2	:invoke	:generate	nil
2026-03-11 14:38:16,687{GMT}	INFO	[jepsen worker 1] jepsen.util: 1	:invoke	:generate	nil
2026-03-11 14:38:16,689{GMT}	INFO	[jepsen worker 0] jepsen.util: 0	:ok	:generate	"11-null"
2026-03-11 14:38:16,689{GMT}	INFO	[jepsen worker 2] jepsen.util: 2	:ok	:generate	"13-null"
2026-03-11 14:38:16,689{GMT}	INFO	[jepsen worker 1] jepsen.util: 1	:ok	:generate	"12-null"
2026-03-11 14:38:16,689{GMT}	INFO	[jepsen worker 2] jepsen.util: 2	:invoke	:generate	nil
2026-03-11 14:38:16,689{GMT}	INFO	[jepsen worker 1] jepsen.util: 1	:invoke	:generate	nil
2026-03-11 14:38:16,691{GMT}	INFO	[jepsen worker 0] jepsen.util: 0	:invoke	:generate	nil
2026-03-11 14:38:16,691{GMT}	INFO	[jepsen worker 2] jepsen.util: 2	:ok	:generate	"14-null"
2026-03-11 14:38:16,692{GMT}	INFO	[jepsen worker 2] jepsen.util: 2	:invoke	:generate	nil
2026-03-11 14:38:16,694{GMT}	INFO	[jepsen worker 1] jepsen.util: 1	:ok	:generate	"13-null"
2026-03-11 14:38:16,695{GMT}	INFO	[jepsen worker 1] jepsen.util: 1	:invoke	:generate	nil
2026-03-11 14:38:16,696{GMT}	INFO	[jepsen worker 2] jepsen.util: 2	:ok	:generate	"15-null"
2026-03-11 14:38:16,697{GMT}	INFO	[jepsen worker 2] jepsen.util: 2	:invoke	:generate	nil
2026-03-11 14:38:16,697{GMT}	INFO	[jepsen worker 1] jepsen.util: 1	:ok	:generate	"14-null"
2026-03-11 14:38:16,697{GMT}	INFO	[jepsen worker 0] jepsen.util: 0	:ok	:generate	"12-null"
2026-03-11 14:38:16,698{GMT}	INFO	[jepsen worker 0] jepsen.util: 0	:invoke	:generate	nil
2026-03-11 14:38:16,699{GMT}	INFO	[jepsen worker 2] jepsen.util: 2	:ok	:generate	"16-null"
2026-03-11 14:38:16,700{GMT}	INFO	[jepsen worker 2] jepsen.util: 2	:invoke	:generate	nil
2026-03-11 14:38:16,700{GMT}	INFO	[jepsen worker 0] jepsen.util: 0	:ok	:generate	"13-null"
2026-03-11 14:38:16,700{GMT}	INFO	[jepsen worker 0] jepsen.util: 0	:invoke	:generate	nil
2026-03-11 14:38:16,701{GMT}	INFO	[jepsen worker 1] jepsen.util: 1	:invoke	:generate	nil
2026-03-11 14:38:16,702{GMT}	INFO	[jepsen worker 2] jepsen.util: 2	:ok	:generate	"17-null"
2026-03-11 14:38:16,702{GMT}	INFO	[jepsen worker 2] jepsen.util: 2	:invoke	:generate	nil
2026-03-11 14:38:16,703{GMT}	INFO	[jepsen worker 0] jepsen.util: 0	:ok	:generate	"14-null"
2026-03-11 14:38:16,705{GMT}	INFO	[jepsen worker 1] jepsen.util: 1	:ok	:generate	"15-null"
2026-03-11 14:38:16,706{GMT}	INFO	[jepsen worker 0] jepsen.util: 0	:invoke	:generate	nil
2026-03-11 14:38:16,709{GMT}	INFO	[jepsen worker 2] jepsen.util: 2	:ok	:generate	"18-null"
2026-03-11 14:38:16,710{GMT}	INFO	[jepsen worker 0] jepsen.util: 0	:ok	:generate	"15-null"
2026-03-11 14:38:16,711{GMT}	INFO	[jepsen worker 0] jepsen.util: 0	:invoke	:generate	nil
2026-03-11 14:38:16,711{GMT}	INFO	[jepsen worker 1] jepsen.util: 1	:invoke	:generate	nil
2026-03-11 14:38:16,714{GMT}	INFO	[jepsen worker 0] jepsen.util: 0	:ok	:generate	"16-null"
2026-03-11 14:38:16,714{GMT}	INFO	[jepsen worker 0] jepsen.util: 0	:invoke	:generate	nil
2026-03-11 14:38:16,715{GMT}	INFO	[jepsen worker 1] jepsen.util: 1	:ok	:generate	"16-null"
2026-03-11 14:38:16,716{GMT}	INFO	[jepsen worker 2] jepsen.util: 2	:invoke	:generate	nil
2026-03-11 14:38:16,717{GMT}	INFO	[jepsen worker 1] jepsen.util: 1	:invoke	:generate	nil
2026-03-11 14:38:16,719{GMT}	INFO	[jepsen worker 0] jepsen.util: 0	:ok	:generate	"17-null"
2026-03-11 14:38:16,719{GMT}	INFO	[jepsen worker 0] jepsen.util: 0	:invoke	:generate	nil
2026-03-11 14:38:16,719{GMT}	INFO	[jepsen worker 1] jepsen.util: 1	:ok	:generate	"17-null"
2026-03-11 14:38:16,721{GMT}	INFO	[jepsen worker 2] jepsen.util: 2	:ok	:generate	"19-null"
2026-03-11 14:38:16,721{GMT}	INFO	[jepsen worker 1] jepsen.util: 1	:invoke	:generate	nil
2026-03-11 14:38:16,722{GMT}	INFO	[jepsen worker 2] jepsen.util: 2	:invoke	:generate	nil
2026-03-11 14:38:16,722{GMT}	INFO	[jepsen worker 0] jepsen.util: 0	:ok	:generate	"18-null"
2026-03-11 14:38:16,723{GMT}	INFO	[jepsen worker 0] jepsen.util: 0	:invoke	:generate	nil
2026-03-11 14:38:16,725{GMT}	INFO	[jepsen worker 0] jepsen.util: 0	:ok	:generate	"19-null"
2026-03-11 14:38:16,726{GMT}	INFO	[jepsen worker 0] jepsen.util: 0	:invoke	:generate	nil
2026-03-11 14:38:16,727{GMT}	INFO	[jepsen worker 1] jepsen.util: 1	:ok	:generate	"18-null"
2026-03-11 14:38:16,728{GMT}	INFO	[jepsen worker 2] jepsen.util: 2	:ok	:generate	"20-null"
2026-03-11 14:38:16,728{GMT}	INFO	[jepsen worker 1] jepsen.util: 1	:invoke	:generate	nil
2026-03-11 14:38:16,731{GMT}	INFO	[jepsen worker 2] jepsen.util: 2	:invoke	:generate	nil
2026-03-11 14:38:16,733{GMT}	INFO	[jepsen worker 0] jepsen.util: 0	:ok	:generate	"20-null"
2026-03-11 14:38:16,733{GMT}	INFO	[jepsen worker 1] jepsen.util: 1	:ok	:generate	"19-null"
2026-03-11 14:38:16,733{GMT}	INFO	[jepsen worker 1] jepsen.util: 1	:invoke	:generate	nil
2026-03-11 14:38:16,733{GMT}	INFO	[jepsen worker 0] jepsen.util: 0	:invoke	:generate	nil
2026-03-11 14:38:16,733{GMT}	INFO	[jepsen worker 2] jepsen.util: 2	:ok	:generate	"21-null"
2026-03-11 14:38:16,735{GMT}	INFO	[jepsen worker 2] jepsen.util: 2	:invoke	:generate	nil
2026-03-11 14:38:16,736{GMT}	INFO	[jepsen worker 1] jepsen.util: 1	:ok	:generate	"20-null"
2026-03-11 14:38:16,736{GMT}	INFO	[jepsen worker 0] jepsen.util: 0	:ok	:generate	"21-null"
2026-03-11 14:38:16,737{GMT}	INFO	[jepsen worker 0] jepsen.util: 0	:invoke	:generate	nil
2026-03-11 14:38:16,737{GMT}	INFO	[jepsen worker 1] jepsen.util: 1	:invoke	:generate	nil
2026-03-11 14:38:16,738{GMT}	INFO	[jepsen worker 2] jepsen.util: 2	:ok	:generate	"22-null"
2026-03-11 14:38:16,739{GMT}	INFO	[jepsen worker 2] jepsen.util: 2	:invoke	:generate	nil
2026-03-11 14:38:16,740{GMT}	INFO	[jepsen worker 1] jepsen.util: 1	:ok	:generate	"21-null"
2026-03-11 14:38:16,740{GMT}	INFO	[jepsen worker 0] jepsen.util: 0	:ok	:generate	"22-null"
2026-03-11 14:38:16,741{GMT}	INFO	[jepsen worker 0] jepsen.util: 0	:invoke	:generate	nil
2026-03-11 14:38:16,743{GMT}	INFO	[jepsen worker 1] jepsen.util: 1	:invoke	:generate	nil
2026-03-11 14:38:16,745{GMT}	INFO	[jepsen worker 2] jepsen.util: 2	:ok	:generate	"23-null"
2026-03-11 14:38:16,745{GMT}	INFO	[jepsen worker 0] jepsen.util: 0	:ok	:generate	"23-null"
2026-03-11 14:38:16,746{GMT}	INFO	[jepsen worker 0] jepsen.util: 0	:invoke	:generate	nil
2026-03-11 14:38:16,746{GMT}	INFO	[jepsen worker 2] jepsen.util: 2	:invoke	:generate	nil
2026-03-11 14:38:16,747{GMT}	INFO	[jepsen worker 1] jepsen.util: 1	:ok	:generate	"22-null"
2026-03-11 14:38:16,747{GMT}	INFO	[jepsen worker 1] jepsen.util: 1	:invoke	:generate	nil
2026-03-11 14:38:16,749{GMT}	INFO	[jepsen worker 2] jepsen.util: 2	:ok	:generate	"24-null"
2026-03-11 14:38:16,751{GMT}	INFO	[jepsen worker 1] jepsen.util: 1	:ok	:generate	"23-null"
2026-03-11 14:38:16,751{GMT}	INFO	[jepsen worker 2] jepsen.util: 2	:invoke	:generate	nil
2026-03-11 14:38:16,752{GMT}	INFO	[jepsen worker 1] jepsen.util: 1	:invoke	:generate	nil
2026-03-11 14:38:16,754{GMT}	INFO	[jepsen worker 1] jepsen.util: 1	:ok	:generate	"24-null"
2026-03-11 14:38:16,755{GMT}	INFO	[jepsen worker 1] jepsen.util: 1	:invoke	:generate	nil
2026-03-11 14:38:16,755{GMT}	INFO	[jepsen worker 0] jepsen.util: 0	:ok	:generate	"24-null"
2026-03-11 14:38:16,755{GMT}	INFO	[jepsen worker 0] jepsen.util: 0	:invoke	:generate	nil
2026-03-11 14:38:16,756{GMT}	INFO	[jepsen worker 2] jepsen.util: 2	:ok	:generate	"25-null"
2026-03-11 14:38:16,757{GMT}	INFO	[jepsen worker 1] jepsen.util: 1	:ok	:generate	"25-null"
2026-03-11 14:38:16,757{GMT}	INFO	[jepsen worker 1] jepsen.util: 1	:invoke	:generate	nil
2026-03-11 14:38:16,759{GMT}	INFO	[jepsen worker 2] jepsen.util: 2	:invoke	:generate	nil
2026-03-11 14:38:16,760{GMT}	INFO	[jepsen worker 1] jepsen.util: 1	:ok	:generate	"26-null"
2026-03-11 14:38:16,760{GMT}	INFO	[jepsen worker 0] jepsen.util: 0	:ok	:generate	"25-null"
2026-03-11 14:38:16,762{GMT}	INFO	[jepsen worker 1] jepsen.util: 1	:invoke	:generate	nil
2026-03-11 14:38:16,762{GMT}	INFO	[jepsen worker 0] jepsen.util: 0	:invoke	:generate	nil
2026-03-11 14:38:16,764{GMT}	INFO	[jepsen worker 2] jepsen.util: 2	:ok	:generate	"26-null"
2026-03-11 14:38:16,765{GMT}	INFO	[jepsen worker 2] jepsen.util: 2	:invoke	:generate	nil
2026-03-11 14:38:16,765{GMT}	INFO	[jepsen worker 1] jepsen.util: 1	:ok	:generate	"27-null"
2026-03-11 14:38:16,766{GMT}	INFO	[jepsen worker 0] jepsen.util: 0	:ok	:generate	"26-null"
2026-03-11 14:38:16,768{GMT}	INFO	[jepsen worker 0] jepsen.util: 0	:invoke	:generate	nil
2026-03-11 14:38:16,770{GMT}	INFO	[jepsen worker 1] jepsen.util: 1	:invoke	:generate	nil
2026-03-11 14:38:16,771{GMT}	INFO	[jepsen worker 2] jepsen.util: 2	:ok	:generate	"27-null"
2026-03-11 14:38:16,771{GMT}	INFO	[jepsen worker 0] jepsen.util: 0	:ok	:generate	"27-null"
2026-03-11 14:38:16,772{GMT}	INFO	[jepsen worker 2] jepsen.util: 2	:invoke	:generate	nil
2026-03-11 14:38:16,772{GMT}	INFO	[jepsen worker 1] jepsen.util: 1	:ok	:generate	"28-null"
2026-03-11 14:38:16,773{GMT}	INFO	[jepsen worker 0] jepsen.util: 0	:invoke	:generate	nil
2026-03-11 14:38:16,774{GMT}	INFO	[jepsen worker 1] jepsen.util: 1	:invoke	:generate	nil
2026-03-11 14:38:16,774{GMT}	INFO	[jepsen worker 2] jepsen.util: 2	:ok	:generate	"28-null"
2026-03-11 14:38:16,775{GMT}	INFO	[jepsen worker 2] jepsen.util: 2	:invoke	:generate	nil
2026-03-11 14:38:16,776{GMT}	INFO	[jepsen worker 1] jepsen.util: 1	:ok	:generate	"29-null"
2026-03-11 14:38:16,777{GMT}	INFO	[jepsen worker 2] jepsen.util: 2	:ok	:generate	"29-null"
2026-03-11 14:38:16,777{GMT}	INFO	[jepsen worker 1] jepsen.util: 1	:invoke	:generate	nil
2026-03-11 14:38:16,777{GMT}	INFO	[jepsen worker 0] jepsen.util: 0	:ok	:generate	"28-null"
2026-03-11 14:38:16,779{GMT}	INFO	[jepsen worker 1] jepsen.util: 1	:ok	:generate	"30-null"
2026-03-11 14:38:16,779{GMT}	INFO	[jepsen worker 0] jepsen.util: 0	:invoke	:generate	nil
2026-03-11 14:38:16,781{GMT}	INFO	[jepsen worker 0] jepsen.util: 0	:ok	:generate	"29-null"
2026-03-11 14:38:16,781{GMT}	INFO	[jepsen worker 0] jepsen.util: 0	:invoke	:generate	nil
2026-03-11 14:38:16,783{GMT}	INFO	[jepsen worker 1] jepsen.util: 1	:invoke	:generate	nil
2026-03-11 14:38:16,784{GMT}	INFO	[jepsen worker 2] jepsen.util: 2	:invoke	:generate	nil
2026-03-11 14:38:16,785{GMT}	INFO	[jepsen worker 0] jepsen.util: 0	:ok	:generate	"30-null"
2026-03-11 14:38:16,785{GMT}	INFO	[jepsen worker 1] jepsen.util: 1	:ok	:generate	"31-null"
2026-03-11 14:38:16,785{GMT}	INFO	[jepsen worker 0] jepsen.util: 0	:invoke	:generate	nil
2026-03-11 14:38:16,787{GMT}	INFO	[jepsen worker 2] jepsen.util: 2	:ok	:generate	"30-null"
2026-03-11 14:38:16,787{GMT}	INFO	[jepsen worker 1] jepsen.util: 1	:invoke	:generate	nil
2026-03-11 14:38:16,788{GMT}	INFO	[jepsen worker 2] jepsen.util: 2	:invoke	:generate	nil
2026-03-11 14:38:16,789{GMT}	INFO	[jepsen worker 0] jepsen.util: 0	:ok	:generate	"31-null"
2026-03-11 14:38:16,789{GMT}	INFO	[jepsen worker 1] jepsen.util: 1	:ok	:generate	"32-null"
2026-03-11 14:38:16,790{GMT}	INFO	[jepsen worker 2] jepsen.util: 2	:ok	:generate	"31-null"
2026-03-11 14:38:16,790{GMT}	INFO	[jepsen worker 0] jepsen.util: 0	:invoke	:generate	nil
2026-03-11 14:38:16,790{GMT}	INFO	[jepsen worker 1] jepsen.util: 1	:invoke	:generate	nil
2026-03-11 14:38:16,792{GMT}	INFO	[jepsen worker 2] jepsen.util: 2	:invoke	:generate	nil
2026-03-11 14:38:16,792{GMT}	INFO	[jepsen worker 1] jepsen.util: 1	:ok	:generate	"33-null"
2026-03-11 14:38:16,792{GMT}	INFO	[jepsen worker 0] jepsen.util: 0	:ok	:generate	"32-null"
2026-03-11 14:38:16,794{GMT}	INFO	[jepsen worker 1] jepsen.util: 1	:invoke	:generate	nil
2026-03-11 14:38:16,794{GMT}	INFO	[jepsen worker 0] jepsen.util: 0	:invoke	:generate	nil
2026-03-11 14:38:16,796{GMT}	INFO	[jepsen worker 1] jepsen.util: 1	:ok	:generate	"34-null"
2026-03-11 14:38:16,796{GMT}	INFO	[jepsen worker 0] jepsen.util: 0	:ok	:generate	"33-null"
2026-03-11 14:38:16,797{GMT}	INFO	[jepsen worker 0] jepsen.util: 0	:invoke	:generate	nil
2026-03-11 14:38:16,797{GMT}	INFO	[jepsen worker 2] jepsen.util: 2	:ok	:generate	"32-null"
2026-03-11 14:38:16,799{GMT}	INFO	[jepsen worker 1] jepsen.util: 1	:invoke	:generate	nil
2026-03-11 14:38:16,800{GMT}	INFO	[jepsen worker 2] jepsen.util: 2	:invoke	:generate	nil
2026-03-11 14:38:16,800{GMT}	INFO	[jepsen worker 0] jepsen.util: 0	:ok	:generate	"34-null"
2026-03-11 14:38:16,801{GMT}	INFO	[jepsen worker 1] jepsen.util: 1	:ok	:generate	"35-null"
2026-03-11 14:38:16,801{GMT}	INFO	[jepsen worker 2] jepsen.util: 2	:ok	:generate	"33-null"
2026-03-11 14:38:16,803{GMT}	INFO	[jepsen worker 0] jepsen.util: 0	:invoke	:generate	nil
2026-03-11 14:38:16,804{GMT}	INFO	[jepsen worker 1] jepsen.util: 1	:invoke	:generate	nil
2026-03-11 14:38:16,805{GMT}	INFO	[jepsen worker 2] jepsen.util: 2	:invoke	:generate	nil
2026-03-11 14:38:16,805{GMT}	INFO	[jepsen worker 0] jepsen.util: 0	:ok	:generate	"35-null"
2026-03-11 14:38:16,806{GMT}	INFO	[jepsen worker 0] jepsen.util: 0	:invoke	:generate	nil
2026-03-11 14:38:16,806{GMT}	INFO	[jepsen worker 1] jepsen.util: 1	:ok	:generate	"36-null"
2026-03-11 14:38:16,807{GMT}	INFO	[jepsen worker 1] jepsen.util: 1	:invoke	:generate	nil
2026-03-11 14:38:16,808{GMT}	INFO	[jepsen worker 2] jepsen.util: 2	:ok	:generate	"34-null"
2026-03-11 14:38:16,809{GMT}	INFO	[jepsen worker 1] jepsen.util: 1	:ok	:generate	"37-null"
2026-03-11 14:38:16,809{GMT}	INFO	[jepsen worker 0] jepsen.util: 0	:ok	:generate	"36-null"
2026-03-11 14:38:16,810{GMT}	INFO	[jepsen worker 0] jepsen.util: 0	:invoke	:generate	nil
2026-03-11 14:38:16,812{GMT}	INFO	[jepsen worker 1] jepsen.util: 1	:invoke	:generate	nil
2026-03-11 14:38:16,814{GMT}	INFO	[jepsen worker 1] jepsen.util: 1	:ok	:generate	"38-null"
2026-03-11 14:38:16,814{GMT}	INFO	[jepsen worker 1] jepsen.util: 1	:invoke	:generate	nil
2026-03-11 14:38:16,814{GMT}	INFO	[jepsen worker 0] jepsen.util: 0	:ok	:generate	"37-null"
2026-03-11 14:38:16,814{GMT}	INFO	[jepsen worker 2] jepsen.util: 2	:invoke	:generate	nil
2026-03-11 14:38:16,816{GMT}	INFO	[jepsen worker 0] jepsen.util: 0	:invoke	:generate	nil
2026-03-11 14:38:16,816{GMT}	INFO	[jepsen worker 1] jepsen.util: 1	:ok	:generate	"39-null"
2026-03-11 14:38:16,816{GMT}	INFO	[jepsen worker 1] jepsen.util: 1	:invoke	:generate	nil
2026-03-11 14:38:16,818{GMT}	INFO	[jepsen worker 1] jepsen.util: 1	:ok	:generate	"40-null"
2026-03-11 14:38:16,818{GMT}	INFO	[jepsen worker 1] jepsen.util: 1	:invoke	:generate	nil
2026-03-11 14:38:16,818{GMT}	INFO	[jepsen worker 0] jepsen.util: 0	:ok	:generate	"38-null"
2026-03-11 14:38:16,820{GMT}	INFO	[jepsen worker 2] jepsen.util: 2	:ok	:generate	"35-null"
2026-03-11 14:38:16,820{GMT}	INFO	[jepsen worker 2] jepsen.util: 2	:invoke	:generate	nil
2026-03-11 14:38:16,822{GMT}	INFO	[jepsen worker 1] jepsen.util: 1	:ok	:generate	"41-null"
2026-03-11 14:38:16,822{GMT}	INFO	[jepsen worker 0] jepsen.util: 0	:invoke	:generate	nil
2026-03-11 14:38:16,823{GMT}	INFO	[jepsen worker 1] jepsen.util: 1	:invoke	:generate	nil
2026-03-11 14:38:16,825{GMT}	INFO	[jepsen worker 2] jepsen.util: 2	:ok	:generate	"36-null"
2026-03-11 14:38:16,825{GMT}	INFO	[jepsen worker 0] jepsen.util: 0	:ok	:generate	"39-null"
2026-03-11 14:38:16,827{GMT}	INFO	[jepsen worker 0] jepsen.util: 0	:invoke	:generate	nil
2026-03-11 14:38:16,828{GMT}	INFO	[jepsen worker 2] jepsen.util: 2	:invoke	:generate	nil
2026-03-11 14:38:16,828{GMT}	INFO	[jepsen worker 1] jepsen.util: 1	:ok	:generate	"42-null"
2026-03-11 14:38:16,830{GMT}	INFO	[jepsen worker 1] jepsen.util: 1	:invoke	:generate	nil
2026-03-11 14:38:16,831{GMT}	INFO	[jepsen worker 0] jepsen.util: 0	:ok	:generate	"40-null"
2026-03-11 14:38:16,831{GMT}	INFO	[jepsen worker 2] jepsen.util: 2	:ok	:generate	"37-null"
2026-03-11 14:38:16,833{GMT}	INFO	[jepsen worker 0] jepsen.util: 0	:invoke	:generate	nil
2026-03-11 14:38:16,834{GMT}	INFO	[jepsen worker 2] jepsen.util: 2	:invoke	:generate	nil
2026-03-11 14:38:16,835{GMT}	INFO	[jepsen worker 1] jepsen.util: 1	:ok	:generate	"43-null"
2026-03-11 14:38:16,836{GMT}	INFO	[jepsen worker 0] jepsen.util: 0	:ok	:generate	"41-null"
2026-03-11 14:38:16,836{GMT}	INFO	[jepsen worker 0] jepsen.util: 0	:invoke	:generate	nil
2026-03-11 14:38:16,836{GMT}	INFO	[jepsen worker 1] jepsen.util: 1	:invoke	:generate	nil
2026-03-11 14:38:16,838{GMT}	INFO	[jepsen worker 1] jepsen.util: 1	:ok	:generate	"44-null"
2026-03-11 14:38:16,839{GMT}	INFO	[jepsen worker 0] jepsen.util: 0	:ok	:generate	"42-null"
2026-03-11 14:38:16,839{GMT}	INFO	[jepsen worker 2] jepsen.util: 2	:ok	:generate	"38-null"
2026-03-11 14:38:16,840{GMT}	INFO	[jepsen worker 2] jepsen.util: 2	:invoke	:generate	nil
2026-03-11 14:38:16,840{GMT}	INFO	[jepsen worker 1] jepsen.util: 1	:invoke	:generate	nil
2026-03-11 14:38:16,842{GMT}	INFO	[jepsen worker 0] jepsen.util: 0	:invoke	:generate	nil
2026-03-11 14:38:16,842{GMT}	INFO	[jepsen worker 1] jepsen.util: 1	:ok	:generate	"45-null"
2026-03-11 14:38:16,843{GMT}	INFO	[jepsen worker 1] jepsen.util: 1	:invoke	:generate	nil
2026-03-11 14:38:16,844{GMT}	INFO	[jepsen worker 2] jepsen.util: 2	:ok	:generate	"39-null"
2026-03-11 14:38:16,844{GMT}	INFO	[jepsen worker 2] jepsen.util: 2	:invoke	:generate	nil
2026-03-11 14:38:16,845{GMT}	INFO	[jepsen worker 0] jepsen.util: 0	:ok	:generate	"43-null"
2026-03-11 14:38:16,846{GMT}	INFO	[jepsen worker 0] jepsen.util: 0	:invoke	:generate	nil
2026-03-11 14:38:16,847{GMT}	INFO	[jepsen worker 2] jepsen.util: 2	:ok	:generate	"40-null"
2026-03-11 14:38:16,848{GMT}	INFO	[jepsen worker 1] jepsen.util: 1	:ok	:generate	"46-null"
2026-03-11 14:38:16,848{GMT}	INFO	[jepsen worker 2] jepsen.util: 2	:invoke	:generate	nil
2026-03-11 14:38:16,849{GMT}	INFO	[jepsen worker 1] jepsen.util: 1	:invoke	:generate	nil
2026-03-11 14:38:16,851{GMT}	INFO	[jepsen worker 0] jepsen.util: 0	:ok	:generate	"44-null"
2026-03-11 14:38:16,851{GMT}	INFO	[jepsen worker 0] jepsen.util: 0	:invoke	:generate	nil
2026-03-11 14:38:16,852{GMT}	INFO	[jepsen worker 1] jepsen.util: 1	:ok	:generate	"47-null"
2026-03-11 14:38:16,852{GMT}	INFO	[jepsen worker 2] jepsen.util: 2	:ok	:generate	"41-null"
2026-03-11 14:38:16,852{GMT}	INFO	[jepsen worker 2] jepsen.util: 2	:invoke	:generate	nil
2026-03-11 14:38:16,854{GMT}	INFO	[jepsen worker 0] jepsen.util: 0	:ok	:generate	"45-null"
2026-03-11 14:38:16,855{GMT}	INFO	[jepsen worker 1] jepsen.util: 1	:invoke	:generate	nil
2026-03-11 14:38:16,856{GMT}	INFO	[jepsen worker 2] jepsen.util: 2	:ok	:generate	"42-null"
2026-03-11 14:38:16,856{GMT}	INFO	[jepsen worker 0] jepsen.util: 0	:invoke	:generate	nil
2026-03-11 14:38:16,857{GMT}	INFO	[jepsen worker 2] jepsen.util: 2	:invoke	:generate	nil
2026-03-11 14:38:16,859{GMT}	INFO	[jepsen worker 0] jepsen.util: 0	:ok	:generate	"46-null"
2026-03-11 14:38:16,859{GMT}	INFO	[jepsen worker 2] jepsen.util: 2	:ok	:generate	"43-null"
2026-03-11 14:38:16,859{GMT}	INFO	[jepsen worker 1] jepsen.util: 1	:ok	:generate	"48-null"
2026-03-11 14:38:16,860{GMT}	INFO	[jepsen worker 1] jepsen.util: 1	:invoke	:generate	nil
2026-03-11 14:38:16,861{GMT}	INFO	[jepsen worker 1] jepsen.util: 1	:ok	:generate	"49-null"
2026-03-11 14:38:16,861{GMT}	INFO	[jepsen worker 2] jepsen.util: 2	:invoke	:generate	nil
2026-03-11 14:38:16,863{GMT}	INFO	[jepsen worker 2] jepsen.util: 2	:ok	:generate	"44-null"
2026-03-11 14:38:16,863{GMT}	INFO	[jepsen worker 0] jepsen.util: 0	:invoke	:generate	nil
2026-03-11 14:38:16,864{GMT}	INFO	[jepsen worker 0] jepsen.util: 0	:ok	:generate	"47-null"
2026-03-11 14:38:16,865{GMT}	INFO	[jepsen worker 0] jepsen.util: 0	:invoke	:generate	nil
2026-03-11 14:38:16,867{GMT}	INFO	[jepsen worker 1] jepsen.util: 1	:invoke	:generate	nil
2026-03-11 14:38:16,868{GMT}	INFO	[jepsen worker 2] jepsen.util: 2	:invoke	:generate	nil
2026-03-11 14:38:16,868{GMT}	INFO	[jepsen worker 0] jepsen.util: 0	:ok	:generate	"48-null"
2026-03-11 14:38:16,870{GMT}	INFO	[jepsen worker 0] jepsen.util: 0	:invoke	:generate	nil
2026-03-11 14:38:16,870{GMT}	INFO	[jepsen worker 2] jepsen.util: 2	:ok	:generate	"45-null"
2026-03-11 14:38:16,872{GMT}	INFO	[jepsen worker 1] jepsen.util: 1	:ok	:generate	"50-null"
2026-03-11 14:38:16,872{GMT}	INFO	[jepsen worker 2] jepsen.util: 2	:invoke	:generate	nil
2026-03-11 14:38:16,872{GMT}	INFO	[jepsen worker 0] jepsen.util: 0	:ok	:generate	"49-null"
2026-03-11 14:38:16,873{GMT}	INFO	[jepsen worker 1] jepsen.util: 1	:invoke	:generate	nil
2026-03-11 14:38:16,873{GMT}	INFO	[jepsen worker 2] jepsen.util: 2	:ok	:generate	"46-null"
2026-03-11 14:38:16,873{GMT}	INFO	[jepsen worker 0] jepsen.util: 0	:invoke	:generate	nil
2026-03-11 14:38:16,875{GMT}	INFO	[jepsen worker 2] jepsen.util: 2	:invoke	:generate	nil
2026-03-11 14:38:16,875{GMT}	INFO	[jepsen worker 1] jepsen.util: 1	:ok	:generate	"51-null"
2026-03-11 14:38:16,876{GMT}	INFO	[jepsen worker 0] jepsen.util: 0	:ok	:generate	"50-null"
2026-03-11 14:38:16,876{GMT}	INFO	[jepsen worker 0] jepsen.util: 0	:invoke	:generate	nil
2026-03-11 14:38:16,877{GMT}	INFO	[jepsen worker 2] jepsen.util: 2	:ok	:generate	"47-null"
2026-03-11 14:38:16,878{GMT}	INFO	[jepsen worker 0] jepsen.util: 0	:ok	:generate	"51-null"
2026-03-11 14:38:16,878{GMT}	INFO	[jepsen worker 1] jepsen.util: 1	:invoke	:generate	nil
2026-03-11 14:38:16,880{GMT}	INFO	[jepsen worker 1] jepsen.util: 1	:ok	:generate	"52-null"
2026-03-11 14:38:16,880{GMT}	INFO	[jepsen worker 2] jepsen.util: 2	:invoke	:generate	nil
2026-03-11 14:38:16,881{GMT}	INFO	[jepsen worker 2] jepsen.util: 2	:ok	:generate	"48-null"
2026-03-11 14:38:16,881{GMT}	INFO	[jepsen worker 0] jepsen.util: 0	:invoke	:generate	nil
2026-03-11 14:38:16,883{GMT}	INFO	[jepsen worker 1] jepsen.util: 1	:invoke	:generate	nil
2026-03-11 14:38:16,883{GMT}	INFO	[jepsen worker 0] jepsen.util: 0	:ok	:generate	"52-null"
2026-03-11 14:38:16,884{GMT}	INFO	[jepsen worker 1] jepsen.util: 1	:ok	:generate	"53-null"
2026-03-11 14:38:16,884{GMT}	INFO	[jepsen worker 1] jepsen.util: 1	:invoke	:generate	nil
2026-03-11 14:38:16,886{GMT}	INFO	[jepsen worker 1] jepsen.util: 1	:ok	:generate	"54-null"
2026-03-11 14:38:16,887{GMT}	INFO	[jepsen worker 2] jepsen.util: 2	:invoke	:generate	nil
2026-03-11 14:38:16,889{GMT}	INFO	[jepsen worker 0] jepsen.util: 0	:invoke	:generate	nil
2026-03-11 14:38:16,889{GMT}	INFO	[jepsen worker 2] jepsen.util: 2	:ok	:generate	"49-null"
2026-03-11 14:38:16,890{GMT}	INFO	[jepsen worker 1] jepsen.util: 1	:invoke	:generate	nil
2026-03-11 14:38:16,890{GMT}	INFO	[jepsen worker 0] jepsen.util: 0	:ok	:generate	"53-null"
2026-03-11 14:38:16,891{GMT}	INFO	[jepsen worker 1] jepsen.util: 1	:ok	:generate	"55-null"
2026-03-11 14:38:16,891{GMT}	INFO	[jepsen worker 1] jepsen.util: 1	:invoke	:generate	nil
2026-03-11 14:38:16,893{GMT}	INFO	[jepsen worker 1] jepsen.util: 1	:ok	:generate	"56-null"
2026-03-11 14:38:16,893{GMT}	INFO	[jepsen worker 2] jepsen.util: 2	:invoke	:generate	nil
2026-03-11 14:38:16,894{GMT}	INFO	[jepsen worker 0] jepsen.util: 0	:invoke	:generate	nil
2026-03-11 14:38:16,895{GMT}	INFO	[jepsen worker 2] jepsen.util: 2	:ok	:generate	"50-null"
2026-03-11 14:38:16,895{GMT}	INFO	[jepsen worker 1] jepsen.util: 1	:invoke	:generate	nil
2026-03-11 14:38:16,895{GMT}	INFO	[jepsen worker 0] jepsen.util: 0	:ok	:generate	"54-null"
2026-03-11 14:38:16,896{GMT}	INFO	[jepsen worker 1] jepsen.util: 1	:ok	:generate	"57-null"
2026-03-11 14:38:16,897{GMT}	INFO	[jepsen worker 1] jepsen.util: 1	:invoke	:generate	nil
2026-03-11 14:38:16,897{GMT}	INFO	[jepsen worker 2] jepsen.util: 2	:invoke	:generate	nil
2026-03-11 14:38:16,898{GMT}	INFO	[jepsen worker 0] jepsen.util: 0	:invoke	:generate	nil
2026-03-11 14:38:16,898{GMT}	INFO	[jepsen worker 1] jepsen.util: 1	:ok	:generate	"58-null"
2026-03-11 14:38:16,898{GMT}	INFO	[jepsen worker 2] jepsen.util: 2	:ok	:generate	"51-null"
2026-03-11 14:38:16,898{GMT}	INFO	[jepsen worker 1] jepsen.util: 1	:invoke	:generate	nil
2026-03-11 14:38:16,900{GMT}	INFO	[jepsen worker 1] jepsen.util: 1	:ok	:generate	"59-null"
2026-03-11 14:38:16,900{GMT}	INFO	[jepsen worker 0] jepsen.util: 0	:ok	:generate	"55-null"
2026-03-11 14:38:16,901{GMT}	INFO	[jepsen worker 1] jepsen.util: 1	:invoke	:generate	nil
2026-03-11 14:38:16,901{GMT}	INFO	[jepsen worker 2] jepsen.util: 2	:invoke	:generate	nil
2026-03-11 14:38:16,902{GMT}	INFO	[jepsen worker 1] jepsen.util: 1	:ok	:generate	"60-null"
2026-03-11 14:38:16,902{GMT}	INFO	[jepsen worker 0] jepsen.util: 0	:invoke	:generate	nil
2026-03-11 14:38:16,903{GMT}	INFO	[jepsen worker 2] jepsen.util: 2	:ok	:generate	"52-null"
2026-03-11 14:38:16,903{GMT}	INFO	[jepsen worker 1] jepsen.util: 1	:invoke	:generate	nil
2026-03-11 14:38:16,904{GMT}	INFO	[jepsen worker 0] jepsen.util: 0	:ok	:generate	"56-null"
2026-03-11 14:38:16,904{GMT}	INFO	[jepsen worker 2] jepsen.util: 2	:invoke	:generate	nil
2026-03-11 14:38:16,906{GMT}	INFO	[jepsen worker 2] jepsen.util: 2	:ok	:generate	"53-null"
2026-03-11 14:38:16,906{GMT}	INFO	[jepsen worker 2] jepsen.util: 2	:invoke	:generate	nil
2026-03-11 14:38:16,906{GMT}	INFO	[jepsen worker 0] jepsen.util: 0	:invoke	:generate	nil
2026-03-11 14:38:16,907{GMT}	INFO	[jepsen worker 1] jepsen.util: 1	:ok	:generate	"61-null"
2026-03-11 14:38:16,908{GMT}	INFO	[jepsen worker 2] jepsen.util: 2	:ok	:generate	"54-null"
2026-03-11 14:38:16,908{GMT}	INFO	[jepsen worker 1] jepsen.util: 1	:invoke	:generate	nil
2026-03-11 14:38:16,908{GMT}	INFO	[jepsen worker 2] jepsen.util: 2	:invoke	:generate	nil
2026-03-11 14:38:16,909{GMT}	INFO	[jepsen worker 0] jepsen.util: 0	:ok	:generate	"57-null"
2026-03-11 14:38:16,911{GMT}	INFO	[jepsen worker 2] jepsen.util: 2	:ok	:generate	"55-null"
2026-03-11 14:38:16,911{GMT}	INFO	[jepsen worker 1] jepsen.util: 1	:ok	:generate	"62-null"
2026-03-11 14:38:16,912{GMT}	INFO	[jepsen worker 2] jepsen.util: 2	:invoke	:generate	nil
2026-03-11 14:38:16,912{GMT}	INFO	[jepsen worker 0] jepsen.util: 0	:invoke	:generate	nil
2026-03-11 14:38:16,915{GMT}	INFO	[jepsen worker 2] jepsen.util: 2	:ok	:generate	"56-null"
2026-03-11 14:38:16,915{GMT}	INFO	[jepsen worker 2] jepsen.util: 2	:invoke	:generate	nil
2026-03-11 14:38:16,915{GMT}	INFO	[jepsen worker 1] jepsen.util: 1	:invoke	:generate	nil
2026-03-11 14:38:16,915{GMT}	INFO	[jepsen worker 0] jepsen.util: 0	:ok	:generate	"58-null"
2026-03-11 14:38:16,917{GMT}	INFO	[jepsen worker 2] jepsen.util: 2	:ok	:generate	"57-null"
2026-03-11 14:38:16,917{GMT}	INFO	[jepsen worker 1] jepsen.util: 1	:ok	:generate	"63-null"
2026-03-11 14:38:16,919{GMT}	INFO	[jepsen worker 2] jepsen.util: 2	:invoke	:generate	nil
2026-03-11 14:38:16,920{GMT}	INFO	[jepsen worker 0] jepsen.util: 0	:invoke	:generate	nil
2026-03-11 14:38:16,920{GMT}	INFO	[jepsen worker 1] jepsen.util: 1	:invoke	:generate	nil
2026-03-11 14:38:16,920{GMT}	INFO	[jepsen worker 2] jepsen.util: 2	:ok	:generate	"58-null"
2026-03-11 14:38:16,920{GMT}	INFO	[jepsen worker 2] jepsen.util: 2	:invoke	:generate	nil
2026-03-11 14:38:16,922{GMT}	INFO	[jepsen worker 1] jepsen.util: 1	:ok	:generate	"64-null"
2026-03-11 14:38:16,922{GMT}	INFO	[jepsen worker 1] jepsen.util: 1	:invoke	:generate	nil
2026-03-11 14:38:16,923{GMT}	INFO	[jepsen worker 1] jepsen.util: 1	:ok	:generate	"65-null"
2026-03-11 14:38:16,924{GMT}	INFO	[jepsen worker 1] jepsen.util: 1	:invoke	:generate	nil
2026-03-11 14:38:16,924{GMT}	INFO	[jepsen worker 2] jepsen.util: 2	:ok	:generate	"59-null"
2026-03-11 14:38:16,925{GMT}	INFO	[jepsen worker 0] jepsen.util: 0	:ok	:generate	"59-null"
2026-03-11 14:38:16,925{GMT}	INFO	[jepsen worker 0] jepsen.util: 0	:invoke	:generate	nil
2026-03-11 14:38:16,926{GMT}	INFO	[jepsen worker 1] jepsen.util: 1	:ok	:generate	"66-null"
2026-03-11 14:38:16,927{GMT}	INFO	[jepsen worker 1] jepsen.util: 1	:invoke	:generate	nil
2026-03-11 14:38:16,927{GMT}	INFO	[jepsen worker 0] jepsen.util: 0	:ok	:generate	"60-null"
2026-03-11 14:38:16,929{GMT}	INFO	[jepsen worker 2] jepsen.util: 2	:invoke	:generate	nil
2026-03-11 14:38:16,930{GMT}	INFO	[jepsen worker 1] jepsen.util: 1	:ok	:generate	"67-null"
2026-03-11 14:38:16,931{GMT}	INFO	[jepsen worker 0] jepsen.util: 0	:invoke	:generate	nil
2026-03-11 14:38:16,931{GMT}	INFO	[jepsen worker 2] jepsen.util: 2	:ok	:generate	"60-null"
2026-03-11 14:38:16,932{GMT}	INFO	[jepsen worker 1] jepsen.util: 1	:invoke	:generate	nil
2026-03-11 14:38:16,932{GMT}	INFO	[jepsen worker 0] jepsen.util: 0	:ok	:generate	"61-null"
2026-03-11 14:38:16,933{GMT}	INFO	[jepsen worker 2] jepsen.util: 2	:invoke	:generate	nil
2026-03-11 14:38:16,934{GMT}	INFO	[jepsen worker 1] jepsen.util: 1	:ok	:generate	"68-null"
2026-03-11 14:38:16,934{GMT}	INFO	[jepsen worker 2] jepsen.util: 2	:ok	:generate	"61-null"
2026-03-11 14:38:16,935{GMT}	INFO	[jepsen worker 2] jepsen.util: 2	:invoke	:generate	nil
2026-03-11 14:38:16,935{GMT}	INFO	[jepsen worker 0] jepsen.util: 0	:invoke	:generate	nil
2026-03-11 14:38:16,937{GMT}	INFO	[jepsen worker 1] jepsen.util: 1	:invoke	:generate	nil
2026-03-11 14:38:16,939{GMT}	INFO	[jepsen worker 2] jepsen.util: 2	:ok	:generate	"62-null"
2026-03-11 14:38:16,941{GMT}	INFO	[jepsen worker 0] jepsen.util: 0	:ok	:generate	"62-null"
2026-03-11 14:38:16,941{GMT}	INFO	[jepsen worker 0] jepsen.util: 0	:invoke	:generate	nil
2026-03-11 14:38:16,941{GMT}	INFO	[jepsen worker 2] jepsen.util: 2	:invoke	:generate	nil
2026-03-11 14:38:16,942{GMT}	INFO	[jepsen worker 1] jepsen.util: 1	:ok	:generate	"69-null"
2026-03-11 14:38:16,942{GMT}	INFO	[jepsen worker 1] jepsen.util: 1	:invoke	:generate	nil
2026-03-11 14:38:16,945{GMT}	INFO	[jepsen worker 1] jepsen.util: 1	:ok	:generate	"70-null"
2026-03-11 14:38:16,945{GMT}	INFO	[jepsen worker 0] jepsen.util: 0	:ok	:generate	"63-null"
2026-03-11 14:38:16,946{GMT}	INFO	[jepsen worker 0] jepsen.util: 0	:invoke	:generate	nil
2026-03-11 14:38:16,947{GMT}	INFO	[jepsen worker 2] jepsen.util: 2	:ok	:generate	"63-null"
2026-03-11 14:38:16,948{GMT}	INFO	[jepsen worker 1] jepsen.util: 1	:invoke	:generate	nil
2026-03-11 14:38:16,948{GMT}	INFO	[jepsen worker 0] jepsen.util: 0	:ok	:generate	"64-null"
2026-03-11 14:38:16,949{GMT}	INFO	[jepsen worker 2] jepsen.util: 2	:invoke	:generate	nil
2026-03-11 14:38:16,949{GMT}	INFO	[jepsen worker 1] jepsen.util: 1	:ok	:generate	"71-null"
2026-03-11 14:38:16,949{GMT}	INFO	[jepsen worker 0] jepsen.util: 0	:invoke	:generate	nil
2026-03-11 14:38:16,950{GMT}	INFO	[jepsen worker 2] jepsen.util: 2	:ok	:generate	"64-null"
2026-03-11 14:38:16,951{GMT}	INFO	[jepsen worker 0] jepsen.util: 0	:ok	:generate	"65-null"
2026-03-11 14:38:16,951{GMT}	INFO	[jepsen worker 1] jepsen.util: 1	:invoke	:generate	nil
2026-03-11 14:38:16,954{GMT}	INFO	[jepsen worker 1] jepsen.util: 1	:ok	:generate	"72-null"
2026-03-11 14:38:16,957{GMT}	INFO	[jepsen worker 1] jepsen.util: 1	:invoke	:generate	nil
2026-03-11 14:38:16,957{GMT}	INFO	[jepsen worker 2] jepsen.util: 2	:invoke	:generate	nil
2026-03-11 14:38:16,959{GMT}	INFO	[jepsen worker 2] jepsen.util: 2	:ok	:generate	"65-null"
2026-03-11 14:38:16,960{GMT}	INFO	[jepsen worker 0] jepsen.util: 0	:invoke	:generate	nil
2026-03-11 14:38:16,960{GMT}	INFO	[jepsen worker 2] jepsen.util: 2	:invoke	:generate	nil
2026-03-11 14:38:16,961{GMT}	INFO	[jepsen worker 1] jepsen.util: 1	:ok	:generate	"73-null"
2026-03-11 14:38:16,961{GMT}	INFO	[jepsen worker 1] jepsen.util: 1	:invoke	:generate	nil
2026-03-11 14:38:16,962{GMT}	INFO	[jepsen worker 0] jepsen.util: 0	:ok	:generate	"66-null"
2026-03-11 14:38:16,962{GMT}	INFO	[jepsen worker 2] jepsen.util: 2	:ok	:generate	"66-null"
2026-03-11 14:38:16,963{GMT}	INFO	[jepsen worker 1] jepsen.util: 1	:ok	:generate	"74-null"
2026-03-11 14:38:16,964{GMT}	INFO	[jepsen worker 2] jepsen.util: 2	:invoke	:generate	nil
2026-03-11 14:38:16,965{GMT}	INFO	[jepsen worker 2] jepsen.util: 2	:ok	:generate	"67-null"
2026-03-11 14:38:16,966{GMT}	INFO	[jepsen worker 0] jepsen.util: 0	:invoke	:generate	nil
2026-03-11 14:38:16,967{GMT}	INFO	[jepsen worker 0] jepsen.util: 0	:ok	:generate	"67-null"
2026-03-11 14:38:16,970{GMT}	INFO	[jepsen worker 0] jepsen.util: 0	:invoke	:generate	nil
2026-03-11 14:38:16,971{GMT}	INFO	[jepsen worker 1] jepsen.util: 1	:invoke	:generate	nil
2026-03-11 14:38:16,972{GMT}	INFO	[jepsen worker 2] jepsen.util: 2	:invoke	:generate	nil
2026-03-11 14:38:16,974{GMT}	INFO	[jepsen worker 1] jepsen.util: 1	:ok	:generate	"75-null"
2026-03-11 14:38:16,975{GMT}	INFO	[jepsen worker 1] jepsen.util: 1	:invoke	:generate	nil
2026-03-11 14:38:16,975{GMT}	INFO	[jepsen worker 0] jepsen.util: 0	:ok	:generate	"68-null"
2026-03-11 14:38:16,977{GMT}	INFO	[jepsen worker 0] jepsen.util: 0	:invoke	:generate	nil
2026-03-11 14:38:16,978{GMT}	INFO	[jepsen worker 0] jepsen.util: 0	:ok	:generate	"69-null"
2026-03-11 14:38:16,979{GMT}	INFO	[jepsen worker 0] jepsen.util: 0	:invoke	:generate	nil
2026-03-11 14:38:16,980{GMT}	INFO	[jepsen worker 0] jepsen.util: 0	:ok	:generate	"70-null"
2026-03-11 14:38:16,980{GMT}	INFO	[jepsen worker 0] jepsen.util: 0	:invoke	:generate	nil
2026-03-11 14:38:16,983{GMT}	INFO	[jepsen worker 0] jepsen.util: 0	:ok	:generate	"71-null"
2026-03-11 14:38:16,984{GMT}	INFO	[jepsen worker 0] jepsen.util: 0	:invoke	:generate	nil
2026-03-11 14:38:16,984{GMT}	INFO	[jepsen worker 1] jepsen.util: 1	:ok	:generate	"76-null"
2026-03-11 14:38:16,985{GMT}	INFO	[jepsen worker 2] jepsen.util: 2	:ok	:generate	"68-null"
2026-03-11 14:38:16,986{GMT}	INFO	[jepsen worker 1] jepsen.util: 1	:invoke	:generate	nil
2026-03-11 14:38:16,987{GMT}	INFO	[jepsen worker 2] jepsen.util: 2	:invoke	:generate	nil
2026-03-11 14:38:16,987{GMT}	INFO	[jepsen worker 0] jepsen.util: 0	:ok	:generate	"72-null"
2026-03-11 14:38:16,989{GMT}	INFO	[jepsen worker 2] jepsen.util: 2	:ok	:generate	"69-null"
2026-03-11 14:38:16,989{GMT}	INFO	[jepsen worker 2] jepsen.util: 2	:invoke	:generate	nil
2026-03-11 14:38:16,989{GMT}	INFO	[jepsen worker 1] jepsen.util: 1	:ok	:generate	"77-null"
2026-03-11 14:38:16,989{GMT}	INFO	[jepsen worker 0] jepsen.util: 0	:invoke	:generate	nil
2026-03-11 14:38:16,991{GMT}	INFO	[jepsen worker 2] jepsen.util: 2	:ok	:generate	"70-null"
2026-03-11 14:38:16,992{GMT}	INFO	[jepsen worker 1] jepsen.util: 1	:invoke	:generate	nil
2026-03-11 14:38:16,992{GMT}	INFO	[jepsen worker 0] jepsen.util: 0	:ok	:generate	"73-null"
2026-03-11 14:38:16,993{GMT}	INFO	[jepsen worker 2] jepsen.util: 2	:invoke	:generate	nil
2026-03-11 14:38:16,994{GMT}	INFO	[jepsen worker 0] jepsen.util: 0	:invoke	:generate	nil
2026-03-11 14:38:16,996{GMT}	INFO	[jepsen worker 1] jepsen.util: 1	:ok	:generate	"78-null"
2026-03-11 14:38:16,997{GMT}	INFO	[jepsen worker 0] jepsen.util: 0	:ok	:generate	"74-null"
2026-03-11 14:38:16,997{GMT}	INFO	[jepsen worker 2] jepsen.util: 2	:ok	:generate	"71-null"
2026-03-11 14:38:16,997{GMT}	INFO	[jepsen worker 1] jepsen.util: 1	:invoke	:generate	nil
2026-03-11 14:38:16,998{GMT}	INFO	[jepsen worker 0] jepsen.util: 0	:invoke	:generate	nil
2026-03-11 14:38:16,999{GMT}	INFO	[jepsen worker 1] jepsen.util: 1	:ok	:generate	"79-null"
2026-03-11 14:38:16,999{GMT}	INFO	[jepsen worker 2] jepsen.util: 2	:invoke	:generate	nil
2026-03-11 14:38:16,999{GMT}	INFO	[jepsen worker 0] jepsen.util: 0	:ok	:generate	"75-null"
2026-03-11 14:38:17,000{GMT}	INFO	[jepsen worker 0] jepsen.util: 0	:invoke	:generate	nil
2026-03-11 14:38:17,002{GMT}	INFO	[jepsen worker 1] jepsen.util: 1	:invoke	:generate	nil
2026-03-11 14:38:17,002{GMT}	INFO	[jepsen worker 0] jepsen.util: 0	:ok	:generate	"76-null"
2026-03-11 14:38:17,002{GMT}	INFO	[jepsen worker 0] jepsen.util: 0	:invoke	:generate	nil
2026-03-11 14:38:17,003{GMT}	INFO	[jepsen worker 2] jepsen.util: 2	:ok	:generate	"72-null"
2026-03-11 14:38:17,004{GMT}	INFO	[jepsen worker 2] jepsen.util: 2	:invoke	:generate	nil
2026-03-11 14:38:17,004{GMT}	INFO	[jepsen worker 1] jepsen.util: 1	:ok	:generate	"80-null"
2026-03-11 14:38:17,005{GMT}	INFO	[jepsen worker 1] jepsen.util: 1	:invoke	:generate	nil
2026-03-11 14:38:17,006{GMT}	INFO	[jepsen worker 2] jepsen.util: 2	:ok	:generate	"73-null"
2026-03-11 14:38:17,006{GMT}	INFO	[jepsen worker 2] jepsen.util: 2	:invoke	:generate	nil
2026-03-11 14:38:17,006{GMT}	INFO	[jepsen worker 1] jepsen.util: 1	:ok	:generate	"81-null"
2026-03-11 14:38:17,006{GMT}	INFO	[jepsen worker 0] jepsen.util: 0	:ok	:generate	"77-null"
2026-03-11 14:38:17,008{GMT}	INFO	[jepsen worker 0] jepsen.util: 0	:invoke	:generate	nil
2026-03-11 14:38:17,009{GMT}	INFO	[jepsen worker 1] jepsen.util: 1	:invoke	:generate	nil
2026-03-11 14:38:17,009{GMT}	INFO	[jepsen worker 2] jepsen.util: 2	:ok	:generate	"74-null"
2026-03-11 14:38:17,010{GMT}	INFO	[jepsen worker 2] jepsen.util: 2	:invoke	:generate	nil
2026-03-11 14:38:17,010{GMT}	INFO	[jepsen worker 0] jepsen.util: 0	:ok	:generate	"78-null"
2026-03-11 14:38:17,010{GMT}	INFO	[jepsen worker 1] jepsen.util: 1	:ok	:generate	"82-null"
2026-03-11 14:38:17,011{GMT}	INFO	[jepsen worker 2] jepsen.util: 2	:ok	:generate	"75-null"
2026-03-11 14:38:17,012{GMT}	INFO	[jepsen worker 0] jepsen.util: 0	:invoke	:generate	nil
2026-03-11 14:38:17,013{GMT}	INFO	[jepsen worker 1] jepsen.util: 1	:invoke	:generate	nil
2026-03-11 14:38:17,013{GMT}	INFO	[jepsen worker 2] jepsen.util: 2	:invoke	:generate	nil
2026-03-11 14:38:17,016{GMT}	INFO	[jepsen worker 1] jepsen.util: 1	:ok	:generate	"83-null"
2026-03-11 14:38:17,016{GMT}	INFO	[jepsen worker 2] jepsen.util: 2	:ok	:generate	"76-null"
2026-03-11 14:38:17,016{GMT}	INFO	[jepsen worker 1] jepsen.util: 1	:invoke	:generate	nil
2026-03-11 14:38:17,016{GMT}	INFO	[jepsen worker 2] jepsen.util: 2	:invoke	:generate	nil
2026-03-11 14:38:17,017{GMT}	INFO	[jepsen worker 0] jepsen.util: 0	:ok	:generate	"79-null"
2026-03-11 14:38:17,018{GMT}	INFO	[jepsen worker 1] jepsen.util: 1	:ok	:generate	"84-null"
2026-03-11 14:38:17,018{GMT}	INFO	[jepsen worker 2] jepsen.util: 2	:ok	:generate	"77-null"
2026-03-11 14:38:17,019{GMT}	INFO	[jepsen worker 0] jepsen.util: 0	:invoke	:generate	nil
2026-03-11 14:38:17,019{GMT}	INFO	[jepsen worker 1] jepsen.util: 1	:invoke	:generate	nil
2026-03-11 14:38:17,020{GMT}	INFO	[jepsen worker 0] jepsen.util: 0	:ok	:generate	"80-null"
2026-03-11 14:38:17,020{GMT}	INFO	[jepsen worker 1] jepsen.util: 1	:ok	:generate	"85-null"
2026-03-11 14:38:17,021{GMT}	INFO	[jepsen worker 2] jepsen.util: 2	:invoke	:generate	nil
2026-03-11 14:38:17,021{GMT}	INFO	[jepsen worker 0] jepsen.util: 0	:invoke	:generate	nil
2026-03-11 14:38:17,022{GMT}	INFO	[jepsen worker 2] jepsen.util: 2	:ok	:generate	"78-null"
2026-03-11 14:38:17,023{GMT}	INFO	[jepsen worker 1] jepsen.util: 1	:invoke	:generate	nil
2026-03-11 14:38:17,023{GMT}	INFO	[jepsen worker 0] jepsen.util: 0	:ok	:generate	"81-null"
2026-03-11 14:38:17,024{GMT}	INFO	[jepsen worker 1] jepsen.util: 1	:ok	:generate	"86-null"
2026-03-11 14:38:17,025{GMT}	INFO	[jepsen worker 1] jepsen.util: 1	:invoke	:generate	nil
2026-03-11 14:38:17,026{GMT}	INFO	[jepsen worker 2] jepsen.util: 2	:invoke	:generate	nil
2026-03-11 14:38:17,026{GMT}	INFO	[jepsen worker 1] jepsen.util: 1	:ok	:generate	"87-null"
2026-03-11 14:38:17,027{GMT}	INFO	[jepsen worker 0] jepsen.util: 0	:invoke	:generate	nil
2026-03-11 14:38:17,027{GMT}	INFO	[jepsen worker 2] jepsen.util: 2	:ok	:generate	"79-null"
2026-03-11 14:38:17,028{GMT}	INFO	[jepsen worker 1] jepsen.util: 1	:invoke	:generate	nil
2026-03-11 14:38:17,029{GMT}	INFO	[jepsen worker 0] jepsen.util: 0	:ok	:generate	"82-null"
2026-03-11 14:38:17,029{GMT}	INFO	[jepsen worker 2] jepsen.util: 2	:invoke	:generate	nil
2026-03-11 14:38:17,030{GMT}	INFO	[jepsen worker 1] jepsen.util: 1	:ok	:generate	"88-null"
2026-03-11 14:38:17,031{GMT}	INFO	[jepsen worker 2] jepsen.util: 2	:ok	:generate	"80-null"
2026-03-11 14:38:17,031{GMT}	INFO	[jepsen worker 2] jepsen.util: 2	:invoke	:generate	nil
2026-03-11 14:38:17,032{GMT}	INFO	[jepsen worker 2] jepsen.util: 2	:ok	:generate	"81-null"
2026-03-11 14:38:17,033{GMT}	INFO	[jepsen worker 0] jepsen.util: 0	:invoke	:generate	nil
2026-03-11 14:38:17,034{GMT}	INFO	[jepsen worker 1] jepsen.util: 1	:invoke	:generate	nil
2026-03-11 14:38:17,035{GMT}	INFO	[jepsen worker 2] jepsen.util: 2	:invoke	:generate	nil
2026-03-11 14:38:17,035{GMT}	INFO	[jepsen worker 1] jepsen.util: 1	:ok	:generate	"89-null"
2026-03-11 14:38:17,035{GMT}	INFO	[jepsen worker 0] jepsen.util: 0	:ok	:generate	"83-null"
2026-03-11 14:38:17,036{GMT}	INFO	[jepsen worker 0] jepsen.util: 0	:invoke	:generate	nil
2026-03-11 14:38:17,036{GMT}	INFO	[jepsen worker 2] jepsen.util: 2	:ok	:generate	"82-null"
2026-03-11 14:38:17,037{GMT}	INFO	[jepsen worker 1] jepsen.util: 1	:invoke	:generate	nil
2026-03-11 14:38:17,038{GMT}	INFO	[jepsen worker 0] jepsen.util: 0	:ok	:generate	"84-null"
2026-03-11 14:38:17,038{GMT}	INFO	[jepsen worker 2] jepsen.util: 2	:invoke	:generate	nil
2026-03-11 14:38:17,039{GMT}	INFO	[jepsen worker 1] jepsen.util: 1	:ok	:generate	"90-null"
2026-03-11 14:38:17,039{GMT}	INFO	[jepsen worker 1] jepsen.util: 1	:invoke	:generate	nil
2026-03-11 14:38:17,040{GMT}	INFO	[jepsen worker 2] jepsen.util: 2	:ok	:generate	"83-null"
2026-03-11 14:38:17,040{GMT}	INFO	[jepsen worker 2] jepsen.util: 2	:invoke	:generate	nil
2026-03-11 14:38:17,041{GMT}	INFO	[jepsen worker 1] jepsen.util: 1	:ok	:generate	"91-null"
2026-03-11 14:38:17,042{GMT}	INFO	[jepsen worker 2] jepsen.util: 2	:ok	:generate	"84-null"
2026-03-11 14:38:17,042{GMT}	INFO	[jepsen worker 0] jepsen.util: 0	:invoke	:generate	nil
2026-03-11 14:38:17,043{GMT}	INFO	[jepsen worker 1] jepsen.util: 1	:invoke	:generate	nil
2026-03-11 14:38:17,043{GMT}	INFO	[jepsen worker 2] jepsen.util: 2	:invoke	:generate	nil
2026-03-11 14:38:17,044{GMT}	INFO	[jepsen worker 0] jepsen.util: 0	:ok	:generate	"85-null"
2026-03-11 14:38:17,044{GMT}	INFO	[jepsen worker 1] jepsen.util: 1	:ok	:generate	"92-null"
2026-03-11 14:38:17,044{GMT}	INFO	[jepsen worker 0] jepsen.util: 0	:invoke	:generate	nil
2026-03-11 14:38:17,045{GMT}	INFO	[jepsen worker 2] jepsen.util: 2	:ok	:generate	"85-null"
2026-03-11 14:38:17,046{GMT}	INFO	[jepsen worker 2] jepsen.util: 2	:invoke	:generate	nil
2026-03-11 14:38:17,046{GMT}	INFO	[jepsen worker 0] jepsen.util: 0	:ok	:generate	"86-null"
2026-03-11 14:38:17,046{GMT}	INFO	[jepsen worker 1] jepsen.util: 1	:invoke	:generate	nil
2026-03-11 14:38:17,048{GMT}	INFO	[jepsen worker 2] jepsen.util: 2	:ok	:generate	"86-null"
2026-03-11 14:38:17,048{GMT}	INFO	[jepsen worker 1] jepsen.util: 1	:ok	:generate	"93-null"
2026-03-11 14:38:17,048{GMT}	INFO	[jepsen worker 1] jepsen.util: 1	:invoke	:generate	nil
2026-03-11 14:38:17,049{GMT}	INFO	[jepsen worker 1] jepsen.util: 1	:ok	:generate	"94-null"
2026-03-11 14:38:17,050{GMT}	INFO	[jepsen worker 2] jepsen.util: 2	:invoke	:generate	nil
2026-03-11 14:38:17,050{GMT}	INFO	[jepsen worker 0] jepsen.util: 0	:invoke	:generate	nil
2026-03-11 14:38:17,051{GMT}	INFO	[jepsen worker 2] jepsen.util: 2	:ok	:generate	"87-null"
2026-03-11 14:38:17,051{GMT}	INFO	[jepsen worker 0] jepsen.util: 0	:ok	:generate	"87-null"
2026-03-11 14:38:17,052{GMT}	INFO	[jepsen worker 0] jepsen.util: 0	:invoke	:generate	nil
2026-03-11 14:38:17,053{GMT}	INFO	[jepsen worker 0] jepsen.util: 0	:ok	:generate	"88-null"
2026-03-11 14:38:17,054{GMT}	INFO	[jepsen worker 1] jepsen.util: 1	:invoke	:generate	nil
2026-03-11 14:38:17,055{GMT}	INFO	[jepsen worker 1] jepsen.util: 1	:ok	:generate	"95-null"
2026-03-11 14:38:17,055{GMT}	INFO	[jepsen worker 2] jepsen.util: 2	:invoke	:generate	nil
2026-03-11 14:38:17,056{GMT}	INFO	[jepsen worker 0] jepsen.util: 0	:invoke	:generate	nil
2026-03-11 14:38:17,057{GMT}	INFO	[jepsen worker 1] jepsen.util: 1	:invoke	:generate	nil
2026-03-11 14:38:17,057{GMT}	INFO	[jepsen worker 2] jepsen.util: 2	:ok	:generate	"88-null"
2026-03-11 14:38:17,058{GMT}	INFO	[jepsen worker 0] jepsen.util: 0	:ok	:generate	"89-null"
2026-03-11 14:38:17,059{GMT}	INFO	[jepsen worker 1] jepsen.util: 1	:ok	:generate	"96-null"
2026-03-11 14:38:17,059{GMT}	INFO	[jepsen worker 2] jepsen.util: 2	:invoke	:generate	nil
2026-03-11 14:38:17,060{GMT}	INFO	[jepsen worker 0] jepsen.util: 0	:invoke	:generate	nil
2026-03-11 14:38:17,060{GMT}	INFO	[jepsen worker 1] jepsen.util: 1	:invoke	:generate	nil
2026-03-11 14:38:17,060{GMT}	INFO	[jepsen worker 2] jepsen.util: 2	:ok	:generate	"89-null"
2026-03-11 14:38:17,061{GMT}	INFO	[jepsen worker 2] jepsen.util: 2	:invoke	:generate	nil
2026-03-11 14:38:17,061{GMT}	INFO	[jepsen worker 1] jepsen.util: 1	:ok	:generate	"97-null"
2026-03-11 14:38:17,061{GMT}	INFO	[jepsen worker 0] jepsen.util: 0	:ok	:generate	"90-null"
2026-03-11 14:38:17,062{GMT}	INFO	[jepsen worker 1] jepsen.util: 1	:invoke	:generate	nil
2026-03-11 14:38:17,062{GMT}	INFO	[jepsen worker 2] jepsen.util: 2	:ok	:generate	"90-null"
2026-03-11 14:38:17,063{GMT}	INFO	[jepsen worker 1] jepsen.util: 1	:ok	:generate	"98-null"
2026-03-11 14:38:17,064{GMT}	INFO	[jepsen worker 2] jepsen.util: 2	:invoke	:generate	nil
2026-03-11 14:38:17,065{GMT}	INFO	[jepsen worker 0] jepsen.util: 0	:invoke	:generate	nil
2026-03-11 14:38:17,065{GMT}	INFO	[jepsen worker 1] jepsen.util: 1	:invoke	:generate	nil
2026-03-11 14:38:17,065{GMT}	INFO	[jepsen worker 2] jepsen.util: 2	:ok	:generate	"91-null"
2026-03-11 14:38:17,065{GMT}	INFO	[jepsen worker 2] jepsen.util: 2	:invoke	:generate	nil
2026-03-11 14:38:17,066{GMT}	INFO	[jepsen worker 1] jepsen.util: 1	:ok	:generate	"99-null"
2026-03-11 14:38:17,066{GMT}	INFO	[jepsen worker 2] jepsen.util: 2	:ok	:generate	"92-null"
2026-03-11 14:38:17,066{GMT}	INFO	[jepsen worker 1] jepsen.util: 1	:invoke	:generate	nil
2026-03-11 14:38:17,066{GMT}	INFO	[jepsen worker 0] jepsen.util: 0	:ok	:generate	"91-null"
2026-03-11 14:38:17,067{GMT}	INFO	[jepsen worker 0] jepsen.util: 0	:invoke	:generate	nil
2026-03-11 14:38:17,067{GMT}	INFO	[jepsen worker 1] jepsen.util: 1	:ok	:generate	"100-null"
2026-03-11 14:38:17,068{GMT}	INFO	[jepsen worker 0] jepsen.util: 0	:ok	:generate	"92-null"
2026-03-11 14:38:17,068{GMT}	INFO	[jepsen worker 0] jepsen.util: 0	:invoke	:generate	nil
2026-03-11 14:38:17,069{GMT}	INFO	[jepsen worker 0] jepsen.util: 0	:ok	:generate	"93-null"
2026-03-11 14:38:17,069{GMT}	INFO	[jepsen worker 1] jepsen.util: 1	:invoke	:generate	nil
2026-03-11 14:38:17,070{GMT}	INFO	[jepsen worker 2] jepsen.util: 2	:invoke	:generate	nil
2026-03-11 14:38:17,071{GMT}	INFO	[jepsen worker 1] jepsen.util: 1	:ok	:generate	"101-null"
2026-03-11 14:38:17,072{GMT}	INFO	[jepsen worker 2] jepsen.util: 2	:ok	:generate	"93-null"
2026-03-11 14:38:17,072{GMT}	INFO	[jepsen worker 0] jepsen.util: 0	:invoke	:generate	nil
2026-03-11 14:38:17,073{GMT}	INFO	[jepsen worker 0] jepsen.util: 0	:ok	:generate	"94-null"
2026-03-11 14:38:17,074{GMT}	INFO	[jepsen worker 0] jepsen.util: 0	:invoke	:generate	nil
2026-03-11 14:38:17,075{GMT}	INFO	[jepsen worker 0] jepsen.util: 0	:ok	:generate	"95-null"
2026-03-11 14:38:17,076{GMT}	INFO	[jepsen worker 1] jepsen.util: 1	:invoke	:generate	nil
2026-03-11 14:38:17,077{GMT}	INFO	[jepsen worker 2] jepsen.util: 2	:invoke	:generate	nil
2026-03-11 14:38:17,077{GMT}	INFO	[jepsen worker 1] jepsen.util: 1	:ok	:generate	"102-null"
2026-03-11 14:38:17,078{GMT}	INFO	[jepsen worker 0] jepsen.util: 0	:invoke	:generate	nil
2026-03-11 14:38:17,079{GMT}	INFO	[jepsen worker 2] jepsen.util: 2	:ok	:generate	"94-null"
2026-03-11 14:38:17,079{GMT}	INFO	[jepsen worker 1] jepsen.util: 1	:invoke	:generate	nil
2026-03-11 14:38:17,079{GMT}	INFO	[jepsen worker 0] jepsen.util: 0	:ok	:generate	"96-null"
2026-03-11 14:38:17,080{GMT}	INFO	[jepsen worker 2] jepsen.util: 2	:invoke	:generate	nil
2026-03-11 14:38:17,081{GMT}	INFO	[jepsen worker 1] jepsen.util: 1	:ok	:generate	"103-null"
2026-03-11 14:38:17,081{GMT}	INFO	[jepsen worker 2] jepsen.util: 2	:ok	:generate	"95-null"
2026-03-11 14:38:17,081{GMT}	INFO	[jepsen worker 0] jepsen.util: 0	:invoke	:generate	nil
2026-03-11 14:38:17,083{GMT}	INFO	[jepsen worker 0] jepsen.util: 0	:ok	:generate	"97-null"
2026-03-11 14:38:17,083{GMT}	INFO	[jepsen worker 0] jepsen.util: 0	:invoke	:generate	nil
2026-03-11 14:38:17,084{GMT}	INFO	[jepsen worker 0] jepsen.util: 0	:ok	:generate	"98-null"
2026-03-11 14:38:17,085{GMT}	INFO	[jepsen worker 0] jepsen.util: 0	:invoke	:generate	nil
2026-03-11 14:38:17,086{GMT}	INFO	[jepsen worker 0] jepsen.util: 0	:ok	:generate	"99-null"
2026-03-11 14:38:17,087{GMT}	INFO	[jepsen worker 1] jepsen.util: 1	:invoke	:generate	nil
2026-03-11 14:38:17,087{GMT}	INFO	[jepsen worker 2] jepsen.util: 2	:invoke	:generate	nil
2026-03-11 14:38:17,088{GMT}	INFO	[jepsen worker 1] jepsen.util: 1	:ok	:generate	"104-null"
2026-03-11 14:38:17,089{GMT}	INFO	[jepsen worker 0] jepsen.util: 0	:invoke	:generate	nil
2026-03-11 14:38:17,089{GMT}	INFO	[jepsen worker 2] jepsen.util: 2	:ok	:generate	"96-null"
2026-03-11 14:38:17,090{GMT}	INFO	[jepsen worker 1] jepsen.util: 1	:invoke	:generate	nil
2026-03-11 14:38:17,091{GMT}	INFO	[jepsen worker 2] jepsen.util: 2	:invoke	:generate	nil
2026-03-11 14:38:17,091{GMT}	INFO	[jepsen worker 0] jepsen.util: 0	:ok	:generate	"100-null"
2026-03-11 14:38:17,091{GMT}	INFO	[jepsen worker 1] jepsen.util: 1	:ok	:generate	"105-null"
2026-03-11 14:38:17,092{GMT}	INFO	[jepsen worker 2] jepsen.util: 2	:ok	:generate	"97-null"
2026-03-11 14:38:17,093{GMT}	INFO	[jepsen worker 2] jepsen.util: 2	:invoke	:generate	nil
2026-03-11 14:38:17,094{GMT}	INFO	[jepsen worker 2] jepsen.util: 2	:ok	:generate	"98-null"
2026-03-11 14:38:17,095{GMT}	INFO	[jepsen worker 0] jepsen.util: 0	:invoke	:generate	nil
2026-03-11 14:38:17,096{GMT}	INFO	[jepsen worker 0] jepsen.util: 0	:ok	:generate	"101-null"
2026-03-11 14:38:17,097{GMT}	INFO	[jepsen worker 0] jepsen.util: 0	:invoke	:generate	nil
2026-03-11 14:38:17,098{GMT}	INFO	[jepsen worker 0] jepsen.util: 0	:ok	:generate	"102-null"
2026-03-11 14:38:17,098{GMT}	INFO	[jepsen worker 1] jepsen.util: 1	:invoke	:generate	nil
2026-03-11 14:38:17,099{GMT}	INFO	[jepsen worker 1] jepsen.util: 1	:ok	:generate	"106-null"
2026-03-11 14:38:17,100{GMT}	INFO	[jepsen worker 2] jepsen.util: 2	:invoke	:generate	nil
2026-03-11 14:38:17,101{GMT}	INFO	[jepsen worker 2] jepsen.util: 2	:ok	:generate	"99-null"
2026-03-11 14:38:17,101{GMT}	INFO	[jepsen worker 0] jepsen.util: 0	:invoke	:generate	nil
2026-03-11 14:38:17,102{GMT}	INFO	[jepsen worker 2] jepsen.util: 2	:invoke	:generate	nil
2026-03-11 14:38:17,102{GMT}	INFO	[jepsen worker 1] jepsen.util: 1	:invoke	:generate	nil
2026-03-11 14:38:17,103{GMT}	INFO	[jepsen worker 1] jepsen.util: 1	:ok	:generate	"107-null"
2026-03-11 14:38:17,103{GMT}	INFO	[jepsen worker 2] jepsen.util: 2	:ok	:generate	"100-null"
2026-03-11 14:38:17,104{GMT}	INFO	[jepsen worker 2] jepsen.util: 2	:invoke	:generate	nil
2026-03-11 14:38:17,105{GMT}	INFO	[jepsen worker 1] jepsen.util: 1	:invoke	:generate	nil
2026-03-11 14:38:17,105{GMT}	INFO	[jepsen worker 2] jepsen.util: 2	:ok	:generate	"101-null"
2026-03-11 14:38:17,107{GMT}	INFO	[jepsen worker 0] jepsen.util: 0	:ok	:generate	"103-null"
2026-03-11 14:38:17,107{GMT}	INFO	[jepsen worker 0] jepsen.util: 0	:invoke	:generate	nil
2026-03-11 14:38:17,107{GMT}	INFO	[jepsen worker 1] jepsen.util: 1	:ok	:generate	"108-null"
2026-03-11 14:38:17,110{GMT}	INFO	[jepsen worker 2] jepsen.util: 2	:invoke	:generate	nil
2026-03-11 14:38:17,110{GMT}	INFO	[jepsen worker 1] jepsen.util: 1	:invoke	:generate	nil
2026-03-11 14:38:17,112{GMT}	INFO	[jepsen worker 2] jepsen.util: 2	:ok	:generate	"102-null"
2026-03-11 14:38:17,112{GMT}	INFO	[jepsen worker 2] jepsen.util: 2	:invoke	:generate	nil
2026-03-11 14:38:17,113{GMT}	INFO	[jepsen worker 1] jepsen.util: 1	:ok	:generate	"109-null"
2026-03-11 14:38:17,114{GMT}	INFO	[jepsen worker 2] jepsen.util: 2	:ok	:generate	"103-null"
2026-03-11 14:38:17,114{GMT}	INFO	[jepsen worker 2] jepsen.util: 2	:invoke	:generate	nil
2026-03-11 14:38:17,114{GMT}	INFO	[jepsen worker 1] jepsen.util: 1	:invoke	:generate	nil
2026-03-11 14:38:17,116{GMT}	INFO	[jepsen worker 0] jepsen.util: 0	:ok	:generate	"104-null"
2026-03-11 14:38:17,118{GMT}	INFO	[jepsen worker 0] jepsen.util: 0	:invoke	:generate	nil
2026-03-11 14:38:17,119{GMT}	INFO	[jepsen worker 1] jepsen.util: 1	:ok	:generate	"110-null"
2026-03-11 14:38:17,119{GMT}	INFO	[jepsen worker 2] jepsen.util: 2	:ok	:generate	"104-null"
2026-03-11 14:38:17,120{GMT}	INFO	[jepsen worker 1] jepsen.util: 1	:invoke	:generate	nil
2026-03-11 14:38:17,120{GMT}	INFO	[jepsen worker 0] jepsen.util: 0	:ok	:generate	"105-null"
2026-03-11 14:38:17,121{GMT}	INFO	[jepsen worker 1] jepsen.util: 1	:ok	:generate	"111-null"
2026-03-11 14:38:17,122{GMT}	INFO	[jepsen worker 0] jepsen.util: 0	:invoke	:generate	nil
2026-03-11 14:38:17,122{GMT}	INFO	[jepsen worker 1] jepsen.util: 1	:invoke	:generate	nil
2026-03-11 14:38:17,123{GMT}	INFO	[jepsen worker 2] jepsen.util: 2	:invoke	:generate	nil
2026-03-11 14:38:17,123{GMT}	INFO	[jepsen worker 1] jepsen.util: 1	:ok	:generate	"112-null"
2026-03-11 14:38:17,124{GMT}	INFO	[jepsen worker 1] jepsen.util: 1	:invoke	:generate	nil
2026-03-11 14:38:17,125{GMT}	INFO	[jepsen worker 1] jepsen.util: 1	:ok	:generate	"113-null"
2026-03-11 14:38:17,126{GMT}	INFO	[jepsen worker 0] jepsen.util: 0	:ok	:generate	"106-null"
2026-03-11 14:38:17,126{GMT}	INFO	[jepsen worker 1] jepsen.util: 1	:invoke	:generate	nil
2026-03-11 14:38:17,126{GMT}	INFO	[jepsen worker 2] jepsen.util: 2	:ok	:generate	"105-null"
2026-03-11 14:38:17,127{GMT}	INFO	[jepsen worker 2] jepsen.util: 2	:invoke	:generate	nil
2026-03-11 14:38:17,128{GMT}	INFO	[jepsen worker 1] jepsen.util: 1	:ok	:generate	"114-null"
2026-03-11 14:38:17,128{GMT}	INFO	[jepsen worker 0] jepsen.util: 0	:invoke	:generate	nil
2026-03-11 14:38:17,128{GMT}	INFO	[jepsen worker 2] jepsen.util: 2	:ok	:generate	"106-null"
2026-03-11 14:38:17,129{GMT}	INFO	[jepsen worker 1] jepsen.util: 1	:invoke	:generate	nil
2026-03-11 14:38:17,129{GMT}	INFO	[jepsen worker 2] jepsen.util: 2	:invoke	:generate	nil
2026-03-11 14:38:17,129{GMT}	INFO	[jepsen worker 0] jepsen.util: 0	:ok	:generate	"107-null"
2026-03-11 14:38:17,130{GMT}	INFO	[jepsen worker 1] jepsen.util: 1	:ok	:generate	"115-null"
2026-03-11 14:38:17,130{GMT}	INFO	[jepsen worker 2] jepsen.util: 2	:ok	:generate	"107-null"
2026-03-11 14:38:17,131{GMT}	INFO	[jepsen worker 1] jepsen.util: 1	:invoke	:generate	nil
2026-03-11 14:38:17,132{GMT}	INFO	[jepsen worker 2] jepsen.util: 2	:invoke	:generate	nil
2026-03-11 14:38:17,132{GMT}	INFO	[jepsen worker 1] jepsen.util: 1	:ok	:generate	"116-null"
2026-03-11 14:38:17,133{GMT}	INFO	[jepsen worker 2] jepsen.util: 2	:ok	:generate	"108-null"
2026-03-11 14:38:17,134{GMT}	INFO	[jepsen worker 0] jepsen.util: 0	:invoke	:generate	nil
2026-03-11 14:38:17,134{GMT}	INFO	[jepsen worker 1] jepsen.util: 1	:invoke	:generate	nil
2026-03-11 14:38:17,136{GMT}	INFO	[jepsen worker 1] jepsen.util: 1	:ok	:generate	"117-null"
2026-03-11 14:38:17,136{GMT}	INFO	[jepsen worker 0] jepsen.util: 0	:ok	:generate	"108-null"
2026-03-11 14:38:17,136{GMT}	INFO	[jepsen worker 1] jepsen.util: 1	:invoke	:generate	nil
2026-03-11 14:38:17,137{GMT}	INFO	[jepsen worker 2] jepsen.util: 2	:invoke	:generate	nil
2026-03-11 14:38:17,137{GMT}	INFO	[jepsen worker 0] jepsen.util: 0	:invoke	:generate	nil
2026-03-11 14:38:17,137{GMT}	INFO	[jepsen worker 1] jepsen.util: 1	:ok	:generate	"118-null"
2026-03-11 14:38:17,138{GMT}	INFO	[jepsen worker 1] jepsen.util: 1	:invoke	:generate	nil
2026-03-11 14:38:17,138{GMT}	INFO	[jepsen worker 2] jepsen.util: 2	:ok	:generate	"109-null"
2026-03-11 14:38:17,138{GMT}	INFO	[jepsen worker 2] jepsen.util: 2	:invoke	:generate	nil
2026-03-11 14:38:17,138{GMT}	INFO	[jepsen worker 0] jepsen.util: 0	:ok	:generate	"109-null"
2026-03-11 14:38:17,139{GMT}	INFO	[jepsen worker 0] jepsen.util: 0	:invoke	:generate	nil
2026-03-11 14:38:17,139{GMT}	INFO	[jepsen worker 1] jepsen.util: 1	:ok	:generate	"119-null"
2026-03-11 14:38:17,139{GMT}	INFO	[jepsen worker 1] jepsen.util: 1	:invoke	:generate	nil
2026-03-11 14:38:17,140{GMT}	INFO	[jepsen worker 0] jepsen.util: 0	:ok	:generate	"110-null"
2026-03-11 14:38:17,141{GMT}	INFO	[jepsen worker 1] jepsen.util: 1	:ok	:generate	"120-null"
2026-03-11 14:38:17,141{GMT}	INFO	[jepsen worker 0] jepsen.util: 0	:invoke	:generate	nil
2026-03-11 14:38:17,143{GMT}	INFO	[jepsen worker 0] jepsen.util: 0	:ok	:generate	"111-null"
2026-03-11 14:38:17,143{GMT}	INFO	[jepsen worker 2] jepsen.util: 2	:ok	:generate	"110-null"
2026-03-11 14:38:17,143{GMT}	INFO	[jepsen worker 1] jepsen.util: 1	:invoke	:generate	nil
2026-03-11 14:38:17,144{GMT}	INFO	[jepsen worker 1] jepsen.util: 1	:ok	:generate	"121-null"
2026-03-11 14:38:17,145{GMT}	INFO	[jepsen worker 2] jepsen.util: 2	:invoke	:generate	nil
2026-03-11 14:38:17,146{GMT}	INFO	[jepsen worker 2] jepsen.util: 2	:ok	:generate	"111-null"
2026-03-11 14:38:17,147{GMT}	INFO	[jepsen worker 0] jepsen.util: 0	:invoke	:generate	nil
2026-03-11 14:38:17,148{GMT}	INFO	[jepsen worker 1] jepsen.util: 1	:invoke	:generate	nil
2026-03-11 14:38:17,148{GMT}	INFO	[jepsen worker 0] jepsen.util: 0	:ok	:generate	"112-null"
2026-03-11 14:38:17,149{GMT}	INFO	[jepsen worker 1] jepsen.util: 1	:ok	:generate	"122-null"
2026-03-11 14:38:17,150{GMT}	INFO	[jepsen worker 1] jepsen.util: 1	:invoke	:generate	nil
2026-03-11 14:38:17,150{GMT}	INFO	[jepsen worker 2] jepsen.util: 2	:invoke	:generate	nil
2026-03-11 14:38:17,151{GMT}	INFO	[jepsen worker 1] jepsen.util: 1	:ok	:generate	"123-null"
2026-03-11 14:38:17,151{GMT}	INFO	[jepsen worker 0] jepsen.util: 0	:invoke	:generate	nil
2026-03-11 14:38:17,151{GMT}	INFO	[jepsen worker 2] jepsen.util: 2	:ok	:generate	"112-null"
2026-03-11 14:38:17,151{GMT}	INFO	[jepsen worker 1] jepsen.util: 1	:invoke	:generate	nil
2026-03-11 14:38:17,152{GMT}	INFO	[jepsen worker 0] jepsen.util: 0	:ok	:generate	"113-null"
2026-03-11 14:38:17,152{GMT}	INFO	[jepsen worker 1] jepsen.util: 1	:ok	:generate	"124-null"
2026-03-11 14:38:17,152{GMT}	INFO	[jepsen worker 1] jepsen.util: 1	:invoke	:generate	nil
2026-03-11 14:38:17,154{GMT}	INFO	[jepsen worker 2] jepsen.util: 2	:invoke	:generate	nil
2026-03-11 14:38:17,154{GMT}	INFO	[jepsen worker 1] jepsen.util: 1	:ok	:generate	"125-null"
2026-03-11 14:38:17,155{GMT}	INFO	[jepsen worker 2] jepsen.util: 2	:ok	:generate	"113-null"
2026-03-11 14:38:17,155{GMT}	INFO	[jepsen worker 0] jepsen.util: 0	:invoke	:generate	nil
2026-03-11 14:38:17,156{GMT}	INFO	[jepsen worker 0] jepsen.util: 0	:ok	:generate	"114-null"
2026-03-11 14:38:17,157{GMT}	INFO	[jepsen worker 0] jepsen.util: 0	:invoke	:generate	nil
2026-03-11 14:38:17,158{GMT}	INFO	[jepsen worker 0] jepsen.util: 0	:ok	:generate	"115-null"
2026-03-11 14:38:17,158{GMT}	INFO	[jepsen worker 1] jepsen.util: 1	:invoke	:generate	nil
2026-03-11 14:38:17,159{GMT}	INFO	[jepsen worker 2] jepsen.util: 2	:invoke	:generate	nil
2026-03-11 14:38:17,160{GMT}	INFO	[jepsen worker 1] jepsen.util: 1	:ok	:generate	"126-null"
2026-03-11 14:38:17,160{GMT}	INFO	[jepsen worker 0] jepsen.util: 0	:invoke	:generate	nil
2026-03-11 14:38:17,161{GMT}	INFO	[jepsen worker 2] jepsen.util: 2	:ok	:generate	"114-null"
2026-03-11 14:38:17,161{GMT}	INFO	[jepsen worker 1] jepsen.util: 1	:invoke	:generate	nil
2026-03-11 14:38:17,161{GMT}	INFO	[jepsen worker 0] jepsen.util: 0	:ok	:generate	"116-null"
2026-03-11 14:38:17,162{GMT}	INFO	[jepsen worker 2] jepsen.util: 2	:invoke	:generate	nil
2026-03-11 14:38:17,162{GMT}	INFO	[jepsen worker 1] jepsen.util: 1	:ok	:generate	"127-null"
2026-03-11 14:38:17,163{GMT}	INFO	[jepsen worker 2] jepsen.util: 2	:ok	:generate	"115-null"
2026-03-11 14:38:17,164{GMT}	INFO	[jepsen worker 0] jepsen.util: 0	:invoke	:generate	nil
2026-03-11 14:38:17,165{GMT}	INFO	[jepsen worker 1] jepsen.util: 1	:invoke	:generate	nil
2026-03-11 14:38:17,166{GMT}	INFO	[jepsen worker 0] jepsen.util: 0	:ok	:generate	"117-null"
2026-03-11 14:38:17,167{GMT}	INFO	[jepsen worker 1] jepsen.util: 1	:ok	:generate	"128-null"
2026-03-11 14:38:17,167{GMT}	INFO	[jepsen worker 0] jepsen.util: 0	:invoke	:generate	nil
2026-03-11 14:38:17,168{GMT}	INFO	[jepsen worker 0] jepsen.util: 0	:ok	:generate	"118-null"
2026-03-11 14:38:17,168{GMT}	INFO	[jepsen worker 1] jepsen.util: 1	:invoke	:generate	nil
2026-03-11 14:38:17,169{GMT}	INFO	[jepsen worker 1] jepsen.util: 1	:ok	:generate	"129-null"
2026-03-11 14:38:17,169{GMT}	INFO	[jepsen worker 2] jepsen.util: 2	:invoke	:generate	nil
2026-03-11 14:38:17,170{GMT}	INFO	[jepsen worker 0] jepsen.util: 0	:invoke	:generate	nil
2026-03-11 14:38:17,171{GMT}	INFO	[jepsen worker 2] jepsen.util: 2	:ok	:generate	"116-null"
2026-03-11 14:38:17,172{GMT}	INFO	[jepsen worker 0] jepsen.util: 0	:ok	:generate	"119-null"
2026-03-11 14:38:17,172{GMT}	INFO	[jepsen worker 0] jepsen.util: 0	:invoke	:generate	nil
2026-03-11 14:38:17,173{GMT}	INFO	[jepsen worker 1] jepsen.util: 1	:invoke	:generate	nil
2026-03-11 14:38:17,173{GMT}	INFO	[jepsen worker 0] jepsen.util: 0	:ok	:generate	"120-null"
2026-03-11 14:38:17,174{GMT}	INFO	[jepsen worker 2] jepsen.util: 2	:invoke	:generate	nil
2026-03-11 14:38:17,174{GMT}	INFO	[jepsen worker 1] jepsen.util: 1	:ok	:generate	"130-null"
2026-03-11 14:38:17,175{GMT}	INFO	[jepsen worker 0] jepsen.util: 0	:invoke	:generate	nil
2026-03-11 14:38:17,175{GMT}	INFO	[jepsen worker 2] jepsen.util: 2	:ok	:generate	"117-null"
2026-03-11 14:38:17,176{GMT}	INFO	[jepsen worker 1] jepsen.util: 1	:invoke	:generate	nil
2026-03-11 14:38:17,176{GMT}	INFO	[jepsen worker 2] jepsen.util: 2	:invoke	:generate	nil
2026-03-11 14:38:17,176{GMT}	INFO	[jepsen worker 0] jepsen.util: 0	:ok	:generate	"121-null"
2026-03-11 14:38:17,177{GMT}	INFO	[jepsen worker 1] jepsen.util: 1	:ok	:generate	"131-null"
2026-03-11 14:38:17,177{GMT}	INFO	[jepsen worker 2] jepsen.util: 2	:ok	:generate	"118-null"
2026-03-11 14:38:17,177{GMT}	INFO	[jepsen worker 0] jepsen.util: 0	:invoke	:generate	nil
2026-03-11 14:38:17,179{GMT}	INFO	[jepsen worker 0] jepsen.util: 0	:ok	:generate	"122-null"
2026-03-11 14:38:17,179{GMT}	INFO	[jepsen worker 0] jepsen.util: 0	:invoke	:generate	nil
2026-03-11 14:38:17,180{GMT}	INFO	[jepsen worker 0] jepsen.util: 0	:ok	:generate	"123-null"
2026-03-11 14:38:17,180{GMT}	INFO	[jepsen worker 0] jepsen.util: 0	:invoke	:generate	nil
2026-03-11 14:38:17,180{GMT}	INFO	[jepsen worker 2] jepsen.util: 2	:invoke	:generate	nil
2026-03-11 14:38:17,180{GMT}	INFO	[jepsen worker 1] jepsen.util: 1	:invoke	:generate	nil
2026-03-11 14:38:17,181{GMT}	INFO	[jepsen worker 0] jepsen.util: 0	:ok	:generate	"124-null"
2026-03-11 14:38:17,182{GMT}	INFO	[jepsen worker 2] jepsen.util: 2	:ok	:generate	"119-null"
2026-03-11 14:38:17,182{GMT}	INFO	[jepsen worker 1] jepsen.util: 1	:ok	:generate	"132-null"
2026-03-11 14:38:17,182{GMT}	INFO	[jepsen worker 0] jepsen.util: 0	:invoke	:generate	nil
2026-03-11 14:38:17,183{GMT}	INFO	[jepsen worker 1] jepsen.util: 1	:invoke	:generate	nil
2026-03-11 14:38:17,183{GMT}	INFO	[jepsen worker 0] jepsen.util: 0	:ok	:generate	"125-null"
2026-03-11 14:38:17,184{GMT}	INFO	[jepsen worker 1] jepsen.util: 1	:ok	:generate	"133-null"
2026-03-11 14:38:17,184{GMT}	INFO	[jepsen worker 1] jepsen.util: 1	:invoke	:generate	nil
2026-03-11 14:38:17,185{GMT}	INFO	[jepsen worker 2] jepsen.util: 2	:invoke	:generate	nil
2026-03-11 14:38:17,185{GMT}	INFO	[jepsen worker 1] jepsen.util: 1	:ok	:generate	"134-null"
2026-03-11 14:38:17,186{GMT}	INFO	[jepsen worker 2] jepsen.util: 2	:ok	:generate	"120-null"
2026-03-11 14:38:17,186{GMT}	INFO	[jepsen worker 0] jepsen.util: 0	:invoke	:generate	nil
2026-03-11 14:38:17,187{GMT}	INFO	[jepsen worker 0] jepsen.util: 0	:ok	:generate	"126-null"
2026-03-11 14:38:17,188{GMT}	INFO	[jepsen worker 0] jepsen.util: 0	:invoke	:generate	nil
2026-03-11 14:38:17,189{GMT}	INFO	[jepsen worker 1] jepsen.util: 1	:invoke	:generate	nil
2026-03-11 14:38:17,189{GMT}	INFO	[jepsen worker 2] jepsen.util: 2	:invoke	:generate	nil
2026-03-11 14:38:17,189{GMT}	INFO	[jepsen worker 0] jepsen.util: 0	:ok	:generate	"127-null"
2026-03-11 14:38:17,190{GMT}	INFO	[jepsen worker 2] jepsen.util: 2	:ok	:generate	"121-null"
2026-03-11 14:38:17,191{GMT}	INFO	[jepsen worker 0] jepsen.util: 0	:invoke	:generate	nil
2026-03-11 14:38:17,193{GMT}	INFO	[jepsen worker 2] jepsen.util: 2	:invoke	:generate	nil
2026-03-11 14:38:17,193{GMT}	INFO	[jepsen worker 1] jepsen.util: 1	:ok	:generate	"135-null"
2026-03-11 14:38:17,195{GMT}	INFO	[jepsen worker 1] jepsen.util: 1	:invoke	:generate	nil
2026-03-11 14:38:17,195{GMT}	INFO	[jepsen worker 0] jepsen.util: 0	:ok	:generate	"128-null"
2026-03-11 14:38:17,195{GMT}	INFO	[jepsen worker 0] jepsen.util: 0	:invoke	:generate	nil
2026-03-11 14:38:17,195{GMT}	INFO	[jepsen worker 2] jepsen.util: 2	:ok	:generate	"122-null"
2026-03-11 14:38:17,196{GMT}	INFO	[jepsen worker 2] jepsen.util: 2	:invoke	:generate	nil
2026-03-11 14:38:17,196{GMT}	INFO	[jepsen worker 1] jepsen.util: 1	:ok	:generate	"136-null"
2026-03-11 14:38:17,197{GMT}	INFO	[jepsen worker 0] jepsen.util: 0	:ok	:generate	"129-null"
2026-03-11 14:38:17,197{GMT}	INFO	[jepsen worker 2] jepsen.util: 2	:ok	:generate	"123-null"
2026-03-11 14:38:17,198{GMT}	INFO	[jepsen worker 0] jepsen.util: 0	:invoke	:generate	nil
2026-03-11 14:38:17,199{GMT}	INFO	[jepsen worker 0] jepsen.util: 0	:ok	:generate	"130-null"
2026-03-11 14:38:17,199{GMT}	INFO	[jepsen worker 1] jepsen.util: 1	:invoke	:generate	nil
2026-03-11 14:38:17,200{GMT}	INFO	[jepsen worker 1] jepsen.util: 1	:ok	:generate	"137-null"
2026-03-11 14:38:17,200{GMT}	INFO	[jepsen worker 2] jepsen.util: 2	:invoke	:generate	nil
2026-03-11 14:38:17,201{GMT}	INFO	[jepsen worker 0] jepsen.util: 0	:invoke	:generate	nil
2026-03-11 14:38:17,201{GMT}	INFO	[jepsen worker 2] jepsen.util: 2	:ok	:generate	"124-null"
2026-03-11 14:38:17,202{GMT}	INFO	[jepsen worker 1] jepsen.util: 1	:invoke	:generate	nil
2026-03-11 14:38:17,202{GMT}	INFO	[jepsen worker 2] jepsen.util: 2	:invoke	:generate	nil
2026-03-11 14:38:17,202{GMT}	INFO	[jepsen worker 0] jepsen.util: 0	:ok	:generate	"131-null"
2026-03-11 14:38:17,203{GMT}	INFO	[jepsen worker 2] jepsen.util: 2	:ok	:generate	"125-null"
2026-03-11 14:38:17,203{GMT}	INFO	[jepsen worker 1] jepsen.util: 1	:ok	:generate	"138-null"
2026-03-11 14:38:17,204{GMT}	INFO	[jepsen worker 2] jepsen.util: 2	:invoke	:generate	nil
2026-03-11 14:38:17,205{GMT}	INFO	[jepsen worker 2] jepsen.util: 2	:ok	:generate	"126-null"
2026-03-11 14:38:17,205{GMT}	INFO	[jepsen worker 0] jepsen.util: 0	:invoke	:generate	nil
2026-03-11 14:38:17,206{GMT}	INFO	[jepsen worker 0] jepsen.util: 0	:ok	:generate	"132-null"
2026-03-11 14:38:17,207{GMT}	INFO	[jepsen worker 0] jepsen.util: 0	:invoke	:generate	nil
2026-03-11 14:38:17,207{GMT}	INFO	[jepsen worker 1] jepsen.util: 1	:invoke	:generate	nil
2026-03-11 14:38:17,208{GMT}	INFO	[jepsen worker 0] jepsen.util: 0	:ok	:generate	"133-null"
2026-03-11 14:38:17,208{GMT}	INFO	[jepsen worker 1] jepsen.util: 1	:ok	:generate	"139-null"
2026-03-11 14:38:17,209{GMT}	INFO	[jepsen worker 2] jepsen.util: 2	:invoke	:generate	nil
2026-03-11 14:38:17,209{GMT}	INFO	[jepsen worker 0] jepsen.util: 0	:invoke	:generate	nil
2026-03-11 14:38:17,210{GMT}	INFO	[jepsen worker 0] jepsen.util: 0	:ok	:generate	"134-null"
2026-03-11 14:38:17,210{GMT}	INFO	[jepsen worker 2] jepsen.util: 2	:ok	:generate	"127-null"
2026-03-11 14:38:17,211{GMT}	INFO	[jepsen worker 0] jepsen.util: 0	:invoke	:generate	nil
2026-03-11 14:38:17,212{GMT}	INFO	[jepsen worker 0] jepsen.util: 0	:ok	:generate	"135-null"
2026-03-11 14:38:17,212{GMT}	INFO	[jepsen worker 1] jepsen.util: 1	:invoke	:generate	nil
2026-03-11 14:38:17,213{GMT}	INFO	[jepsen worker 2] jepsen.util: 2	:invoke	:generate	nil
2026-03-11 14:38:17,213{GMT}	INFO	[jepsen worker 1] jepsen.util: 1	:ok	:generate	"140-null"
2026-03-11 14:38:17,215{GMT}	INFO	[jepsen worker 0] jepsen.util: 0	:invoke	:generate	nil
2026-03-11 14:38:17,215{GMT}	INFO	[jepsen worker 2] jepsen.util: 2	:ok	:generate	"128-null"
2026-03-11 14:38:17,216{GMT}	INFO	[jepsen worker 0] jepsen.util: 0	:ok	:generate	"136-null"
2026-03-11 14:38:17,217{GMT}	INFO	[jepsen worker 0] jepsen.util: 0	:invoke	:generate	nil
2026-03-11 14:38:17,218{GMT}	INFO	[jepsen worker 0] jepsen.util: 0	:ok	:generate	"137-null"
2026-03-11 14:38:17,218{GMT}	INFO	[jepsen worker 1] jepsen.util: 1	:invoke	:generate	nil
2026-03-11 14:38:17,219{GMT}	INFO	[jepsen worker 1] jepsen.util: 1	:ok	:generate	"141-null"
2026-03-11 14:38:17,220{GMT}	INFO	[jepsen worker 2] jepsen.util: 2	:invoke	:generate	nil
2026-03-11 14:38:17,221{GMT}	INFO	[jepsen worker 2] jepsen.util: 2	:ok	:generate	"129-null"
2026-03-11 14:38:17,221{GMT}	INFO	[jepsen worker 0] jepsen.util: 0	:invoke	:generate	nil
2026-03-11 14:38:17,222{GMT}	INFO	[jepsen worker 1] jepsen.util: 1	:invoke	:generate	nil
2026-03-11 14:38:17,222{GMT}	INFO	[jepsen worker 2] jepsen.util: 2	:invoke	:generate	nil
2026-03-11 14:38:17,222{GMT}	INFO	[jepsen worker 0] jepsen.util: 0	:ok	:generate	"138-null"
2026-03-11 14:38:17,223{GMT}	INFO	[jepsen worker 1] jepsen.util: 1	:ok	:generate	"142-null"
2026-03-11 14:38:17,223{GMT}	INFO	[jepsen worker 2] jepsen.util: 2	:ok	:generate	"130-null"
2026-03-11 14:38:17,223{GMT}	INFO	[jepsen worker 2] jepsen.util: 2	:invoke	:generate	nil
2026-03-11 14:38:17,224{GMT}	INFO	[jepsen worker 2] jepsen.util: 2	:ok	:generate	"131-null"
2026-03-11 14:38:17,225{GMT}	INFO	[jepsen worker 0] jepsen.util: 0	:invoke	:generate	nil
2026-03-11 14:38:17,226{GMT}	INFO	[jepsen worker 0] jepsen.util: 0	:ok	:generate	"139-null"
2026-03-11 14:38:17,226{GMT}	INFO	[jepsen worker 0] jepsen.util: 0	:invoke	:generate	nil
2026-03-11 14:38:17,227{GMT}	INFO	[jepsen worker 0] jepsen.util: 0	:ok	:generate	"140-null"
2026-03-11 14:38:17,228{GMT}	INFO	[jepsen worker 1] jepsen.util: 1	:invoke	:generate	nil
2026-03-11 14:38:17,228{GMT}	INFO	[jepsen worker 2] jepsen.util: 2	:invoke	:generate	nil
2026-03-11 14:38:17,229{GMT}	INFO	[jepsen worker 1] jepsen.util: 1	:ok	:generate	"143-null"
2026-03-11 14:38:17,229{GMT}	INFO	[jepsen worker 2] jepsen.util: 2	:ok	:generate	"132-null"
2026-03-11 14:38:17,229{GMT}	INFO	[jepsen worker 0] jepsen.util: 0	:invoke	:generate	nil
2026-03-11 14:38:17,230{GMT}	INFO	[jepsen worker 0] jepsen.util: 0	:ok	:generate	"141-null"
2026-03-11 14:38:17,231{GMT}	INFO	[jepsen worker 0] jepsen.util: 0	:invoke	:generate	nil
2026-03-11 14:38:17,232{GMT}	INFO	[jepsen worker 0] jepsen.util: 0	:ok	:generate	"142-null"
2026-03-11 14:38:17,232{GMT}	INFO	[jepsen worker 1] jepsen.util: 1	:invoke	:generate	nil
2026-03-11 14:38:17,233{GMT}	INFO	[jepsen worker 1] jepsen.util: 1	:ok	:generate	"144-null"
2026-03-11 14:38:17,234{GMT}	INFO	[jepsen worker 2] jepsen.util: 2	:invoke	:generate	nil
2026-03-11 14:38:17,235{GMT}	INFO	[jepsen worker 2] jepsen.util: 2	:ok	:generate	"133-null"
2026-03-11 14:38:17,236{GMT}	INFO	[jepsen worker 0] jepsen.util: 0	:invoke	:generate	nil
2026-03-11 14:38:17,236{GMT}	INFO	[jepsen worker 1] jepsen.util: 1	:invoke	:generate	nil
2026-03-11 14:38:17,237{GMT}	INFO	[jepsen worker 0] jepsen.util: 0	:ok	:generate	"143-null"
2026-03-11 14:38:17,237{GMT}	INFO	[jepsen worker 1] jepsen.util: 1	:ok	:generate	"145-null"
2026-03-11 14:38:17,238{GMT}	INFO	[jepsen worker 1] jepsen.util: 1	:invoke	:generate	nil
2026-03-11 14:38:17,239{GMT}	INFO	[jepsen worker 1] jepsen.util: 1	:ok	:generate	"146-null"
2026-03-11 14:38:17,240{GMT}	INFO	[jepsen worker 2] jepsen.util: 2	:invoke	:generate	nil
2026-03-11 14:38:17,240{GMT}	INFO	[jepsen worker 0] jepsen.util: 0	:invoke	:generate	nil
2026-03-11 14:38:17,241{GMT}	INFO	[jepsen worker 2] jepsen.util: 2	:ok	:generate	"134-null"
2026-03-11 14:38:17,242{GMT}	INFO	[jepsen worker 0] jepsen.util: 0	:ok	:generate	"144-null"
2026-03-11 14:38:17,242{GMT}	INFO	[jepsen worker 0] jepsen.util: 0	:invoke	:generate	nil
2026-03-11 14:38:17,243{GMT}	INFO	[jepsen worker 0] jepsen.util: 0	:ok	:generate	"145-null"
2026-03-11 14:38:17,243{GMT}	INFO	[jepsen worker 1] jepsen.util: 1	:invoke	:generate	nil
2026-03-11 14:38:17,244{GMT}	INFO	[jepsen worker 1] jepsen.util: 1	:ok	:generate	"147-null"
2026-03-11 14:38:17,244{GMT}	INFO	[jepsen worker 2] jepsen.util: 2	:invoke	:generate	nil
2026-03-11 14:38:17,245{GMT}	INFO	[jepsen worker 0] jepsen.util: 0	:invoke	:generate	nil
2026-03-11 14:38:17,245{GMT}	INFO	[jepsen worker 2] jepsen.util: 2	:ok	:generate	"135-null"
2026-03-11 14:38:17,246{GMT}	INFO	[jepsen worker 0] jepsen.util: 0	:ok	:generate	"146-null"
2026-03-11 14:38:17,246{GMT}	INFO	[jepsen worker 0] jepsen.util: 0	:invoke	:generate	nil
2026-03-11 14:38:17,247{GMT}	INFO	[jepsen worker 0] jepsen.util: 0	:ok	:generate	"147-null"
2026-03-11 14:38:17,247{GMT}	INFO	[jepsen worker 1] jepsen.util: 1	:invoke	:generate	nil
2026-03-11 14:38:17,248{GMT}	INFO	[jepsen worker 1] jepsen.util: 1	:ok	:generate	"148-null"
2026-03-11 14:38:17,250{GMT}	INFO	[jepsen worker 2] jepsen.util: 2	:invoke	:generate	nil
2026-03-11 14:38:17,251{GMT}	INFO	[jepsen worker 2] jepsen.util: 2	:ok	:generate	"136-null"
2026-03-11 14:38:17,251{GMT}	INFO	[jepsen worker 0] jepsen.util: 0	:invoke	:generate	nil
2026-03-11 14:38:17,252{GMT}	INFO	[jepsen worker 1] jepsen.util: 1	:invoke	:generate	nil
2026-03-11 14:38:17,253{GMT}	INFO	[jepsen worker 0] jepsen.util: 0	:ok	:generate	"148-null"
2026-03-11 14:38:17,253{GMT}	INFO	[jepsen worker 1] jepsen.util: 1	:ok	:generate	"149-null"
2026-03-11 14:38:17,254{GMT}	INFO	[jepsen worker 1] jepsen.util: 1	:invoke	:generate	nil
2026-03-11 14:38:17,255{GMT}	INFO	[jepsen worker 1] jepsen.util: 1	:ok	:generate	"150-null"
2026-03-11 14:38:17,255{GMT}	INFO	[jepsen worker 2] jepsen.util: 2	:invoke	:generate	nil
2026-03-11 14:38:17,256{GMT}	INFO	[jepsen worker 2] jepsen.util: 2	:ok	:generate	"137-null"
2026-03-11 14:38:17,256{GMT}	INFO	[jepsen worker 0] jepsen.util: 0	:invoke	:generate	nil
2026-03-11 14:38:17,257{GMT}	INFO	[jepsen worker 0] jepsen.util: 0	:ok	:generate	"149-null"
2026-03-11 14:38:17,257{GMT}	INFO	[jepsen worker 0] jepsen.util: 0	:invoke	:generate	nil
2026-03-11 14:38:17,258{GMT}	INFO	[jepsen worker 1] jepsen.util: 1	:invoke	:generate	nil
2026-03-11 14:38:17,259{GMT}	INFO	[jepsen worker 0] jepsen.util: 0	:ok	:generate	"150-null"
2026-03-11 14:38:17,259{GMT}	INFO	[jepsen worker 2] jepsen.util: 2	:invoke	:generate	nil
2026-03-11 14:38:17,259{GMT}	INFO	[jepsen worker 1] jepsen.util: 1	:ok	:generate	"151-null"
2026-03-11 14:38:17,260{GMT}	INFO	[jepsen worker 2] jepsen.util: 2	:ok	:generate	"138-null"
2026-03-11 14:38:17,260{GMT}	INFO	[jepsen worker 0] jepsen.util: 0	:invoke	:generate	nil
2026-03-11 14:38:17,261{GMT}	INFO	[jepsen worker 2] jepsen.util: 2	:invoke	:generate	nil
2026-03-11 14:38:17,261{GMT}	INFO	[jepsen worker 1] jepsen.util: 1	:invoke	:generate	nil
2026-03-11 14:38:17,261{GMT}	INFO	[jepsen worker 0] jepsen.util: 0	:ok	:generate	"151-null"
2026-03-11 14:38:17,262{GMT}	INFO	[jepsen worker 2] jepsen.util: 2	:ok	:generate	"139-null"
2026-03-11 14:38:17,262{GMT}	INFO	[jepsen worker 1] jepsen.util: 1	:ok	:generate	"152-null"
2026-03-11 14:38:17,263{GMT}	INFO	[jepsen worker 2] jepsen.util: 2	:invoke	:generate	nil
2026-03-11 14:38:17,263{GMT}	INFO	[jepsen worker 0] jepsen.util: 0	:invoke	:generate	nil
2026-03-11 14:38:17,264{GMT}	INFO	[jepsen worker 1] jepsen.util: 1	:invoke	:generate	nil
2026-03-11 14:38:17,264{GMT}	INFO	[jepsen worker 0] jepsen.util: 0	:ok	:generate	"152-null"
2026-03-11 14:38:17,264{GMT}	INFO	[jepsen worker 2] jepsen.util: 2	:ok	:generate	"140-null"
2026-03-11 14:38:17,265{GMT}	INFO	[jepsen worker 1] jepsen.util: 1	:ok	:generate	"153-null"
2026-03-11 14:38:17,266{GMT}	INFO	[jepsen worker 1] jepsen.util: 1	:invoke	:generate	nil
2026-03-11 14:38:17,267{GMT}	INFO	[jepsen worker 1] jepsen.util: 1	:ok	:generate	"154-null"
2026-03-11 14:38:17,268{GMT}	INFO	[jepsen worker 2] jepsen.util: 2	:invoke	:generate	nil
2026-03-11 14:38:17,269{GMT}	INFO	[jepsen worker 2] jepsen.util: 2	:ok	:generate	"141-null"
2026-03-11 14:38:17,270{GMT}	INFO	[jepsen worker 0] jepsen.util: 0	:invoke	:generate	nil
2026-03-11 14:38:17,271{GMT}	INFO	[jepsen worker 0] jepsen.util: 0	:ok	:generate	"153-null"
2026-03-11 14:38:17,272{GMT}	INFO	[jepsen worker 0] jepsen.util: 0	:invoke	:generate	nil
2026-03-11 14:38:17,272{GMT}	INFO	[jepsen worker 1] jepsen.util: 1	:invoke	:generate	nil
2026-03-11 14:38:17,274{GMT}	INFO	[jepsen worker 0] jepsen.util: 0	:ok	:generate	"154-null"
2026-03-11 14:38:17,274{GMT}	INFO	[jepsen worker 1] jepsen.util: 1	:ok	:generate	"155-null"
2026-03-11 14:38:17,274{GMT}	INFO	[jepsen worker 2] jepsen.util: 2	:invoke	:generate	nil
2026-03-11 14:38:17,275{GMT}	INFO	[jepsen worker 2] jepsen.util: 2	:ok	:generate	"142-null"
2026-03-11 14:38:17,275{GMT}	INFO	[jepsen worker 0] jepsen.util: 0	:invoke	:generate	nil
2026-03-11 14:38:17,276{GMT}	INFO	[jepsen worker 0] jepsen.util: 0	:ok	:generate	"155-null"
2026-03-11 14:38:17,277{GMT}	INFO	[jepsen worker 0] jepsen.util: 0	:invoke	:generate	nil
2026-03-11 14:38:17,278{GMT}	INFO	[jepsen worker 0] jepsen.util: 0	:ok	:generate	"156-null"
2026-03-11 14:38:17,280{GMT}	INFO	[jepsen worker 1] jepsen.util: 1	:invoke	:generate	nil
2026-03-11 14:38:17,280{GMT}	INFO	[jepsen worker 1] jepsen.util: 1	:ok	:generate	"156-null"
2026-03-11 14:38:17,280{GMT}	INFO	[jepsen worker 2] jepsen.util: 2	:invoke	:generate	nil
2026-03-11 14:38:17,281{GMT}	INFO	[jepsen worker 2] jepsen.util: 2	:ok	:generate	"143-null"
2026-03-11 14:38:17,282{GMT}	INFO	[jepsen worker 0] jepsen.util: 0	:invoke	:generate	nil
2026-03-11 14:38:17,283{GMT}	INFO	[jepsen worker 1] jepsen.util: 1	:invoke	:generate	nil
2026-03-11 14:38:17,284{GMT}	INFO	[jepsen worker 0] jepsen.util: 0	:ok	:generate	"157-null"
2026-03-11 14:38:17,284{GMT}	INFO	[jepsen worker 1] jepsen.util: 1	:ok	:generate	"157-null"
2026-03-11 14:38:17,284{GMT}	INFO	[jepsen worker 1] jepsen.util: 1	:invoke	:generate	nil
2026-03-11 14:38:17,284{GMT}	INFO	[jepsen worker 2] jepsen.util: 2	:invoke	:generate	nil
2026-03-11 14:38:17,285{GMT}	INFO	[jepsen worker 1] jepsen.util: 1	:ok	:generate	"158-null"
2026-03-11 14:38:17,285{GMT}	INFO	[jepsen worker 2] jepsen.util: 2	:ok	:generate	"144-null"
2026-03-11 14:38:17,286{GMT}	INFO	[jepsen worker 0] jepsen.util: 0	:invoke	:generate	nil
2026-03-11 14:38:17,287{GMT}	INFO	[jepsen worker 0] jepsen.util: 0	:ok	:generate	"158-null"
2026-03-11 14:38:17,288{GMT}	INFO	[jepsen worker 0] jepsen.util: 0	:invoke	:generate	nil
2026-03-11 14:38:17,289{GMT}	INFO	[jepsen worker 1] jepsen.util: 1	:invoke	:generate	nil
2026-03-11 14:38:17,289{GMT}	INFO	[jepsen worker 0] jepsen.util: 0	:ok	:generate	"159-null"
2026-03-11 14:38:17,290{GMT}	INFO	[jepsen worker 1] jepsen.util: 1	:ok	:generate	"159-null"
2026-03-11 14:38:17,291{GMT}	INFO	[jepsen worker 2] jepsen.util: 2	:invoke	:generate	nil
2026-03-11 14:38:17,292{GMT}	INFO	[jepsen worker 0] jepsen.util: 0	:invoke	:generate	nil
2026-03-11 14:38:17,292{GMT}	INFO	[jepsen worker 2] jepsen.util: 2	:ok	:generate	"145-null"
2026-03-11 14:38:17,293{GMT}	INFO	[jepsen worker 1] jepsen.util: 1	:invoke	:generate	nil
2026-03-11 14:38:17,293{GMT}	INFO	[jepsen worker 0] jepsen.util: 0	:ok	:generate	"160-null"
2026-03-11 14:38:17,294{GMT}	INFO	[jepsen worker 1] jepsen.util: 1	:ok	:generate	"160-null"
2026-03-11 14:38:17,294{GMT}	INFO	[jepsen worker 1] jepsen.util: 1	:invoke	:generate	nil
2026-03-11 14:38:17,295{GMT}	INFO	[jepsen worker 1] jepsen.util: 1	:ok	:generate	"161-null"
2026-03-11 14:38:17,295{GMT}	INFO	[jepsen worker 2] jepsen.util: 2	:invoke	:generate	nil
2026-03-11 14:38:17,296{GMT}	INFO	[jepsen worker 0] jepsen.util: 0	:invoke	:generate	nil
2026-03-11 14:38:17,296{GMT}	INFO	[jepsen worker 2] jepsen.util: 2	:ok	:generate	"146-null"
2026-03-11 14:38:17,297{GMT}	INFO	[jepsen worker 0] jepsen.util: 0	:ok	:generate	"161-null"
2026-03-11 14:38:17,298{GMT}	INFO	[jepsen worker 0] jepsen.util: 0	:invoke	:generate	nil
2026-03-11 14:38:17,299{GMT}	INFO	[jepsen worker 0] jepsen.util: 0	:ok	:generate	"162-null"
2026-03-11 14:38:17,299{GMT}	INFO	[jepsen worker 1] jepsen.util: 1	:invoke	:generate	nil
2026-03-11 14:38:17,300{GMT}	INFO	[jepsen worker 1] jepsen.util: 1	:ok	:generate	"162-null"
2026-03-11 14:38:17,300{GMT}	INFO	[jepsen worker 2] jepsen.util: 2	:invoke	:generate	nil
2026-03-11 14:38:17,301{GMT}	INFO	[jepsen worker 2] jepsen.util: 2	:ok	:generate	"147-null"
2026-03-11 14:38:17,301{GMT}	INFO	[jepsen worker 0] jepsen.util: 0	:invoke	:generate	nil
2026-03-11 14:38:17,302{GMT}	INFO	[jepsen worker 1] jepsen.util: 1	:invoke	:generate	nil
2026-03-11 14:38:17,302{GMT}	INFO	[jepsen worker 0] jepsen.util: 0	:ok	:generate	"163-null"
2026-03-11 14:38:17,303{GMT}	INFO	[jepsen worker 1] jepsen.util: 1	:ok	:generate	"163-null"
2026-03-11 14:38:17,304{GMT}	INFO	[jepsen worker 1] jepsen.util: 1	:invoke	:generate	nil
2026-03-11 14:38:17,305{GMT}	INFO	[jepsen worker 1] jepsen.util: 1	:ok	:generate	"164-null"
2026-03-11 14:38:17,305{GMT}	INFO	[jepsen worker 2] jepsen.util: 2	:invoke	:generate	nil
2026-03-11 14:38:17,306{GMT}	INFO	[jepsen worker 2] jepsen.util: 2	:ok	:generate	"148-null"
2026-03-11 14:38:17,306{GMT}	INFO	[jepsen worker 0] jepsen.util: 0	:invoke	:generate	nil
2026-03-11 14:38:17,307{GMT}	INFO	[jepsen worker 1] jepsen.util: 1	:invoke	:generate	nil
2026-03-11 14:38:17,307{GMT}	INFO	[jepsen worker 0] jepsen.util: 0	:ok	:generate	"164-null"
2026-03-11 14:38:17,308{GMT}	INFO	[jepsen worker 1] jepsen.util: 1	:ok	:generate	"165-null"
2026-03-11 14:38:17,309{GMT}	INFO	[jepsen worker 1] jepsen.util: 1	:invoke	:generate	nil
2026-03-11 14:38:17,309{GMT}	INFO	[jepsen worker 2] jepsen.util: 2	:invoke	:generate	nil
2026-03-11 14:38:17,310{GMT}	INFO	[jepsen worker 0] jepsen.util: 0	:invoke	:generate	nil
2026-03-11 14:38:17,310{GMT}	INFO	[jepsen worker 1] jepsen.util: 1	:ok	:generate	"166-null"
2026-03-11 14:38:17,310{GMT}	INFO	[jepsen worker 2] jepsen.util: 2	:ok	:generate	"149-null"
2026-03-11 14:38:17,311{GMT}	INFO	[jepsen worker 0] jepsen.util: 0	:ok	:generate	"165-null"
2026-03-11 14:38:17,312{GMT}	INFO	[jepsen worker 0] jepsen.util: 0	:invoke	:generate	nil
2026-03-11 14:38:17,313{GMT}	INFO	[jepsen worker 1] jepsen.util: 1	:invoke	:generate	nil
2026-03-11 14:38:17,313{GMT}	INFO	[jepsen worker 0] jepsen.util: 0	:ok	:generate	"166-null"
2026-03-11 14:38:17,314{GMT}	INFO	[jepsen worker 1] jepsen.util: 1	:ok	:generate	"167-null"
2026-03-11 14:38:17,315{GMT}	INFO	[jepsen worker 2] jepsen.util: 2	:invoke	:generate	nil
2026-03-11 14:38:17,315{GMT}	INFO	[jepsen worker 0] jepsen.util: 0	:invoke	:generate	nil
2026-03-11 14:38:17,316{GMT}	INFO	[jepsen worker 0] jepsen.util: 0	:ok	:generate	"167-null"
2026-03-11 14:38:17,316{GMT}	INFO	[jepsen worker 1] jepsen.util: 1	:invoke	:generate	nil
2026-03-11 14:38:17,316{GMT}	INFO	[jepsen worker 2] jepsen.util: 2	:ok	:generate	"150-null"
2026-03-11 14:38:17,316{GMT}	INFO	[jepsen worker 2] jepsen.util: 2	:invoke	:generate	nil
2026-03-11 14:38:17,317{GMT}	INFO	[jepsen worker 1] jepsen.util: 1	:ok	:generate	"168-null"
2026-03-11 14:38:17,317{GMT}	INFO	[jepsen worker 2] jepsen.util: 2	:ok	:generate	"151-null"
2026-03-11 14:38:17,317{GMT}	INFO	[jepsen worker 2] jepsen.util: 2	:invoke	:generate	nil
2026-03-11 14:38:17,317{GMT}	INFO	[jepsen worker 0] jepsen.util: 0	:invoke	:generate	nil
2026-03-11 14:38:17,318{GMT}	INFO	[jepsen worker 2] jepsen.util: 2	:ok	:generate	"152-null"
2026-03-11 14:38:17,318{GMT}	INFO	[jepsen worker 1] jepsen.util: 1	:invoke	:generate	nil
2026-03-11 14:38:17,318{GMT}	INFO	[jepsen worker 2] jepsen.util: 2	:invoke	:generate	nil
2026-03-11 14:38:17,318{GMT}	INFO	[jepsen worker 0] jepsen.util: 0	:ok	:generate	"168-null"
2026-03-11 14:38:17,319{GMT}	INFO	[jepsen worker 0] jepsen.util: 0	:invoke	:generate	nil
2026-03-11 14:38:17,319{GMT}	INFO	[jepsen worker 2] jepsen.util: 2	:ok	:generate	"153-null"
2026-03-11 14:38:17,320{GMT}	INFO	[jepsen worker 1] jepsen.util: 1	:ok	:generate	"169-null"
2026-03-11 14:38:17,320{GMT}	INFO	[jepsen worker 0] jepsen.util: 0	:ok	:generate	"169-null"
2026-03-11 14:38:17,320{GMT}	INFO	[jepsen worker 0] jepsen.util: 0	:invoke	:generate	nil
2026-03-11 14:38:17,321{GMT}	INFO	[jepsen worker 0] jepsen.util: 0	:ok	:generate	"170-null"
2026-03-11 14:38:17,321{GMT}	INFO	[jepsen worker 0] jepsen.util: 0	:invoke	:generate	nil
2026-03-11 14:38:17,322{GMT}	INFO	[jepsen worker 0] jepsen.util: 0	:ok	:generate	"171-null"
2026-03-11 14:38:17,322{GMT}	INFO	[jepsen worker 1] jepsen.util: 1	:invoke	:generate	nil
2026-03-11 14:38:17,323{GMT}	INFO	[jepsen worker 2] jepsen.util: 2	:invoke	:generate	nil
2026-03-11 14:38:17,323{GMT}	INFO	[jepsen worker 1] jepsen.util: 1	:ok	:generate	"170-null"
2026-03-11 14:38:17,324{GMT}	INFO	[jepsen worker 2] jepsen.util: 2	:ok	:generate	"154-null"
2026-03-11 14:38:17,324{GMT}	INFO	[jepsen worker 0] jepsen.util: 0	:invoke	:generate	nil
2026-03-11 14:38:17,325{GMT}	INFO	[jepsen worker 1] jepsen.util: 1	:invoke	:generate	nil
2026-03-11 14:38:17,325{GMT}	INFO	[jepsen worker 0] jepsen.util: 0	:ok	:generate	"172-null"
2026-03-11 14:38:17,326{GMT}	INFO	[jepsen worker 1] jepsen.util: 1	:ok	:generate	"171-null"
2026-03-11 14:38:17,327{GMT}	INFO	[jepsen worker 1] jepsen.util: 1	:invoke	:generate	nil
2026-03-11 14:38:17,327{GMT}	INFO	[jepsen worker 1] jepsen.util: 1	:ok	:generate	"172-null"
2026-03-11 14:38:17,328{GMT}	INFO	[jepsen worker 2] jepsen.util: 2	:invoke	:generate	nil
2026-03-11 14:38:17,329{GMT}	INFO	[jepsen worker 0] jepsen.util: 0	:invoke	:generate	nil
2026-03-11 14:38:17,329{GMT}	INFO	[jepsen worker 1] jepsen.util: 1	:invoke	:generate	nil
2026-03-11 14:38:17,329{GMT}	INFO	[jepsen worker 2] jepsen.util: 2	:ok	:generate	"155-null"
2026-03-11 14:38:17,330{GMT}	INFO	[jepsen worker 0] jepsen.util: 0	:ok	:generate	"173-null"
2026-03-11 14:38:17,330{GMT}	INFO	[jepsen worker 2] jepsen.util: 2	:invoke	:generate	nil
2026-03-11 14:38:17,331{GMT}	INFO	[jepsen worker 0] jepsen.util: 0	:invoke	:generate	nil
2026-03-11 14:38:17,331{GMT}	INFO	[jepsen worker 2] jepsen.util: 2	:ok	:generate	"156-null"
2026-03-11 14:38:17,332{GMT}	INFO	[jepsen worker 0] jepsen.util: 0	:ok	:generate	"174-null"
2026-03-11 14:38:17,332{GMT}	INFO	[jepsen worker 1] jepsen.util: 1	:ok	:generate	"173-null"
2026-03-11 14:38:17,333{GMT}	INFO	[jepsen worker 0] jepsen.util: 0	:invoke	:generate	nil
2026-03-11 14:38:17,334{GMT}	INFO	[jepsen worker 0] jepsen.util: 0	:ok	:generate	"175-null"
2026-03-11 14:38:17,334{GMT}	INFO	[jepsen worker 0] jepsen.util: 0	:invoke	:generate	nil
2026-03-11 14:38:17,335{GMT}	INFO	[jepsen worker 0] jepsen.util: 0	:ok	:generate	"176-null"
2026-03-11 14:38:17,336{GMT}	INFO	[jepsen worker 1] jepsen.util: 1	:invoke	:generate	nil
2026-03-11 14:38:17,337{GMT}	INFO	[jepsen worker 2] jepsen.util: 2	:invoke	:generate	nil
2026-03-11 14:38:17,337{GMT}	INFO	[jepsen worker 0] jepsen.util: 0	:invoke	:generate	nil
2026-03-11 14:38:17,338{GMT}	INFO	[jepsen worker 1] jepsen.util: 1	:ok	:generate	"174-null"
2026-03-11 14:38:17,338{GMT}	INFO	[jepsen worker 0] jepsen.util: 0	:ok	:generate	"177-null"
2026-03-11 14:38:17,338{GMT}	INFO	[jepsen worker 2] jepsen.util: 2	:ok	:generate	"157-null"
2026-03-11 14:38:17,338{GMT}	INFO	[jepsen worker 0] jepsen.util: 0	:invoke	:generate	nil
2026-03-11 14:38:17,339{GMT}	INFO	[jepsen worker 0] jepsen.util: 0	:ok	:generate	"178-null"
2026-03-11 14:38:17,340{GMT}	INFO	[jepsen worker 1] jepsen.util: 1	:invoke	:generate	nil
2026-03-11 14:38:17,341{GMT}	INFO	[jepsen worker 1] jepsen.util: 1	:ok	:generate	"175-null"
2026-03-11 14:38:17,342{GMT}	INFO	[jepsen worker 2] jepsen.util: 2	:invoke	:generate	nil
2026-03-11 14:38:17,343{GMT}	INFO	[jepsen worker 2] jepsen.util: 2	:ok	:generate	"158-null"
2026-03-11 14:38:17,343{GMT}	INFO	[jepsen worker 0] jepsen.util: 0	:invoke	:generate	nil
2026-03-11 14:38:17,344{GMT}	INFO	[jepsen worker 1] jepsen.util: 1	:invoke	:generate	nil
2026-03-11 14:38:17,344{GMT}	INFO	[jepsen worker 0] jepsen.util: 0	:ok	:generate	"179-null"
2026-03-11 14:38:17,345{GMT}	INFO	[jepsen worker 1] jepsen.util: 1	:ok	:generate	"176-null"
2026-03-11 14:38:17,346{GMT}	INFO	[jepsen worker 1] jepsen.util: 1	:invoke	:generate	nil
2026-03-11 14:38:17,346{GMT}	INFO	[jepsen worker 2] jepsen.util: 2	:invoke	:generate	nil
2026-03-11 14:38:17,346{GMT}	INFO	[jepsen worker 0] jepsen.util: 0	:invoke	:generate	nil
2026-03-11 14:38:17,347{GMT}	INFO	[jepsen worker 2] jepsen.util: 2	:ok	:generate	"159-null"
2026-03-11 14:38:17,347{GMT}	INFO	[jepsen worker 1] jepsen.util: 1	:ok	:generate	"177-null"
2026-03-11 14:38:17,348{GMT}	INFO	[jepsen worker 0] jepsen.util: 0	:ok	:generate	"180-null"
2026-03-11 14:38:17,348{GMT}	INFO	[jepsen worker 0] jepsen.util: 0	:invoke	:generate	nil
2026-03-11 14:38:17,349{GMT}	INFO	[jepsen worker 1] jepsen.util: 1	:invoke	:generate	nil
2026-03-11 14:38:17,349{GMT}	INFO	[jepsen worker 2] jepsen.util: 2	:invoke	:generate	nil
2026-03-11 14:38:17,350{GMT}	INFO	[jepsen worker 0] jepsen.util: 0	:ok	:generate	"181-null"
2026-03-11 14:38:17,350{GMT}	INFO	[jepsen worker 0] jepsen.util: 0	:invoke	:generate	nil
2026-03-11 14:38:17,350{GMT}	INFO	[jepsen worker 1] jepsen.util: 1	:ok	:generate	"178-null"
2026-03-11 14:38:17,351{GMT}	INFO	[jepsen worker 1] jepsen.util: 1	:invoke	:generate	nil
2026-03-11 14:38:17,350{GMT}	INFO	[jepsen worker 2] jepsen.util: 2	:ok	:generate	"160-null"
2026-03-11 14:38:17,351{GMT}	INFO	[jepsen worker 0] jepsen.util: 0	:ok	:generate	"182-null"
2026-03-11 14:38:17,351{GMT}	INFO	[jepsen worker 2] jepsen.util: 2	:invoke	:generate	nil
2026-03-11 14:38:17,352{GMT}	INFO	[jepsen worker 1] jepsen.util: 1	:ok	:generate	"179-null"
2026-03-11 14:38:17,352{GMT}	INFO	[jepsen worker 2] jepsen.util: 2	:ok	:generate	"161-null"
2026-03-11 14:38:17,353{GMT}	INFO	[jepsen worker 2] jepsen.util: 2	:invoke	:generate	nil
2026-03-11 14:38:17,354{GMT}	INFO	[jepsen worker 2] jepsen.util: 2	:ok	:generate	"162-null"
2026-03-11 14:38:17,355{GMT}	INFO	[jepsen worker 0] jepsen.util: 0	:invoke	:generate	nil
2026-03-11 14:38:17,355{GMT}	INFO	[jepsen worker 1] jepsen.util: 1	:invoke	:generate	nil
2026-03-11 14:38:17,356{GMT}	INFO	[jepsen worker 0] jepsen.util: 0	:ok	:generate	"183-null"
2026-03-11 14:38:17,356{GMT}	INFO	[jepsen worker 1] jepsen.util: 1	:ok	:generate	"180-null"
2026-03-11 14:38:17,357{GMT}	INFO	[jepsen worker 1] jepsen.util: 1	:invoke	:generate	nil
2026-03-11 14:38:17,357{GMT}	INFO	[jepsen worker 2] jepsen.util: 2	:invoke	:generate	nil
2026-03-11 14:38:17,357{GMT}	INFO	[jepsen worker 1] jepsen.util: 1	:ok	:generate	"181-null"
2026-03-11 14:38:17,359{GMT}	INFO	[jepsen worker 0] jepsen.util: 0	:invoke	:generate	nil
2026-03-11 14:38:17,359{GMT}	INFO	[jepsen worker 2] jepsen.util: 2	:ok	:generate	"163-null"
2026-03-11 14:38:17,360{GMT}	INFO	[jepsen worker 0] jepsen.util: 0	:ok	:generate	"184-null"
2026-03-11 14:38:17,360{GMT}	INFO	[jepsen worker 0] jepsen.util: 0	:invoke	:generate	nil
2026-03-11 14:38:17,361{GMT}	INFO	[jepsen worker 0] jepsen.util: 0	:ok	:generate	"185-null"
2026-03-11 14:38:17,361{GMT}	INFO	[jepsen worker 1] jepsen.util: 1	:invoke	:generate	nil
2026-03-11 14:38:17,361{GMT}	INFO	[jepsen worker 2] jepsen.util: 2	:invoke	:generate	nil
2026-03-11 14:38:17,362{GMT}	INFO	[jepsen worker 1] jepsen.util: 1	:ok	:generate	"182-null"
2026-03-11 14:38:17,362{GMT}	INFO	[jepsen worker 2] jepsen.util: 2	:ok	:generate	"164-null"
2026-03-11 14:38:17,362{GMT}	INFO	[jepsen worker 0] jepsen.util: 0	:invoke	:generate	nil
2026-03-11 14:38:17,363{GMT}	INFO	[jepsen worker 0] jepsen.util: 0	:ok	:generate	"186-null"
2026-03-11 14:38:17,364{GMT}	INFO	[jepsen worker 0] jepsen.util: 0	:invoke	:generate	nil
2026-03-11 14:38:17,365{GMT}	INFO	[jepsen worker 0] jepsen.util: 0	:ok	:generate	"187-null"
2026-03-11 14:38:17,366{GMT}	INFO	[jepsen worker 1] jepsen.util: 1	:invoke	:generate	nil
2026-03-11 14:38:17,367{GMT}	INFO	[jepsen worker 1] jepsen.util: 1	:ok	:generate	"183-null"
2026-03-11 14:38:17,368{GMT}	INFO	[jepsen worker 2] jepsen.util: 2	:invoke	:generate	nil
2026-03-11 14:38:17,368{GMT}	INFO	[jepsen worker 2] jepsen.util: 2	:ok	:generate	"165-null"
2026-03-11 14:38:17,369{GMT}	INFO	[jepsen worker 0] jepsen.util: 0	:invoke	:generate	nil
2026-03-11 14:38:17,369{GMT}	INFO	[jepsen worker 1] jepsen.util: 1	:invoke	:generate	nil
2026-03-11 14:38:17,370{GMT}	INFO	[jepsen worker 2] jepsen.util: 2	:invoke	:generate	nil
2026-03-11 14:38:17,370{GMT}	INFO	[jepsen worker 0] jepsen.util: 0	:ok	:generate	"188-null"
2026-03-11 14:38:17,370{GMT}	INFO	[jepsen worker 1] jepsen.util: 1	:ok	:generate	"184-null"
2026-03-11 14:38:17,370{GMT}	INFO	[jepsen worker 0] jepsen.util: 0	:invoke	:generate	nil
2026-03-11 14:38:17,371{GMT}	INFO	[jepsen worker 2] jepsen.util: 2	:ok	:generate	"166-null"
2026-03-11 14:38:17,371{GMT}	INFO	[jepsen worker 1] jepsen.util: 1	:invoke	:generate	nil
2026-03-11 14:38:17,371{GMT}	INFO	[jepsen worker 0] jepsen.util: 0	:ok	:generate	"189-null"
2026-03-11 14:38:17,372{GMT}	INFO	[jepsen worker 1] jepsen.util: 1	:ok	:generate	"185-null"
2026-03-11 14:38:17,373{GMT}	INFO	[jepsen worker 0] jepsen.util: 0	:invoke	:generate	nil
2026-03-11 14:38:17,374{GMT}	INFO	[jepsen worker 1] jepsen.util: 1	:invoke	:generate	nil
2026-03-11 14:38:17,375{GMT}	INFO	[jepsen worker 0] jepsen.util: 0	:ok	:generate	"190-null"
2026-03-11 14:38:17,376{GMT}	INFO	[jepsen worker 2] jepsen.util: 2	:invoke	:generate	nil
2026-03-11 14:38:17,376{GMT}	INFO	[jepsen worker 1] jepsen.util: 1	:ok	:generate	"186-null"
2026-03-11 14:38:17,377{GMT}	INFO	[jepsen worker 2] jepsen.util: 2	:ok	:generate	"167-null"
2026-03-11 14:38:17,377{GMT}	INFO	[jepsen worker 0] jepsen.util: 0	:invoke	:generate	nil
2026-03-11 14:38:17,378{GMT}	INFO	[jepsen worker 0] jepsen.util: 0	:ok	:generate	"191-null"
2026-03-11 14:38:17,379{GMT}	INFO	[jepsen worker 0] jepsen.util: 0	:invoke	:generate	nil
2026-03-11 14:38:17,379{GMT}	INFO	[jepsen worker 1] jepsen.util: 1	:invoke	:generate	nil
2026-03-11 14:38:17,380{GMT}	INFO	[jepsen worker 2] jepsen.util: 2	:invoke	:generate	nil
2026-03-11 14:38:17,380{GMT}	INFO	[jepsen worker 0] jepsen.util: 0	:ok	:generate	"192-null"
2026-03-11 14:38:17,380{GMT}	INFO	[jepsen worker 1] jepsen.util: 1	:ok	:generate	"187-null"
2026-03-11 14:38:17,381{GMT}	INFO	[jepsen worker 2] jepsen.util: 2	:ok	:generate	"168-null"
2026-03-11 14:38:17,382{GMT}	INFO	[jepsen worker 0] jepsen.util: 0	:invoke	:generate	nil
2026-03-11 14:38:17,382{GMT}	INFO	[jepsen worker 1] jepsen.util: 1	:invoke	:generate	nil
2026-03-11 14:38:17,383{GMT}	INFO	[jepsen worker 0] jepsen.util: 0	:ok	:generate	"193-null"
2026-03-11 14:38:17,383{GMT}	INFO	[jepsen worker 1] jepsen.util: 1	:ok	:generate	"188-null"
2026-03-11 14:38:17,384{GMT}	INFO	[jepsen worker 1] jepsen.util: 1	:invoke	:generate	nil
2026-03-11 14:38:17,385{GMT}	INFO	[jepsen worker 1] jepsen.util: 1	:ok	:generate	"189-null"
2026-03-11 14:38:17,385{GMT}	INFO	[jepsen worker 2] jepsen.util: 2	:invoke	:generate	nil
2026-03-11 14:38:17,386{GMT}	INFO	[jepsen worker 2] jepsen.util: 2	:ok	:generate	"169-null"
2026-03-11 14:38:17,387{GMT}	INFO	[jepsen worker 0] jepsen.util: 0	:invoke	:generate	nil
2026-03-11 14:38:17,388{GMT}	INFO	[jepsen worker 0] jepsen.util: 0	:ok	:generate	"194-null"
2026-03-11 14:38:17,389{GMT}	INFO	[jepsen worker 0] jepsen.util: 0	:invoke	:generate	nil
2026-03-11 14:38:17,390{GMT}	INFO	[jepsen worker 0] jepsen.util: 0	:ok	:generate	"195-null"
2026-03-11 14:38:17,391{GMT}	INFO	[jepsen worker 1] jepsen.util: 1	:invoke	:generate	nil
2026-03-11 14:38:17,392{GMT}	INFO	[jepsen worker 1] jepsen.util: 1	:ok	:generate	"190-null"
2026-03-11 14:38:17,393{GMT}	INFO	[jepsen worker 2] jepsen.util: 2	:invoke	:generate	nil
2026-03-11 14:38:17,394{GMT}	INFO	[jepsen worker 2] jepsen.util: 2	:ok	:generate	"170-null"
2026-03-11 14:38:17,394{GMT}	INFO	[jepsen worker 0] jepsen.util: 0	:invoke	:generate	nil
2026-03-11 14:38:17,394{GMT}	INFO	[jepsen worker 1] jepsen.util: 1	:invoke	:generate	nil
2026-03-11 14:38:17,395{GMT}	INFO	[jepsen worker 2] jepsen.util: 2	:invoke	:generate	nil
2026-03-11 14:38:17,395{GMT}	INFO	[jepsen worker 1] jepsen.util: 1	:ok	:generate	"191-null"
2026-03-11 14:38:17,395{GMT}	INFO	[jepsen worker 0] jepsen.util: 0	:ok	:generate	"196-null"
2026-03-11 14:38:17,396{GMT}	INFO	[jepsen worker 0] jepsen.util: 0	:invoke	:generate	nil
2026-03-11 14:38:17,396{GMT}	INFO	[jepsen worker 2] jepsen.util: 2	:ok	:generate	"171-null"
2026-03-11 14:38:17,397{GMT}	INFO	[jepsen worker 0] jepsen.util: 0	:ok	:generate	"197-null"
2026-03-11 14:38:17,397{GMT}	INFO	[jepsen worker 0] jepsen.util: 0	:invoke	:generate	nil
2026-03-11 14:38:17,398{GMT}	INFO	[jepsen worker 0] jepsen.util: 0	:ok	:generate	"198-null"
2026-03-11 14:38:17,398{GMT}	INFO	[jepsen worker 0] jepsen.util: 0	:invoke	:generate	nil
2026-03-11 14:38:17,399{GMT}	INFO	[jepsen worker 0] jepsen.util: 0	:ok	:generate	"199-null"
2026-03-11 14:38:17,400{GMT}	INFO	[jepsen worker 1] jepsen.util: 1	:invoke	:generate	nil
2026-03-11 14:38:17,401{GMT}	INFO	[jepsen worker 1] jepsen.util: 1	:ok	:generate	"192-null"
2026-03-11 14:38:17,401{GMT}	INFO	[jepsen worker 2] jepsen.util: 2	:invoke	:generate	nil
2026-03-11 14:38:17,402{GMT}	INFO	[jepsen worker 2] jepsen.util: 2	:ok	:generate	"172-null"
2026-03-11 14:38:17,403{GMT}	INFO	[jepsen worker 0] jepsen.util: 0	:invoke	:generate	nil
2026-03-11 14:38:17,404{GMT}	INFO	[jepsen worker 0] jepsen.util: 0	:ok	:generate	"200-null"
2026-03-11 14:38:17,405{GMT}	INFO	[jepsen worker 0] jepsen.util: 0	:invoke	:generate	nil
2026-03-11 14:38:17,406{GMT}	INFO	[jepsen worker 0] jepsen.util: 0	:ok	:generate	"201-null"
2026-03-11 14:38:17,406{GMT}	INFO	[jepsen worker 1] jepsen.util: 1	:invoke	:generate	nil
2026-03-11 14:38:17,407{GMT}	INFO	[jepsen worker 1] jepsen.util: 1	:ok	:generate	"193-null"
2026-03-11 14:38:17,407{GMT}	INFO	[jepsen worker 2] jepsen.util: 2	:invoke	:generate	nil
2026-03-11 14:38:17,407{GMT}	INFO	[jepsen worker 0] jepsen.util: 0	:invoke	:generate	nil
2026-03-11 14:38:17,407{GMT}	INFO	[jepsen worker 1] jepsen.util: 1	:invoke	:generate	nil
2026-03-11 14:38:17,408{GMT}	INFO	[jepsen worker 2] jepsen.util: 2	:ok	:generate	"173-null"
2026-03-11 14:38:17,408{GMT}	INFO	[jepsen worker 0] jepsen.util: 0	:ok	:generate	"202-null"
2026-03-11 14:38:17,408{GMT}	INFO	[jepsen worker 1] jepsen.util: 1	:ok	:generate	"194-null"
2026-03-11 14:38:17,408{GMT}	INFO	[jepsen worker 1] jepsen.util: 1	:invoke	:generate	nil
2026-03-11 14:38:17,408{GMT}	INFO	[jepsen worker 2] jepsen.util: 2	:invoke	:generate	nil
2026-03-11 14:38:17,409{GMT}	INFO	[jepsen worker 1] jepsen.util: 1	:ok	:generate	"195-null"
2026-03-11 14:38:17,409{GMT}	INFO	[jepsen worker 0] jepsen.util: 0	:invoke	:generate	nil
2026-03-11 14:38:17,409{GMT}	INFO	[jepsen worker 2] jepsen.util: 2	:ok	:generate	"174-null"
2026-03-11 14:38:17,410{GMT}	INFO	[jepsen worker 1] jepsen.util: 1	:invoke	:generate	nil
2026-03-11 14:38:17,410{GMT}	INFO	[jepsen worker 0] jepsen.util: 0	:ok	:generate	"203-null"
2026-03-11 14:38:17,411{GMT}	INFO	[jepsen worker 1] jepsen.util: 1	:ok	:generate	"196-null"
2026-03-11 14:38:17,411{GMT}	INFO	[jepsen worker 1] jepsen.util: 1	:invoke	:generate	nil
2026-03-11 14:38:17,412{GMT}	INFO	[jepsen worker 1] jepsen.util: 1	:ok	:generate	"197-null"
2026-03-11 14:38:17,412{GMT}	INFO	[jepsen worker 2] jepsen.util: 2	:invoke	:generate	nil
2026-03-11 14:38:17,413{GMT}	INFO	[jepsen worker 2] jepsen.util: 2	:ok	:generate	"175-null"
2026-03-11 14:38:17,414{GMT}	INFO	[jepsen worker 0] jepsen.util: 0	:invoke	:generate	nil
2026-03-11 14:38:17,414{GMT}	INFO	[jepsen worker 1] jepsen.util: 1	:invoke	:generate	nil
2026-03-11 14:38:17,415{GMT}	INFO	[jepsen worker 1] jepsen.util: 1	:ok	:generate	"198-null"
2026-03-11 14:38:17,415{GMT}	INFO	[jepsen worker 0] jepsen.util: 0	:ok	:generate	"204-null"
2026-03-11 14:38:17,415{GMT}	INFO	[jepsen worker 2] jepsen.util: 2	:invoke	:generate	nil
2026-03-11 14:38:17,416{GMT}	INFO	[jepsen worker 2] jepsen.util: 2	:ok	:generate	"176-null"
2026-03-11 14:38:17,417{GMT}	INFO	[jepsen worker 2] jepsen.util: 2	:invoke	:generate	nil
2026-03-11 14:38:17,418{GMT}	INFO	[jepsen worker 2] jepsen.util: 2	:ok	:generate	"177-null"
2026-03-11 14:38:17,419{GMT}	INFO	[jepsen worker 0] jepsen.util: 0	:invoke	:generate	nil
2026-03-11 14:38:17,419{GMT}	INFO	[jepsen worker 1] jepsen.util: 1	:invoke	:generate	nil
2026-03-11 14:38:17,420{GMT}	INFO	[jepsen worker 1] jepsen.util: 1	:ok	:generate	"199-null"
2026-03-11 14:38:17,420{GMT}	INFO	[jepsen worker 0] jepsen.util: 0	:ok	:generate	"205-null"
2026-03-11 14:38:17,420{GMT}	INFO	[jepsen worker 1] jepsen.util: 1	:invoke	:generate	nil
2026-03-11 14:38:17,421{GMT}	INFO	[jepsen worker 1] jepsen.util: 1	:ok	:generate	"200-null"
2026-03-11 14:38:17,422{GMT}	INFO	[jepsen worker 2] jepsen.util: 2	:invoke	:generate	nil
2026-03-11 14:38:17,423{GMT}	INFO	[jepsen worker 2] jepsen.util: 2	:ok	:generate	"178-null"
2026-03-11 14:38:17,423{GMT}	INFO	[jepsen worker 0] jepsen.util: 0	:invoke	:generate	nil
2026-03-11 14:38:17,424{GMT}	INFO	[jepsen worker 1] jepsen.util: 1	:invoke	:generate	nil
2026-03-11 14:38:17,424{GMT}	INFO	[jepsen worker 0] jepsen.util: 0	:ok	:generate	"206-null"
2026-03-11 14:38:17,424{GMT}	INFO	[jepsen worker 2] jepsen.util: 2	:invoke	:generate	nil
2026-03-11 14:38:17,425{GMT}	INFO	[jepsen worker 1] jepsen.util: 1	:ok	:generate	"201-null"
2026-03-11 14:38:17,425{GMT}	INFO	[jepsen worker 2] jepsen.util: 2	:ok	:generate	"179-null"
2026-03-11 14:38:17,425{GMT}	INFO	[jepsen worker 2] jepsen.util: 2	:invoke	:generate	nil
2026-03-11 14:38:17,426{GMT}	INFO	[jepsen worker 2] jepsen.util: 2	:ok	:generate	"180-null"
2026-03-11 14:38:17,427{GMT}	INFO	[jepsen worker 0] jepsen.util: 0	:invoke	:generate	nil
2026-03-11 14:38:17,428{GMT}	INFO	[jepsen worker 0] jepsen.util: 0	:ok	:generate	"207-null"
2026-03-11 14:38:17,428{GMT}	INFO	[jepsen worker 1] jepsen.util: 1	:invoke	:generate	nil
2026-03-11 14:38:17,429{GMT}	INFO	[jepsen worker 1] jepsen.util: 1	:ok	:generate	"202-null"
2026-03-11 14:38:17,430{GMT}	INFO	[jepsen worker 1] jepsen.util: 1	:invoke	:generate	nil
2026-03-11 14:38:17,430{GMT}	INFO	[jepsen worker 2] jepsen.util: 2	:invoke	:generate	nil
2026-03-11 14:38:17,430{GMT}	INFO	[jepsen worker 1] jepsen.util: 1	:ok	:generate	"203-null"
2026-03-11 14:38:17,431{GMT}	INFO	[jepsen worker 2] jepsen.util: 2	:ok	:generate	"181-null"
2026-03-11 14:38:17,431{GMT}	INFO	[jepsen worker 0] jepsen.util: 0	:invoke	:generate	nil
2026-03-11 14:38:17,432{GMT}	INFO	[jepsen worker 0] jepsen.util: 0	:ok	:generate	"208-null"
2026-03-11 14:38:17,434{GMT}	INFO	[jepsen worker 0] jepsen.util: 0	:invoke	:generate	nil
2026-03-11 14:38:17,435{GMT}	INFO	[jepsen worker 0] jepsen.util: 0	:ok	:generate	"209-null"
2026-03-11 14:38:17,436{GMT}	INFO	[jepsen worker 1] jepsen.util: 1	:invoke	:generate	nil
2026-03-11 14:38:17,437{GMT}	INFO	[jepsen worker 1] jepsen.util: 1	:ok	:generate	"204-null"
2026-03-11 14:38:17,437{GMT}	INFO	[jepsen worker 2] jepsen.util: 2	:invoke	:generate	nil
2026-03-11 14:38:17,438{GMT}	INFO	[jepsen worker 2] jepsen.util: 2	:ok	:generate	"182-null"
2026-03-11 14:38:17,439{GMT}	INFO	[jepsen worker 0] jepsen.util: 0	:invoke	:generate	nil
2026-03-11 14:38:17,440{GMT}	INFO	[jepsen worker 0] jepsen.util: 0	:ok	:generate	"210-null"
2026-03-11 14:38:17,441{GMT}	INFO	[jepsen worker 0] jepsen.util: 0	:invoke	:generate	nil
2026-03-11 14:38:17,442{GMT}	INFO	[jepsen worker 0] jepsen.util: 0	:ok	:generate	"211-null"
2026-03-11 14:38:17,443{GMT}	INFO	[jepsen worker 1] jepsen.util: 1	:invoke	:generate	nil
2026-03-11 14:38:17,443{GMT}	INFO	[jepsen worker 2] jepsen.util: 2	:invoke	:generate	nil
2026-03-11 14:38:17,444{GMT}	INFO	[jepsen worker 1] jepsen.util: 1	:ok	:generate	"205-null"
2026-03-11 14:38:17,444{GMT}	INFO	[jepsen worker 0] jepsen.util: 0	:invoke	:generate	nil
2026-03-11 14:38:17,444{GMT}	INFO	[jepsen worker 2] jepsen.util: 2	:ok	:generate	"183-null"
2026-03-11 14:38:17,445{GMT}	INFO	[jepsen worker 0] jepsen.util: 0	:ok	:generate	"212-null"
2026-03-11 14:38:17,446{GMT}	INFO	[jepsen worker 0] jepsen.util: 0	:invoke	:generate	nil
2026-03-11 14:38:17,446{GMT}	INFO	[jepsen worker 1] jepsen.util: 1	:invoke	:generate	nil
2026-03-11 14:38:17,447{GMT}	INFO	[jepsen worker 0] jepsen.util: 0	:ok	:generate	"213-null"
2026-03-11 14:38:17,447{GMT}	INFO	[jepsen worker 1] jepsen.util: 1	:ok	:generate	"206-null"
2026-03-11 14:38:17,448{GMT}	INFO	[jepsen worker 2] jepsen.util: 2	:invoke	:generate	nil
2026-03-11 14:38:17,449{GMT}	INFO	[jepsen worker 2] jepsen.util: 2	:ok	:generate	"184-null"
2026-03-11 14:38:17,449{GMT}	INFO	[jepsen worker 0] jepsen.util: 0	:invoke	:generate	nil
2026-03-11 14:38:17,450{GMT}	INFO	[jepsen worker 0] jepsen.util: 0	:ok	:generate	"214-null"
2026-03-11 14:38:17,450{GMT}	INFO	[jepsen worker 0] jepsen.util: 0	:invoke	:generate	nil
2026-03-11 14:38:17,451{GMT}	INFO	[jepsen worker 1] jepsen.util: 1	:invoke	:generate	nil
2026-03-11 14:38:17,451{GMT}	INFO	[jepsen worker 0] jepsen.util: 0	:ok	:generate	"215-null"
2026-03-11 14:38:17,451{GMT}	INFO	[jepsen worker 2] jepsen.util: 2	:invoke	:generate	nil
2026-03-11 14:38:17,452{GMT}	INFO	[jepsen worker 1] jepsen.util: 1	:ok	:generate	"207-null"
2026-03-11 14:38:17,452{GMT}	INFO	[jepsen worker 2] jepsen.util: 2	:ok	:generate	"185-null"
2026-03-11 14:38:17,452{GMT}	INFO	[jepsen worker 0] jepsen.util: 0	:invoke	:generate	nil
2026-03-11 14:38:17,453{GMT}	INFO	[jepsen worker 1] jepsen.util: 1	:invoke	:generate	nil
2026-03-11 14:38:17,453{GMT}	INFO	[jepsen worker 1] jepsen.util: 1	:ok	:generate	"208-null"
2026-03-11 14:38:17,453{GMT}	INFO	[jepsen worker 0] jepsen.util: 0	:ok	:generate	"216-null"
2026-03-11 14:38:17,454{GMT}	INFO	[jepsen worker 1] jepsen.util: 1	:invoke	:generate	nil
2026-03-11 14:38:17,455{GMT}	INFO	[jepsen worker 1] jepsen.util: 1	:ok	:generate	"209-null"
2026-03-11 14:38:17,456{GMT}	INFO	[jepsen worker 2] jepsen.util: 2	:invoke	:generate	nil
2026-03-11 14:38:17,456{GMT}	INFO	[jepsen worker 2] jepsen.util: 2	:ok	:generate	"186-null"
2026-03-11 14:38:17,457{GMT}	INFO	[jepsen worker 0] jepsen.util: 0	:invoke	:generate	nil
2026-03-11 14:38:17,458{GMT}	INFO	[jepsen worker 0] jepsen.util: 0	:ok	:generate	"217-null"
2026-03-11 14:38:17,459{GMT}	INFO	[jepsen worker 0] jepsen.util: 0	:invoke	:generate	nil
2026-03-11 14:38:17,459{GMT}	INFO	[jepsen worker 0] jepsen.util: 0	:ok	:generate	"218-null"
2026-03-11 14:38:17,460{GMT}	INFO	[jepsen worker 1] jepsen.util: 1	:invoke	:generate	nil
2026-03-11 14:38:17,461{GMT}	INFO	[jepsen worker 1] jepsen.util: 1	:ok	:generate	"210-null"
2026-03-11 14:38:17,463{GMT}	INFO	[jepsen worker 2] jepsen.util: 2	:invoke	:generate	nil
2026-03-11 14:38:17,463{GMT}	INFO	[jepsen worker 2] jepsen.util: 2	:ok	:generate	"187-null"
2026-03-11 14:38:17,464{GMT}	INFO	[jepsen worker 0] jepsen.util: 0	:invoke	:generate	nil
2026-03-11 14:38:17,465{GMT}	INFO	[jepsen worker 0] jepsen.util: 0	:ok	:generate	"219-null"
2026-03-11 14:38:17,465{GMT}	INFO	[jepsen worker 0] jepsen.util: 0	:invoke	:generate	nil
2026-03-11 14:38:17,466{GMT}	INFO	[jepsen worker 0] jepsen.util: 0	:ok	:generate	"220-null"
2026-03-11 14:38:17,467{GMT}	INFO	[jepsen worker 1] jepsen.util: 1	:invoke	:generate	nil
2026-03-11 14:38:17,467{GMT}	INFO	[jepsen worker 2] jepsen.util: 2	:invoke	:generate	nil
2026-03-11 14:38:17,467{GMT}	INFO	[jepsen worker 0] jepsen.util: 0	:invoke	:generate	nil
2026-03-11 14:38:17,468{GMT}	INFO	[jepsen worker 2] jepsen.util: 2	:ok	:generate	"188-null"
2026-03-11 14:38:17,468{GMT}	INFO	[jepsen worker 1] jepsen.util: 1	:ok	:generate	"211-null"
2026-03-11 14:38:17,468{GMT}	INFO	[jepsen worker 1] jepsen.util: 1	:invoke	:generate	nil
2026-03-11 14:38:17,468{GMT}	INFO	[jepsen worker 0] jepsen.util: 0	:ok	:generate	"221-null"
2026-03-11 14:38:17,469{GMT}	INFO	[jepsen worker 1] jepsen.util: 1	:ok	:generate	"212-null"
2026-03-11 14:38:17,469{GMT}	INFO	[jepsen worker 1] jepsen.util: 1	:invoke	:generate	nil
2026-03-11 14:38:17,470{GMT}	INFO	[jepsen worker 1] jepsen.util: 1	:ok	:generate	"213-null"
2026-03-11 14:38:17,471{GMT}	INFO	[jepsen worker 2] jepsen.util: 2	:invoke	:generate	nil
2026-03-11 14:38:17,472{GMT}	INFO	[jepsen worker 2] jepsen.util: 2	:ok	:generate	"189-null"
2026-03-11 14:38:17,473{GMT}	INFO	[jepsen worker 0] jepsen.util: 0	:invoke	:generate	nil
2026-03-11 14:38:17,474{GMT}	INFO	[jepsen worker 0] jepsen.util: 0	:ok	:generate	"222-null"
2026-03-11 14:38:17,475{GMT}	INFO	[jepsen worker 0] jepsen.util: 0	:invoke	:generate	nil
2026-03-11 14:38:17,475{GMT}	INFO	[jepsen worker 1] jepsen.util: 1	:invoke	:generate	nil
2026-03-11 14:38:17,476{GMT}	INFO	[jepsen worker 0] jepsen.util: 0	:ok	:generate	"223-null"
2026-03-11 14:38:17,476{GMT}	INFO	[jepsen worker 1] jepsen.util: 1	:ok	:generate	"214-null"
2026-03-11 14:38:17,476{GMT}	INFO	[jepsen worker 2] jepsen.util: 2	:invoke	:generate	nil
2026-03-11 14:38:17,477{GMT}	INFO	[jepsen worker 0] jepsen.util: 0	:invoke	:generate	nil
2026-03-11 14:38:17,477{GMT}	INFO	[jepsen worker 2] jepsen.util: 2	:ok	:generate	"190-null"
2026-03-11 14:38:17,478{GMT}	INFO	[jepsen worker 0] jepsen.util: 0	:ok	:generate	"224-null"
2026-03-11 14:38:17,479{GMT}	INFO	[jepsen worker 0] jepsen.util: 0	:invoke	:generate	nil
2026-03-11 14:38:17,480{GMT}	INFO	[jepsen worker 0] jepsen.util: 0	:ok	:generate	"225-null"
2026-03-11 14:38:17,481{GMT}	INFO	[jepsen worker 1] jepsen.util: 1	:invoke	:generate	nil
2026-03-11 14:38:17,481{GMT}	INFO	[jepsen worker 1] jepsen.util: 1	:ok	:generate	"215-null"
2026-03-11 14:38:17,482{GMT}	INFO	[jepsen worker 2] jepsen.util: 2	:invoke	:generate	nil
2026-03-11 14:38:17,483{GMT}	INFO	[jepsen worker 2] jepsen.util: 2	:ok	:generate	"191-null"
2026-03-11 14:38:17,484{GMT}	INFO	[jepsen worker 0] jepsen.util: 0	:invoke	:generate	nil
2026-03-11 14:38:17,485{GMT}	INFO	[jepsen worker 1] jepsen.util: 1	:invoke	:generate	nil
2026-03-11 14:38:17,485{GMT}	INFO	[jepsen worker 0] jepsen.util: 0	:ok	:generate	"226-null"
2026-03-11 14:38:17,486{GMT}	INFO	[jepsen worker 2] jepsen.util: 2	:invoke	:generate	nil
2026-03-11 14:38:17,486{GMT}	INFO	[jepsen worker 1] jepsen.util: 1	:ok	:generate	"216-null"
2026-03-11 14:38:17,487{GMT}	INFO	[jepsen worker 2] jepsen.util: 2	:ok	:generate	"192-null"
2026-03-11 14:38:17,487{GMT}	INFO	[jepsen worker 2] jepsen.util: 2	:invoke	:generate	nil
2026-03-11 14:38:17,488{GMT}	INFO	[jepsen worker 2] jepsen.util: 2	:ok	:generate	"193-null"
2026-03-11 14:38:17,489{GMT}	INFO	[jepsen worker 0] jepsen.util: 0	:invoke	:generate	nil
2026-03-11 14:38:17,489{GMT}	INFO	[jepsen worker 1] jepsen.util: 1	:invoke	:generate	nil
2026-03-11 14:38:17,490{GMT}	INFO	[jepsen worker 0] jepsen.util: 0	:ok	:generate	"227-null"
2026-03-11 14:38:17,490{GMT}	INFO	[jepsen worker 1] jepsen.util: 1	:ok	:generate	"217-null"
2026-03-11 14:38:17,492{GMT}	INFO	[jepsen worker 1] jepsen.util: 1	:invoke	:generate	nil
2026-03-11 14:38:17,492{GMT}	INFO	[jepsen worker 0] jepsen.util: 0	:invoke	:generate	nil
2026-03-11 14:38:17,492{GMT}	INFO	[jepsen worker 2] jepsen.util: 2	:invoke	:generate	nil
2026-03-11 14:38:17,493{GMT}	INFO	[jepsen worker 0] jepsen.util: 0	:ok	:generate	"228-null"
2026-03-11 14:38:17,493{GMT}	INFO	[jepsen worker 2] jepsen.util: 2	:ok	:generate	"194-null"
2026-03-11 14:38:17,493{GMT}	INFO	[jepsen worker 1] jepsen.util: 1	:ok	:generate	"218-null"
2026-03-11 14:38:17,494{GMT}	INFO	[jepsen worker 0] jepsen.util: 0	:invoke	:generate	nil
2026-03-11 14:38:17,495{GMT}	INFO	[jepsen worker 0] jepsen.util: 0	:ok	:generate	"229-null"
2026-03-11 14:38:17,496{GMT}	INFO	[jepsen worker 2] jepsen.util: 2	:invoke	:generate	nil
2026-03-11 14:38:17,496{GMT}	INFO	[jepsen worker 1] jepsen.util: 1	:invoke	:generate	nil
2026-03-11 14:38:17,497{GMT}	INFO	[jepsen worker 1] jepsen.util: 1	:ok	:generate	"219-null"
2026-03-11 14:38:17,497{GMT}	INFO	[jepsen worker 2] jepsen.util: 2	:ok	:generate	"195-null"
2026-03-11 14:38:17,498{GMT}	INFO	[jepsen worker 0] jepsen.util: 0	:invoke	:generate	nil
2026-03-11 14:38:17,499{GMT}	INFO	[jepsen worker 0] jepsen.util: 0	:ok	:generate	"230-null"
2026-03-11 14:38:17,500{GMT}	INFO	[jepsen worker 0] jepsen.util: 0	:invoke	:generate	nil
2026-03-11 14:38:17,500{GMT}	INFO	[jepsen worker 1] jepsen.util: 1	:invoke	:generate	nil
2026-03-11 14:38:17,501{GMT}	INFO	[jepsen worker 0] jepsen.util: 0	:ok	:generate	"231-null"
2026-03-11 14:38:17,501{GMT}	INFO	[jepsen worker 1] jepsen.util: 1	:ok	:generate	"220-null"
2026-03-11 14:38:17,502{GMT}	INFO	[jepsen worker 2] jepsen.util: 2	:invoke	:generate	nil
2026-03-11 14:38:17,502{GMT}	INFO	[jepsen worker 0] jepsen.util: 0	:invoke	:generate	nil
2026-03-11 14:38:17,503{GMT}	INFO	[jepsen worker 2] jepsen.util: 2	:ok	:generate	"196-null"
2026-03-11 14:38:17,503{GMT}	INFO	[jepsen worker 0] jepsen.util: 0	:ok	:generate	"232-null"
2026-03-11 14:38:17,504{GMT}	INFO	[jepsen worker 0] jepsen.util: 0	:invoke	:generate	nil
2026-03-11 14:38:17,505{GMT}	INFO	[jepsen worker 1] jepsen.util: 1	:invoke	:generate	nil
2026-03-11 14:38:17,505{GMT}	INFO	[jepsen worker 0] jepsen.util: 0	:ok	:generate	"233-null"
2026-03-11 14:38:17,506{GMT}	INFO	[jepsen worker 1] jepsen.util: 1	:ok	:generate	"221-null"
2026-03-11 14:38:17,506{GMT}	INFO	[jepsen worker 2] jepsen.util: 2	:invoke	:generate	nil
2026-03-11 14:38:17,507{GMT}	INFO	[jepsen worker 0] jepsen.util: 0	:invoke	:generate	nil
2026-03-11 14:38:17,507{GMT}	INFO	[jepsen worker 2] jepsen.util: 2	:ok	:generate	"197-null"
2026-03-11 14:38:17,508{GMT}	INFO	[jepsen worker 0] jepsen.util: 0	:ok	:generate	"234-null"
2026-03-11 14:38:17,508{GMT}	INFO	[jepsen worker 0] jepsen.util: 0	:invoke	:generate	nil
2026-03-11 14:38:17,509{GMT}	INFO	[jepsen worker 1] jepsen.util: 1	:invoke	:generate	nil
2026-03-11 14:38:17,509{GMT}	INFO	[jepsen worker 2] jepsen.util: 2	:invoke	:generate	nil
2026-03-11 14:38:17,510{GMT}	INFO	[jepsen worker 2] jepsen.util: 2	:ok	:generate	"198-null"
2026-03-11 14:38:17,510{GMT}	INFO	[jepsen worker 0] jepsen.util: 0	:ok	:generate	"235-null"
2026-03-11 14:38:17,510{GMT}	INFO	[jepsen worker 1] jepsen.util: 1	:ok	:generate	"222-null"
2026-03-11 14:38:17,510{GMT}	INFO	[jepsen worker 0] jepsen.util: 0	:invoke	:generate	nil
2026-03-11 14:38:17,511{GMT}	INFO	[jepsen worker 0] jepsen.util: 0	:ok	:generate	"236-null"
2026-03-11 14:38:17,511{GMT}	INFO	[jepsen worker 1] jepsen.util: 1	:invoke	:generate	nil
2026-03-11 14:38:17,512{GMT}	INFO	[jepsen worker 1] jepsen.util: 1	:ok	:generate	"223-null"
2026-03-11 14:38:17,512{GMT}	INFO	[jepsen worker 1] jepsen.util: 1	:invoke	:generate	nil
2026-03-11 14:38:17,513{GMT}	INFO	[jepsen worker 1] jepsen.util: 1	:ok	:generate	"224-null"
2026-03-11 14:38:17,514{GMT}	INFO	[jepsen worker 2] jepsen.util: 2	:invoke	:generate	nil
2026-03-11 14:38:17,515{GMT}	INFO	[jepsen worker 2] jepsen.util: 2	:ok	:generate	"199-null"
2026-03-11 14:38:17,515{GMT}	INFO	[jepsen worker 0] jepsen.util: 0	:invoke	:generate	nil
2026-03-11 14:38:17,516{GMT}	INFO	[jepsen worker 0] jepsen.util: 0	:ok	:generate	"237-null"
2026-03-11 14:38:17,517{GMT}	INFO	[jepsen worker 0] jepsen.util: 0	:invoke	:generate	nil
2026-03-11 14:38:17,518{GMT}	INFO	[jepsen worker 1] jepsen.util: 1	:invoke	:generate	nil
2026-03-11 14:38:17,518{GMT}	INFO	[jepsen worker 0] jepsen.util: 0	:ok	:generate	"238-null"
2026-03-11 14:38:17,519{GMT}	INFO	[jepsen worker 1] jepsen.util: 1	:ok	:generate	"225-null"
2026-03-11 14:38:17,520{GMT}	INFO	[jepsen worker 2] jepsen.util: 2	:invoke	:generate	nil
2026-03-11 14:38:17,520{GMT}	INFO	[jepsen worker 0] jepsen.util: 0	:invoke	:generate	nil
2026-03-11 14:38:17,521{GMT}	INFO	[jepsen worker 1] jepsen.util: 1	:invoke	:generate	nil
2026-03-11 14:38:17,521{GMT}	INFO	[jepsen worker 2] jepsen.util: 2	:ok	:generate	"200-null"
2026-03-11 14:38:17,521{GMT}	INFO	[jepsen worker 0] jepsen.util: 0	:ok	:generate	"239-null"
2026-03-11 14:38:17,521{GMT}	INFO	[jepsen worker 2] jepsen.util: 2	:invoke	:generate	nil
2026-03-11 14:38:17,521{GMT}	INFO	[jepsen worker 1] jepsen.util: 1	:ok	:generate	"226-null"
2026-03-11 14:38:17,522{GMT}	INFO	[jepsen worker 2] jepsen.util: 2	:ok	:generate	"201-null"
2026-03-11 14:38:17,522{GMT}	INFO	[jepsen worker 2] jepsen.util: 2	:invoke	:generate	nil
2026-03-11 14:38:17,522{GMT}	INFO	[jepsen worker 0] jepsen.util: 0	:invoke	:generate	nil
2026-03-11 14:38:17,523{GMT}	INFO	[jepsen worker 2] jepsen.util: 2	:ok	:generate	"202-null"
2026-03-11 14:38:17,523{GMT}	INFO	[jepsen worker 0] jepsen.util: 0	:ok	:generate	"240-null"
2026-03-11 14:38:17,523{GMT}	INFO	[jepsen worker 0] jepsen.util: 0	:invoke	:generate	nil
2026-03-11 14:38:17,524{GMT}	INFO	[jepsen worker 1] jepsen.util: 1	:invoke	:generate	nil
2026-03-11 14:38:17,524{GMT}	INFO	[jepsen worker 0] jepsen.util: 0	:ok	:generate	"241-null"
2026-03-11 14:38:17,525{GMT}	INFO	[jepsen worker 1] jepsen.util: 1	:ok	:generate	"227-null"
2026-03-11 14:38:17,525{GMT}	INFO	[jepsen worker 2] jepsen.util: 2	:invoke	:generate	nil
2026-03-11 14:38:17,526{GMT}	INFO	[jepsen worker 0] jepsen.util: 0	:invoke	:generate	nil
2026-03-11 14:38:17,526{GMT}	INFO	[jepsen worker 1] jepsen.util: 1	:invoke	:generate	nil
2026-03-11 14:38:17,526{GMT}	INFO	[jepsen worker 2] jepsen.util: 2	:ok	:generate	"203-null"
2026-03-11 14:38:17,527{GMT}	INFO	[jepsen worker 2] jepsen.util: 2	:invoke	:generate	nil
2026-03-11 14:38:17,527{GMT}	INFO	[jepsen worker 0] jepsen.util: 0	:ok	:generate	"242-null"
2026-03-11 14:38:17,527{GMT}	INFO	[jepsen worker 1] jepsen.util: 1	:ok	:generate	"228-null"
2026-03-11 14:38:17,528{GMT}	INFO	[jepsen worker 2] jepsen.util: 2	:ok	:generate	"204-null"
2026-03-11 14:38:17,529{GMT}	INFO	[jepsen worker 2] jepsen.util: 2	:invoke	:generate	nil
2026-03-11 14:38:17,530{GMT}	INFO	[jepsen worker 2] jepsen.util: 2	:ok	:generate	"205-null"
2026-03-11 14:38:17,530{GMT}	INFO	[jepsen worker 0] jepsen.util: 0	:invoke	:generate	nil
2026-03-11 14:38:17,531{GMT}	INFO	[jepsen worker 0] jepsen.util: 0	:ok	:generate	"243-null"
2026-03-11 14:38:17,531{GMT}	INFO	[jepsen worker 1] jepsen.util: 1	:invoke	:generate	nil
2026-03-11 14:38:17,532{GMT}	INFO	[jepsen worker 1] jepsen.util: 1	:ok	:generate	"229-null"
2026-03-11 14:38:17,533{GMT}	INFO	[jepsen worker 1] jepsen.util: 1	:invoke	:generate	nil
2026-03-11 14:38:17,534{GMT}	INFO	[jepsen worker 1] jepsen.util: 1	:ok	:generate	"230-null"
2026-03-11 14:38:17,534{GMT}	INFO	[jepsen worker 2] jepsen.util: 2	:invoke	:generate	nil
2026-03-11 14:38:17,535{GMT}	INFO	[jepsen worker 0] jepsen.util: 0	:invoke	:generate	nil
2026-03-11 14:38:17,535{GMT}	INFO	[jepsen worker 1] jepsen.util: 1	:invoke	:generate	nil
2026-03-11 14:38:17,536{GMT}	INFO	[jepsen worker 2] jepsen.util: 2	:ok	:generate	"206-null"
2026-03-11 14:38:17,536{GMT}	INFO	[jepsen worker 0] jepsen.util: 0	:ok	:generate	"244-null"
2026-03-11 14:38:17,536{GMT}	INFO	[jepsen worker 2] jepsen.util: 2	:invoke	:generate	nil
2026-03-11 14:38:17,536{GMT}	INFO	[jepsen worker 1] jepsen.util: 1	:ok	:generate	"231-null"
2026-03-11 14:38:17,536{GMT}	INFO	[jepsen worker 0] jepsen.util: 0	:invoke	:generate	nil
2026-03-11 14:38:17,537{GMT}	INFO	[jepsen worker 2] jepsen.util: 2	:ok	:generate	"207-null"
2026-03-11 14:38:17,537{GMT}	INFO	[jepsen worker 0] jepsen.util: 0	:ok	:generate	"245-null"
2026-03-11 14:38:17,537{GMT}	INFO	[jepsen worker 1] jepsen.util: 1	:invoke	:generate	nil
2026-03-11 14:38:17,538{GMT}	INFO	[jepsen worker 1] jepsen.util: 1	:ok	:generate	"232-null"
2026-03-11 14:38:17,539{GMT}	INFO	[jepsen worker 0] jepsen.util: 0	:invoke	:generate	nil
2026-03-11 14:38:17,540{GMT}	INFO	[jepsen worker 0] jepsen.util: 0	:ok	:generate	"246-null"
2026-03-11 14:38:17,540{GMT}	INFO	[jepsen worker 1] jepsen.util: 1	:invoke	:generate	nil
2026-03-11 14:38:17,541{GMT}	INFO	[jepsen worker 1] jepsen.util: 1	:ok	:generate	"233-null"
2026-03-11 14:38:17,541{GMT}	INFO	[jepsen worker 2] jepsen.util: 2	:invoke	:generate	nil
2026-03-11 14:38:17,542{GMT}	INFO	[jepsen worker 0] jepsen.util: 0	:invoke	:generate	nil
2026-03-11 14:38:17,542{GMT}	INFO	[jepsen worker 2] jepsen.util: 2	:ok	:generate	"208-null"
2026-03-11 14:38:17,542{GMT}	INFO	[jepsen worker 1] jepsen.util: 1	:invoke	:generate	nil
2026-03-11 14:38:17,543{GMT}	INFO	[jepsen worker 0] jepsen.util: 0	:ok	:generate	"247-null"
2026-03-11 14:38:17,543{GMT}	INFO	[jepsen worker 1] jepsen.util: 1	:ok	:generate	"234-null"
2026-03-11 14:38:17,544{GMT}	INFO	[jepsen worker 1] jepsen.util: 1	:invoke	:generate	nil
2026-03-11 14:38:17,545{GMT}	INFO	[jepsen worker 1] jepsen.util: 1	:ok	:generate	"235-null"
2026-03-11 14:38:17,546{GMT}	INFO	[jepsen worker 2] jepsen.util: 2	:invoke	:generate	nil
2026-03-11 14:38:17,546{GMT}	INFO	[jepsen worker 0] jepsen.util: 0	:invoke	:generate	nil
2026-03-11 14:38:17,546{GMT}	INFO	[jepsen worker 1] jepsen.util: 1	:invoke	:generate	nil
2026-03-11 14:38:17,546{GMT}	INFO	[jepsen worker 0] jepsen.util: 0	:ok	:generate	"248-null"
2026-03-11 14:38:17,546{GMT}	INFO	[jepsen worker 2] jepsen.util: 2	:ok	:generate	"209-null"
2026-03-11 14:38:17,547{GMT}	INFO	[jepsen worker 2] jepsen.util: 2	:invoke	:generate	nil
2026-03-11 14:38:17,547{GMT}	INFO	[jepsen worker 1] jepsen.util: 1	:ok	:generate	"236-null"
2026-03-11 14:38:17,548{GMT}	INFO	[jepsen worker 2] jepsen.util: 2	:ok	:generate	"210-null"
2026-03-11 14:38:17,549{GMT}	INFO	[jepsen worker 2] jepsen.util: 2	:invoke	:generate	nil
2026-03-11 14:38:17,550{GMT}	INFO	[jepsen worker 2] jepsen.util: 2	:ok	:generate	"211-null"
2026-03-11 14:38:17,551{GMT}	INFO	[jepsen worker 0] jepsen.util: 0	:invoke	:generate	nil
2026-03-11 14:38:17,551{GMT}	INFO	[jepsen worker 0] jepsen.util: 0	:ok	:generate	"249-null"
2026-03-11 14:38:17,553{GMT}	INFO	[jepsen worker 0] jepsen.util: 0	:invoke	:generate	nil
2026-03-11 14:38:17,553{GMT}	INFO	[jepsen worker 0] jepsen.util: 0	:ok	:generate	"250-null"
2026-03-11 14:38:17,554{GMT}	INFO	[jepsen worker 1] jepsen.util: 1	:invoke	:generate	nil
2026-03-11 14:38:17,555{GMT}	INFO	[jepsen worker 1] jepsen.util: 1	:ok	:generate	"237-null"
2026-03-11 14:38:17,555{GMT}	INFO	[jepsen worker 2] jepsen.util: 2	:invoke	:generate	nil
2026-03-11 14:38:17,556{GMT}	INFO	[jepsen worker 2] jepsen.util: 2	:ok	:generate	"212-null"
2026-03-11 14:38:17,556{GMT}	INFO	[jepsen worker 0] jepsen.util: 0	:invoke	:generate	nil
2026-03-11 14:38:17,557{GMT}	INFO	[jepsen worker 1] jepsen.util: 1	:invoke	:generate	nil
2026-03-11 14:38:17,557{GMT}	INFO	[jepsen worker 0] jepsen.util: 0	:ok	:generate	"251-null"
2026-03-11 14:38:17,558{GMT}	INFO	[jepsen worker 1] jepsen.util: 1	:ok	:generate	"238-null"
2026-03-11 14:38:17,558{GMT}	INFO	[jepsen worker 1] jepsen.util: 1	:invoke	:generate	nil
2026-03-11 14:38:17,559{GMT}	INFO	[jepsen worker 2] jepsen.util: 2	:invoke	:generate	nil
2026-03-11 14:38:17,559{GMT}	INFO	[jepsen worker 1] jepsen.util: 1	:ok	:generate	"239-null"
2026-03-11 14:38:17,560{GMT}	INFO	[jepsen worker 2] jepsen.util: 2	:ok	:generate	"213-null"
2026-03-11 14:38:17,561{GMT}	INFO	[jepsen worker 0] jepsen.util: 0	:invoke	:generate	nil
2026-03-11 14:38:17,562{GMT}	INFO	[jepsen worker 0] jepsen.util: 0	:ok	:generate	"252-null"
2026-03-11 14:38:17,562{GMT}	INFO	[jepsen worker 1] jepsen.util: 1	:invoke	:generate	nil
2026-03-11 14:38:17,563{GMT}	INFO	[jepsen worker 1] jepsen.util: 1	:ok	:generate	"240-null"
2026-03-11 14:38:17,563{GMT}	INFO	[jepsen worker 1] jepsen.util: 1	:invoke	:generate	nil
2026-03-11 14:38:17,564{GMT}	INFO	[jepsen worker 1] jepsen.util: 1	:ok	:generate	"241-null"
2026-03-11 14:38:17,566{GMT}	INFO	[jepsen worker 2] jepsen.util: 2	:invoke	:generate	nil
2026-03-11 14:38:17,566{GMT}	INFO	[jepsen worker 2] jepsen.util: 2	:ok	:generate	"214-null"
2026-03-11 14:38:17,567{GMT}	INFO	[jepsen worker 0] jepsen.util: 0	:invoke	:generate	nil
2026-03-11 14:38:17,567{GMT}	INFO	[jepsen worker 0] jepsen.util: 0	:ok	:generate	"253-null"
2026-03-11 14:38:17,569{GMT}	INFO	[jepsen worker 0] jepsen.util: 0	:invoke	:generate	nil
2026-03-11 14:38:17,569{GMT}	INFO	[jepsen worker 0] jepsen.util: 0	:ok	:generate	"254-null"
2026-03-11 14:38:17,571{GMT}	INFO	[jepsen worker 1] jepsen.util: 1	:invoke	:generate	nil
2026-03-11 14:38:17,572{GMT}	INFO	[jepsen worker 1] jepsen.util: 1	:ok	:generate	"242-null"
2026-03-11 14:38:17,573{GMT}	INFO	[jepsen worker 2] jepsen.util: 2	:invoke	:generate	nil
2026-03-11 14:38:17,573{GMT}	INFO	[jepsen worker 0] jepsen.util: 0	:invoke	:generate	nil
2026-03-11 14:38:17,574{GMT}	INFO	[jepsen worker 0] jepsen.util: 0	:ok	:generate	"255-null"
2026-03-11 14:38:17,574{GMT}	INFO	[jepsen worker 2] jepsen.util: 2	:ok	:generate	"215-null"
2026-03-11 14:38:17,574{GMT}	INFO	[jepsen worker 0] jepsen.util: 0	:invoke	:generate	nil
2026-03-11 14:38:17,575{GMT}	INFO	[jepsen worker 1] jepsen.util: 1	:invoke	:generate	nil
2026-03-11 14:38:17,575{GMT}	INFO	[jepsen worker 0] jepsen.util: 0	:ok	:generate	"256-null"
2026-03-11 14:38:17,576{GMT}	INFO	[jepsen worker 1] jepsen.util: 1	:ok	:generate	"243-null"
2026-03-11 14:38:17,576{GMT}	INFO	[jepsen worker 2] jepsen.util: 2	:invoke	:generate	nil
2026-03-11 14:38:17,577{GMT}	INFO	[jepsen worker 2] jepsen.util: 2	:ok	:generate	"216-null"
2026-03-11 14:38:17,578{GMT}	INFO	[jepsen worker 0] jepsen.util: 0	:invoke	:generate	nil
2026-03-11 14:38:17,578{GMT}	INFO	[jepsen worker 1] jepsen.util: 1	:invoke	:generate	nil
2026-03-11 14:38:17,578{GMT}	INFO	[jepsen worker 0] jepsen.util: 0	:ok	:generate	"257-null"
2026-03-11 14:38:17,579{GMT}	INFO	[jepsen worker 1] jepsen.util: 1	:ok	:generate	"244-null"
2026-03-11 14:38:17,580{GMT}	INFO	[jepsen worker 1] jepsen.util: 1	:invoke	:generate	nil
2026-03-11 14:38:17,581{GMT}	INFO	[jepsen worker 1] jepsen.util: 1	:ok	:generate	"245-null"
2026-03-11 14:38:17,582{GMT}	INFO	[jepsen worker 2] jepsen.util: 2	:invoke	:generate	nil
2026-03-11 14:38:17,583{GMT}	INFO	[jepsen worker 2] jepsen.util: 2	:ok	:generate	"217-null"
2026-03-11 14:38:17,583{GMT}	INFO	[jepsen worker 0] jepsen.util: 0	:invoke	:generate	nil
2026-03-11 14:38:17,584{GMT}	INFO	[jepsen worker 1] jepsen.util: 1	:invoke	:generate	nil
2026-03-11 14:38:17,584{GMT}	INFO	[jepsen worker 0] jepsen.util: 0	:ok	:generate	"258-null"
2026-03-11 14:38:17,584{GMT}	INFO	[jepsen worker 1] jepsen.util: 1	:ok	:generate	"246-null"
2026-03-11 14:38:17,585{GMT}	INFO	[jepsen worker 1] jepsen.util: 1	:invoke	:generate	nil
2026-03-11 14:38:17,585{GMT}	INFO	[jepsen worker 1] jepsen.util: 1	:ok	:generate	"247-null"
2026-03-11 14:38:17,586{GMT}	INFO	[jepsen worker 2] jepsen.util: 2	:invoke	:generate	nil
2026-03-11 14:38:17,587{GMT}	INFO	[jepsen worker 2] jepsen.util: 2	:ok	:generate	"218-null"
2026-03-11 14:38:17,587{GMT}	INFO	[jepsen worker 0] jepsen.util: 0	:invoke	:generate	nil
2026-03-11 14:38:17,588{GMT}	INFO	[jepsen worker 1] jepsen.util: 1	:invoke	:generate	nil
2026-03-11 14:38:17,588{GMT}	INFO	[jepsen worker 0] jepsen.util: 0	:ok	:generate	"259-null"
2026-03-11 14:38:17,589{GMT}	INFO	[jepsen worker 2] jepsen.util: 2	:invoke	:generate	nil
2026-03-11 14:38:17,589{GMT}	INFO	[jepsen worker 1] jepsen.util: 1	:ok	:generate	"248-null"
2026-03-11 14:38:17,589{GMT}	INFO	[jepsen worker 2] jepsen.util: 2	:ok	:generate	"219-null"
2026-03-11 14:38:17,589{GMT}	INFO	[jepsen worker 2] jepsen.util: 2	:invoke	:generate	nil
2026-03-11 14:38:17,590{GMT}	INFO	[jepsen worker 2] jepsen.util: 2	:ok	:generate	"220-null"
2026-03-11 14:38:17,590{GMT}	INFO	[jepsen worker 0] jepsen.util: 0	:invoke	:generate	nil
2026-03-11 14:38:17,591{GMT}	INFO	[jepsen worker 0] jepsen.util: 0	:ok	:generate	"260-null"
2026-03-11 14:38:17,591{GMT}	INFO	[jepsen worker 1] jepsen.util: 1	:invoke	:generate	nil
2026-03-11 14:38:17,592{GMT}	INFO	[jepsen worker 1] jepsen.util: 1	:ok	:generate	"249-null"
2026-03-11 14:38:17,592{GMT}	INFO	[jepsen worker 2] jepsen.util: 2	:invoke	:generate	nil
2026-03-11 14:38:17,592{GMT}	INFO	[jepsen worker 0] jepsen.util: 0	:invoke	:generate	nil
2026-03-11 14:38:17,592{GMT}	INFO	[jepsen worker 1] jepsen.util: 1	:invoke	:generate	nil
2026-03-11 14:38:17,593{GMT}	INFO	[jepsen worker 0] jepsen.util: 0	:ok	:generate	"261-null"
2026-03-11 14:38:17,593{GMT}	INFO	[jepsen worker 1] jepsen.util: 1	:ok	:generate	"250-null"
2026-03-11 14:38:17,593{GMT}	INFO	[jepsen worker 0] jepsen.util: 0	:invoke	:generate	nil
2026-03-11 14:38:17,593{GMT}	INFO	[jepsen worker 1] jepsen.util: 1	:invoke	:generate	nil
2026-03-11 14:38:17,594{GMT}	INFO	[jepsen worker 0] jepsen.util: 0	:ok	:generate	"262-null"
2026-03-11 14:38:17,594{GMT}	INFO	[jepsen worker 2] jepsen.util: 2	:ok	:generate	"221-null"
2026-03-11 14:38:17,595{GMT}	INFO	[jepsen worker 1] jepsen.util: 1	:ok	:generate	"251-null"
2026-03-11 14:38:17,595{GMT}	INFO	[jepsen worker 2] jepsen.util: 2	:invoke	:generate	nil
2026-03-11 14:38:17,596{GMT}	INFO	[jepsen worker 2] jepsen.util: 2	:ok	:generate	"222-null"
2026-03-11 14:38:17,597{GMT}	INFO	[jepsen worker 0] jepsen.util: 0	:invoke	:generate	nil
2026-03-11 14:38:17,598{GMT}	INFO	[jepsen worker 0] jepsen.util: 0	:ok	:generate	"263-null"
2026-03-11 14:38:17,598{GMT}	INFO	[jepsen worker 0] jepsen.util: 0	:invoke	:generate	nil
2026-03-11 14:38:17,599{GMT}	INFO	[jepsen worker 0] jepsen.util: 0	:ok	:generate	"264-null"
2026-03-11 14:38:17,599{GMT}	INFO	[jepsen worker 1] jepsen.util: 1	:invoke	:generate	nil
2026-03-11 14:38:17,600{GMT}	INFO	[jepsen worker 1] jepsen.util: 1	:ok	:generate	"252-null"
2026-03-11 14:38:17,600{GMT}	INFO	[jepsen worker 2] jepsen.util: 2	:invoke	:generate	nil
2026-03-11 14:38:17,601{GMT}	INFO	[jepsen worker 2] jepsen.util: 2	:ok	:generate	"223-null"
2026-03-11 14:38:17,602{GMT}	INFO	[jepsen worker 0] jepsen.util: 0	:invoke	:generate	nil
2026-03-11 14:38:17,603{GMT}	INFO	[jepsen worker 0] jepsen.util: 0	:ok	:generate	"265-null"
2026-03-11 14:38:17,603{GMT}	INFO	[jepsen worker 0] jepsen.util: 0	:invoke	:generate	nil
2026-03-11 14:38:17,604{GMT}	INFO	[jepsen worker 0] jepsen.util: 0	:ok	:generate	"266-null"
2026-03-11 14:38:17,605{GMT}	INFO	[jepsen worker 1] jepsen.util: 1	:invoke	:generate	nil
2026-03-11 14:38:17,606{GMT}	INFO	[jepsen worker 1] jepsen.util: 1	:ok	:generate	"253-null"
2026-03-11 14:38:17,607{GMT}	INFO	[jepsen worker 2] jepsen.util: 2	:invoke	:generate	nil
2026-03-11 14:38:17,607{GMT}	INFO	[jepsen worker 2] jepsen.util: 2	:ok	:generate	"224-null"
2026-03-11 14:38:17,608{GMT}	INFO	[jepsen worker 0] jepsen.util: 0	:invoke	:generate	nil
2026-03-11 14:38:17,609{GMT}	INFO	[jepsen worker 0] jepsen.util: 0	:ok	:generate	"267-null"
2026-03-11 14:38:17,610{GMT}	INFO	[jepsen worker 0] jepsen.util: 0	:invoke	:generate	nil
2026-03-11 14:38:17,610{GMT}	INFO	[jepsen worker 0] jepsen.util: 0	:ok	:generate	"268-null"
2026-03-11 14:38:17,612{GMT}	INFO	[jepsen worker 1] jepsen.util: 1	:invoke	:generate	nil
2026-03-11 14:38:17,612{GMT}	INFO	[jepsen worker 2] jepsen.util: 2	:invoke	:generate	nil
2026-03-11 14:38:17,613{GMT}	INFO	[jepsen worker 0] jepsen.util: 0	:invoke	:generate	nil
2026-03-11 14:38:17,613{GMT}	INFO	[jepsen worker 1] jepsen.util: 1	:ok	:generate	"254-null"
2026-03-11 14:38:17,613{GMT}	INFO	[jepsen worker 2] jepsen.util: 2	:ok	:generate	"225-null"
2026-03-11 14:38:17,614{GMT}	INFO	[jepsen worker 0] jepsen.util: 0	:ok	:generate	"269-null"
2026-03-11 14:38:17,614{GMT}	INFO	[jepsen worker 0] jepsen.util: 0	:invoke	:generate	nil
2026-03-11 14:38:17,615{GMT}	INFO	[jepsen worker 0] jepsen.util: 0	:ok	:generate	"270-null"
2026-03-11 14:38:17,616{GMT}	INFO	[jepsen worker 1] jepsen.util: 1	:invoke	:generate	nil
2026-03-11 14:38:17,617{GMT}	INFO	[jepsen worker 2] jepsen.util: 2	:invoke	:generate	nil
2026-03-11 14:38:17,617{GMT}	INFO	[jepsen worker 1] jepsen.util: 1	:ok	:generate	"255-null"
2026-03-11 14:38:17,618{GMT}	INFO	[jepsen worker 2] jepsen.util: 2	:ok	:generate	"226-null"
2026-03-11 14:38:17,618{GMT}	INFO	[jepsen worker 0] jepsen.util: 0	:invoke	:generate	nil
2026-03-11 14:38:17,619{GMT}	INFO	[jepsen worker 0] jepsen.util: 0	:ok	:generate	"271-null"
2026-03-11 14:38:17,619{GMT}	INFO	[jepsen worker 1] jepsen.util: 1	:invoke	:generate	nil
2026-03-11 14:38:17,620{GMT}	INFO	[jepsen worker 1] jepsen.util: 1	:ok	:generate	"256-null"
2026-03-11 14:38:17,620{GMT}	INFO	[jepsen worker 1] jepsen.util: 1	:invoke	:generate	nil
2026-03-11 14:38:17,621{GMT}	INFO	[jepsen worker 1] jepsen.util: 1	:ok	:generate	"257-null"
2026-03-11 14:38:17,621{GMT}	INFO	[jepsen worker 2] jepsen.util: 2	:invoke	:generate	nil
2026-03-11 14:38:17,622{GMT}	INFO	[jepsen worker 0] jepsen.util: 0	:invoke	:generate	nil
2026-03-11 14:38:17,622{GMT}	INFO	[jepsen worker 2] jepsen.util: 2	:ok	:generate	"227-null"
2026-03-11 14:38:17,622{GMT}	INFO	[jepsen worker 0] jepsen.util: 0	:ok	:generate	"272-null"
2026-03-11 14:38:17,624{GMT}	INFO	[jepsen worker 0] jepsen.util: 0	:invoke	:generate	nil
2026-03-11 14:38:17,624{GMT}	INFO	[jepsen worker 1] jepsen.util: 1	:invoke	:generate	nil
2026-03-11 14:38:17,624{GMT}	INFO	[jepsen worker 0] jepsen.util: 0	:ok	:generate	"273-null"
2026-03-11 14:38:17,625{GMT}	INFO	[jepsen worker 2] jepsen.util: 2	:invoke	:generate	nil
2026-03-11 14:38:17,625{GMT}	INFO	[jepsen worker 1] jepsen.util: 1	:ok	:generate	"258-null"
2026-03-11 14:38:17,625{GMT}	INFO	[jepsen worker 0] jepsen.util: 0	:invoke	:generate	nil
2026-03-11 14:38:17,626{GMT}	INFO	[jepsen worker 1] jepsen.util: 1	:invoke	:generate	nil
2026-03-11 14:38:17,626{GMT}	INFO	[jepsen worker 2] jepsen.util: 2	:ok	:generate	"228-null"
2026-03-11 14:38:17,626{GMT}	INFO	[jepsen worker 1] jepsen.util: 1	:ok	:generate	"259-null"
2026-03-11 14:38:17,626{GMT}	INFO	[jepsen worker 0] jepsen.util: 0	:ok	:generate	"274-null"
2026-03-11 14:38:17,626{GMT}	INFO	[jepsen worker 1] jepsen.util: 1	:invoke	:generate	nil
2026-03-11 14:38:17,626{GMT}	INFO	[jepsen worker 2] jepsen.util: 2	:invoke	:generate	nil
2026-03-11 14:38:17,627{GMT}	INFO	[jepsen worker 1] jepsen.util: 1	:ok	:generate	"260-null"
2026-03-11 14:38:17,627{GMT}	INFO	[jepsen worker 2] jepsen.util: 2	:ok	:generate	"229-null"
2026-03-11 14:38:17,628{GMT}	INFO	[jepsen worker 0] jepsen.util: 0	:invoke	:generate	nil
2026-03-11 14:38:17,629{GMT}	INFO	[jepsen worker 0] jepsen.util: 0	:ok	:generate	"275-null"
2026-03-11 14:38:17,629{GMT}	INFO	[jepsen worker 0] jepsen.util: 0	:invoke	:generate	nil
2026-03-11 14:38:17,629{GMT}	INFO	[jepsen worker 0] jepsen.util: 0	:ok	:generate	"276-null"
2026-03-11 14:38:17,630{GMT}	INFO	[jepsen worker 1] jepsen.util: 1	:invoke	:generate	nil
2026-03-11 14:38:17,631{GMT}	INFO	[jepsen worker 1] jepsen.util: 1	:ok	:generate	"261-null"
2026-03-11 14:38:17,631{GMT}	INFO	[jepsen worker 2] jepsen.util: 2	:invoke	:generate	nil
2026-03-11 14:38:17,632{GMT}	INFO	[jepsen worker 2] jepsen.util: 2	:ok	:generate	"230-null"
2026-03-11 14:38:17,633{GMT}	INFO	[jepsen worker 0] jepsen.util: 0	:invoke	:generate	nil
2026-03-11 14:38:17,635{GMT}	INFO	[jepsen worker 0] jepsen.util: 0	:ok	:generate	"277-null"
2026-03-11 14:38:17,635{GMT}	INFO	[jepsen worker 0] jepsen.util: 0	:invoke	:generate	nil
2026-03-11 14:38:17,636{GMT}	INFO	[jepsen worker 0] jepsen.util: 0	:ok	:generate	"278-null"
2026-03-11 14:38:17,637{GMT}	INFO	[jepsen worker 1] jepsen.util: 1	:invoke	:generate	nil
2026-03-11 14:38:17,637{GMT}	INFO	[jepsen worker 2] jepsen.util: 2	:invoke	:generate	nil
2026-03-11 14:38:17,638{GMT}	INFO	[jepsen worker 1] jepsen.util: 1	:ok	:generate	"262-null"
2026-03-11 14:38:17,638{GMT}	INFO	[jepsen worker 2] jepsen.util: 2	:ok	:generate	"231-null"
2026-03-11 14:38:17,639{GMT}	INFO	[jepsen worker 0] jepsen.util: 0	:invoke	:generate	nil
2026-03-11 14:38:17,640{GMT}	INFO	[jepsen worker 1] jepsen.util: 1	:invoke	:generate	nil
2026-03-11 14:38:17,640{GMT}	INFO	[jepsen worker 0] jepsen.util: 0	:ok	:generate	"279-null"
2026-03-11 14:38:17,641{GMT}	INFO	[jepsen worker 2] jepsen.util: 2	:invoke	:generate	nil
2026-03-11 14:38:17,641{GMT}	INFO	[jepsen worker 1] jepsen.util: 1	:ok	:generate	"263-null"
2026-03-11 14:38:17,641{GMT}	INFO	[jepsen worker 0] jepsen.util: 0	:invoke	:generate	nil
2026-03-11 14:38:17,642{GMT}	INFO	[jepsen worker 1] jepsen.util: 1	:invoke	:generate	nil
2026-03-11 14:38:17,642{GMT}	INFO	[jepsen worker 0] jepsen.util: 0	:ok	:generate	"280-null"
2026-03-11 14:38:17,642{GMT}	INFO	[jepsen worker 2] jepsen.util: 2	:ok	:generate	"232-null"
2026-03-11 14:38:17,643{GMT}	INFO	[jepsen worker 1] jepsen.util: 1	:ok	:generate	"264-null"
2026-03-11 14:38:17,644{GMT}	INFO	[jepsen worker 0] jepsen.util: 0	:invoke	:generate	nil
2026-03-11 14:38:17,644{GMT}	INFO	[jepsen worker 1] jepsen.util: 1	:invoke	:generate	nil
2026-03-11 14:38:17,645{GMT}	INFO	[jepsen worker 2] jepsen.util: 2	:invoke	:generate	nil
2026-03-11 14:38:17,646{GMT}	INFO	[jepsen worker 1] jepsen.util: 1	:ok	:generate	"265-null"
2026-03-11 14:38:17,646{GMT}	INFO	[jepsen worker 0] jepsen.util: 0	:ok	:generate	"281-null"
2026-03-11 14:38:17,646{GMT}	INFO	[jepsen worker 0] jepsen.util: 0	:invoke	:generate	nil
2026-03-11 14:38:17,646{GMT}	INFO	[jepsen worker 2] jepsen.util: 2	:ok	:generate	"233-null"
2026-03-11 14:38:17,646{GMT}	INFO	[jepsen worker 1] jepsen.util: 1	:invoke	:generate	nil
2026-03-11 14:38:17,646{GMT}	INFO	[jepsen worker 0] jepsen.util: 0	:ok	:generate	"282-null"
2026-03-11 14:38:17,647{GMT}	INFO	[jepsen worker 1] jepsen.util: 1	:ok	:generate	"266-null"
2026-03-11 14:38:17,647{GMT}	INFO	[jepsen worker 1] jepsen.util: 1	:invoke	:generate	nil
2026-03-11 14:38:17,648{GMT}	INFO	[jepsen worker 1] jepsen.util: 1	:ok	:generate	"267-null"
2026-03-11 14:38:17,650{GMT}	INFO	[jepsen worker 2] jepsen.util: 2	:invoke	:generate	nil
2026-03-11 14:38:17,650{GMT}	INFO	[jepsen worker 0] jepsen.util: 0	:invoke	:generate	nil
2026-03-11 14:38:17,650{GMT}	INFO	[jepsen worker 2] jepsen.util: 2	:ok	:generate	"234-null"
2026-03-11 14:38:17,650{GMT}	INFO	[jepsen worker 0] jepsen.util: 0	:ok	:generate	"283-null"
2026-03-11 14:38:17,651{GMT}	INFO	[jepsen worker 0] jepsen.util: 0	:invoke	:generate	nil
2026-03-11 14:38:17,651{GMT}	INFO	[jepsen worker 0] jepsen.util: 0	:ok	:generate	"284-null"
2026-03-11 14:38:17,651{GMT}	INFO	[jepsen worker 1] jepsen.util: 1	:invoke	:generate	nil
2026-03-11 14:38:17,652{GMT}	INFO	[jepsen worker 1] jepsen.util: 1	:ok	:generate	"268-null"
2026-03-11 14:38:17,652{GMT}	INFO	[jepsen worker 2] jepsen.util: 2	:invoke	:generate	nil
2026-03-11 14:38:17,653{GMT}	INFO	[jepsen worker 2] jepsen.util: 2	:ok	:generate	"235-null"
2026-03-11 14:38:17,653{GMT}	INFO	[jepsen worker 0] jepsen.util: 0	:invoke	:generate	nil
2026-03-11 14:38:17,653{GMT}	INFO	[jepsen worker 1] jepsen.util: 1	:invoke	:generate	nil
2026-03-11 14:38:17,654{GMT}	INFO	[jepsen worker 0] jepsen.util: 0	:ok	:generate	"285-null"
2026-03-11 14:38:17,654{GMT}	INFO	[jepsen worker 1] jepsen.util: 1	:ok	:generate	"269-null"
2026-03-11 14:38:17,654{GMT}	INFO	[jepsen worker 1] jepsen.util: 1	:invoke	:generate	nil
2026-03-11 14:38:17,655{GMT}	INFO	[jepsen worker 2] jepsen.util: 2	:invoke	:generate	nil
2026-03-11 14:38:17,655{GMT}	INFO	[jepsen worker 0] jepsen.util: 0	:invoke	:generate	nil
2026-03-11 14:38:17,655{GMT}	INFO	[jepsen worker 1] jepsen.util: 1	:ok	:generate	"270-null"
2026-03-11 14:38:17,656{GMT}	INFO	[jepsen worker 2] jepsen.util: 2	:ok	:generate	"236-null"
2026-03-11 14:38:17,656{GMT}	INFO	[jepsen worker 0] jepsen.util: 0	:ok	:generate	"286-null"
2026-03-11 14:38:17,657{GMT}	INFO	[jepsen worker 0] jepsen.util: 0	:invoke	:generate	nil
2026-03-11 14:38:17,657{GMT}	INFO	[jepsen worker 0] jepsen.util: 0	:ok	:generate	"287-null"
2026-03-11 14:38:17,658{GMT}	INFO	[jepsen worker 1] jepsen.util: 1	:invoke	:generate	nil
2026-03-11 14:38:17,659{GMT}	INFO	[jepsen worker 1] jepsen.util: 1	:ok	:generate	"271-null"
2026-03-11 14:38:17,660{GMT}	INFO	[jepsen worker 2] jepsen.util: 2	:invoke	:generate	nil
2026-03-11 14:38:17,660{GMT}	INFO	[jepsen worker 0] jepsen.util: 0	:invoke	:generate	nil
2026-03-11 14:38:17,661{GMT}	INFO	[jepsen worker 0] jepsen.util: 0	:ok	:generate	"288-null"
2026-03-11 14:38:17,661{GMT}	INFO	[jepsen worker 0] jepsen.util: 0	:invoke	:generate	nil
2026-03-11 14:38:17,662{GMT}	INFO	[jepsen worker 0] jepsen.util: 0	:ok	:generate	"289-null"
2026-03-11 14:38:17,663{GMT}	INFO	[jepsen worker 2] jepsen.util: 2	:ok	:generate	"237-null"
2026-03-11 14:38:17,663{GMT}	INFO	[jepsen worker 1] jepsen.util: 1	:invoke	:generate	nil
2026-03-11 14:38:17,664{GMT}	INFO	[jepsen worker 2] jepsen.util: 2	:invoke	:generate	nil
2026-03-11 14:38:17,664{GMT}	INFO	[jepsen worker 1] jepsen.util: 1	:ok	:generate	"272-null"
2026-03-11 14:38:17,664{GMT}	INFO	[jepsen worker 2] jepsen.util: 2	:ok	:generate	"238-null"
2026-03-11 14:38:17,666{GMT}	INFO	[jepsen worker 0] jepsen.util: 0	:invoke	:generate	nil
2026-03-11 14:38:17,666{GMT}	INFO	[jepsen worker 0] jepsen.util: 0	:ok	:generate	"290-null"
2026-03-11 14:38:17,667{GMT}	INFO	[jepsen worker 0] jepsen.util: 0	:invoke	:generate	nil
2026-03-11 14:38:17,668{GMT}	INFO	[jepsen worker 0] jepsen.util: 0	:ok	:generate	"291-null"
2026-03-11 14:38:17,668{GMT}	INFO	[jepsen worker 1] jepsen.util: 1	:invoke	:generate	nil
2026-03-11 14:38:17,669{GMT}	INFO	[jepsen worker 2] jepsen.util: 2	:invoke	:generate	nil
2026-03-11 14:38:17,669{GMT}	INFO	[jepsen worker 1] jepsen.util: 1	:ok	:generate	"273-null"
2026-03-11 14:38:17,670{GMT}	INFO	[jepsen worker 2] jepsen.util: 2	:ok	:generate	"239-null"
2026-03-11 14:38:17,670{GMT}	INFO	[jepsen worker 0] jepsen.util: 0	:invoke	:generate	nil
2026-03-11 14:38:17,671{GMT}	INFO	[jepsen worker 0] jepsen.util: 0	:ok	:generate	"292-null"
2026-03-11 14:38:17,671{GMT}	INFO	[jepsen worker 1] jepsen.util: 1	:invoke	:generate	nil
2026-03-11 14:38:17,672{GMT}	INFO	[jepsen worker 1] jepsen.util: 1	:ok	:generate	"274-null"
2026-03-11 14:38:17,672{GMT}	INFO	[jepsen worker 1] jepsen.util: 1	:invoke	:generate	nil
2026-03-11 14:38:17,672{GMT}	INFO	[jepsen worker 2] jepsen.util: 2	:invoke	:generate	nil
2026-03-11 14:38:17,672{GMT}	INFO	[jepsen worker 1] jepsen.util: 1	:ok	:generate	"275-null"
2026-03-11 14:38:17,673{GMT}	INFO	[jepsen worker 2] jepsen.util: 2	:ok	:generate	"240-null"
2026-03-11 14:38:17,673{GMT}	INFO	[jepsen worker 0] jepsen.util: 0	:invoke	:generate	nil
2026-03-11 14:38:17,674{GMT}	INFO	[jepsen worker 1] jepsen.util: 1	:invoke	:generate	nil
2026-03-11 14:38:17,674{GMT}	INFO	[jepsen worker 0] jepsen.util: 0	:ok	:generate	"293-null"
2026-03-11 14:38:17,674{GMT}	INFO	[jepsen worker 2] jepsen.util: 2	:invoke	:generate	nil
2026-03-11 14:38:17,675{GMT}	INFO	[jepsen worker 1] jepsen.util: 1	:ok	:generate	"276-null"
2026-03-11 14:38:17,675{GMT}	INFO	[jepsen worker 0] jepsen.util: 0	:invoke	:generate	nil
2026-03-11 14:38:17,676{GMT}	INFO	[jepsen worker 2] jepsen.util: 2	:ok	:generate	"241-null"
2026-03-11 14:38:17,676{GMT}	INFO	[jepsen worker 0] jepsen.util: 0	:ok	:generate	"294-null"
2026-03-11 14:38:17,676{GMT}	INFO	[jepsen worker 0] jepsen.util: 0	:invoke	:generate	nil
2026-03-11 14:38:17,676{GMT}	INFO	[jepsen worker 1] jepsen.util: 1	:invoke	:generate	nil
2026-03-11 14:38:17,677{GMT}	INFO	[jepsen worker 0] jepsen.util: 0	:ok	:generate	"295-null"
2026-03-11 14:38:17,677{GMT}	INFO	[jepsen worker 1] jepsen.util: 1	:ok	:generate	"277-null"
2026-03-11 14:38:17,678{GMT}	INFO	[jepsen worker 1] jepsen.util: 1	:invoke	:generate	nil
2026-03-11 14:38:17,678{GMT}	INFO	[jepsen worker 1] jepsen.util: 1	:ok	:generate	"278-null"
2026-03-11 14:38:17,680{GMT}	INFO	[jepsen worker 2] jepsen.util: 2	:invoke	:generate	nil
2026-03-11 14:38:17,680{GMT}	INFO	[jepsen worker 2] jepsen.util: 2	:ok	:generate	"242-null"
2026-03-11 14:38:17,681{GMT}	INFO	[jepsen worker 0] jepsen.util: 0	:invoke	:generate	nil
2026-03-11 14:38:17,682{GMT}	INFO	[jepsen worker 0] jepsen.util: 0	:ok	:generate	"296-null"
2026-03-11 14:38:17,682{GMT}	INFO	[jepsen worker 0] jepsen.util: 0	:invoke	:generate	nil
2026-03-11 14:38:17,683{GMT}	INFO	[jepsen worker 0] jepsen.util: 0	:ok	:generate	"297-null"
2026-03-11 14:38:17,684{GMT}	INFO	[jepsen worker 1] jepsen.util: 1	:invoke	:generate	nil
2026-03-11 14:38:17,685{GMT}	INFO	[jepsen worker 1] jepsen.util: 1	:ok	:generate	"279-null"
2026-03-11 14:38:17,686{GMT}	INFO	[jepsen worker 2] jepsen.util: 2	:invoke	:generate	nil
2026-03-11 14:38:17,687{GMT}	INFO	[jepsen worker 2] jepsen.util: 2	:ok	:generate	"243-null"
2026-03-11 14:38:17,688{GMT}	INFO	[jepsen worker 0] jepsen.util: 0	:invoke	:generate	nil
2026-03-11 14:38:17,688{GMT}	INFO	[jepsen worker 0] jepsen.util: 0	:ok	:generate	"298-null"
2026-03-11 14:38:17,688{GMT}	INFO	[jepsen worker 0] jepsen.util: 0	:invoke	:generate	nil
2026-03-11 14:38:17,689{GMT}	INFO	[jepsen worker 1] jepsen.util: 1	:invoke	:generate	nil
2026-03-11 14:38:17,689{GMT}	INFO	[jepsen worker 0] jepsen.util: 0	:ok	:generate	"299-null"
2026-03-11 14:38:17,690{GMT}	INFO	[jepsen worker 1] jepsen.util: 1	:ok	:generate	"280-null"
2026-03-11 14:38:17,690{GMT}	INFO	[jepsen worker 2] jepsen.util: 2	:invoke	:generate	nil
2026-03-11 14:38:17,690{GMT}	INFO	[jepsen worker 0] jepsen.util: 0	:invoke	:generate	nil
2026-03-11 14:38:17,690{GMT}	INFO	[jepsen worker 1] jepsen.util: 1	:invoke	:generate	nil
2026-03-11 14:38:17,692{GMT}	INFO	[jepsen worker 0] jepsen.util: 0	:ok	:generate	"300-null"
2026-03-11 14:38:17,692{GMT}	INFO	[jepsen worker 1] jepsen.util: 1	:ok	:generate	"281-null"
2026-03-11 14:38:17,692{GMT}	INFO	[jepsen worker 2] jepsen.util: 2	:ok	:generate	"244-null"
2026-03-11 14:38:17,692{GMT}	INFO	[jepsen worker 1] jepsen.util: 1	:invoke	:generate	nil
2026-03-11 14:38:17,693{GMT}	INFO	[jepsen worker 2] jepsen.util: 2	:invoke	:generate	nil
2026-03-11 14:38:17,693{GMT}	INFO	[jepsen worker 0] jepsen.util: 0	:invoke	:generate	nil
2026-03-11 14:38:17,693{GMT}	INFO	[jepsen worker 1] jepsen.util: 1	:ok	:generate	"282-null"
2026-03-11 14:38:17,694{GMT}	INFO	[jepsen worker 1] jepsen.util: 1	:invoke	:generate	nil
2026-03-11 14:38:17,694{GMT}	INFO	[jepsen worker 0] jepsen.util: 0	:ok	:generate	"301-null"
2026-03-11 14:38:17,694{GMT}	INFO	[jepsen worker 2] jepsen.util: 2	:ok	:generate	"245-null"
2026-03-11 14:38:17,694{GMT}	INFO	[jepsen worker 2] jepsen.util: 2	:invoke	:generate	nil
2026-03-11 14:38:17,695{GMT}	INFO	[jepsen worker 1] jepsen.util: 1	:ok	:generate	"283-null"
2026-03-11 14:38:17,695{GMT}	INFO	[jepsen worker 2] jepsen.util: 2	:ok	:generate	"246-null"
2026-03-11 14:38:17,697{GMT}	INFO	[jepsen worker 2] jepsen.util: 2	:invoke	:generate	nil
2026-03-11 14:38:17,697{GMT}	INFO	[jepsen worker 2] jepsen.util: 2	:ok	:generate	"247-null"
2026-03-11 14:38:17,698{GMT}	INFO	[jepsen worker 0] jepsen.util: 0	:invoke	:generate	nil
2026-03-11 14:38:17,699{GMT}	INFO	[jepsen worker 0] jepsen.util: 0	:ok	:generate	"302-null"
2026-03-11 14:38:17,700{GMT}	INFO	[jepsen worker 0] jepsen.util: 0	:invoke	:generate	nil
2026-03-11 14:38:17,700{GMT}	INFO	[jepsen worker 0] jepsen.util: 0	:ok	:generate	"303-null"
2026-03-11 14:38:17,701{GMT}	INFO	[jepsen worker 1] jepsen.util: 1	:invoke	:generate	nil
2026-03-11 14:38:17,702{GMT}	INFO	[jepsen worker 1] jepsen.util: 1	:ok	:generate	"284-null"
2026-03-11 14:38:17,702{GMT}	INFO	[jepsen worker 2] jepsen.util: 2	:invoke	:generate	nil
2026-03-11 14:38:17,703{GMT}	INFO	[jepsen worker 2] jepsen.util: 2	:ok	:generate	"248-null"
2026-03-11 14:38:17,705{GMT}	INFO	[jepsen worker 0] jepsen.util: 0	:invoke	:generate	nil
2026-03-11 14:38:17,705{GMT}	INFO	[jepsen worker 0] jepsen.util: 0	:ok	:generate	"304-null"
2026-03-11 14:38:17,706{GMT}	INFO	[jepsen worker 0] jepsen.util: 0	:invoke	:generate	nil
2026-03-11 14:38:17,707{GMT}	INFO	[jepsen worker 0] jepsen.util: 0	:ok	:generate	"305-null"
2026-03-11 14:38:17,708{GMT}	INFO	[jepsen worker 1] jepsen.util: 1	:invoke	:generate	nil
2026-03-11 14:38:17,708{GMT}	INFO	[jepsen worker 2] jepsen.util: 2	:invoke	:generate	nil
2026-03-11 14:38:17,709{GMT}	INFO	[jepsen worker 1] jepsen.util: 1	:ok	:generate	"285-null"
2026-03-11 14:38:17,709{GMT}	INFO	[jepsen worker 0] jepsen.util: 0	:invoke	:generate	nil
2026-03-11 14:38:17,709{GMT}	INFO	[jepsen worker 2] jepsen.util: 2	:ok	:generate	"249-null"
2026-03-11 14:38:17,710{GMT}	INFO	[jepsen worker 1] jepsen.util: 1	:invoke	:generate	nil
2026-03-11 14:38:17,710{GMT}	INFO	[jepsen worker 0] jepsen.util: 0	:ok	:generate	"306-null"
2026-03-11 14:38:17,710{GMT}	INFO	[jepsen worker 2] jepsen.util: 2	:invoke	:generate	nil
2026-03-11 14:38:17,710{GMT}	INFO	[jepsen worker 1] jepsen.util: 1	:ok	:generate	"286-null"
2026-03-11 14:38:17,711{GMT}	INFO	[jepsen worker 2] jepsen.util: 2	:ok	:generate	"250-null"
2026-03-11 14:38:17,711{GMT}	INFO	[jepsen worker 2] jepsen.util: 2	:invoke	:generate	nil
2026-03-11 14:38:17,712{GMT}	INFO	[jepsen worker 2] jepsen.util: 2	:ok	:generate	"251-null"
2026-03-11 14:38:17,713{GMT}	INFO	[jepsen worker 0] jepsen.util: 0	:invoke	:generate	nil
2026-03-11 14:38:17,713{GMT}	INFO	[jepsen worker 0] jepsen.util: 0	:ok	:generate	"307-null"
2026-03-11 14:38:17,714{GMT}	INFO	[jepsen worker 0] jepsen.util: 0	:invoke	:generate	nil
2026-03-11 14:38:17,715{GMT}	INFO	[jepsen worker 0] jepsen.util: 0	:ok	:generate	"308-null"
2026-03-11 14:38:17,716{GMT}	INFO	[jepsen worker 1] jepsen.util: 1	:invoke	:generate	nil
2026-03-11 14:38:17,717{GMT}	INFO	[jepsen worker 1] jepsen.util: 1	:ok	:generate	"287-null"
2026-03-11 14:38:17,718{GMT}	INFO	[jepsen worker 2] jepsen.util: 2	:invoke	:generate	nil
2026-03-11 14:38:17,719{GMT}	INFO	[jepsen worker 0] jepsen.util: 0	:invoke	:generate	nil
2026-03-11 14:38:17,719{GMT}	INFO	[jepsen worker 2] jepsen.util: 2	:ok	:generate	"252-null"
2026-03-11 14:38:17,720{GMT}	INFO	[jepsen worker 1] jepsen.util: 1	:invoke	:generate	nil
2026-03-11 14:38:17,720{GMT}	INFO	[jepsen worker 0] jepsen.util: 0	:ok	:generate	"309-null"
2026-03-11 14:38:17,720{GMT}	INFO	[jepsen worker 1] jepsen.util: 1	:ok	:generate	"288-null"
2026-03-11 14:38:17,721{GMT}	INFO	[jepsen worker 1] jepsen.util: 1	:invoke	:generate	nil
2026-03-11 14:38:17,722{GMT}	INFO	[jepsen worker 1] jepsen.util: 1	:ok	:generate	"289-null"
2026-03-11 14:38:17,722{GMT}	INFO	[jepsen worker 2] jepsen.util: 2	:invoke	:generate	nil
2026-03-11 14:38:17,724{GMT}	INFO	[jepsen worker 2] jepsen.util: 2	:ok	:generate	"253-null"
2026-03-11 14:38:17,724{GMT}	INFO	[jepsen worker 0] jepsen.util: 0	:invoke	:generate	nil
2026-03-11 14:38:17,725{GMT}	INFO	[jepsen worker 0] jepsen.util: 0	:ok	:generate	"310-null"
2026-03-11 14:38:17,726{GMT}	INFO	[jepsen worker 0] jepsen.util: 0	:invoke	:generate	nil
2026-03-11 14:38:17,727{GMT}	INFO	[jepsen worker 0] jepsen.util: 0	:ok	:generate	"311-null"
2026-03-11 14:38:17,727{GMT}	INFO	[jepsen worker 1] jepsen.util: 1	:invoke	:generate	nil
2026-03-11 14:38:17,728{GMT}	INFO	[jepsen worker 1] jepsen.util: 1	:ok	:generate	"290-null"
2026-03-11 14:38:17,728{GMT}	INFO	[jepsen worker 2] jepsen.util: 2	:invoke	:generate	nil
2026-03-11 14:38:17,730{GMT}	INFO	[jepsen worker 2] jepsen.util: 2	:ok	:generate	"254-null"
2026-03-11 14:38:17,730{GMT}	INFO	[jepsen worker 0] jepsen.util: 0	:invoke	:generate	nil
2026-03-11 14:38:17,731{GMT}	INFO	[jepsen worker 1] jepsen.util: 1	:invoke	:generate	nil
2026-03-11 14:38:17,731{GMT}	INFO	[jepsen worker 0] jepsen.util: 0	:ok	:generate	"312-null"
2026-03-11 14:38:17,732{GMT}	INFO	[jepsen worker 1] jepsen.util: 1	:ok	:generate	"291-null"
2026-03-11 14:38:17,732{GMT}	INFO	[jepsen worker 1] jepsen.util: 1	:invoke	:generate	nil
2026-03-11 14:38:17,733{GMT}	INFO	[jepsen worker 1] jepsen.util: 1	:ok	:generate	"292-null"
2026-03-11 14:38:17,734{GMT}	INFO	[jepsen worker 2] jepsen.util: 2	:invoke	:generate	nil
2026-03-11 14:38:17,736{GMT}	INFO	[jepsen worker 2] jepsen.util: 2	:ok	:generate	"255-null"
2026-03-11 14:38:17,736{GMT}	INFO	[jepsen worker 0] jepsen.util: 0	:invoke	:generate	nil
2026-03-11 14:38:17,737{GMT}	INFO	[jepsen worker 1] jepsen.util: 1	:invoke	:generate	nil
2026-03-11 14:38:17,738{GMT}	INFO	[jepsen worker 0] jepsen.util: 0	:ok	:generate	"313-null"
2026-03-11 14:38:17,738{GMT}	INFO	[jepsen worker 1] jepsen.util: 1	:ok	:generate	"293-null"
2026-03-11 14:38:17,738{GMT}	INFO	[jepsen worker 1] jepsen.util: 1	:invoke	:generate	nil
2026-03-11 14:38:17,739{GMT}	INFO	[jepsen worker 2] jepsen.util: 2	:invoke	:generate	nil
2026-03-11 14:38:17,739{GMT}	INFO	[jepsen worker 1] jepsen.util: 1	:ok	:generate	"294-null"
2026-03-11 14:38:17,740{GMT}	INFO	[jepsen worker 2] jepsen.util: 2	:ok	:generate	"256-null"
2026-03-11 14:38:17,740{GMT}	INFO	[jepsen worker 0] jepsen.util: 0	:invoke	:generate	nil
2026-03-11 14:38:17,741{GMT}	INFO	[jepsen worker 1] jepsen.util: 1	:invoke	:generate	nil
2026-03-11 14:38:17,741{GMT}	INFO	[jepsen worker 2] jepsen.util: 2	:invoke	:generate	nil
2026-03-11 14:38:17,742{GMT}	INFO	[jepsen worker 0] jepsen.util: 0	:ok	:generate	"314-null"
2026-03-11 14:38:17,742{GMT}	INFO	[jepsen worker 1] jepsen.util: 1	:ok	:generate	"295-null"
2026-03-11 14:38:17,742{GMT}	INFO	[jepsen worker 0] jepsen.util: 0	:invoke	:generate	nil
2026-03-11 14:38:17,742{GMT}	INFO	[jepsen worker 1] jepsen.util: 1	:invoke	:generate	nil
2026-03-11 14:38:17,742{GMT}	INFO	[jepsen worker 2] jepsen.util: 2	:ok	:generate	"257-null"
2026-03-11 14:38:17,743{GMT}	INFO	[jepsen worker 0] jepsen.util: 0	:ok	:generate	"315-null"
2026-03-11 14:38:17,743{GMT}	INFO	[jepsen worker 0] jepsen.util: 0	:invoke	:generate	nil
2026-03-11 14:38:17,743{GMT}	INFO	[jepsen worker 1] jepsen.util: 1	:ok	:generate	"296-null"
2026-03-11 14:38:17,744{GMT}	INFO	[jepsen worker 0] jepsen.util: 0	:ok	:generate	"316-null"
2026-03-11 14:38:17,745{GMT}	INFO	[jepsen worker 1] jepsen.util: 1	:invoke	:generate	nil
2026-03-11 14:38:17,746{GMT}	INFO	[jepsen worker 1] jepsen.util: 1	:ok	:generate	"297-null"
2026-03-11 14:38:17,747{GMT}	INFO	[jepsen worker 2] jepsen.util: 2	:invoke	:generate	nil
2026-03-11 14:38:17,747{GMT}	INFO	[jepsen worker 2] jepsen.util: 2	:ok	:generate	"258-null"
2026-03-11 14:38:17,748{GMT}	INFO	[jepsen worker 0] jepsen.util: 0	:invoke	:generate	nil
2026-03-11 14:38:17,749{GMT}	INFO	[jepsen worker 0] jepsen.util: 0	:ok	:generate	"317-null"
2026-03-11 14:38:17,749{GMT}	INFO	[jepsen worker 0] jepsen.util: 0	:invoke	:generate	nil
2026-03-11 14:38:17,750{GMT}	INFO	[jepsen worker 0] jepsen.util: 0	:ok	:generate	"318-null"
2026-03-11 14:38:17,750{GMT}	INFO	[jepsen worker 1] jepsen.util: 1	:invoke	:generate	nil
2026-03-11 14:38:17,751{GMT}	INFO	[jepsen worker 1] jepsen.util: 1	:ok	:generate	"298-null"
2026-03-11 14:38:17,751{GMT}	INFO	[jepsen worker 2] jepsen.util: 2	:invoke	:generate	nil
2026-03-11 14:38:17,751{GMT}	INFO	[jepsen worker 2] jepsen.util: 2	:ok	:generate	"259-null"
2026-03-11 14:38:17,753{GMT}	INFO	[jepsen worker 0] jepsen.util: 0	:invoke	:generate	nil
2026-03-11 14:38:17,753{GMT}	INFO	[jepsen worker 1] jepsen.util: 1	:invoke	:generate	nil
2026-03-11 14:38:17,754{GMT}	INFO	[jepsen worker 1] jepsen.util: 1	:ok	:generate	"299-null"
2026-03-11 14:38:17,754{GMT}	INFO	[jepsen worker 0] jepsen.util: 0	:ok	:generate	"319-null"
2026-03-11 14:38:17,755{GMT}	INFO	[jepsen worker 1] jepsen.util: 1	:invoke	:generate	nil
2026-03-11 14:38:17,756{GMT}	INFO	[jepsen worker 2] jepsen.util: 2	:invoke	:generate	nil
2026-03-11 14:38:17,756{GMT}	INFO	[jepsen worker 1] jepsen.util: 1	:ok	:generate	"300-null"
2026-03-11 14:38:17,757{GMT}	INFO	[jepsen worker 2] jepsen.util: 2	:ok	:generate	"260-null"
2026-03-11 14:38:17,757{GMT}	INFO	[jepsen worker 0] jepsen.util: 0	:invoke	:generate	nil
2026-03-11 14:38:17,758{GMT}	INFO	[jepsen worker 0] jepsen.util: 0	:ok	:generate	"320-null"
2026-03-11 14:38:17,758{GMT}	INFO	[jepsen worker 0] jepsen.util: 0	:invoke	:generate	nil
2026-03-11 14:38:17,759{GMT}	INFO	[jepsen worker 0] jepsen.util: 0	:ok	:generate	"321-null"
2026-03-11 14:38:17,760{GMT}	INFO	[jepsen worker 1] jepsen.util: 1	:invoke	:generate	nil
2026-03-11 14:38:17,761{GMT}	INFO	[jepsen worker 1] jepsen.util: 1	:ok	:generate	"301-null"
2026-03-11 14:38:17,761{GMT}	INFO	[jepsen worker 2] jepsen.util: 2	:invoke	:generate	nil
2026-03-11 14:38:17,762{GMT}	INFO	[jepsen worker 2] jepsen.util: 2	:ok	:generate	"261-null"
2026-03-11 14:38:17,762{GMT}	INFO	[jepsen worker 0] jepsen.util: 0	:invoke	:generate	nil
2026-03-11 14:38:17,763{GMT}	INFO	[jepsen worker 0] jepsen.util: 0	:ok	:generate	"322-null"
2026-03-11 14:38:17,764{GMT}	INFO	[jepsen worker 0] jepsen.util: 0	:invoke	:generate	nil
2026-03-11 14:38:17,765{GMT}	INFO	[jepsen worker 0] jepsen.util: 0	:ok	:generate	"323-null"
2026-03-11 14:38:17,765{GMT}	INFO	[jepsen worker 1] jepsen.util: 1	:invoke	:generate	nil
2026-03-11 14:38:17,765{GMT}	INFO	[jepsen worker 1] jepsen.util: 1	:ok	:generate	"302-null"
2026-03-11 14:38:17,767{GMT}	INFO	[jepsen worker 2] jepsen.util: 2	:invoke	:generate	nil
2026-03-11 14:38:17,767{GMT}	INFO	[jepsen worker 2] jepsen.util: 2	:ok	:generate	"262-null"
2026-03-11 14:38:17,768{GMT}	INFO	[jepsen worker 0] jepsen.util: 0	:invoke	:generate	nil
2026-03-11 14:38:17,768{GMT}	INFO	[jepsen worker 0] jepsen.util: 0	:ok	:generate	"324-null"
2026-03-11 14:38:17,769{GMT}	INFO	[jepsen worker 0] jepsen.util: 0	:invoke	:generate	nil
2026-03-11 14:38:17,769{GMT}	INFO	[jepsen worker 0] jepsen.util: 0	:ok	:generate	"325-null"
2026-03-11 14:38:17,771{GMT}	INFO	[jepsen worker 1] jepsen.util: 1	:invoke	:generate	nil
2026-03-11 14:38:17,771{GMT}	INFO	[jepsen worker 1] jepsen.util: 1	:ok	:generate	"303-null"
2026-03-11 14:38:17,772{GMT}	INFO	[jepsen worker 0] jepsen.util: 0	:invoke	:generate	nil
2026-03-11 14:38:17,772{GMT}	INFO	[jepsen worker 2] jepsen.util: 2	:invoke	:generate	nil
2026-03-11 14:38:17,773{GMT}	INFO	[jepsen worker 0] jepsen.util: 0	:ok	:generate	"326-null"
2026-03-11 14:38:17,773{GMT}	INFO	[jepsen worker 2] jepsen.util: 2	:ok	:generate	"263-null"
2026-03-11 14:38:17,774{GMT}	INFO	[jepsen worker 0] jepsen.util: 0	:invoke	:generate	nil
2026-03-11 14:38:17,775{GMT}	INFO	[jepsen worker 1] jepsen.util: 1	:invoke	:generate	nil
2026-03-11 14:38:17,775{GMT}	INFO	[jepsen worker 0] jepsen.util: 0	:ok	:generate	"327-null"
2026-03-11 14:38:17,776{GMT}	INFO	[jepsen worker 1] jepsen.util: 1	:ok	:generate	"304-null"
2026-03-11 14:38:17,776{GMT}	INFO	[jepsen worker 2] jepsen.util: 2	:invoke	:generate	nil
2026-03-11 14:38:17,777{GMT}	INFO	[jepsen worker 0] jepsen.util: 0	:invoke	:generate	nil
2026-03-11 14:38:17,777{GMT}	INFO	[jepsen worker 2] jepsen.util: 2	:ok	:generate	"264-null"
2026-03-11 14:38:17,778{GMT}	INFO	[jepsen worker 0] jepsen.util: 0	:ok	:generate	"328-null"
2026-03-11 14:38:17,779{GMT}	INFO	[jepsen worker 0] jepsen.util: 0	:invoke	:generate	nil
2026-03-11 14:38:17,779{GMT}	INFO	[jepsen worker 1] jepsen.util: 1	:invoke	:generate	nil
2026-03-11 14:38:17,779{GMT}	INFO	[jepsen worker 0] jepsen.util: 0	:ok	:generate	"329-null"
2026-03-11 14:38:17,780{GMT}	INFO	[jepsen worker 2] jepsen.util: 2	:invoke	:generate	nil
2026-03-11 14:38:17,780{GMT}	INFO	[jepsen worker 1] jepsen.util: 1	:ok	:generate	"305-null"
2026-03-11 14:38:17,780{GMT}	INFO	[jepsen worker 2] jepsen.util: 2	:ok	:generate	"265-null"
2026-03-11 14:38:17,782{GMT}	INFO	[jepsen worker 0] jepsen.util: 0	:invoke	:generate	nil
2026-03-11 14:38:17,782{GMT}	INFO	[jepsen worker 0] jepsen.util: 0	:ok	:generate	"330-null"
2026-03-11 14:38:17,783{GMT}	INFO	[jepsen worker 0] jepsen.util: 0	:invoke	:generate	nil
2026-03-11 14:38:17,784{GMT}	INFO	[jepsen worker 0] jepsen.util: 0	:ok	:generate	"331-null"
2026-03-11 14:38:17,785{GMT}	INFO	[jepsen worker 1] jepsen.util: 1	:invoke	:generate	nil
2026-03-11 14:38:17,786{GMT}	INFO	[jepsen worker 1] jepsen.util: 1	:ok	:generate	"306-null"
2026-03-11 14:38:17,786{GMT}	INFO	[jepsen worker 2] jepsen.util: 2	:invoke	:generate	nil
2026-03-11 14:38:17,787{GMT}	INFO	[jepsen worker 2] jepsen.util: 2	:ok	:generate	"266-null"
2026-03-11 14:38:17,788{GMT}	INFO	[jepsen worker 0] jepsen.util: 0	:invoke	:generate	nil
2026-03-11 14:38:17,789{GMT}	INFO	[jepsen worker 0] jepsen.util: 0	:ok	:generate	"332-null"
2026-03-11 14:38:17,790{GMT}	INFO	[jepsen worker 0] jepsen.util: 0	:invoke	:generate	nil
2026-03-11 14:38:17,791{GMT}	INFO	[jepsen worker 0] jepsen.util: 0	:ok	:generate	"333-null"
2026-03-11 14:38:17,792{GMT}	INFO	[jepsen worker 1] jepsen.util: 1	:invoke	:generate	nil
2026-03-11 14:38:17,793{GMT}	INFO	[jepsen worker 1] jepsen.util: 1	:ok	:generate	"307-null"
2026-03-11 14:38:17,794{GMT}	INFO	[jepsen worker 2] jepsen.util: 2	:invoke	:generate	nil
2026-03-11 14:38:17,795{GMT}	INFO	[jepsen worker 0] jepsen.util: 0	:invoke	:generate	nil
2026-03-11 14:38:17,795{GMT}	INFO	[jepsen worker 2] jepsen.util: 2	:ok	:generate	"267-null"
2026-03-11 14:38:17,796{GMT}	INFO	[jepsen worker 0] jepsen.util: 0	:ok	:generate	"334-null"
2026-03-11 14:38:17,797{GMT}	INFO	[jepsen worker 0] jepsen.util: 0	:invoke	:generate	nil
2026-03-11 14:38:17,797{GMT}	INFO	[jepsen worker 1] jepsen.util: 1	:invoke	:generate	nil
2026-03-11 14:38:17,797{GMT}	INFO	[jepsen worker 2] jepsen.util: 2	:invoke	:generate	nil
2026-03-11 14:38:17,797{GMT}	INFO	[jepsen worker 0] jepsen.util: 0	:ok	:generate	"335-null"
2026-03-11 14:38:17,798{GMT}	INFO	[jepsen worker 0] jepsen.util: 0	:invoke	:generate	nil
2026-03-11 14:38:17,798{GMT}	INFO	[jepsen worker 1] jepsen.util: 1	:ok	:generate	"308-null"
2026-03-11 14:38:17,798{GMT}	INFO	[jepsen worker 1] jepsen.util: 1	:invoke	:generate	nil
2026-03-11 14:38:17,798{GMT}	INFO	[jepsen worker 2] jepsen.util: 2	:ok	:generate	"268-null"
2026-03-11 14:38:17,798{GMT}	INFO	[jepsen worker 0] jepsen.util: 0	:ok	:generate	"336-null"
2026-03-11 14:38:17,799{GMT}	INFO	[jepsen worker 1] jepsen.util: 1	:ok	:generate	"309-null"
2026-03-11 14:38:17,799{GMT}	INFO	[jepsen worker 1] jepsen.util: 1	:invoke	:generate	nil
2026-03-11 14:38:17,800{GMT}	INFO	[jepsen worker 1] jepsen.util: 1	:ok	:generate	"310-null"
2026-03-11 14:38:17,801{GMT}	INFO	[jepsen worker 2] jepsen.util: 2	:invoke	:generate	nil
2026-03-11 14:38:17,802{GMT}	INFO	[jepsen worker 2] jepsen.util: 2	:ok	:generate	"269-null"
2026-03-11 14:38:17,802{GMT}	INFO	[jepsen worker 0] jepsen.util: 0	:invoke	:generate	nil
2026-03-11 14:38:17,802{GMT}	INFO	[jepsen worker 0] jepsen.util: 0	:ok	:generate	"337-null"
2026-03-11 14:38:17,803{GMT}	INFO	[jepsen worker 0] jepsen.util: 0	:invoke	:generate	nil
2026-03-11 14:38:17,804{GMT}	INFO	[jepsen worker 1] jepsen.util: 1	:invoke	:generate	nil
2026-03-11 14:38:17,804{GMT}	INFO	[jepsen worker 0] jepsen.util: 0	:ok	:generate	"338-null"
2026-03-11 14:38:17,805{GMT}	INFO	[jepsen worker 2] jepsen.util: 2	:invoke	:generate	nil
2026-03-11 14:38:17,805{GMT}	INFO	[jepsen worker 0] jepsen.util: 0	:invoke	:generate	nil
2026-03-11 14:38:17,805{GMT}	INFO	[jepsen worker 1] jepsen.util: 1	:ok	:generate	"311-null"
2026-03-11 14:38:17,806{GMT}	INFO	[jepsen worker 0] jepsen.util: 0	:ok	:generate	"339-null"
2026-03-11 14:38:17,806{GMT}	INFO	[jepsen worker 2] jepsen.util: 2	:ok	:generate	"270-null"
2026-03-11 14:38:17,806{GMT}	INFO	[jepsen worker 0] jepsen.util: 0	:invoke	:generate	nil
2026-03-11 14:38:17,807{GMT}	INFO	[jepsen worker 0] jepsen.util: 0	:ok	:generate	"340-null"
2026-03-11 14:38:17,808{GMT}	INFO	[jepsen worker 1] jepsen.util: 1	:invoke	:generate	nil
2026-03-11 14:38:17,809{GMT}	INFO	[jepsen worker 1] jepsen.util: 1	:ok	:generate	"312-null"
2026-03-11 14:38:17,809{GMT}	INFO	[jepsen worker 2] jepsen.util: 2	:invoke	:generate	nil
2026-03-11 14:38:17,809{GMT}	INFO	[jepsen worker 0] jepsen.util: 0	:invoke	:generate	nil
2026-03-11 14:38:17,809{GMT}	INFO	[jepsen worker 1] jepsen.util: 1	:invoke	:generate	nil
2026-03-11 14:38:17,809{GMT}	INFO	[jepsen worker 0] jepsen.util: 0	:ok	:generate	"341-null"
2026-03-11 14:38:17,809{GMT}	INFO	[jepsen worker 2] jepsen.util: 2	:ok	:generate	"271-null"
2026-03-11 14:38:17,810{GMT}	INFO	[jepsen worker 1] jepsen.util: 1	:ok	:generate	"313-null"
2026-03-11 14:38:17,811{GMT}	INFO	[jepsen worker 1] jepsen.util: 1	:invoke	:generate	nil
2026-03-11 14:38:17,812{GMT}	INFO	[jepsen worker 2] jepsen.util: 2	:invoke	:generate	nil
2026-03-11 14:38:17,812{GMT}	INFO	[jepsen worker 1] jepsen.util: 1	:ok	:generate	"314-null"
2026-03-11 14:38:17,813{GMT}	INFO	[jepsen worker 2] jepsen.util: 2	:ok	:generate	"272-null"
2026-03-11 14:38:17,814{GMT}	INFO	[jepsen worker 0] jepsen.util: 0	:invoke	:generate	nil
2026-03-11 14:38:17,814{GMT}	INFO	[jepsen worker 1] jepsen.util: 1	:invoke	:generate	nil
2026-03-11 14:38:17,815{GMT}	INFO	[jepsen worker 0] jepsen.util: 0	:ok	:generate	"342-null"
2026-03-11 14:38:17,816{GMT}	INFO	[jepsen worker 1] jepsen.util: 1	:ok	:generate	"315-null"
2026-03-11 14:38:17,816{GMT}	INFO	[jepsen worker 2] jepsen.util: 2	:invoke	:generate	nil
2026-03-11 14:38:17,816{GMT}	INFO	[jepsen worker 1] jepsen.util: 1	:invoke	:generate	nil
2026-03-11 14:38:17,817{GMT}	INFO	[jepsen worker 2] jepsen.util: 2	:ok	:generate	"273-null"
2026-03-11 14:38:17,817{GMT}	INFO	[jepsen worker 1] jepsen.util: 1	:ok	:generate	"316-null"
2026-03-11 14:38:17,817{GMT}	INFO	[jepsen worker 0] jepsen.util: 0	:invoke	:generate	nil
2026-03-11 14:38:17,818{GMT}	INFO	[jepsen worker 0] jepsen.util: 0	:ok	:generate	"343-null"
2026-03-11 14:38:17,819{GMT}	INFO	[jepsen worker 0] jepsen.util: 0	:invoke	:generate	nil
2026-03-11 14:38:17,819{GMT}	INFO	[jepsen worker 0] jepsen.util: 0	:ok	:generate	"344-null"
2026-03-11 14:38:17,820{GMT}	INFO	[jepsen worker 1] jepsen.util: 1	:invoke	:generate	nil
2026-03-11 14:38:17,820{GMT}	INFO	[jepsen worker 1] jepsen.util: 1	:ok	:generate	"317-null"
2026-03-11 14:38:17,822{GMT}	INFO	[jepsen worker 2] jepsen.util: 2	:invoke	:generate	nil
2026-03-11 14:38:17,822{GMT}	INFO	[jepsen worker 0] jepsen.util: 0	:invoke	:generate	nil
2026-03-11 14:38:17,823{GMT}	INFO	[jepsen worker 2] jepsen.util: 2	:ok	:generate	"274-null"
2026-03-11 14:38:17,823{GMT}	INFO	[jepsen worker 0] jepsen.util: 0	:ok	:generate	"345-null"
2026-03-11 14:38:17,823{GMT}	INFO	[jepsen worker 0] jepsen.util: 0	:invoke	:generate	nil
2026-03-11 14:38:17,824{GMT}	INFO	[jepsen worker 0] jepsen.util: 0	:ok	:generate	"346-null"
2026-03-11 14:38:17,824{GMT}	INFO	[jepsen worker 1] jepsen.util: 1	:invoke	:generate	nil
2026-03-11 14:38:17,825{GMT}	INFO	[jepsen worker 2] jepsen.util: 2	:invoke	:generate	nil
2026-03-11 14:38:17,825{GMT}	INFO	[jepsen worker 1] jepsen.util: 1	:ok	:generate	"318-null"
2026-03-11 14:38:17,825{GMT}	INFO	[jepsen worker 0] jepsen.util: 0	:invoke	:generate	nil
2026-03-11 14:38:17,826{GMT}	INFO	[jepsen worker 2] jepsen.util: 2	:ok	:generate	"275-null"
2026-03-11 14:38:17,826{GMT}	INFO	[jepsen worker 0] jepsen.util: 0	:ok	:generate	"347-null"
2026-03-11 14:38:17,826{GMT}	INFO	[jepsen worker 0] jepsen.util: 0	:invoke	:generate	nil
2026-03-11 14:38:17,827{GMT}	INFO	[jepsen worker 0] jepsen.util: 0	:ok	:generate	"348-null"
2026-03-11 14:38:17,827{GMT}	INFO	[jepsen worker 1] jepsen.util: 1	:invoke	:generate	nil
2026-03-11 14:38:17,828{GMT}	INFO	[jepsen worker 2] jepsen.util: 2	:invoke	:generate	nil
2026-03-11 14:38:17,828{GMT}	INFO	[jepsen worker 1] jepsen.util: 1	:ok	:generate	"319-null"
2026-03-11 14:38:17,829{GMT}	INFO	[jepsen worker 2] jepsen.util: 2	:ok	:generate	"276-null"
2026-03-11 14:38:17,830{GMT}	INFO	[jepsen worker 0] jepsen.util: 0	:invoke	:generate	nil
2026-03-11 14:38:17,831{GMT}	INFO	[jepsen worker 0] jepsen.util: 0	:ok	:generate	"349-null"
2026-03-11 14:38:17,831{GMT}	INFO	[jepsen worker 0] jepsen.util: 0	:invoke	:generate	nil
2026-03-11 14:38:17,832{GMT}	INFO	[jepsen worker 0] jepsen.util: 0	:ok	:generate	"350-null"
2026-03-11 14:38:17,832{GMT}	INFO	[jepsen worker 1] jepsen.util: 1	:invoke	:generate	nil
2026-03-11 14:38:17,834{GMT}	INFO	[jepsen worker 2] jepsen.util: 2	:invoke	:generate	nil
2026-03-11 14:38:17,834{GMT}	INFO	[jepsen worker 1] jepsen.util: 1	:ok	:generate	"320-null"
2026-03-11 14:38:17,834{GMT}	INFO	[jepsen worker 0] jepsen.util: 0	:invoke	:generate	nil
2026-03-11 14:38:17,835{GMT}	INFO	[jepsen worker 2] jepsen.util: 2	:ok	:generate	"277-null"
2026-03-11 14:38:17,835{GMT}	INFO	[jepsen worker 1] jepsen.util: 1	:invoke	:generate	nil
2026-03-11 14:38:17,835{GMT}	INFO	[jepsen worker 0] jepsen.util: 0	:ok	:generate	"351-null"
2026-03-11 14:38:17,836{GMT}	INFO	[jepsen worker 1] jepsen.util: 1	:ok	:generate	"321-null"
2026-03-11 14:38:17,837{GMT}	INFO	[jepsen worker 1] jepsen.util: 1	:invoke	:generate	nil
2026-03-11 14:38:17,837{GMT}	INFO	[jepsen worker 1] jepsen.util: 1	:ok	:generate	"322-null"
2026-03-11 14:38:17,838{GMT}	INFO	[jepsen worker 2] jepsen.util: 2	:invoke	:generate	nil
2026-03-11 14:38:17,838{GMT}	INFO	[jepsen worker 2] jepsen.util: 2	:ok	:generate	"278-null"
2026-03-11 14:38:17,839{GMT}	INFO	[jepsen worker 0] jepsen.util: 0	:invoke	:generate	nil
2026-03-11 14:38:17,839{GMT}	INFO	[jepsen worker 1] jepsen.util: 1	:invoke	:generate	nil
2026-03-11 14:38:17,840{GMT}	INFO	[jepsen worker 0] jepsen.util: 0	:ok	:generate	"352-null"
2026-03-11 14:38:17,840{GMT}	INFO	[jepsen worker 2] jepsen.util: 2	:invoke	:generate	nil
2026-03-11 14:38:17,840{GMT}	INFO	[jepsen worker 1] jepsen.util: 1	:ok	:generate	"323-null"
2026-03-11 14:38:17,841{GMT}	INFO	[jepsen worker 2] jepsen.util: 2	:ok	:generate	"279-null"
2026-03-11 14:38:17,841{GMT}	INFO	[jepsen worker 2] jepsen.util: 2	:invoke	:generate	nil
2026-03-11 14:38:17,841{GMT}	INFO	[jepsen worker 0] jepsen.util: 0	:invoke	:generate	nil
2026-03-11 14:38:17,842{GMT}	INFO	[jepsen worker 2] jepsen.util: 2	:ok	:generate	"280-null"
2026-03-11 14:38:17,842{GMT}	INFO	[jepsen worker 0] jepsen.util: 0	:ok	:generate	"353-null"
2026-03-11 14:38:17,843{GMT}	INFO	[jepsen worker 0] jepsen.util: 0	:invoke	:generate	nil
2026-03-11 14:38:17,843{GMT}	INFO	[jepsen worker 0] jepsen.util: 0	:ok	:generate	"354-null"
2026-03-11 14:38:17,843{GMT}	INFO	[jepsen worker 1] jepsen.util: 1	:invoke	:generate	nil
2026-03-11 14:38:17,844{GMT}	INFO	[jepsen worker 1] jepsen.util: 1	:ok	:generate	"324-null"
2026-03-11 14:38:17,845{GMT}	INFO	[jepsen worker 2] jepsen.util: 2	:invoke	:generate	nil
2026-03-11 14:38:17,846{GMT}	INFO	[jepsen worker 2] jepsen.util: 2	:ok	:generate	"281-null"
2026-03-11 14:38:17,847{GMT}	INFO	[jepsen worker 0] jepsen.util: 0	:invoke	:generate	nil
2026-03-11 14:38:17,847{GMT}	INFO	[jepsen worker 0] jepsen.util: 0	:ok	:generate	"355-null"
2026-03-11 14:38:17,848{GMT}	INFO	[jepsen worker 0] jepsen.util: 0	:invoke	:generate	nil
2026-03-11 14:38:17,848{GMT}	INFO	[jepsen worker 0] jepsen.util: 0	:ok	:generate	"356-null"
2026-03-11 14:38:17,850{GMT}	INFO	[jepsen worker 1] jepsen.util: 1	:invoke	:generate	nil
2026-03-11 14:38:17,851{GMT}	INFO	[jepsen worker 1] jepsen.util: 1	:ok	:generate	"325-null"
2026-03-11 14:38:17,852{GMT}	INFO	[jepsen worker 2] jepsen.util: 2	:invoke	:generate	nil
2026-03-11 14:38:17,852{GMT}	INFO	[jepsen worker 0] jepsen.util: 0	:invoke	:generate	nil
2026-03-11 14:38:17,853{GMT}	INFO	[jepsen worker 2] jepsen.util: 2	:ok	:generate	"282-null"
2026-03-11 14:38:17,853{GMT}	INFO	[jepsen worker 0] jepsen.util: 0	:ok	:generate	"357-null"
2026-03-11 14:38:17,854{GMT}	INFO	[jepsen worker 0] jepsen.util: 0	:invoke	:generate	nil
2026-03-11 14:38:17,854{GMT}	INFO	[jepsen worker 0] jepsen.util: 0	:ok	:generate	"358-null"
2026-03-11 14:38:17,855{GMT}	INFO	[jepsen worker 1] jepsen.util: 1	:invoke	:generate	nil
2026-03-11 14:38:17,855{GMT}	INFO	[jepsen worker 1] jepsen.util: 1	:ok	:generate	"326-null"
2026-03-11 14:38:17,856{GMT}	INFO	[jepsen worker 0] jepsen.util: 0	:invoke	:generate	nil
2026-03-11 14:38:17,856{GMT}	INFO	[jepsen worker 2] jepsen.util: 2	:invoke	:generate	nil
2026-03-11 14:38:17,857{GMT}	INFO	[jepsen worker 2] jepsen.util: 2	:ok	:generate	"283-null"
2026-03-11 14:38:17,857{GMT}	INFO	[jepsen worker 0] jepsen.util: 0	:ok	:generate	"359-null"
2026-03-11 14:38:17,858{GMT}	INFO	[jepsen worker 0] jepsen.util: 0	:invoke	:generate	nil
2026-03-11 14:38:17,858{GMT}	INFO	[jepsen worker 0] jepsen.util: 0	:ok	:generate	"360-null"
2026-03-11 14:38:17,858{GMT}	INFO	[jepsen worker 1] jepsen.util: 1	:invoke	:generate	nil
2026-03-11 14:38:17,859{GMT}	INFO	[jepsen worker 1] jepsen.util: 1	:ok	:generate	"327-null"
2026-03-11 14:38:17,859{GMT}	INFO	[jepsen worker 2] jepsen.util: 2	:invoke	:generate	nil
2026-03-11 14:38:17,860{GMT}	INFO	[jepsen worker 2] jepsen.util: 2	:ok	:generate	"284-null"
2026-03-11 14:38:17,861{GMT}	INFO	[jepsen worker 0] jepsen.util: 0	:invoke	:generate	nil
2026-03-11 14:38:17,861{GMT}	INFO	[jepsen worker 1] jepsen.util: 1	:invoke	:generate	nil
2026-03-11 14:38:17,861{GMT}	INFO	[jepsen worker 0] jepsen.util: 0	:ok	:generate	"361-null"
2026-03-11 14:38:17,862{GMT}	INFO	[jepsen worker 1] jepsen.util: 1	:ok	:generate	"328-null"
2026-03-11 14:38:17,862{GMT}	INFO	[jepsen worker 1] jepsen.util: 1	:invoke	:generate	nil
2026-03-11 14:38:17,863{GMT}	INFO	[jepsen worker 1] jepsen.util: 1	:ok	:generate	"329-null"
2026-03-11 14:38:17,864{GMT}	INFO	[jepsen worker 2] jepsen.util: 2	:invoke	:generate	nil
2026-03-11 14:38:17,864{GMT}	INFO	[jepsen worker 0] jepsen.util: 0	:invoke	:generate	nil
2026-03-11 14:38:17,865{GMT}	INFO	[jepsen worker 2] jepsen.util: 2	:ok	:generate	"285-null"
2026-03-11 14:38:17,865{GMT}	INFO	[jepsen worker 0] jepsen.util: 0	:ok	:generate	"362-null"
2026-03-11 14:38:17,865{GMT}	INFO	[jepsen worker 0] jepsen.util: 0	:invoke	:generate	nil
2026-03-11 14:38:17,866{GMT}	INFO	[jepsen worker 0] jepsen.util: 0	:ok	:generate	"363-null"
2026-03-11 14:38:17,866{GMT}	INFO	[jepsen worker 2] jepsen.util: 2	:invoke	:generate	nil
2026-03-11 14:38:17,867{GMT}	INFO	[jepsen worker 2] jepsen.util: 2	:ok	:generate	"286-null"
2026-03-11 14:38:17,867{GMT}	INFO	[jepsen worker 1] jepsen.util: 1	:invoke	:generate	nil
2026-03-11 14:38:17,868{GMT}	INFO	[jepsen worker 0] jepsen.util: 0	:invoke	:generate	nil
2026-03-11 14:38:17,868{GMT}	INFO	[jepsen worker 1] jepsen.util: 1	:ok	:generate	"330-null"
2026-03-11 14:38:17,868{GMT}	INFO	[jepsen worker 1] jepsen.util: 1	:invoke	:generate	nil
2026-03-11 14:38:17,869{GMT}	INFO	[jepsen worker 0] jepsen.util: 0	:ok	:generate	"364-null"
2026-03-11 14:38:17,869{GMT}	INFO	[jepsen worker 1] jepsen.util: 1	:ok	:generate	"331-null"
2026-03-11 14:38:17,870{GMT}	INFO	[jepsen worker 1] jepsen.util: 1	:invoke	:generate	nil
2026-03-11 14:38:17,871{GMT}	INFO	[jepsen worker 1] jepsen.util: 1	:ok	:generate	"332-null"
2026-03-11 14:38:17,872{GMT}	INFO	[jepsen worker 2] jepsen.util: 2	:invoke	:generate	nil
2026-03-11 14:38:17,873{GMT}	INFO	[jepsen worker 2] jepsen.util: 2	:ok	:generate	"287-null"
2026-03-11 14:38:17,874{GMT}	INFO	[jepsen worker 0] jepsen.util: 0	:invoke	:generate	nil
2026-03-11 14:38:17,875{GMT}	INFO	[jepsen worker 0] jepsen.util: 0	:ok	:generate	"365-null"
2026-03-11 14:38:17,875{GMT}	INFO	[jepsen worker 0] jepsen.util: 0	:invoke	:generate	nil
2026-03-11 14:38:17,875{GMT}	INFO	[jepsen worker 1] jepsen.util: 1	:invoke	:generate	nil
2026-03-11 14:38:17,876{GMT}	INFO	[jepsen worker 0] jepsen.util: 0	:ok	:generate	"366-null"
2026-03-11 14:38:17,876{GMT}	INFO	[jepsen worker 1] jepsen.util: 1	:ok	:generate	"333-null"
2026-03-11 14:38:17,876{GMT}	INFO	[jepsen worker 2] jepsen.util: 2	:invoke	:generate	nil
2026-03-11 14:38:17,877{GMT}	INFO	[jepsen worker 2] jepsen.util: 2	:ok	:generate	"288-null"
2026-03-11 14:38:17,877{GMT}	INFO	[jepsen worker 0] jepsen.util: 0	:invoke	:generate	nil
2026-03-11 14:38:17,878{GMT}	INFO	[jepsen worker 0] jepsen.util: 0	:ok	:generate	"367-null"
2026-03-11 14:38:17,879{GMT}	INFO	[jepsen worker 0] jepsen.util: 0	:invoke	:generate	nil
2026-03-11 14:38:17,879{GMT}	INFO	[jepsen worker 1] jepsen.util: 1	:invoke	:generate	nil
2026-03-11 14:38:17,880{GMT}	INFO	[jepsen worker 2] jepsen.util: 2	:invoke	:generate	nil
2026-03-11 14:38:17,880{GMT}	INFO	[jepsen worker 0] jepsen.util: 0	:ok	:generate	"368-null"
2026-03-11 14:38:17,880{GMT}	INFO	[jepsen worker 1] jepsen.util: 1	:ok	:generate	"334-null"
2026-03-11 14:38:17,881{GMT}	INFO	[jepsen worker 2] jepsen.util: 2	:ok	:generate	"289-null"
2026-03-11 14:38:17,882{GMT}	INFO	[jepsen worker 0] jepsen.util: 0	:invoke	:generate	nil
2026-03-11 14:38:17,883{GMT}	INFO	[jepsen worker 0] jepsen.util: 0	:ok	:generate	"369-null"
2026-03-11 14:38:17,883{GMT}	INFO	[jepsen worker 0] jepsen.util: 0	:invoke	:generate	nil
2026-03-11 14:38:17,884{GMT}	INFO	[jepsen worker 0] jepsen.util: 0	:ok	:generate	"370-null"
2026-03-11 14:38:17,885{GMT}	INFO	[jepsen worker 1] jepsen.util: 1	:invoke	:generate	nil
2026-03-11 14:38:17,885{GMT}	INFO	[jepsen worker 1] jepsen.util: 1	:ok	:generate	"335-null"
2026-03-11 14:38:17,886{GMT}	INFO	[jepsen worker 2] jepsen.util: 2	:invoke	:generate	nil
2026-03-11 14:38:17,887{GMT}	INFO	[jepsen worker 2] jepsen.util: 2	:ok	:generate	"290-null"
2026-03-11 14:38:17,887{GMT}	INFO	[jepsen worker 0] jepsen.util: 0	:invoke	:generate	nil
2026-03-11 14:38:17,887{GMT}	INFO	[jepsen worker 1] jepsen.util: 1	:invoke	:generate	nil
2026-03-11 14:38:17,888{GMT}	INFO	[jepsen worker 0] jepsen.util: 0	:ok	:generate	"371-null"
2026-03-11 14:38:17,888{GMT}	INFO	[jepsen worker 2] jepsen.util: 2	:invoke	:generate	nil
2026-03-11 14:38:17,888{GMT}	INFO	[jepsen worker 2] jepsen.util: 2	:ok	:generate	"291-null"
2026-03-11 14:38:17,888{GMT}	INFO	[jepsen worker 1] jepsen.util: 1	:ok	:generate	"336-null"
2026-03-11 14:38:17,889{GMT}	INFO	[jepsen worker 2] jepsen.util: 2	:invoke	:generate	nil
2026-03-11 14:38:17,890{GMT}	INFO	[jepsen worker 0] jepsen.util: 0	:invoke	:generate	nil
2026-03-11 14:38:17,890{GMT}	INFO	[jepsen worker 2] jepsen.util: 2	:ok	:generate	"292-null"
2026-03-11 14:38:17,891{GMT}	INFO	[jepsen worker 0] jepsen.util: 0	:ok	:generate	"372-null"
2026-03-11 14:38:17,892{GMT}	INFO	[jepsen worker 0] jepsen.util: 0	:invoke	:generate	nil
2026-03-11 14:38:17,893{GMT}	INFO	[jepsen worker 1] jepsen.util: 1	:invoke	:generate	nil
2026-03-11 14:38:17,893{GMT}	INFO	[jepsen worker 0] jepsen.util: 0	:ok	:generate	"373-null"
2026-03-11 14:38:17,893{GMT}	INFO	[jepsen worker 1] jepsen.util: 1	:ok	:generate	"337-null"
2026-03-11 14:38:17,895{GMT}	INFO	[jepsen worker 2] jepsen.util: 2	:invoke	:generate	nil
2026-03-11 14:38:17,896{GMT}	INFO	[jepsen worker 2] jepsen.util: 2	:ok	:generate	"293-null"
2026-03-11 14:38:17,896{GMT}	INFO	[jepsen worker 0] jepsen.util: 0	:invoke	:generate	nil
2026-03-11 14:38:17,897{GMT}	INFO	[jepsen worker 1] jepsen.util: 1	:invoke	:generate	nil
2026-03-11 14:38:17,897{GMT}	INFO	[jepsen worker 0] jepsen.util: 0	:ok	:generate	"374-null"
2026-03-11 14:38:17,897{GMT}	INFO	[jepsen worker 1] jepsen.util: 1	:ok	:generate	"338-null"
2026-03-11 14:38:17,898{GMT}	INFO	[jepsen worker 1] jepsen.util: 1	:invoke	:generate	nil
2026-03-11 14:38:17,899{GMT}	INFO	[jepsen worker 1] jepsen.util: 1	:ok	:generate	"339-null"
2026-03-11 14:38:17,899{GMT}	INFO	[jepsen worker 0] jepsen.util: 0	:invoke	:generate	nil
2026-03-11 14:38:17,899{GMT}	INFO	[jepsen worker 2] jepsen.util: 2	:invoke	:generate	nil
2026-03-11 14:38:17,899{GMT}	INFO	[jepsen worker 1] jepsen.util: 1	:invoke	:generate	nil
2026-03-11 14:38:17,900{GMT}	INFO	[jepsen worker 2] jepsen.util: 2	:ok	:generate	"294-null"
2026-03-11 14:38:17,900{GMT}	INFO	[jepsen worker 0] jepsen.util: 0	:ok	:generate	"375-null"
2026-03-11 14:38:17,900{GMT}	INFO	[jepsen worker 1] jepsen.util: 1	:ok	:generate	"340-null"
2026-03-11 14:38:17,901{GMT}	INFO	[jepsen worker 0] jepsen.util: 0	:invoke	:generate	nil
2026-03-11 14:38:17,901{GMT}	INFO	[jepsen worker 1] jepsen.util: 1	:invoke	:generate	nil
2026-03-11 14:38:17,902{GMT}	INFO	[jepsen worker 0] jepsen.util: 0	:ok	:generate	"376-null"
2026-03-11 14:38:17,902{GMT}	INFO	[jepsen worker 0] jepsen.util: 0	:invoke	:generate	nil
2026-03-11 14:38:17,902{GMT}	INFO	[jepsen worker 1] jepsen.util: 1	:ok	:generate	"341-null"
2026-03-11 14:38:17,902{GMT}	INFO	[jepsen worker 1] jepsen.util: 1	:invoke	:generate	nil
2026-03-11 14:38:17,903{GMT}	INFO	[jepsen worker 0] jepsen.util: 0	:ok	:generate	"377-null"
2026-03-11 14:38:17,903{GMT}	INFO	[jepsen worker 1] jepsen.util: 1	:ok	:generate	"342-null"
2026-03-11 14:38:17,903{GMT}	INFO	[jepsen worker 0] jepsen.util: 0	:invoke	:generate	nil
2026-03-11 14:38:17,903{GMT}	INFO	[jepsen worker 2] jepsen.util: 2	:invoke	:generate	nil
2026-03-11 14:38:17,904{GMT}	INFO	[jepsen worker 0] jepsen.util: 0	:ok	:generate	"378-null"
2026-03-11 14:38:17,904{GMT}	INFO	[jepsen worker 0] jepsen.util: 0	:invoke	:generate	nil
2026-03-11 14:38:17,904{GMT}	INFO	[jepsen worker 2] jepsen.util: 2	:ok	:generate	"295-null"
2026-03-11 14:38:17,905{GMT}	INFO	[jepsen worker 0] jepsen.util: 0	:ok	:generate	"379-null"
2026-03-11 14:38:17,905{GMT}	INFO	[jepsen worker 1] jepsen.util: 1	:invoke	:generate	nil
2026-03-11 14:38:17,906{GMT}	INFO	[jepsen worker 1] jepsen.util: 1	:ok	:generate	"343-null"
2026-03-11 14:38:17,906{GMT}	INFO	[jepsen worker 1] jepsen.util: 1	:invoke	:generate	nil
2026-03-11 14:38:17,907{GMT}	INFO	[jepsen worker 1] jepsen.util: 1	:ok	:generate	"344-null"
2026-03-11 14:38:17,908{GMT}	INFO	[jepsen worker 2] jepsen.util: 2	:invoke	:generate	nil
2026-03-11 14:38:17,909{GMT}	INFO	[jepsen worker 0] jepsen.util: 0	:invoke	:generate	nil
2026-03-11 14:38:17,909{GMT}	INFO	[jepsen worker 2] jepsen.util: 2	:ok	:generate	"296-null"
2026-03-11 14:38:17,909{GMT}	INFO	[jepsen worker 0] jepsen.util: 0	:ok	:generate	"380-null"
2026-03-11 14:38:17,911{GMT}	INFO	[jepsen worker 0] jepsen.util: 0	:invoke	:generate	nil
2026-03-11 14:38:17,912{GMT}	INFO	[jepsen worker 0] jepsen.util: 0	:ok	:generate	"381-null"
2026-03-11 14:38:17,912{GMT}	INFO	[jepsen worker 1] jepsen.util: 1	:invoke	:generate	nil
2026-03-11 14:38:17,913{GMT}	INFO	[jepsen worker 1] jepsen.util: 1	:ok	:generate	"345-null"
2026-03-11 14:38:17,914{GMT}	INFO	[jepsen worker 2] jepsen.util: 2	:invoke	:generate	nil
2026-03-11 14:38:17,915{GMT}	INFO	[jepsen worker 0] jepsen.util: 0	:invoke	:generate	nil
2026-03-11 14:38:17,916{GMT}	INFO	[jepsen worker 2] jepsen.util: 2	:ok	:generate	"297-null"
2026-03-11 14:38:17,917{GMT}	INFO	[jepsen worker 0] jepsen.util: 0	:ok	:generate	"382-null"
2026-03-11 14:38:17,917{GMT}	INFO	[jepsen worker 2] jepsen.util: 2	:invoke	:generate	nil
2026-03-11 14:38:17,918{GMT}	INFO	[jepsen worker 2] jepsen.util: 2	:ok	:generate	"298-null"
2026-03-11 14:38:17,918{GMT}	INFO	[jepsen worker 2] jepsen.util: 2	:invoke	:generate	nil
2026-03-11 14:38:17,919{GMT}	INFO	[jepsen worker 0] jepsen.util: 0	:invoke	:generate	nil
2026-03-11 14:38:17,919{GMT}	INFO	[jepsen worker 2] jepsen.util: 2	:ok	:generate	"299-null"
2026-03-11 14:38:17,920{GMT}	INFO	[jepsen worker 0] jepsen.util: 0	:ok	:generate	"383-null"
2026-03-11 14:38:17,920{GMT}	INFO	[jepsen worker 2] jepsen.util: 2	:invoke	:generate	nil
2026-03-11 14:38:17,920{GMT}	INFO	[jepsen worker 1] jepsen.util: 1	:invoke	:generate	nil
2026-03-11 14:38:17,921{GMT}	INFO	[jepsen worker 0] jepsen.util: 0	:invoke	:generate	nil
2026-03-11 14:38:17,922{GMT}	INFO	[jepsen worker 1] jepsen.util: 1	:ok	:generate	"346-null"
2026-03-11 14:38:17,922{GMT}	INFO	[jepsen worker 0] jepsen.util: 0	:ok	:generate	"384-null"
2026-03-11 14:38:17,922{GMT}	INFO	[jepsen worker 1] jepsen.util: 1	:invoke	:generate	nil
2026-03-11 14:38:17,923{GMT}	INFO	[jepsen worker 2] jepsen.util: 2	:ok	:generate	"300-null"
2026-03-11 14:38:17,924{GMT}	INFO	[jepsen worker 1] jepsen.util: 1	:ok	:generate	"347-null"
2026-03-11 14:38:17,924{GMT}	INFO	[jepsen worker 0] jepsen.util: 0	:invoke	:generate	nil
2026-03-11 14:38:17,925{GMT}	INFO	[jepsen worker 0] jepsen.util: 0	:ok	:generate	"385-null"
2026-03-11 14:38:17,926{GMT}	INFO	[jepsen worker 0] jepsen.util: 0	:invoke	:generate	nil
2026-03-11 14:38:17,927{GMT}	INFO	[jepsen worker 0] jepsen.util: 0	:ok	:generate	"386-null"
2026-03-11 14:38:17,927{GMT}	INFO	[jepsen worker 1] jepsen.util: 1	:invoke	:generate	nil
2026-03-11 14:38:17,928{GMT}	INFO	[jepsen worker 1] jepsen.util: 1	:ok	:generate	"348-null"
2026-03-11 14:38:17,928{GMT}	INFO	[jepsen worker 2] jepsen.util: 2	:invoke	:generate	nil
2026-03-11 14:38:17,928{GMT}	INFO	[jepsen worker 0] jepsen.util: 0	:invoke	:generate	nil
2026-03-11 14:38:17,929{GMT}	INFO	[jepsen worker 0] jepsen.util: 0	:ok	:generate	"387-null"
2026-03-11 14:38:17,929{GMT}	INFO	[jepsen worker 2] jepsen.util: 2	:ok	:generate	"301-null"
2026-03-11 14:38:17,930{GMT}	INFO	[jepsen worker 0] jepsen.util: 0	:invoke	:generate	nil
2026-03-11 14:38:17,931{GMT}	INFO	[jepsen worker 0] jepsen.util: 0	:ok	:generate	"388-null"
2026-03-11 14:38:17,931{GMT}	INFO	[jepsen worker 1] jepsen.util: 1	:invoke	:generate	nil
2026-03-11 14:38:17,931{GMT}	INFO	[jepsen worker 2] jepsen.util: 2	:invoke	:generate	nil
2026-03-11 14:38:17,932{GMT}	INFO	[jepsen worker 1] jepsen.util: 1	:ok	:generate	"349-null"
2026-03-11 14:38:17,932{GMT}	INFO	[jepsen worker 2] jepsen.util: 2	:ok	:generate	"302-null"
2026-03-11 14:38:17,932{GMT}	INFO	[jepsen worker 0] jepsen.util: 0	:invoke	:generate	nil
2026-03-11 14:38:17,933{GMT}	INFO	[jepsen worker 0] jepsen.util: 0	:ok	:generate	"389-null"
2026-03-11 14:38:17,934{GMT}	INFO	[jepsen worker 0] jepsen.util: 0	:invoke	:generate	nil
2026-03-11 14:38:17,935{GMT}	INFO	[jepsen worker 1] jepsen.util: 1	:invoke	:generate	nil
2026-03-11 14:38:17,935{GMT}	INFO	[jepsen worker 0] jepsen.util: 0	:ok	:generate	"390-null"
2026-03-11 14:38:17,936{GMT}	INFO	[jepsen worker 1] jepsen.util: 1	:ok	:generate	"350-null"
2026-03-11 14:38:17,937{GMT}	INFO	[jepsen worker 2] jepsen.util: 2	:invoke	:generate	nil
2026-03-11 14:38:17,938{GMT}	INFO	[jepsen worker 2] jepsen.util: 2	:ok	:generate	"303-null"
2026-03-11 14:38:17,938{GMT}	INFO	[jepsen worker 0] jepsen.util: 0	:invoke	:generate	nil
2026-03-11 14:38:17,938{GMT}	INFO	[jepsen worker 1] jepsen.util: 1	:invoke	:generate	nil
2026-03-11 14:38:17,939{GMT}	INFO	[jepsen worker 0] jepsen.util: 0	:ok	:generate	"391-null"
2026-03-11 14:38:17,939{GMT}	INFO	[jepsen worker 1] jepsen.util: 1	:ok	:generate	"351-null"
2026-03-11 14:38:17,939{GMT}	INFO	[jepsen worker 2] jepsen.util: 2	:invoke	:generate	nil
2026-03-11 14:38:17,940{GMT}	INFO	[jepsen worker 2] jepsen.util: 2	:ok	:generate	"304-null"
2026-03-11 14:38:17,941{GMT}	INFO	[jepsen worker 2] jepsen.util: 2	:invoke	:generate	nil
2026-03-11 14:38:17,942{GMT}	INFO	[jepsen worker 2] jepsen.util: 2	:ok	:generate	"305-null"
2026-03-11 14:38:17,942{GMT}	INFO	[jepsen worker 0] jepsen.util: 0	:invoke	:generate	nil
2026-03-11 14:38:17,943{GMT}	INFO	[jepsen worker 1] jepsen.util: 1	:invoke	:generate	nil
2026-03-11 14:38:17,943{GMT}	INFO	[jepsen worker 0] jepsen.util: 0	:ok	:generate	"392-null"
2026-03-11 14:38:17,943{GMT}	INFO	[jepsen worker 1] jepsen.util: 1	:ok	:generate	"352-null"
2026-03-11 14:38:17,944{GMT}	INFO	[jepsen worker 1] jepsen.util: 1	:invoke	:generate	nil
2026-03-11 14:38:17,944{GMT}	INFO	[jepsen worker 1] jepsen.util: 1	:ok	:generate	"353-null"
2026-03-11 14:38:17,944{GMT}	INFO	[jepsen worker 2] jepsen.util: 2	:invoke	:generate	nil
2026-03-11 14:38:17,945{GMT}	INFO	[jepsen worker 2] jepsen.util: 2	:ok	:generate	"306-null"
2026-03-11 14:38:17,945{GMT}	INFO	[jepsen worker 0] jepsen.util: 0	:invoke	:generate	nil
2026-03-11 14:38:17,946{GMT}	INFO	[jepsen worker 0] jepsen.util: 0	:ok	:generate	"393-null"
2026-03-11 14:38:17,947{GMT}	INFO	[jepsen worker 0] jepsen.util: 0	:invoke	:generate	nil
2026-03-11 14:38:17,948{GMT}	INFO	[jepsen worker 1] jepsen.util: 1	:invoke	:generate	nil
2026-03-11 14:38:17,948{GMT}	INFO	[jepsen worker 0] jepsen.util: 0	:ok	:generate	"394-null"
2026-03-11 14:38:17,948{GMT}	INFO	[jepsen worker 2] jepsen.util: 2	:invoke	:generate	nil
2026-03-11 14:38:17,948{GMT}	INFO	[jepsen worker 0] jepsen.util: 0	:invoke	:generate	nil
2026-03-11 14:38:17,949{GMT}	INFO	[jepsen worker 2] jepsen.util: 2	:ok	:generate	"307-null"
2026-03-11 14:38:17,949{GMT}	INFO	[jepsen worker 1] jepsen.util: 1	:ok	:generate	"354-null"
2026-03-11 14:38:17,949{GMT}	INFO	[jepsen worker 0] jepsen.util: 0	:ok	:generate	"395-null"
2026-03-11 14:38:17,950{GMT}	INFO	[jepsen worker 0] jepsen.util: 0	:invoke	:generate	nil
2026-03-11 14:38:17,951{GMT}	INFO	[jepsen worker 0] jepsen.util: 0	:ok	:generate	"396-null"
2026-03-11 14:38:17,951{GMT}	INFO	[jepsen worker 1] jepsen.util: 1	:invoke	:generate	nil
2026-03-11 14:38:17,952{GMT}	INFO	[jepsen worker 1] jepsen.util: 1	:ok	:generate	"355-null"
2026-03-11 14:38:17,953{GMT}	INFO	[jepsen worker 2] jepsen.util: 2	:invoke	:generate	nil
2026-03-11 14:38:17,954{GMT}	INFO	[jepsen worker 2] jepsen.util: 2	:ok	:generate	"308-null"
2026-03-11 14:38:17,955{GMT}	INFO	[jepsen worker 1] jepsen.util: 1	:invoke	:generate	nil
2026-03-11 14:38:17,955{GMT}	INFO	[jepsen worker 0] jepsen.util: 0	:invoke	:generate	nil
2026-03-11 14:38:17,955{GMT}	INFO	[jepsen worker 2] jepsen.util: 2	:invoke	:generate	nil
2026-03-11 14:38:17,955{GMT}	INFO	[jepsen worker 1] jepsen.util: 1	:ok	:generate	"356-null"
2026-03-11 14:38:17,955{GMT}	INFO	[jepsen worker 0] jepsen.util: 0	:ok	:generate	"397-null"
2026-03-11 14:38:17,956{GMT}	INFO	[jepsen worker 2] jepsen.util: 2	:ok	:generate	"309-null"
2026-03-11 14:38:17,957{GMT}	INFO	[jepsen worker 2] jepsen.util: 2	:invoke	:generate	nil
2026-03-11 14:38:17,957{GMT}	INFO	[jepsen worker 0] jepsen.util: 0	:invoke	:generate	nil
2026-03-11 14:38:17,958{GMT}	INFO	[jepsen worker 1] jepsen.util: 1	:invoke	:generate	nil
2026-03-11 14:38:17,958{GMT}	INFO	[jepsen worker 1] jepsen.util: 1	:ok	:generate	"357-null"
2026-03-11 14:38:17,959{GMT}	INFO	[jepsen worker 2] jepsen.util: 2	:ok	:generate	"310-null"
2026-03-11 14:38:17,958{GMT}	INFO	[jepsen worker 0] jepsen.util: 0	:ok	:generate	"398-null"
2026-03-11 14:38:17,959{GMT}	INFO	[jepsen worker 1] jepsen.util: 1	:invoke	:generate	nil
2026-03-11 14:38:17,959{GMT}	INFO	[jepsen worker 1] jepsen.util: 1	:ok	:generate	"358-null"
2026-03-11 14:38:17,959{GMT}	INFO	[jepsen worker 2] jepsen.util: 2	:invoke	:generate	nil
2026-03-11 14:38:17,960{GMT}	INFO	[jepsen worker 2] jepsen.util: 2	:ok	:generate	"311-null"
2026-03-11 14:38:17,961{GMT}	INFO	[jepsen worker 0] jepsen.util: 0	:invoke	:generate	nil
2026-03-11 14:38:17,962{GMT}	INFO	[jepsen worker 0] jepsen.util: 0	:ok	:generate	"399-null"
2026-03-11 14:38:17,963{GMT}	INFO	[jepsen worker 0] jepsen.util: 0	:invoke	:generate	nil
2026-03-11 14:38:17,963{GMT}	INFO	[jepsen worker 0] jepsen.util: 0	:ok	:generate	"400-null"
2026-03-11 14:38:17,963{GMT}	INFO	[jepsen worker 1] jepsen.util: 1	:invoke	:generate	nil
2026-03-11 14:38:17,964{GMT}	INFO	[jepsen worker 1] jepsen.util: 1	:ok	:generate	"359-null"
2026-03-11 14:38:17,965{GMT}	INFO	[jepsen worker 2] jepsen.util: 2	:invoke	:generate	nil
2026-03-11 14:38:17,966{GMT}	INFO	[jepsen worker 2] jepsen.util: 2	:ok	:generate	"312-null"
2026-03-11 14:38:17,966{GMT}	INFO	[jepsen worker 0] jepsen.util: 0	:invoke	:generate	nil
2026-03-11 14:38:17,967{GMT}	INFO	[jepsen worker 0] jepsen.util: 0	:ok	:generate	"401-null"
2026-03-11 14:38:17,967{GMT}	INFO	[jepsen worker 0] jepsen.util: 0	:invoke	:generate	nil
2026-03-11 14:38:17,968{GMT}	INFO	[jepsen worker 0] jepsen.util: 0	:ok	:generate	"402-null"
2026-03-11 14:38:17,969{GMT}	INFO	[jepsen worker 1] jepsen.util: 1	:invoke	:generate	nil
2026-03-11 14:38:17,970{GMT}	INFO	[jepsen worker 1] jepsen.util: 1	:ok	:generate	"360-null"
2026-03-11 14:38:17,970{GMT}	INFO	[jepsen worker 2] jepsen.util: 2	:invoke	:generate	nil
2026-03-11 14:38:17,971{GMT}	INFO	[jepsen worker 2] jepsen.util: 2	:ok	:generate	"313-null"
2026-03-11 14:38:17,971{GMT}	INFO	[jepsen worker 0] jepsen.util: 0	:invoke	:generate	nil
2026-03-11 14:38:17,971{GMT}	INFO	[jepsen worker 0] jepsen.util: 0	:ok	:generate	"403-null"
2026-03-11 14:38:17,972{GMT}	INFO	[jepsen worker 0] jepsen.util: 0	:invoke	:generate	nil
2026-03-11 14:38:17,972{GMT}	INFO	[jepsen worker 0] jepsen.util: 0	:ok	:generate	"404-null"
2026-03-11 14:38:17,974{GMT}	INFO	[jepsen worker 1] jepsen.util: 1	:invoke	:generate	nil
2026-03-11 14:38:17,975{GMT}	INFO	[jepsen worker 1] jepsen.util: 1	:ok	:generate	"361-null"
2026-03-11 14:38:17,975{GMT}	INFO	[jepsen worker 2] jepsen.util: 2	:invoke	:generate	nil
2026-03-11 14:38:17,976{GMT}	INFO	[jepsen worker 0] jepsen.util: 0	:invoke	:generate	nil
2026-03-11 14:38:17,976{GMT}	INFO	[jepsen worker 2] jepsen.util: 2	:ok	:generate	"314-null"
2026-03-11 14:38:17,977{GMT}	INFO	[jepsen worker 0] jepsen.util: 0	:ok	:generate	"405-null"
2026-03-11 14:38:17,977{GMT}	INFO	[jepsen worker 0] jepsen.util: 0	:invoke	:generate	nil
2026-03-11 14:38:17,978{GMT}	INFO	[jepsen worker 0] jepsen.util: 0	:ok	:generate	"406-null"
2026-03-11 14:38:17,979{GMT}	INFO	[jepsen worker 1] jepsen.util: 1	:invoke	:generate	nil
2026-03-11 14:38:17,980{GMT}	INFO	[jepsen worker 1] jepsen.util: 1	:ok	:generate	"362-null"
2026-03-11 14:38:17,981{GMT}	INFO	[jepsen worker 2] jepsen.util: 2	:invoke	:generate	nil
2026-03-11 14:38:17,981{GMT}	INFO	[jepsen worker 0] jepsen.util: 0	:invoke	:generate	nil
2026-03-11 14:38:17,981{GMT}	INFO	[jepsen worker 2] jepsen.util: 2	:ok	:generate	"315-null"
2026-03-11 14:38:17,982{GMT}	INFO	[jepsen worker 0] jepsen.util: 0	:ok	:generate	"407-null"
2026-03-11 14:38:17,982{GMT}	INFO	[jepsen worker 1] jepsen.util: 1	:invoke	:generate	nil
2026-03-11 14:38:17,983{GMT}	INFO	[jepsen worker 1] jepsen.util: 1	:ok	:generate	"363-null"
2026-03-11 14:38:17,983{GMT}	INFO	[jepsen worker 2] jepsen.util: 2	:invoke	:generate	nil
2026-03-11 14:38:17,984{GMT}	INFO	[jepsen worker 2] jepsen.util: 2	:ok	:generate	"316-null"
2026-03-11 14:38:17,985{GMT}	INFO	[jepsen worker 2] jepsen.util: 2	:invoke	:generate	nil
2026-03-11 14:38:17,986{GMT}	INFO	[jepsen worker 2] jepsen.util: 2	:ok	:generate	"317-null"
2026-03-11 14:38:17,987{GMT}	INFO	[jepsen worker 0] jepsen.util: 0	:invoke	:generate	nil
2026-03-11 14:38:17,988{GMT}	INFO	[jepsen worker 0] jepsen.util: 0	:ok	:generate	"408-null"
2026-03-11 14:38:17,988{GMT}	INFO	[jepsen worker 0] jepsen.util: 0	:invoke	:generate	nil
2026-03-11 14:38:17,989{GMT}	INFO	[jepsen worker 0] jepsen.util: 0	:ok	:generate	"409-null"
2026-03-11 14:38:17,989{GMT}	INFO	[jepsen worker 1] jepsen.util: 1	:invoke	:generate	nil
2026-03-11 14:38:17,990{GMT}	INFO	[jepsen worker 1] jepsen.util: 1	:ok	:generate	"364-null"
2026-03-11 14:38:17,990{GMT}	INFO	[jepsen worker 2] jepsen.util: 2	:invoke	:generate	nil
2026-03-11 14:38:17,991{GMT}	INFO	[jepsen worker 2] jepsen.util: 2	:ok	:generate	"318-null"
2026-03-11 14:38:17,991{GMT}	INFO	[jepsen worker 0] jepsen.util: 0	:invoke	:generate	nil
2026-03-11 14:38:17,992{GMT}	INFO	[jepsen worker 0] jepsen.util: 0	:ok	:generate	"410-null"
2026-03-11 14:38:17,993{GMT}	INFO	[jepsen worker 0] jepsen.util: 0	:invoke	:generate	nil
2026-03-11 14:38:17,994{GMT}	INFO	[jepsen worker 0] jepsen.util: 0	:ok	:generate	"411-null"
2026-03-11 14:38:17,994{GMT}	INFO	[jepsen worker 1] jepsen.util: 1	:invoke	:generate	nil
2026-03-11 14:38:17,994{GMT}	INFO	[jepsen worker 2] jepsen.util: 2	:invoke	:generate	nil
2026-03-11 14:38:17,996{GMT}	INFO	[jepsen worker 0] jepsen.util: 0	:invoke	:generate	nil
2026-03-11 14:38:17,996{GMT}	INFO	[jepsen worker 2] jepsen.util: 2	:ok	:generate	"319-null"
2026-03-11 14:38:17,997{GMT}	INFO	[jepsen worker 0] jepsen.util: 0	:ok	:generate	"412-null"
2026-03-11 14:38:17,997{GMT}	INFO	[jepsen worker 0] jepsen.util: 0	:invoke	:generate	nil
2026-03-11 14:38:17,997{GMT}	INFO	[jepsen worker 1] jepsen.util: 1	:ok	:generate	"365-null"
2026-03-11 14:38:17,997{GMT}	INFO	[jepsen worker 1] jepsen.util: 1	:invoke	:generate	nil
2026-03-11 14:38:17,998{GMT}	INFO	[jepsen worker 0] jepsen.util: 0	:ok	:generate	"413-null"
2026-03-11 14:38:17,998{GMT}	INFO	[jepsen worker 1] jepsen.util: 1	:ok	:generate	"366-null"
2026-03-11 14:38:17,999{GMT}	INFO	[jepsen worker 2] jepsen.util: 2	:invoke	:generate	nil
2026-03-11 14:38:18,000{GMT}	INFO	[jepsen worker 0] jepsen.util: 0	:invoke	:generate	nil
2026-03-11 14:38:18,000{GMT}	INFO	[jepsen worker 2] jepsen.util: 2	:ok	:generate	"320-null"
2026-03-11 14:38:18,002{GMT}	INFO	[jepsen worker 1] jepsen.util: 1	:invoke	:generate	nil
2026-03-11 14:38:18,002{GMT}	INFO	[jepsen worker 0] jepsen.util: 0	:ok	:generate	"414-null"
2026-03-11 14:38:18,003{GMT}	INFO	[jepsen worker 1] jepsen.util: 1	:ok	:generate	"367-null"
2026-03-11 14:38:18,004{GMT}	INFO	[jepsen worker 1] jepsen.util: 1	:invoke	:generate	nil
2026-03-11 14:38:18,005{GMT}	INFO	[jepsen worker 1] jepsen.util: 1	:ok	:generate	"368-null"
2026-03-11 14:38:18,005{GMT}	INFO	[jepsen worker 2] jepsen.util: 2	:invoke	:generate	nil
2026-03-11 14:38:18,005{GMT}	INFO	[jepsen worker 0] jepsen.util: 0	:invoke	:generate	nil
2026-03-11 14:38:18,006{GMT}	INFO	[jepsen worker 0] jepsen.util: 0	:ok	:generate	"415-null"
2026-03-11 14:38:18,006{GMT}	INFO	[jepsen worker 2] jepsen.util: 2	:ok	:generate	"321-null"
2026-03-11 14:38:18,006{GMT}	INFO	[jepsen worker 1] jepsen.util: 1	:invoke	:generate	nil
2026-03-11 14:38:18,007{GMT}	INFO	[jepsen worker 1] jepsen.util: 1	:ok	:generate	"369-null"
2026-03-11 14:38:18,008{GMT}	INFO	[jepsen worker 1] jepsen.util: 1	:invoke	:generate	nil
2026-03-11 14:38:18,009{GMT}	INFO	[jepsen worker 2] jepsen.util: 2	:invoke	:generate	nil
2026-03-11 14:38:18,009{GMT}	INFO	[jepsen worker 1] jepsen.util: 1	:ok	:generate	"370-null"
2026-03-11 14:38:18,010{GMT}	INFO	[jepsen worker 2] jepsen.util: 2	:ok	:generate	"322-null"
2026-03-11 14:38:18,010{GMT}	INFO	[jepsen worker 0] jepsen.util: 0	:invoke	:generate	nil
2026-03-11 14:38:18,010{GMT}	INFO	[jepsen worker 1] jepsen.util: 1	:invoke	:generate	nil
2026-03-11 14:38:18,011{GMT}	INFO	[jepsen worker 0] jepsen.util: 0	:ok	:generate	"416-null"
2026-03-11 14:38:18,011{GMT}	INFO	[jepsen worker 1] jepsen.util: 1	:ok	:generate	"371-null"
2026-03-11 14:38:18,012{GMT}	INFO	[jepsen worker 1] jepsen.util: 1	:invoke	:generate	nil
2026-03-11 14:38:18,013{GMT}	INFO	[jepsen worker 1] jepsen.util: 1	:ok	:generate	"372-null"
2026-03-11 14:38:18,014{GMT}	INFO	[jepsen worker 2] jepsen.util: 2	:invoke	:generate	nil
2026-03-11 14:38:18,015{GMT}	INFO	[jepsen worker 2] jepsen.util: 2	:ok	:generate	"323-null"
2026-03-11 14:38:18,016{GMT}	INFO	[jepsen worker 0] jepsen.util: 0	:invoke	:generate	nil
2026-03-11 14:38:18,017{GMT}	INFO	[jepsen worker 0] jepsen.util: 0	:ok	:generate	"417-null"
2026-03-11 14:38:18,018{GMT}	INFO	[jepsen worker 0] jepsen.util: 0	:invoke	:generate	nil
2026-03-11 14:38:18,018{GMT}	INFO	[jepsen worker 1] jepsen.util: 1	:invoke	:generate	nil
2026-03-11 14:38:18,019{GMT}	INFO	[jepsen worker 2] jepsen.util: 2	:invoke	:generate	nil
2026-03-11 14:38:18,020{GMT}	INFO	[jepsen worker 0] jepsen.util: 0	:ok	:generate	"418-null"
2026-03-11 14:38:18,020{GMT}	INFO	[jepsen worker 1] jepsen.util: 1	:ok	:generate	"373-null"
2026-03-11 14:38:18,020{GMT}	INFO	[jepsen worker 2] jepsen.util: 2	:ok	:generate	"324-null"
2026-03-11 14:38:18,020{GMT}	INFO	[jepsen worker 0] jepsen.util: 0	:invoke	:generate	nil
2026-03-11 14:38:18,021{GMT}	INFO	[jepsen worker 0] jepsen.util: 0	:ok	:generate	"419-null"
2026-03-11 14:38:18,022{GMT}	INFO	[jepsen worker 0] jepsen.util: 0	:invoke	:generate	nil
2026-03-11 14:38:18,022{GMT}	INFO	[jepsen worker 1] jepsen.util: 1	:invoke	:generate	nil
2026-03-11 14:38:18,023{GMT}	INFO	[jepsen worker 0] jepsen.util: 0	:ok	:generate	"420-null"
2026-03-11 14:38:18,023{GMT}	INFO	[jepsen worker 2] jepsen.util: 2	:invoke	:generate	nil
2026-03-11 14:38:18,023{GMT}	INFO	[jepsen worker 1] jepsen.util: 1	:ok	:generate	"374-null"
2026-03-11 14:38:18,024{GMT}	INFO	[jepsen worker 2] jepsen.util: 2	:ok	:generate	"325-null"
2026-03-11 14:38:18,024{GMT}	INFO	[jepsen worker 0] jepsen.util: 0	:invoke	:generate	nil
2026-03-11 14:38:18,025{GMT}	INFO	[jepsen worker 0] jepsen.util: 0	:ok	:generate	"421-null"
2026-03-11 14:38:18,026{GMT}	INFO	[jepsen worker 0] jepsen.util: 0	:invoke	:generate	nil
2026-03-11 14:38:18,027{GMT}	INFO	[jepsen worker 0] jepsen.util: 0	:ok	:generate	"422-null"
2026-03-11 14:38:18,027{GMT}	INFO	[jepsen worker 1] jepsen.util: 1	:invoke	:generate	nil
2026-03-11 14:38:18,028{GMT}	INFO	[jepsen worker 1] jepsen.util: 1	:ok	:generate	"375-null"
2026-03-11 14:38:18,029{GMT}	INFO	[jepsen worker 2] jepsen.util: 2	:invoke	:generate	nil
2026-03-11 14:38:18,030{GMT}	INFO	[jepsen worker 2] jepsen.util: 2	:ok	:generate	"326-null"
2026-03-11 14:38:18,031{GMT}	INFO	[jepsen worker 0] jepsen.util: 0	:invoke	:generate	nil
2026-03-11 14:38:18,031{GMT}	INFO	[jepsen worker 0] jepsen.util: 0	:ok	:generate	"423-null"
2026-03-11 14:38:18,032{GMT}	INFO	[jepsen worker 0] jepsen.util: 0	:invoke	:generate	nil
2026-03-11 14:38:18,033{GMT}	INFO	[jepsen worker 0] jepsen.util: 0	:ok	:generate	"424-null"
2026-03-11 14:38:18,033{GMT}	INFO	[jepsen worker 1] jepsen.util: 1	:invoke	:generate	nil
2026-03-11 14:38:18,034{GMT}	INFO	[jepsen worker 1] jepsen.util: 1	:ok	:generate	"376-null"
2026-03-11 14:38:18,034{GMT}	INFO	[jepsen worker 2] jepsen.util: 2	:invoke	:generate	nil
2026-03-11 14:38:18,035{GMT}	INFO	[jepsen worker 2] jepsen.util: 2	:ok	:generate	"327-null"
2026-03-11 14:38:18,035{GMT}	INFO	[jepsen worker 0] jepsen.util: 0	:invoke	:generate	nil
2026-03-11 14:38:18,036{GMT}	INFO	[jepsen worker 1] jepsen.util: 1	:invoke	:generate	nil
2026-03-11 14:38:18,036{GMT}	INFO	[jepsen worker 0] jepsen.util: 0	:ok	:generate	"425-null"
2026-03-11 14:38:18,036{GMT}	INFO	[jepsen worker 1] jepsen.util: 1	:ok	:generate	"377-null"
2026-03-11 14:38:18,037{GMT}	INFO	[jepsen worker 1] jepsen.util: 1	:invoke	:generate	nil
2026-03-11 14:38:18,037{GMT}	INFO	[jepsen worker 2] jepsen.util: 2	:invoke	:generate	nil
2026-03-11 14:38:18,037{GMT}	INFO	[jepsen worker 1] jepsen.util: 1	:ok	:generate	"378-null"
2026-03-11 14:38:18,038{GMT}	INFO	[jepsen worker 0] jepsen.util: 0	:invoke	:generate	nil
2026-03-11 14:38:18,038{GMT}	INFO	[jepsen worker 2] jepsen.util: 2	:ok	:generate	"328-null"
2026-03-11 14:38:18,038{GMT}	INFO	[jepsen worker 0] jepsen.util: 0	:ok	:generate	"426-null"
2026-03-11 14:38:18,039{GMT}	INFO	[jepsen worker 0] jepsen.util: 0	:invoke	:generate	nil
2026-03-11 14:38:18,040{GMT}	INFO	[jepsen worker 0] jepsen.util: 0	:ok	:generate	"427-null"
2026-03-11 14:38:18,041{GMT}	INFO	[jepsen worker 1] jepsen.util: 1	:invoke	:generate	nil
2026-03-11 14:38:18,042{GMT}	INFO	[jepsen worker 1] jepsen.util: 1	:ok	:generate	"379-null"
2026-03-11 14:38:18,043{GMT}	INFO	[jepsen worker 2] jepsen.util: 2	:invoke	:generate	nil
2026-03-11 14:38:18,044{GMT}	INFO	[jepsen worker 2] jepsen.util: 2	:ok	:generate	"329-null"
2026-03-11 14:38:18,045{GMT}	INFO	[jepsen worker 0] jepsen.util: 0	:invoke	:generate	nil
2026-03-11 14:38:18,046{GMT}	INFO	[jepsen worker 0] jepsen.util: 0	:ok	:generate	"428-null"
2026-03-11 14:38:18,047{GMT}	INFO	[jepsen worker 0] jepsen.util: 0	:invoke	:generate	nil
2026-03-11 14:38:18,048{GMT}	INFO	[jepsen worker 0] jepsen.util: 0	:ok	:generate	"429-null"
2026-03-11 14:38:18,048{GMT}	INFO	[jepsen worker 1] jepsen.util: 1	:invoke	:generate	nil
2026-03-11 14:38:18,049{GMT}	INFO	[jepsen worker 1] jepsen.util: 1	:ok	:generate	"380-null"
2026-03-11 14:38:18,050{GMT}	INFO	[jepsen worker 2] jepsen.util: 2	:invoke	:generate	nil
2026-03-11 14:38:18,051{GMT}	INFO	[jepsen worker 2] jepsen.util: 2	:ok	:generate	"330-null"
2026-03-11 14:38:18,052{GMT}	INFO	[jepsen worker 0] jepsen.util: 0	:invoke	:generate	nil
2026-03-11 14:38:18,053{GMT}	INFO	[jepsen worker 1] jepsen.util: 1	:invoke	:generate	nil
2026-03-11 14:38:18,053{GMT}	INFO	[jepsen worker 0] jepsen.util: 0	:ok	:generate	"430-null"
2026-03-11 14:38:18,054{GMT}	INFO	[jepsen worker 1] jepsen.util: 1	:ok	:generate	"381-null"
2026-03-11 14:38:18,055{GMT}	INFO	[jepsen worker 1] jepsen.util: 1	:invoke	:generate	nil
2026-03-11 14:38:18,055{GMT}	INFO	[jepsen worker 1] jepsen.util: 1	:ok	:generate	"382-null"
2026-03-11 14:38:18,056{GMT}	INFO	[jepsen worker 2] jepsen.util: 2	:invoke	:generate	nil
2026-03-11 14:38:18,056{GMT}	INFO	[jepsen worker 0] jepsen.util: 0	:invoke	:generate	nil
2026-03-11 14:38:18,057{GMT}	INFO	[jepsen worker 2] jepsen.util: 2	:ok	:generate	"331-null"
2026-03-11 14:38:18,057{GMT}	INFO	[jepsen worker 0] jepsen.util: 0	:ok	:generate	"431-null"
2026-03-11 14:38:18,058{GMT}	INFO	[jepsen worker 0] jepsen.util: 0	:invoke	:generate	nil
2026-03-11 14:38:18,059{GMT}	INFO	[jepsen worker 2] jepsen.util: 2	:invoke	:generate	nil
2026-03-11 14:38:18,059{GMT}	INFO	[jepsen worker 0] jepsen.util: 0	:ok	:generate	"432-null"
2026-03-11 14:38:18,059{GMT}	INFO	[jepsen worker 1] jepsen.util: 1	:invoke	:generate	nil
2026-03-11 14:38:18,060{GMT}	INFO	[jepsen worker 2] jepsen.util: 2	:ok	:generate	"332-null"
2026-03-11 14:38:18,061{GMT}	INFO	[jepsen worker 1] jepsen.util: 1	:ok	:generate	"383-null"
2026-03-11 14:38:18,061{GMT}	INFO	[jepsen worker 0] jepsen.util: 0	:invoke	:generate	nil
2026-03-11 14:38:18,062{GMT}	INFO	[jepsen worker 0] jepsen.util: 0	:ok	:generate	"433-null"
2026-03-11 14:38:18,063{GMT}	INFO	[jepsen worker 0] jepsen.util: 0	:invoke	:generate	nil
2026-03-11 14:38:18,064{GMT}	INFO	[jepsen worker 0] jepsen.util: 0	:ok	:generate	"434-null"
2026-03-11 14:38:18,065{GMT}	INFO	[jepsen worker 1] jepsen.util: 1	:invoke	:generate	nil
2026-03-11 14:38:18,066{GMT}	INFO	[jepsen worker 1] jepsen.util: 1	:ok	:generate	"384-null"
2026-03-11 14:38:18,066{GMT}	INFO	[jepsen worker 2] jepsen.util: 2	:invoke	:generate	nil
2026-03-11 14:38:18,067{GMT}	INFO	[jepsen worker 2] jepsen.util: 2	:ok	:generate	"333-null"
2026-03-11 14:38:18,068{GMT}	INFO	[jepsen worker 0] jepsen.util: 0	:invoke	:generate	nil
2026-03-11 14:38:18,068{GMT}	INFO	[jepsen worker 1] jepsen.util: 1	:invoke	:generate	nil
2026-03-11 14:38:18,069{GMT}	INFO	[jepsen worker 0] jepsen.util: 0	:ok	:generate	"435-null"
2026-03-11 14:38:18,069{GMT}	INFO	[jepsen worker 1] jepsen.util: 1	:ok	:generate	"385-null"
2026-03-11 14:38:18,070{GMT}	INFO	[jepsen worker 1] jepsen.util: 1	:invoke	:generate	nil
2026-03-11 14:38:18,071{GMT}	INFO	[jepsen worker 1] jepsen.util: 1	:ok	:generate	"386-null"
2026-03-11 14:38:18,072{GMT}	INFO	[jepsen worker 2] jepsen.util: 2	:invoke	:generate	nil
2026-03-11 14:38:18,072{GMT}	INFO	[jepsen worker 2] jepsen.util: 2	:ok	:generate	"334-null"
2026-03-11 14:38:18,074{GMT}	INFO	[jepsen worker 0] jepsen.util: 0	:invoke	:generate	nil
2026-03-11 14:38:18,075{GMT}	INFO	[jepsen worker 0] jepsen.util: 0	:ok	:generate	"436-null"
2026-03-11 14:38:18,075{GMT}	INFO	[jepsen worker 0] jepsen.util: 0	:invoke	:generate	nil
2026-03-11 14:38:18,076{GMT}	INFO	[jepsen worker 0] jepsen.util: 0	:ok	:generate	"437-null"
2026-03-11 14:38:18,076{GMT}	INFO	[jepsen worker 1] jepsen.util: 1	:invoke	:generate	nil
2026-03-11 14:38:18,077{GMT}	INFO	[jepsen worker 1] jepsen.util: 1	:ok	:generate	"387-null"
2026-03-11 14:38:18,078{GMT}	INFO	[jepsen worker 2] jepsen.util: 2	:invoke	:generate	nil
2026-03-11 14:38:18,078{GMT}	INFO	[jepsen worker 0] jepsen.util: 0	:invoke	:generate	nil
2026-03-11 14:38:18,079{GMT}	INFO	[jepsen worker 2] jepsen.util: 2	:ok	:generate	"335-null"
2026-03-11 14:38:18,079{GMT}	INFO	[jepsen worker 0] jepsen.util: 0	:ok	:generate	"438-null"
2026-03-11 14:38:18,080{GMT}	INFO	[jepsen worker 2] jepsen.util: 2	:invoke	:generate	nil
2026-03-11 14:38:18,080{GMT}	INFO	[jepsen worker 2] jepsen.util: 2	:ok	:generate	"336-null"
2026-03-11 14:38:18,080{GMT}	INFO	[jepsen worker 1] jepsen.util: 1	:invoke	:generate	nil
2026-03-11 14:38:18,081{GMT}	INFO	[jepsen worker 2] jepsen.util: 2	:invoke	:generate	nil
2026-03-11 14:38:18,081{GMT}	INFO	[jepsen worker 1] jepsen.util: 1	:ok	:generate	"388-null"
2026-03-11 14:38:18,081{GMT}	INFO	[jepsen worker 0] jepsen.util: 0	:invoke	:generate	nil
2026-03-11 14:38:18,082{GMT}	INFO	[jepsen worker 2] jepsen.util: 2	:ok	:generate	"337-null"
2026-03-11 14:38:18,082{GMT}	INFO	[jepsen worker 0] jepsen.util: 0	:ok	:generate	"439-null"
2026-03-11 14:38:18,083{GMT}	INFO	[jepsen worker 0] jepsen.util: 0	:invoke	:generate	nil
2026-03-11 14:38:18,083{GMT}	INFO	[jepsen worker 0] jepsen.util: 0	:ok	:generate	"440-null"
2026-03-11 14:38:18,084{GMT}	INFO	[jepsen worker 1] jepsen.util: 1	:invoke	:generate	nil
2026-03-11 14:38:18,085{GMT}	INFO	[jepsen worker 1] jepsen.util: 1	:ok	:generate	"389-null"
2026-03-11 14:38:18,085{GMT}	INFO	[jepsen worker 2] jepsen.util: 2	:invoke	:generate	nil
2026-03-11 14:38:18,086{GMT}	INFO	[jepsen worker 0] jepsen.util: 0	:invoke	:generate	nil
2026-03-11 14:38:18,086{GMT}	INFO	[jepsen worker 2] jepsen.util: 2	:ok	:generate	"338-null"
2026-03-11 14:38:18,087{GMT}	INFO	[jepsen worker 1] jepsen.util: 1	:invoke	:generate	nil
2026-03-11 14:38:18,087{GMT}	INFO	[jepsen worker 0] jepsen.util: 0	:ok	:generate	"441-null"
2026-03-11 14:38:18,087{GMT}	INFO	[jepsen worker 1] jepsen.util: 1	:ok	:generate	"390-null"
2026-03-11 14:38:18,089{GMT}	INFO	[jepsen worker 1] jepsen.util: 1	:invoke	:generate	nil
2026-03-11 14:38:18,090{GMT}	INFO	[jepsen worker 2] jepsen.util: 2	:invoke	:generate	nil
2026-03-11 14:38:18,090{GMT}	INFO	[jepsen worker 1] jepsen.util: 1	:ok	:generate	"391-null"
2026-03-11 14:38:18,090{GMT}	INFO	[jepsen worker 2] jepsen.util: 2	:ok	:generate	"339-null"
2026-03-11 14:38:18,090{GMT}	INFO	[jepsen worker 0] jepsen.util: 0	:invoke	:generate	nil
2026-03-11 14:38:18,091{GMT}	INFO	[jepsen worker 1] jepsen.util: 1	:invoke	:generate	nil
2026-03-11 14:38:18,091{GMT}	INFO	[jepsen worker 2] jepsen.util: 2	:invoke	:generate	nil
2026-03-11 14:38:18,092{GMT}	INFO	[jepsen worker 1] jepsen.util: 1	:ok	:generate	"392-null"
2026-03-11 14:38:18,092{GMT}	INFO	[jepsen worker 0] jepsen.util: 0	:ok	:generate	"442-null"
2026-03-11 14:38:18,092{GMT}	INFO	[jepsen worker 2] jepsen.util: 2	:ok	:generate	"340-null"
2026-03-11 14:38:18,093{GMT}	INFO	[jepsen worker 2] jepsen.util: 2	:invoke	:generate	nil
2026-03-11 14:38:18,093{GMT}	INFO	[jepsen worker 0] jepsen.util: 0	:invoke	:generate	nil
2026-03-11 14:38:18,094{GMT}	INFO	[jepsen worker 2] jepsen.util: 2	:ok	:generate	"341-null"
2026-03-11 14:38:18,094{GMT}	INFO	[jepsen worker 0] jepsen.util: 0	:ok	:generate	"443-null"
2026-03-11 14:38:18,095{GMT}	INFO	[jepsen worker 0] jepsen.util: 0	:invoke	:generate	nil
2026-03-11 14:38:18,095{GMT}	INFO	[jepsen worker 1] jepsen.util: 1	:invoke	:generate	nil
2026-03-11 14:38:18,096{GMT}	INFO	[jepsen worker 0] jepsen.util: 0	:ok	:generate	"444-null"
2026-03-11 14:38:18,096{GMT}	INFO	[jepsen worker 2] jepsen.util: 2	:invoke	:generate	nil
2026-03-11 14:38:18,096{GMT}	INFO	[jepsen worker 1] jepsen.util: 1	:ok	:generate	"393-null"
2026-03-11 14:38:18,097{GMT}	INFO	[jepsen worker 2] jepsen.util: 2	:ok	:generate	"342-null"
2026-03-11 14:38:18,097{GMT}	INFO	[jepsen worker 0] jepsen.util: 0	:invoke	:generate	nil
2026-03-11 14:38:18,098{GMT}	INFO	[jepsen worker 0] jepsen.util: 0	:ok	:generate	"445-null"
2026-03-11 14:38:18,098{GMT}	INFO	[jepsen worker 0] jepsen.util: 0	:invoke	:generate	nil
2026-03-11 14:38:18,099{GMT}	INFO	[jepsen worker 1] jepsen.util: 1	:invoke	:generate	nil
2026-03-11 14:38:18,099{GMT}	INFO	[jepsen worker 0] jepsen.util: 0	:ok	:generate	"446-null"
2026-03-11 14:38:18,100{GMT}	INFO	[jepsen worker 1] jepsen.util: 1	:ok	:generate	"394-null"
2026-03-11 14:38:18,101{GMT}	INFO	[jepsen worker 2] jepsen.util: 2	:invoke	:generate	nil
2026-03-11 14:38:18,102{GMT}	INFO	[jepsen worker 2] jepsen.util: 2	:ok	:generate	"343-null"
2026-03-11 14:38:18,102{GMT}	INFO	[jepsen worker 0] jepsen.util: 0	:invoke	:generate	nil
2026-03-11 14:38:18,103{GMT}	INFO	[jepsen worker 0] jepsen.util: 0	:ok	:generate	"447-null"
2026-03-11 14:38:18,104{GMT}	INFO	[jepsen worker 0] jepsen.util: 0	:invoke	:generate	nil
2026-03-11 14:38:18,105{GMT}	INFO	[jepsen worker 0] jepsen.util: 0	:ok	:generate	"448-null"
2026-03-11 14:38:18,105{GMT}	INFO	[jepsen worker 1] jepsen.util: 1	:invoke	:generate	nil
2026-03-11 14:38:18,106{GMT}	INFO	[jepsen worker 1] jepsen.util: 1	:ok	:generate	"395-null"
2026-03-11 14:38:18,106{GMT}	INFO	[jepsen worker 2] jepsen.util: 2	:invoke	:generate	nil
2026-03-11 14:38:18,107{GMT}	INFO	[jepsen worker 2] jepsen.util: 2	:ok	:generate	"344-null"
2026-03-11 14:38:18,108{GMT}	INFO	[jepsen worker 0] jepsen.util: 0	:invoke	:generate	nil
2026-03-11 14:38:18,109{GMT}	INFO	[jepsen worker 0] jepsen.util: 0	:ok	:generate	"449-null"
2026-03-11 14:38:18,110{GMT}	INFO	[jepsen worker 0] jepsen.util: 0	:invoke	:generate	nil
2026-03-11 14:38:18,111{GMT}	INFO	[jepsen worker 1] jepsen.util: 1	:invoke	:generate	nil
2026-03-11 14:38:18,111{GMT}	INFO	[jepsen worker 0] jepsen.util: 0	:ok	:generate	"450-null"
2026-03-11 14:38:18,112{GMT}	INFO	[jepsen worker 1] jepsen.util: 1	:ok	:generate	"396-null"
2026-03-11 14:38:18,113{GMT}	INFO	[jepsen worker 2] jepsen.util: 2	:invoke	:generate	nil
2026-03-11 14:38:18,114{GMT}	INFO	[jepsen worker 2] jepsen.util: 2	:ok	:generate	"345-null"
2026-03-11 14:38:18,114{GMT}	INFO	[jepsen worker 0] jepsen.util: 0	:invoke	:generate	nil
2026-03-11 14:38:18,115{GMT}	INFO	[jepsen worker 0] jepsen.util: 0	:ok	:generate	"451-null"
2026-03-11 14:38:18,115{GMT}	INFO	[jepsen worker 1] jepsen.util: 1	:invoke	:generate	nil
2026-03-11 14:38:18,116{GMT}	INFO	[jepsen worker 1] jepsen.util: 1	:ok	:generate	"397-null"
2026-03-11 14:38:18,117{GMT}	INFO	[jepsen worker 1] jepsen.util: 1	:invoke	:generate	nil
2026-03-11 14:38:18,117{GMT}	INFO	[jepsen worker 1] jepsen.util: 1	:ok	:generate	"398-null"
2026-03-11 14:38:18,118{GMT}	INFO	[jepsen worker 2] jepsen.util: 2	:invoke	:generate	nil
2026-03-11 14:38:18,119{GMT}	INFO	[jepsen worker 2] jepsen.util: 2	:ok	:generate	"346-null"
2026-03-11 14:38:18,120{GMT}	INFO	[jepsen worker 0] jepsen.util: 0	:invoke	:generate	nil
2026-03-11 14:38:18,121{GMT}	INFO	[jepsen worker 0] jepsen.util: 0	:ok	:generate	"452-null"
2026-03-11 14:38:18,122{GMT}	INFO	[jepsen worker 0] jepsen.util: 0	:invoke	:generate	nil
2026-03-11 14:38:18,122{GMT}	INFO	[jepsen worker 0] jepsen.util: 0	:ok	:generate	"453-null"
2026-03-11 14:38:18,123{GMT}	INFO	[jepsen worker 1] jepsen.util: 1	:invoke	:generate	nil
2026-03-11 14:38:18,124{GMT}	INFO	[jepsen worker 1] jepsen.util: 1	:ok	:generate	"399-null"
2026-03-11 14:38:18,124{GMT}	INFO	[jepsen worker 2] jepsen.util: 2	:invoke	:generate	nil
2026-03-11 14:38:18,125{GMT}	INFO	[jepsen worker 2] jepsen.util: 2	:ok	:generate	"347-null"
2026-03-11 14:38:18,125{GMT}	INFO	[jepsen worker 0] jepsen.util: 0	:invoke	:generate	nil
2026-03-11 14:38:18,126{GMT}	INFO	[jepsen worker 0] jepsen.util: 0	:ok	:generate	"454-null"
2026-03-11 14:38:18,127{GMT}	INFO	[jepsen worker 0] jepsen.util: 0	:invoke	:generate	nil
2026-03-11 14:38:18,127{GMT}	INFO	[jepsen worker 1] jepsen.util: 1	:invoke	:generate	nil
2026-03-11 14:38:18,128{GMT}	INFO	[jepsen worker 0] jepsen.util: 0	:ok	:generate	"455-null"
2026-03-11 14:38:18,128{GMT}	INFO	[jepsen worker 2] jepsen.util: 2	:invoke	:generate	nil
2026-03-11 14:38:18,128{GMT}	INFO	[jepsen worker 1] jepsen.util: 1	:ok	:generate	"400-null"
2026-03-11 14:38:18,129{GMT}	INFO	[jepsen worker 2] jepsen.util: 2	:ok	:generate	"348-null"
2026-03-11 14:38:18,129{GMT}	INFO	[jepsen worker 0] jepsen.util: 0	:invoke	:generate	nil
2026-03-11 14:38:18,130{GMT}	INFO	[jepsen worker 0] jepsen.util: 0	:ok	:generate	"456-null"
2026-03-11 14:38:18,130{GMT}	INFO	[jepsen worker 0] jepsen.util: 0	:invoke	:generate	nil
2026-03-11 14:38:18,131{GMT}	INFO	[jepsen worker 0] jepsen.util: 0	:ok	:generate	"457-null"
2026-03-11 14:38:18,132{GMT}	INFO	[jepsen worker 1] jepsen.util: 1	:invoke	:generate	nil
2026-03-11 14:38:18,133{GMT}	INFO	[jepsen worker 1] jepsen.util: 1	:ok	:generate	"401-null"
2026-03-11 14:38:18,133{GMT}	INFO	[jepsen worker 2] jepsen.util: 2	:invoke	:generate	nil
2026-03-11 14:38:18,134{GMT}	INFO	[jepsen worker 2] jepsen.util: 2	:ok	:generate	"349-null"
2026-03-11 14:38:18,135{GMT}	INFO	[jepsen worker 0] jepsen.util: 0	:invoke	:generate	nil
2026-03-11 14:38:18,136{GMT}	INFO	[jepsen worker 0] jepsen.util: 0	:ok	:generate	"458-null"
2026-03-11 14:38:18,136{GMT}	INFO	[jepsen worker 0] jepsen.util: 0	:invoke	:generate	nil
2026-03-11 14:38:18,137{GMT}	INFO	[jepsen worker 1] jepsen.util: 1	:invoke	:generate	nil
2026-03-11 14:38:18,137{GMT}	INFO	[jepsen worker 0] jepsen.util: 0	:ok	:generate	"459-null"
2026-03-11 14:38:18,137{GMT}	INFO	[jepsen worker 1] jepsen.util: 1	:ok	:generate	"402-null"
2026-03-11 14:38:18,137{GMT}	INFO	[jepsen worker 2] jepsen.util: 2	:invoke	:generate	nil
2026-03-11 14:38:18,138{GMT}	INFO	[jepsen worker 2] jepsen.util: 2	:ok	:generate	"350-null"
2026-03-11 14:38:18,139{GMT}	INFO	[jepsen worker 0] jepsen.util: 0	:invoke	:generate	nil
2026-03-11 14:38:18,139{GMT}	INFO	[jepsen worker 1] jepsen.util: 1	:invoke	:generate	nil
2026-03-11 14:38:18,140{GMT}	INFO	[jepsen worker 0] jepsen.util: 0	:ok	:generate	"460-null"
2026-03-11 14:38:18,140{GMT}	INFO	[jepsen worker 1] jepsen.util: 1	:ok	:generate	"403-null"
2026-03-11 14:38:18,140{GMT}	INFO	[jepsen worker 1] jepsen.util: 1	:invoke	:generate	nil
2026-03-11 14:38:18,141{GMT}	INFO	[jepsen worker 1] jepsen.util: 1	:ok	:generate	"404-null"
2026-03-11 14:38:18,141{GMT}	INFO	[jepsen worker 2] jepsen.util: 2	:invoke	:generate	nil
2026-03-11 14:38:18,142{GMT}	INFO	[jepsen worker 2] jepsen.util: 2	:ok	:generate	"351-null"
2026-03-11 14:38:18,142{GMT}	INFO	[jepsen worker 0] jepsen.util: 0	:invoke	:generate	nil
2026-03-11 14:38:18,142{GMT}	INFO	[jepsen worker 1] jepsen.util: 1	:invoke	:generate	nil
2026-03-11 14:38:18,143{GMT}	INFO	[jepsen worker 1] jepsen.util: 1	:ok	:generate	"405-null"
2026-03-11 14:38:18,143{GMT}	INFO	[jepsen worker 0] jepsen.util: 0	:ok	:generate	"461-null"
2026-03-11 14:38:18,144{GMT}	INFO	[jepsen worker 1] jepsen.util: 1	:invoke	:generate	nil
2026-03-11 14:38:18,145{GMT}	INFO	[jepsen worker 1] jepsen.util: 1	:ok	:generate	"406-null"
2026-03-11 14:38:18,145{GMT}	INFO	[jepsen worker 2] jepsen.util: 2	:invoke	:generate	nil
2026-03-11 14:38:18,146{GMT}	INFO	[jepsen worker 2] jepsen.util: 2	:ok	:generate	"352-null"
2026-03-11 14:38:18,146{GMT}	INFO	[jepsen worker 0] jepsen.util: 0	:invoke	:generate	nil
2026-03-11 14:38:18,147{GMT}	INFO	[jepsen worker 0] jepsen.util: 0	:ok	:generate	"462-null"
2026-03-11 14:38:18,147{GMT}	INFO	[jepsen worker 0] jepsen.util: 0	:invoke	:generate	nil
2026-03-11 14:38:18,148{GMT}	INFO	[jepsen worker 1] jepsen.util: 1	:invoke	:generate	nil
2026-03-11 14:38:18,148{GMT}	INFO	[jepsen worker 0] jepsen.util: 0	:ok	:generate	"463-null"
2026-03-11 14:38:18,149{GMT}	INFO	[jepsen worker 1] jepsen.util: 1	:ok	:generate	"407-null"
2026-03-11 14:38:18,150{GMT}	INFO	[jepsen worker 2] jepsen.util: 2	:invoke	:generate	nil
2026-03-11 14:38:18,151{GMT}	INFO	[jepsen worker 0] jepsen.util: 0	:invoke	:generate	nil
2026-03-11 14:38:18,151{GMT}	INFO	[jepsen worker 2] jepsen.util: 2	:ok	:generate	"353-null"
2026-03-11 14:38:18,151{GMT}	INFO	[jepsen worker 0] jepsen.util: 0	:ok	:generate	"464-null"
2026-03-11 14:38:18,152{GMT}	INFO	[jepsen worker 0] jepsen.util: 0	:invoke	:generate	nil
2026-03-11 14:38:18,152{GMT}	INFO	[jepsen worker 0] jepsen.util: 0	:ok	:generate	"465-null"
2026-03-11 14:38:18,153{GMT}	INFO	[jepsen worker 1] jepsen.util: 1	:invoke	:generate	nil
2026-03-11 14:38:18,154{GMT}	INFO	[jepsen worker 1] jepsen.util: 1	:ok	:generate	"408-null"
2026-03-11 14:38:18,155{GMT}	INFO	[jepsen worker 2] jepsen.util: 2	:invoke	:generate	nil
2026-03-11 14:38:18,155{GMT}	INFO	[jepsen worker 2] jepsen.util: 2	:ok	:generate	"354-null"
2026-03-11 14:38:18,157{GMT}	INFO	[jepsen worker 0] jepsen.util: 0	:invoke	:generate	nil
2026-03-11 14:38:18,158{GMT}	INFO	[jepsen worker 0] jepsen.util: 0	:ok	:generate	"466-null"
2026-03-11 14:38:18,159{GMT}	INFO	[jepsen worker 0] jepsen.util: 0	:invoke	:generate	nil
2026-03-11 14:38:18,160{GMT}	INFO	[jepsen worker 0] jepsen.util: 0	:ok	:generate	"467-null"
2026-03-11 14:38:18,161{GMT}	INFO	[jepsen worker 1] jepsen.util: 1	:invoke	:generate	nil
2026-03-11 14:38:18,162{GMT}	INFO	[jepsen worker 1] jepsen.util: 1	:ok	:generate	"409-null"
2026-03-11 14:38:18,162{GMT}	INFO	[jepsen worker 2] jepsen.util: 2	:invoke	:generate	nil
2026-03-11 14:38:18,163{GMT}	INFO	[jepsen worker 2] jepsen.util: 2	:ok	:generate	"355-null"
2026-03-11 14:38:18,163{GMT}	INFO	[jepsen worker 0] jepsen.util: 0	:invoke	:generate	nil
2026-03-11 14:38:18,164{GMT}	INFO	[jepsen worker 1] jepsen.util: 1	:invoke	:generate	nil
2026-03-11 14:38:18,164{GMT}	INFO	[jepsen worker 0] jepsen.util: 0	:ok	:generate	"468-null"
2026-03-11 14:38:18,164{GMT}	INFO	[jepsen worker 1] jepsen.util: 1	:ok	:generate	"410-null"
2026-03-11 14:38:18,165{GMT}	INFO	[jepsen worker 1] jepsen.util: 1	:invoke	:generate	nil
2026-03-11 14:38:18,166{GMT}	INFO	[jepsen worker 1] jepsen.util: 1	:ok	:generate	"411-null"
2026-03-11 14:38:18,167{GMT}	INFO	[jepsen worker 2] jepsen.util: 2	:invoke	:generate	nil
2026-03-11 14:38:18,167{GMT}	INFO	[jepsen worker 0] jepsen.util: 0	:invoke	:generate	nil
2026-03-11 14:38:18,168{GMT}	INFO	[jepsen worker 2] jepsen.util: 2	:ok	:generate	"356-null"
2026-03-11 14:38:18,168{GMT}	INFO	[jepsen worker 0] jepsen.util: 0	:ok	:generate	"469-null"
2026-03-11 14:38:18,168{GMT}	INFO	[jepsen worker 2] jepsen.util: 2	:invoke	:generate	nil
2026-03-11 14:38:18,168{GMT}	INFO	[jepsen worker 1] jepsen.util: 1	:invoke	:generate	nil
2026-03-11 14:38:18,169{GMT}	INFO	[jepsen worker 1] jepsen.util: 1	:ok	:generate	"412-null"
2026-03-11 14:38:18,169{GMT}	INFO	[jepsen worker 2] jepsen.util: 2	:ok	:generate	"357-null"
2026-03-11 14:38:18,170{GMT}	INFO	[jepsen worker 2] jepsen.util: 2	:invoke	:generate	nil
2026-03-11 14:38:18,170{GMT}	INFO	[jepsen worker 0] jepsen.util: 0	:invoke	:generate	nil
2026-03-11 14:38:18,170{GMT}	INFO	[jepsen worker 2] jepsen.util: 2	:ok	:generate	"358-null"
2026-03-11 14:38:18,171{GMT}	INFO	[jepsen worker 0] jepsen.util: 0	:ok	:generate	"470-null"
2026-03-11 14:38:18,171{GMT}	INFO	[jepsen worker 0] jepsen.util: 0	:invoke	:generate	nil
2026-03-11 14:38:18,171{GMT}	INFO	[jepsen worker 0] jepsen.util: 0	:ok	:generate	"471-null"
2026-03-11 14:38:18,173{GMT}	INFO	[jepsen worker 1] jepsen.util: 1	:invoke	:generate	nil
2026-03-11 14:38:18,174{GMT}	INFO	[jepsen worker 1] jepsen.util: 1	:ok	:generate	"413-null"
2026-03-11 14:38:18,175{GMT}	INFO	[jepsen worker 2] jepsen.util: 2	:invoke	:generate	nil
2026-03-11 14:38:18,176{GMT}	INFO	[jepsen worker 2] jepsen.util: 2	:ok	:generate	"359-null"
2026-03-11 14:38:18,176{GMT}	INFO	[jepsen worker 0] jepsen.util: 0	:invoke	:generate	nil
2026-03-11 14:38:18,177{GMT}	INFO	[jepsen worker 0] jepsen.util: 0	:ok	:generate	"472-null"
2026-03-11 14:38:18,178{GMT}	INFO	[jepsen worker 0] jepsen.util: 0	:invoke	:generate	nil
2026-03-11 14:38:18,178{GMT}	INFO	[jepsen worker 1] jepsen.util: 1	:invoke	:generate	nil
2026-03-11 14:38:18,179{GMT}	INFO	[jepsen worker 1] jepsen.util: 1	:ok	:generate	"414-null"
2026-03-11 14:38:18,179{GMT}	INFO	[jepsen worker 0] jepsen.util: 0	:ok	:generate	"473-null"
2026-03-11 14:38:18,179{GMT}	INFO	[jepsen worker 2] jepsen.util: 2	:invoke	:generate	nil
2026-03-11 14:38:18,180{GMT}	INFO	[jepsen worker 2] jepsen.util: 2	:ok	:generate	"360-null"
2026-03-11 14:38:18,181{GMT}	INFO	[jepsen worker 0] jepsen.util: 0	:invoke	:generate	nil
2026-03-11 14:38:18,182{GMT}	INFO	[jepsen worker 0] jepsen.util: 0	:ok	:generate	"474-null"
2026-03-11 14:38:18,182{GMT}	INFO	[jepsen worker 0] jepsen.util: 0	:invoke	:generate	nil
2026-03-11 14:38:18,183{GMT}	INFO	[jepsen worker 0] jepsen.util: 0	:ok	:generate	"475-null"
2026-03-11 14:38:18,183{GMT}	INFO	[jepsen worker 1] jepsen.util: 1	:invoke	:generate	nil
2026-03-11 14:38:18,184{GMT}	INFO	[jepsen worker 2] jepsen.util: 2	:invoke	:generate	nil
2026-03-11 14:38:18,184{GMT}	INFO	[jepsen worker 2] jepsen.util: 2	:ok	:generate	"361-null"
2026-03-11 14:38:18,184{GMT}	INFO	[jepsen worker 1] jepsen.util: 1	:ok	:generate	"415-null"
2026-03-11 14:38:18,186{GMT}	INFO	[jepsen worker 0] jepsen.util: 0	:invoke	:generate	nil
2026-03-11 14:38:18,186{GMT}	INFO	[jepsen worker 0] jepsen.util: 0	:ok	:generate	"476-null"
2026-03-11 14:38:18,187{GMT}	INFO	[jepsen worker 0] jepsen.util: 0	:invoke	:generate	nil
2026-03-11 14:38:18,188{GMT}	INFO	[jepsen worker 0] jepsen.util: 0	:ok	:generate	"477-null"
2026-03-11 14:38:18,188{GMT}	INFO	[jepsen worker 1] jepsen.util: 1	:invoke	:generate	nil
2026-03-11 14:38:18,189{GMT}	INFO	[jepsen worker 2] jepsen.util: 2	:invoke	:generate	nil
2026-03-11 14:38:18,189{GMT}	INFO	[jepsen worker 1] jepsen.util: 1	:ok	:generate	"416-null"
2026-03-11 14:38:18,189{GMT}	INFO	[jepsen worker 2] jepsen.util: 2	:ok	:generate	"362-null"
2026-03-11 14:38:18,190{GMT}	INFO	[jepsen worker 0] jepsen.util: 0	:invoke	:generate	nil
2026-03-11 14:38:18,190{GMT}	INFO	[jepsen worker 0] jepsen.util: 0	:ok	:generate	"478-null"
2026-03-11 14:38:18,190{GMT}	INFO	[jepsen worker 0] jepsen.util: 0	:invoke	:generate	nil
2026-03-11 14:38:18,191{GMT}	INFO	[jepsen worker 0] jepsen.util: 0	:ok	:generate	"479-null"
2026-03-11 14:38:18,192{GMT}	INFO	[jepsen worker 1] jepsen.util: 1	:invoke	:generate	nil
2026-03-11 14:38:18,193{GMT}	INFO	[jepsen worker 1] jepsen.util: 1	:ok	:generate	"417-null"
2026-03-11 14:38:18,194{GMT}	INFO	[jepsen worker 2] jepsen.util: 2	:invoke	:generate	nil
2026-03-11 14:38:18,194{GMT}	INFO	[jepsen worker 2] jepsen.util: 2	:ok	:generate	"363-null"
2026-03-11 14:38:18,196{GMT}	INFO	[jepsen worker 0] jepsen.util: 0	:invoke	:generate	nil
2026-03-11 14:38:18,196{GMT}	INFO	[jepsen worker 1] jepsen.util: 1	:invoke	:generate	nil
2026-03-11 14:38:18,197{GMT}	INFO	[jepsen worker 0] jepsen.util: 0	:ok	:generate	"480-null"
2026-03-11 14:38:18,197{GMT}	INFO	[jepsen worker 1] jepsen.util: 1	:ok	:generate	"418-null"
2026-03-11 14:38:18,198{GMT}	INFO	[jepsen worker 1] jepsen.util: 1	:invoke	:generate	nil
2026-03-11 14:38:18,200{GMT}	INFO	[jepsen worker 0] jepsen.util: 0	:invoke	:generate	nil
2026-03-11 14:38:18,200{GMT}	INFO	[jepsen worker 2] jepsen.util: 2	:invoke	:generate	nil
2026-03-11 14:38:18,200{GMT}	INFO	[jepsen worker 1] jepsen.util: 1	:ok	:generate	"419-null"
2026-03-11 14:38:18,201{GMT}	INFO	[jepsen worker 2] jepsen.util: 2	:ok	:generate	"364-null"
2026-03-11 14:38:18,201{GMT}	INFO	[jepsen worker 0] jepsen.util: 0	:ok	:generate	"481-null"
2026-03-11 14:38:18,201{GMT}	INFO	[jepsen worker 0] jepsen.util: 0	:invoke	:generate	nil
2026-03-11 14:38:18,202{GMT}	INFO	[jepsen worker 0] jepsen.util: 0	:ok	:generate	"482-null"
2026-03-11 14:38:18,203{GMT}	INFO	[jepsen worker 1] jepsen.util: 1	:invoke	:generate	nil
2026-03-11 14:38:18,203{GMT}	INFO	[jepsen worker 1] jepsen.util: 1	:ok	:generate	"420-null"
2026-03-11 14:38:18,204{GMT}	INFO	[jepsen worker 2] jepsen.util: 2	:invoke	:generate	nil
2026-03-11 14:38:18,204{GMT}	INFO	[jepsen worker 0] jepsen.util: 0	:invoke	:generate	nil
2026-03-11 14:38:18,204{GMT}	INFO	[jepsen worker 2] jepsen.util: 2	:ok	:generate	"365-null"
2026-03-11 14:38:18,205{GMT}	INFO	[jepsen worker 0] jepsen.util: 0	:ok	:generate	"483-null"
2026-03-11 14:38:18,205{GMT}	INFO	[jepsen worker 0] jepsen.util: 0	:invoke	:generate	nil
2026-03-11 14:38:18,206{GMT}	INFO	[jepsen worker 0] jepsen.util: 0	:ok	:generate	"484-null"
2026-03-11 14:38:18,207{GMT}	INFO	[jepsen worker 1] jepsen.util: 1	:invoke	:generate	nil
2026-03-11 14:38:18,208{GMT}	INFO	[jepsen worker 1] jepsen.util: 1	:ok	:generate	"421-null"
2026-03-11 14:38:18,209{GMT}	INFO	[jepsen worker 2] jepsen.util: 2	:invoke	:generate	nil
2026-03-11 14:38:18,210{GMT}	INFO	[jepsen worker 2] jepsen.util: 2	:ok	:generate	"366-null"
2026-03-11 14:38:18,210{GMT}	INFO	[jepsen worker 0] jepsen.util: 0	:invoke	:generate	nil
2026-03-11 14:38:18,211{GMT}	INFO	[jepsen worker 0] jepsen.util: 0	:ok	:generate	"485-null"
2026-03-11 14:38:18,212{GMT}	INFO	[jepsen worker 0] jepsen.util: 0	:invoke	:generate	nil
2026-03-11 14:38:18,213{GMT}	INFO	[jepsen worker 0] jepsen.util: 0	:ok	:generate	"486-null"
2026-03-11 14:38:18,214{GMT}	INFO	[jepsen worker 1] jepsen.util: 1	:invoke	:generate	nil
2026-03-11 14:38:18,215{GMT}	INFO	[jepsen worker 1] jepsen.util: 1	:ok	:generate	"422-null"
2026-03-11 14:38:18,215{GMT}	INFO	[jepsen worker 2] jepsen.util: 2	:invoke	:generate	nil
2026-03-11 14:38:18,216{GMT}	INFO	[jepsen worker 2] jepsen.util: 2	:ok	:generate	"367-null"
2026-03-11 14:38:18,217{GMT}	INFO	[jepsen worker 0] jepsen.util: 0	:invoke	:generate	nil
2026-03-11 14:38:18,218{GMT}	INFO	[jepsen worker 0] jepsen.util: 0	:ok	:generate	"487-null"
2026-03-11 14:38:18,219{GMT}	INFO	[jepsen worker 0] jepsen.util: 0	:invoke	:generate	nil
2026-03-11 14:38:18,220{GMT}	INFO	[jepsen worker 2] jepsen.util: 2	:invoke	:generate	nil
2026-03-11 14:38:18,220{GMT}	INFO	[jepsen worker 1] jepsen.util: 1	:invoke	:generate	nil
2026-03-11 14:38:18,220{GMT}	INFO	[jepsen worker 0] jepsen.util: 0	:ok	:generate	"488-null"
2026-03-11 14:38:18,221{GMT}	INFO	[jepsen worker 1] jepsen.util: 1	:ok	:generate	"423-null"
2026-03-11 14:38:18,222{GMT}	INFO	[jepsen worker 0] jepsen.util: 0	:invoke	:generate	nil
2026-03-11 14:38:18,222{GMT}	INFO	[jepsen worker 2] jepsen.util: 2	:ok	:generate	"368-null"
2026-03-11 14:38:18,223{GMT}	INFO	[jepsen worker 1] jepsen.util: 1	:invoke	:generate	nil
2026-03-11 14:38:18,223{GMT}	INFO	[jepsen worker 0] jepsen.util: 0	:ok	:generate	"489-null"
2026-03-11 14:38:18,224{GMT}	INFO	[jepsen worker 1] jepsen.util: 1	:ok	:generate	"424-null"
2026-03-11 14:38:18,225{GMT}	INFO	[jepsen worker 1] jepsen.util: 1	:invoke	:generate	nil
2026-03-11 14:38:18,226{GMT}	INFO	[jepsen worker 2] jepsen.util: 2	:invoke	:generate	nil
2026-03-11 14:38:18,226{GMT}	INFO	[jepsen worker 1] jepsen.util: 1	:ok	:generate	"425-null"
2026-03-11 14:38:18,227{GMT}	INFO	[jepsen worker 2] jepsen.util: 2	:ok	:generate	"369-null"
2026-03-11 14:38:18,227{GMT}	INFO	[jepsen worker 0] jepsen.util: 0	:invoke	:generate	nil
2026-03-11 14:38:18,228{GMT}	INFO	[jepsen worker 0] jepsen.util: 0	:ok	:generate	"490-null"
2026-03-11 14:38:18,229{GMT}	INFO	[jepsen worker 0] jepsen.util: 0	:invoke	:generate	nil
2026-03-11 14:38:18,229{GMT}	INFO	[jepsen worker 0] jepsen.util: 0	:ok	:generate	"491-null"
2026-03-11 14:38:18,229{GMT}	INFO	[jepsen worker 1] jepsen.util: 1	:invoke	:generate	nil
2026-03-11 14:38:18,230{GMT}	INFO	[jepsen worker 2] jepsen.util: 2	:invoke	:generate	nil
2026-03-11 14:38:18,231{GMT}	INFO	[jepsen worker 2] jepsen.util: 2	:ok	:generate	"370-null"
2026-03-11 14:38:18,231{GMT}	INFO	[jepsen worker 1] jepsen.util: 1	:ok	:generate	"426-null"
2026-03-11 14:38:18,231{GMT}	INFO	[jepsen worker 0] jepsen.util: 0	:invoke	:generate	nil
2026-03-11 14:38:18,232{GMT}	INFO	[jepsen worker 0] jepsen.util: 0	:ok	:generate	"492-null"
2026-03-11 14:38:18,232{GMT}	INFO	[jepsen worker 0] jepsen.util: 0	:invoke	:generate	nil
2026-03-11 14:38:18,233{GMT}	INFO	[jepsen worker 0] jepsen.util: 0	:ok	:generate	"493-null"
2026-03-11 14:38:18,234{GMT}	INFO	[jepsen worker 1] jepsen.util: 1	:invoke	:generate	nil
2026-03-11 14:38:18,235{GMT}	INFO	[jepsen worker 1] jepsen.util: 1	:ok	:generate	"427-null"
2026-03-11 14:38:18,235{GMT}	INFO	[jepsen worker 2] jepsen.util: 2	:invoke	:generate	nil
2026-03-11 14:38:18,236{GMT}	INFO	[jepsen worker 2] jepsen.util: 2	:ok	:generate	"371-null"
2026-03-11 14:38:18,237{GMT}	INFO	[jepsen worker 0] jepsen.util: 0	:invoke	:generate	nil
2026-03-11 14:38:18,238{GMT}	INFO	[jepsen worker 0] jepsen.util: 0	:ok	:generate	"494-null"
2026-03-11 14:38:18,239{GMT}	INFO	[jepsen worker 0] jepsen.util: 0	:invoke	:generate	nil
2026-03-11 14:38:18,239{GMT}	INFO	[jepsen worker 0] jepsen.util: 0	:ok	:generate	"495-null"
2026-03-11 14:38:18,240{GMT}	INFO	[jepsen worker 1] jepsen.util: 1	:invoke	:generate	nil
2026-03-11 14:38:18,241{GMT}	INFO	[jepsen worker 1] jepsen.util: 1	:ok	:generate	"428-null"
2026-03-11 14:38:18,242{GMT}	INFO	[jepsen worker 2] jepsen.util: 2	:invoke	:generate	nil
2026-03-11 14:38:18,242{GMT}	INFO	[jepsen worker 2] jepsen.util: 2	:ok	:generate	"372-null"
2026-03-11 14:38:18,243{GMT}	INFO	[jepsen worker 0] jepsen.util: 0	:invoke	:generate	nil
2026-03-11 14:38:18,243{GMT}	INFO	[jepsen worker 0] jepsen.util: 0	:ok	:generate	"496-null"
2026-03-11 14:38:18,244{GMT}	INFO	[jepsen worker 0] jepsen.util: 0	:invoke	:generate	nil
2026-03-11 14:38:18,245{GMT}	INFO	[jepsen worker 0] jepsen.util: 0	:ok	:generate	"497-null"
2026-03-11 14:38:18,246{GMT}	INFO	[jepsen worker 1] jepsen.util: 1	:invoke	:generate	nil
2026-03-11 14:38:18,247{GMT}	INFO	[jepsen worker 1] jepsen.util: 1	:ok	:generate	"429-null"
2026-03-11 14:38:18,248{GMT}	INFO	[jepsen worker 2] jepsen.util: 2	:invoke	:generate	nil
2026-03-11 14:38:18,248{GMT}	INFO	[jepsen worker 2] jepsen.util: 2	:ok	:generate	"373-null"
2026-03-11 14:38:18,249{GMT}	INFO	[jepsen worker 0] jepsen.util: 0	:invoke	:generate	nil
2026-03-11 14:38:18,250{GMT}	INFO	[jepsen worker 0] jepsen.util: 0	:ok	:generate	"498-null"
2026-03-11 14:38:18,251{GMT}	INFO	[jepsen worker 0] jepsen.util: 0	:invoke	:generate	nil
2026-03-11 14:38:18,252{GMT}	INFO	[jepsen worker 0] jepsen.util: 0	:ok	:generate	"499-null"
2026-03-11 14:38:18,253{GMT}	INFO	[jepsen worker 1] jepsen.util: 1	:invoke	:generate	nil
2026-03-11 14:38:18,253{GMT}	INFO	[jepsen worker 1] jepsen.util: 1	:ok	:generate	"430-null"
2026-03-11 14:38:18,254{GMT}	INFO	[jepsen worker 2] jepsen.util: 2	:invoke	:generate	nil
2026-03-11 14:38:18,255{GMT}	INFO	[jepsen worker 0] jepsen.util: 0	:invoke	:generate	nil
2026-03-11 14:38:18,255{GMT}	INFO	[jepsen worker 2] jepsen.util: 2	:ok	:generate	"374-null"
2026-03-11 14:38:18,255{GMT}	INFO	[jepsen worker 0] jepsen.util: 0	:ok	:generate	"500-null"
2026-03-11 14:38:18,257{GMT}	INFO	[jepsen worker 0] jepsen.util: 0	:invoke	:generate	nil
2026-03-11 14:38:18,258{GMT}	INFO	[jepsen worker 0] jepsen.util: 0	:ok	:generate	"501-null"
2026-03-11 14:38:18,259{GMT}	INFO	[jepsen worker 1] jepsen.util: 1	:invoke	:generate	nil
2026-03-11 14:38:18,260{GMT}	INFO	[jepsen worker 1] jepsen.util: 1	:ok	:generate	"431-null"
2026-03-11 14:38:18,261{GMT}	INFO	[jepsen worker 2] jepsen.util: 2	:invoke	:generate	nil
2026-03-11 14:38:18,262{GMT}	INFO	[jepsen worker 2] jepsen.util: 2	:ok	:generate	"375-null"
2026-03-11 14:38:18,262{GMT}	INFO	[jepsen worker 0] jepsen.util: 0	:invoke	:generate	nil
2026-03-11 14:38:18,262{GMT}	INFO	[jepsen worker 0] jepsen.util: 0	:ok	:generate	"502-null"
2026-03-11 14:38:18,263{GMT}	INFO	[jepsen worker 0] jepsen.util: 0	:invoke	:generate	nil
2026-03-11 14:38:18,263{GMT}	INFO	[jepsen worker 1] jepsen.util: 1	:invoke	:generate	nil
2026-03-11 14:38:18,264{GMT}	INFO	[jepsen worker 0] jepsen.util: 0	:ok	:generate	"503-null"
2026-03-11 14:38:18,264{GMT}	INFO	[jepsen worker 1] jepsen.util: 1	:ok	:generate	"432-null"
2026-03-11 14:38:18,264{GMT}	INFO	[jepsen worker 2] jepsen.util: 2	:invoke	:generate	nil
2026-03-11 14:38:18,265{GMT}	INFO	[jepsen worker 2] jepsen.util: 2	:ok	:generate	"376-null"
2026-03-11 14:38:18,266{GMT}	INFO	[jepsen worker 0] jepsen.util: 0	:invoke	:generate	nil
2026-03-11 14:38:18,266{GMT}	INFO	[jepsen worker 1] jepsen.util: 1	:invoke	:generate	nil
2026-03-11 14:38:18,267{GMT}	INFO	[jepsen worker 2] jepsen.util: 2	:invoke	:generate	nil
2026-03-11 14:38:18,267{GMT}	INFO	[jepsen worker 1] jepsen.util: 1	:ok	:generate	"433-null"
2026-03-11 14:38:18,267{GMT}	INFO	[jepsen worker 0] jepsen.util: 0	:ok	:generate	"504-null"
2026-03-11 14:38:18,267{GMT}	INFO	[jepsen worker 0] jepsen.util: 0	:invoke	:generate	nil
2026-03-11 14:38:18,267{GMT}	INFO	[jepsen worker 2] jepsen.util: 2	:ok	:generate	"377-null"
2026-03-11 14:38:18,268{GMT}	INFO	[jepsen worker 0] jepsen.util: 0	:ok	:generate	"505-null"
2026-03-11 14:38:18,268{GMT}	INFO	[jepsen worker 0] jepsen.util: 0	:invoke	:generate	nil
2026-03-11 14:38:18,269{GMT}	INFO	[jepsen worker 1] jepsen.util: 1	:invoke	:generate	nil
2026-03-11 14:38:18,269{GMT}	INFO	[jepsen worker 0] jepsen.util: 0	:ok	:generate	"506-null"
2026-03-11 14:38:18,270{GMT}	INFO	[jepsen worker 1] jepsen.util: 1	:ok	:generate	"434-null"
2026-03-11 14:38:18,271{GMT}	INFO	[jepsen worker 1] jepsen.util: 1	:invoke	:generate	nil
2026-03-11 14:38:18,271{GMT}	INFO	[jepsen worker 1] jepsen.util: 1	:ok	:generate	"435-null"
2026-03-11 14:38:18,272{GMT}	INFO	[jepsen worker 2] jepsen.util: 2	:invoke	:generate	nil
2026-03-11 14:38:18,272{GMT}	INFO	[jepsen worker 0] jepsen.util: 0	:invoke	:generate	nil
2026-03-11 14:38:18,273{GMT}	INFO	[jepsen worker 2] jepsen.util: 2	:ok	:generate	"378-null"
2026-03-11 14:38:18,273{GMT}	INFO	[jepsen worker 0] jepsen.util: 0	:ok	:generate	"507-null"
2026-03-11 14:38:18,274{GMT}	INFO	[jepsen worker 0] jepsen.util: 0	:invoke	:generate	nil
2026-03-11 14:38:18,274{GMT}	INFO	[jepsen worker 1] jepsen.util: 1	:invoke	:generate	nil
2026-03-11 14:38:18,274{GMT}	INFO	[jepsen worker 0] jepsen.util: 0	:ok	:generate	"508-null"
2026-03-11 14:38:18,276{GMT}	INFO	[jepsen worker 1] jepsen.util: 1	:ok	:generate	"436-null"
2026-03-11 14:38:18,276{GMT}	INFO	[jepsen worker 2] jepsen.util: 2	:invoke	:generate	nil
2026-03-11 14:38:18,277{GMT}	INFO	[jepsen worker 2] jepsen.util: 2	:ok	:generate	"379-null"
2026-03-11 14:38:18,277{GMT}	INFO	[jepsen worker 0] jepsen.util: 0	:invoke	:generate	nil
2026-03-11 14:38:18,278{GMT}	INFO	[jepsen worker 0] jepsen.util: 0	:ok	:generate	"509-null"
2026-03-11 14:38:18,278{GMT}	INFO	[jepsen worker 1] jepsen.util: 1	:invoke	:generate	nil
2026-03-11 14:38:18,278{GMT}	INFO	[jepsen worker 2] jepsen.util: 2	:invoke	:generate	nil
2026-03-11 14:38:18,279{GMT}	INFO	[jepsen worker 2] jepsen.util: 2	:ok	:generate	"380-null"
2026-03-11 14:38:18,279{GMT}	INFO	[jepsen worker 1] jepsen.util: 1	:ok	:generate	"437-null"
2026-03-11 14:38:18,280{GMT}	INFO	[jepsen worker 2] jepsen.util: 2	:invoke	:generate	nil
2026-03-11 14:38:18,281{GMT}	INFO	[jepsen worker 0] jepsen.util: 0	:invoke	:generate	nil
2026-03-11 14:38:18,282{GMT}	INFO	[jepsen worker 0] jepsen.util: 0	:ok	:generate	"510-null"
2026-03-11 14:38:18,283{GMT}	INFO	[jepsen worker 2] jepsen.util: 2	:ok	:generate	"381-null"
2026-03-11 14:38:18,283{GMT}	INFO	[jepsen worker 0] jepsen.util: 0	:invoke	:generate	nil
2026-03-11 14:38:18,284{GMT}	INFO	[jepsen worker 0] jepsen.util: 0	:ok	:generate	"511-null"
2026-03-11 14:38:18,284{GMT}	INFO	[jepsen worker 1] jepsen.util: 1	:invoke	:generate	nil
2026-03-11 14:38:18,285{GMT}	INFO	[jepsen worker 1] jepsen.util: 1	:ok	:generate	"438-null"
2026-03-11 14:38:18,286{GMT}	INFO	[jepsen worker 2] jepsen.util: 2	:invoke	:generate	nil
2026-03-11 14:38:18,287{GMT}	INFO	[jepsen worker 2] jepsen.util: 2	:ok	:generate	"382-null"
2026-03-11 14:38:18,288{GMT}	INFO	[jepsen worker 0] jepsen.util: 0	:invoke	:generate	nil
2026-03-11 14:38:18,289{GMT}	INFO	[jepsen worker 0] jepsen.util: 0	:ok	:generate	"512-null"
2026-03-11 14:38:18,290{GMT}	INFO	[jepsen worker 0] jepsen.util: 0	:invoke	:generate	nil
2026-03-11 14:38:18,291{GMT}	INFO	[jepsen worker 0] jepsen.util: 0	:ok	:generate	"513-null"
2026-03-11 14:38:18,291{GMT}	INFO	[jepsen worker 1] jepsen.util: 1	:invoke	:generate	nil
2026-03-11 14:38:18,291{GMT}	INFO	[jepsen worker 2] jepsen.util: 2	:invoke	:generate	nil
2026-03-11 14:38:18,293{GMT}	INFO	[jepsen worker 2] jepsen.util: 2	:ok	:generate	"383-null"
2026-03-11 14:38:18,293{GMT}	INFO	[jepsen worker 1] jepsen.util: 1	:ok	:generate	"439-null"
2026-03-11 14:38:18,294{GMT}	INFO	[jepsen worker 0] jepsen.util: 0	:invoke	:generate	nil
2026-03-11 14:38:18,294{GMT}	INFO	[jepsen worker 1] jepsen.util: 1	:invoke	:generate	nil
2026-03-11 14:38:18,294{GMT}	INFO	[jepsen worker 0] jepsen.util: 0	:ok	:generate	"514-null"
2026-03-11 14:38:18,294{GMT}	INFO	[jepsen worker 2] jepsen.util: 2	:invoke	:generate	nil
2026-03-11 14:38:18,295{GMT}	INFO	[jepsen worker 1] jepsen.util: 1	:ok	:generate	"440-null"
2026-03-11 14:38:18,295{GMT}	INFO	[jepsen worker 2] jepsen.util: 2	:ok	:generate	"384-null"
2026-03-11 14:38:18,296{GMT}	INFO	[jepsen worker 2] jepsen.util: 2	:invoke	:generate	nil
2026-03-11 14:38:18,296{GMT}	INFO	[jepsen worker 0] jepsen.util: 0	:invoke	:generate	nil
2026-03-11 14:38:18,296{GMT}	INFO	[jepsen worker 2] jepsen.util: 2	:ok	:generate	"385-null"
2026-03-11 14:38:18,297{GMT}	INFO	[jepsen worker 0] jepsen.util: 0	:ok	:generate	"515-null"
2026-03-11 14:38:18,298{GMT}	INFO	[jepsen worker 0] jepsen.util: 0	:invoke	:generate	nil
2026-03-11 14:38:18,298{GMT}	INFO	[jepsen worker 2] jepsen.util: 2	:invoke	:generate	nil
2026-03-11 14:38:18,299{GMT}	INFO	[jepsen worker 0] jepsen.util: 0	:ok	:generate	"516-null"
2026-03-11 14:38:18,298{GMT}	INFO	[jepsen worker 1] jepsen.util: 1	:invoke	:generate	nil
2026-03-11 14:38:18,300{GMT}	INFO	[jepsen worker 0] jepsen.util: 0	:invoke	:generate	nil
2026-03-11 14:38:18,300{GMT}	INFO	[jepsen worker 1] jepsen.util: 1	:ok	:generate	"441-null"
2026-03-11 14:38:18,300{GMT}	INFO	[jepsen worker 2] jepsen.util: 2	:ok	:generate	"386-null"
2026-03-11 14:38:18,301{GMT}	INFO	[jepsen worker 0] jepsen.util: 0	:ok	:generate	"517-null"
2026-03-11 14:38:18,302{GMT}	INFO	[jepsen worker 0] jepsen.util: 0	:invoke	:generate	nil
2026-03-11 14:38:18,303{GMT}	INFO	[jepsen worker 0] jepsen.util: 0	:ok	:generate	"518-null"
2026-03-11 14:38:18,303{GMT}	INFO	[jepsen worker 1] jepsen.util: 1	:invoke	:generate	nil
2026-03-11 14:38:18,304{GMT}	INFO	[jepsen worker 2] jepsen.util: 2	:invoke	:generate	nil
2026-03-11 14:38:18,304{GMT}	INFO	[jepsen worker 1] jepsen.util: 1	:ok	:generate	"442-null"
2026-03-11 14:38:18,304{GMT}	INFO	[jepsen worker 0] jepsen.util: 0	:invoke	:generate	nil
2026-03-11 14:38:18,304{GMT}	INFO	[jepsen worker 2] jepsen.util: 2	:ok	:generate	"387-null"
2026-03-11 14:38:18,304{GMT}	INFO	[jepsen worker 0] jepsen.util: 0	:ok	:generate	"519-null"
2026-03-11 14:38:18,305{GMT}	INFO	[jepsen worker 0] jepsen.util: 0	:invoke	:generate	nil
2026-03-11 14:38:18,305{GMT}	INFO	[jepsen worker 0] jepsen.util: 0	:ok	:generate	"520-null"
2026-03-11 14:38:18,307{GMT}	INFO	[jepsen worker 1] jepsen.util: 1	:invoke	:generate	nil
2026-03-11 14:38:18,307{GMT}	INFO	[jepsen worker 1] jepsen.util: 1	:ok	:generate	"443-null"
2026-03-11 14:38:18,308{GMT}	INFO	[jepsen worker 2] jepsen.util: 2	:invoke	:generate	nil
2026-03-11 14:38:18,309{GMT}	INFO	[jepsen worker 2] jepsen.util: 2	:ok	:generate	"388-null"
2026-03-11 14:38:18,309{GMT}	INFO	[jepsen worker 0] jepsen.util: 0	:invoke	:generate	nil
2026-03-11 14:38:18,309{GMT}	INFO	[jepsen worker 1] jepsen.util: 1	:invoke	:generate	nil
2026-03-11 14:38:18,310{GMT}	INFO	[jepsen worker 0] jepsen.util: 0	:ok	:generate	"521-null"
2026-03-11 14:38:18,310{GMT}	INFO	[jepsen worker 1] jepsen.util: 1	:ok	:generate	"444-null"
2026-03-11 14:38:18,311{GMT}	INFO	[jepsen worker 1] jepsen.util: 1	:invoke	:generate	nil
2026-03-11 14:38:18,312{GMT}	INFO	[jepsen worker 1] jepsen.util: 1	:ok	:generate	"445-null"
2026-03-11 14:38:18,313{GMT}	INFO	[jepsen worker 2] jepsen.util: 2	:invoke	:generate	nil
2026-03-11 14:38:18,314{GMT}	INFO	[jepsen worker 2] jepsen.util: 2	:ok	:generate	"389-null"
2026-03-11 14:38:18,315{GMT}	INFO	[jepsen worker 0] jepsen.util: 0	:invoke	:generate	nil
2026-03-11 14:38:18,315{GMT}	INFO	[jepsen worker 0] jepsen.util: 0	:ok	:generate	"522-null"
2026-03-11 14:38:18,317{GMT}	INFO	[jepsen worker 0] jepsen.util: 0	:invoke	:generate	nil
2026-03-11 14:38:18,317{GMT}	INFO	[jepsen worker 1] jepsen.util: 1	:invoke	:generate	nil
2026-03-11 14:38:18,317{GMT}	INFO	[jepsen worker 0] jepsen.util: 0	:ok	:generate	"523-null"
2026-03-11 14:38:18,318{GMT}	INFO	[jepsen worker 1] jepsen.util: 1	:ok	:generate	"446-null"
2026-03-11 14:38:18,318{GMT}	INFO	[jepsen worker 2] jepsen.util: 2	:invoke	:generate	nil
2026-03-11 14:38:18,319{GMT}	INFO	[jepsen worker 2] jepsen.util: 2	:ok	:generate	"390-null"
2026-03-11 14:38:18,320{GMT}	INFO	[jepsen worker 0] jepsen.util: 0	:invoke	:generate	nil
2026-03-11 14:38:18,321{GMT}	INFO	[jepsen worker 0] jepsen.util: 0	:ok	:generate	"524-null"
2026-03-11 14:38:18,322{GMT}	INFO	[jepsen worker 0] jepsen.util: 0	:invoke	:generate	nil
2026-03-11 14:38:18,322{GMT}	INFO	[jepsen worker 1] jepsen.util: 1	:invoke	:generate	nil
2026-03-11 14:38:18,323{GMT}	INFO	[jepsen worker 0] jepsen.util: 0	:ok	:generate	"525-null"
2026-03-11 14:38:18,323{GMT}	INFO	[jepsen worker 1] jepsen.util: 1	:ok	:generate	"447-null"
2026-03-11 14:38:18,323{GMT}	INFO	[jepsen worker 2] jepsen.util: 2	:invoke	:generate	nil
2026-03-11 14:38:18,323{GMT}	INFO	[jepsen worker 0] jepsen.util: 0	:invoke	:generate	nil
2026-03-11 14:38:18,324{GMT}	INFO	[jepsen worker 2] jepsen.util: 2	:ok	:generate	"391-null"
2026-03-11 14:38:18,324{GMT}	INFO	[jepsen worker 0] jepsen.util: 0	:ok	:generate	"526-null"
2026-03-11 14:38:18,325{GMT}	INFO	[jepsen worker 0] jepsen.util: 0	:invoke	:generate	nil
2026-03-11 14:38:18,326{GMT}	INFO	[jepsen worker 1] jepsen.util: 1	:invoke	:generate	nil
2026-03-11 14:38:18,326{GMT}	INFO	[jepsen worker 0] jepsen.util: 0	:ok	:generate	"527-null"
2026-03-11 14:38:18,327{GMT}	INFO	[jepsen worker 1] jepsen.util: 1	:ok	:generate	"448-null"
2026-03-11 14:38:18,327{GMT}	INFO	[jepsen worker 2] jepsen.util: 2	:invoke	:generate	nil
2026-03-11 14:38:18,328{GMT}	INFO	[jepsen worker 2] jepsen.util: 2	:ok	:generate	"392-null"
2026-03-11 14:38:18,329{GMT}	INFO	[jepsen worker 0] jepsen.util: 0	:invoke	:generate	nil
2026-03-11 14:38:18,330{GMT}	INFO	[jepsen worker 1] jepsen.util: 1	:invoke	:generate	nil
2026-03-11 14:38:18,330{GMT}	INFO	[jepsen worker 0] jepsen.util: 0	:ok	:generate	"528-null"
2026-03-11 14:38:18,331{GMT}	INFO	[jepsen worker 1] jepsen.util: 1	:ok	:generate	"449-null"
2026-03-11 14:38:18,331{GMT}	INFO	[jepsen worker 1] jepsen.util: 1	:invoke	:generate	nil
2026-03-11 14:38:18,332{GMT}	INFO	[jepsen worker 1] jepsen.util: 1	:ok	:generate	"450-null"
2026-03-11 14:38:18,333{GMT}	INFO	[jepsen worker 2] jepsen.util: 2	:invoke	:generate	nil
2026-03-11 14:38:18,333{GMT}	INFO	[jepsen worker 2] jepsen.util: 2	:ok	:generate	"393-null"
2026-03-11 14:38:18,334{GMT}	INFO	[jepsen worker 0] jepsen.util: 0	:invoke	:generate	nil
2026-03-11 14:38:18,335{GMT}	INFO	[jepsen worker 1] jepsen.util: 1	:invoke	:generate	nil
2026-03-11 14:38:18,335{GMT}	INFO	[jepsen worker 2] jepsen.util: 2	:invoke	:generate	nil
2026-03-11 14:38:18,335{GMT}	INFO	[jepsen worker 0] jepsen.util: 0	:ok	:generate	"529-null"
2026-03-11 14:38:18,335{GMT}	INFO	[jepsen worker 1] jepsen.util: 1	:ok	:generate	"451-null"
2026-03-11 14:38:18,335{GMT}	INFO	[jepsen worker 0] jepsen.util: 0	:invoke	:generate	nil
2026-03-11 14:38:18,336{GMT}	INFO	[jepsen worker 0] jepsen.util: 0	:ok	:generate	"530-null"
2026-03-11 14:38:18,336{GMT}	INFO	[jepsen worker 2] jepsen.util: 2	:ok	:generate	"394-null"
2026-03-11 14:38:18,338{GMT}	INFO	[jepsen worker 0] jepsen.util: 0	:invoke	:generate	nil
2026-03-11 14:38:18,338{GMT}	INFO	[jepsen worker 0] jepsen.util: 0	:ok	:generate	"531-null"
2026-03-11 14:38:18,339{GMT}	INFO	[jepsen worker 0] jepsen.util: 0	:invoke	:generate	nil
2026-03-11 14:38:18,340{GMT}	INFO	[jepsen worker 1] jepsen.util: 1	:invoke	:generate	nil
2026-03-11 14:38:18,340{GMT}	INFO	[jepsen worker 0] jepsen.util: 0	:ok	:generate	"532-null"
2026-03-11 14:38:18,340{GMT}	INFO	[jepsen worker 2] jepsen.util: 2	:invoke	:generate	nil
2026-03-11 14:38:18,340{GMT}	INFO	[jepsen worker 1] jepsen.util: 1	:ok	:generate	"452-null"
2026-03-11 14:38:18,341{GMT}	INFO	[jepsen worker 2] jepsen.util: 2	:ok	:generate	"395-null"
2026-03-11 14:38:18,342{GMT}	INFO	[jepsen worker 0] jepsen.util: 0	:invoke	:generate	nil
2026-03-11 14:38:18,343{GMT}	INFO	[jepsen worker 0] jepsen.util: 0	:ok	:generate	"533-null"
2026-03-11 14:38:18,344{GMT}	INFO	[jepsen worker 0] jepsen.util: 0	:invoke	:generate	nil
2026-03-11 14:38:18,344{GMT}	INFO	[jepsen worker 0] jepsen.util: 0	:ok	:generate	"534-null"
2026-03-11 14:38:18,345{GMT}	INFO	[jepsen worker 1] jepsen.util: 1	:invoke	:generate	nil
2026-03-11 14:38:18,346{GMT}	INFO	[jepsen worker 1] jepsen.util: 1	:ok	:generate	"453-null"
2026-03-11 14:38:18,346{GMT}	INFO	[jepsen worker 2] jepsen.util: 2	:invoke	:generate	nil
2026-03-11 14:38:18,347{GMT}	INFO	[jepsen worker 2] jepsen.util: 2	:ok	:generate	"396-null"
2026-03-11 14:38:18,347{GMT}	INFO	[jepsen worker 0] jepsen.util: 0	:invoke	:generate	nil
2026-03-11 14:38:18,348{GMT}	INFO	[jepsen worker 0] jepsen.util: 0	:ok	:generate	"535-null"
2026-03-11 14:38:18,348{GMT}	INFO	[jepsen worker 0] jepsen.util: 0	:invoke	:generate	nil
2026-03-11 14:38:18,349{GMT}	INFO	[jepsen worker 0] jepsen.util: 0	:ok	:generate	"536-null"
2026-03-11 14:38:18,356{GMT}	INFO	[jepsen worker 1] jepsen.util: 1	:invoke	:generate	nil
2026-03-11 14:38:18,356{GMT}	INFO	[jepsen worker 2] jepsen.util: 2	:invoke	:generate	nil
2026-03-11 14:38:18,356{GMT}	INFO	[jepsen worker 0] jepsen.util: 0	:invoke	:generate	nil
2026-03-11 14:38:18,357{GMT}	INFO	[jepsen worker 2] jepsen.util: 2	:ok	:generate	"397-null"
2026-03-11 14:38:18,357{GMT}	INFO	[jepsen worker 1] jepsen.util: 1	:ok	:generate	"454-null"
2026-03-11 14:38:18,357{GMT}	INFO	[jepsen worker 0] jepsen.util: 0	:ok	:generate	"537-null"
2026-03-11 14:38:18,358{GMT}	INFO	[jepsen worker 1] jepsen.util: 1	:invoke	:generate	nil
2026-03-11 14:38:18,358{GMT}	INFO	[jepsen worker 0] jepsen.util: 0	:invoke	:generate	nil
2026-03-11 14:38:18,358{GMT}	INFO	[jepsen worker 1] jepsen.util: 1	:ok	:generate	"455-null"
2026-03-11 14:38:18,358{GMT}	INFO	[jepsen worker 0] jepsen.util: 0	:ok	:generate	"538-null"
2026-03-11 14:38:18,359{GMT}	INFO	[jepsen worker 2] jepsen.util: 2	:invoke	:generate	nil
2026-03-11 14:38:18,359{GMT}	INFO	[jepsen worker 0] jepsen.util: 0	:invoke	:generate	nil
2026-03-11 14:38:18,360{GMT}	INFO	[jepsen worker 1] jepsen.util: 1	:invoke	:generate	nil
2026-03-11 14:38:18,360{GMT}	INFO	[jepsen worker 2] jepsen.util: 2	:ok	:generate	"398-null"
2026-03-11 14:38:18,360{GMT}	INFO	[jepsen worker 2] jepsen.util: 2	:invoke	:generate	nil
2026-03-11 14:38:18,361{GMT}	INFO	[jepsen worker 0] jepsen.util: 0	:ok	:generate	"539-null"
2026-03-11 14:38:18,361{GMT}	INFO	[jepsen worker 2] jepsen.util: 2	:ok	:generate	"399-null"
2026-03-11 14:38:18,362{GMT}	INFO	[jepsen worker 1] jepsen.util: 1	:ok	:generate	"456-null"
2026-03-11 14:38:18,362{GMT}	INFO	[jepsen worker 2] jepsen.util: 2	:invoke	:generate	nil
2026-03-11 14:38:18,362{GMT}	INFO	[jepsen worker 2] jepsen.util: 2	:ok	:generate	"400-null"
2026-03-11 14:38:18,363{GMT}	INFO	[jepsen worker 1] jepsen.util: 1	:invoke	:generate	nil
2026-03-11 14:38:18,363{GMT}	INFO	[jepsen worker 1] jepsen.util: 1	:ok	:generate	"457-null"
2026-03-11 14:38:18,364{GMT}	INFO	[jepsen worker 1] jepsen.util: 1	:invoke	:generate	nil
2026-03-11 14:38:18,364{GMT}	INFO	[jepsen worker 0] jepsen.util: 0	:invoke	:generate	nil
2026-03-11 14:38:18,365{GMT}	INFO	[jepsen worker 1] jepsen.util: 1	:ok	:generate	"458-null"
2026-03-11 14:38:18,365{GMT}	INFO	[jepsen worker 0] jepsen.util: 0	:ok	:generate	"540-null"
2026-03-11 14:38:18,365{GMT}	INFO	[jepsen worker 2] jepsen.util: 2	:invoke	:generate	nil
2026-03-11 14:38:18,365{GMT}	INFO	[jepsen worker 2] jepsen.util: 2	:ok	:generate	"401-null"
2026-03-11 14:38:18,366{GMT}	INFO	[jepsen worker 0] jepsen.util: 0	:invoke	:generate	nil
2026-03-11 14:38:18,367{GMT}	INFO	[jepsen worker 0] jepsen.util: 0	:ok	:generate	"541-null"
2026-03-11 14:38:18,368{GMT}	INFO	[jepsen worker 0] jepsen.util: 0	:invoke	:generate	nil
2026-03-11 14:38:18,368{GMT}	INFO	[jepsen worker 0] jepsen.util: 0	:ok	:generate	"542-null"
2026-03-11 14:38:18,369{GMT}	INFO	[jepsen worker 1] jepsen.util: 1	:invoke	:generate	nil
2026-03-11 14:38:18,369{GMT}	INFO	[jepsen worker 1] jepsen.util: 1	:ok	:generate	"459-null"
2026-03-11 14:38:18,369{GMT}	INFO	[jepsen worker 2] jepsen.util: 2	:invoke	:generate	nil
2026-03-11 14:38:18,370{GMT}	INFO	[jepsen worker 2] jepsen.util: 2	:ok	:generate	"402-null"
2026-03-11 14:38:18,371{GMT}	INFO	[jepsen worker 0] jepsen.util: 0	:invoke	:generate	nil
2026-03-11 14:38:18,371{GMT}	INFO	[jepsen worker 0] jepsen.util: 0	:ok	:generate	"543-null"
2026-03-11 14:38:18,373{GMT}	INFO	[jepsen worker 0] jepsen.util: 0	:invoke	:generate	nil
2026-03-11 14:38:18,373{GMT}	INFO	[jepsen worker 0] jepsen.util: 0	:ok	:generate	"544-null"
2026-03-11 14:38:18,375{GMT}	INFO	[jepsen worker 1] jepsen.util: 1	:invoke	:generate	nil
2026-03-11 14:38:18,376{GMT}	INFO	[jepsen worker 1] jepsen.util: 1	:ok	:generate	"460-null"
2026-03-11 14:38:18,376{GMT}	INFO	[jepsen worker 2] jepsen.util: 2	:invoke	:generate	nil
2026-03-11 14:38:18,377{GMT}	INFO	[jepsen worker 2] jepsen.util: 2	:ok	:generate	"403-null"
2026-03-11 14:38:18,377{GMT}	INFO	[jepsen worker 0] jepsen.util: 0	:invoke	:generate	nil
2026-03-11 14:38:18,378{GMT}	INFO	[jepsen worker 0] jepsen.util: 0	:ok	:generate	"545-null"
2026-03-11 14:38:18,379{GMT}	INFO	[jepsen worker 0] jepsen.util: 0	:invoke	:generate	nil
2026-03-11 14:38:18,379{GMT}	INFO	[jepsen worker 1] jepsen.util: 1	:invoke	:generate	nil
2026-03-11 14:38:18,380{GMT}	INFO	[jepsen worker 0] jepsen.util: 0	:ok	:generate	"546-null"
2026-03-11 14:38:18,380{GMT}	INFO	[jepsen worker 1] jepsen.util: 1	:ok	:generate	"461-null"
2026-03-11 14:38:18,381{GMT}	INFO	[jepsen worker 2] jepsen.util: 2	:invoke	:generate	nil
2026-03-11 14:38:18,382{GMT}	INFO	[jepsen worker 0] jepsen.util: 0	:invoke	:generate	nil
2026-03-11 14:38:18,382{GMT}	INFO	[jepsen worker 2] jepsen.util: 2	:ok	:generate	"404-null"
2026-03-11 14:38:18,382{GMT}	INFO	[jepsen worker 1] jepsen.util: 1	:invoke	:generate	nil
2026-03-11 14:38:18,383{GMT}	INFO	[jepsen worker 2] jepsen.util: 2	:invoke	:generate	nil
2026-03-11 14:38:18,383{GMT}	INFO	[jepsen worker 0] jepsen.util: 0	:ok	:generate	"547-null"
2026-03-11 14:38:18,383{GMT}	INFO	[jepsen worker 1] jepsen.util: 1	:ok	:generate	"462-null"
2026-03-11 14:38:18,383{GMT}	INFO	[jepsen worker 2] jepsen.util: 2	:ok	:generate	"405-null"
2026-03-11 14:38:18,384{GMT}	INFO	[jepsen worker 2] jepsen.util: 2	:invoke	:generate	nil
2026-03-11 14:38:18,384{GMT}	INFO	[jepsen worker 2] jepsen.util: 2	:ok	:generate	"406-null"
2026-03-11 14:38:18,384{GMT}	INFO	[jepsen worker 0] jepsen.util: 0	:invoke	:generate	nil
2026-03-11 14:38:18,385{GMT}	INFO	[jepsen worker 1] jepsen.util: 1	:invoke	:generate	nil
2026-03-11 14:38:18,385{GMT}	INFO	[jepsen worker 0] jepsen.util: 0	:ok	:generate	"548-null"
2026-03-11 14:38:18,386{GMT}	INFO	[jepsen worker 1] jepsen.util: 1	:ok	:generate	"463-null"
2026-03-11 14:38:18,386{GMT}	INFO	[jepsen worker 1] jepsen.util: 1	:invoke	:generate	nil
2026-03-11 14:38:18,387{GMT}	INFO	[jepsen worker 1] jepsen.util: 1	:ok	:generate	"464-null"
2026-03-11 14:38:18,388{GMT}	INFO	[jepsen worker 2] jepsen.util: 2	:invoke	:generate	nil
2026-03-11 14:38:18,388{GMT}	INFO	[jepsen worker 2] jepsen.util: 2	:ok	:generate	"407-null"
2026-03-11 14:38:18,389{GMT}	INFO	[jepsen worker 0] jepsen.util: 0	:invoke	:generate	nil
2026-03-11 14:38:18,390{GMT}	INFO	[jepsen worker 0] jepsen.util: 0	:ok	:generate	"549-null"
2026-03-11 14:38:18,390{GMT}	INFO	[jepsen worker 0] jepsen.util: 0	:invoke	:generate	nil
2026-03-11 14:38:18,390{GMT}	INFO	[jepsen worker 0] jepsen.util: 0	:ok	:generate	"550-null"
2026-03-11 14:38:18,391{GMT}	INFO	[jepsen worker 1] jepsen.util: 1	:invoke	:generate	nil
2026-03-11 14:38:18,391{GMT}	INFO	[jepsen worker 1] jepsen.util: 1	:ok	:generate	"465-null"
2026-03-11 14:38:18,393{GMT}	INFO	[jepsen worker 2] jepsen.util: 2	:invoke	:generate	nil
2026-03-11 14:38:18,393{GMT}	INFO	[jepsen worker 0] jepsen.util: 0	:invoke	:generate	nil
2026-03-11 14:38:18,394{GMT}	INFO	[jepsen worker 0] jepsen.util: 0	:ok	:generate	"551-null"
2026-03-11 14:38:18,394{GMT}	INFO	[jepsen worker 2] jepsen.util: 2	:ok	:generate	"408-null"
2026-03-11 14:38:18,395{GMT}	INFO	[jepsen worker 0] jepsen.util: 0	:invoke	:generate	nil
2026-03-11 14:38:18,395{GMT}	INFO	[jepsen worker 0] jepsen.util: 0	:ok	:generate	"552-null"
2026-03-11 14:38:18,396{GMT}	INFO	[jepsen worker 1] jepsen.util: 1	:invoke	:generate	nil
2026-03-11 14:38:18,397{GMT}	INFO	[jepsen worker 1] jepsen.util: 1	:ok	:generate	"466-null"
2026-03-11 14:38:18,398{GMT}	INFO	[jepsen worker 2] jepsen.util: 2	:invoke	:generate	nil
2026-03-11 14:38:18,398{GMT}	INFO	[jepsen worker 2] jepsen.util: 2	:ok	:generate	"409-null"
2026-03-11 14:38:18,398{GMT}	INFO	[jepsen worker 0] jepsen.util: 0	:invoke	:generate	nil
2026-03-11 14:38:18,399{GMT}	INFO	[jepsen worker 0] jepsen.util: 0	:ok	:generate	"553-null"
2026-03-11 14:38:18,399{GMT}	INFO	[jepsen worker 0] jepsen.util: 0	:invoke	:generate	nil
2026-03-11 14:38:18,400{GMT}	INFO	[jepsen worker 0] jepsen.util: 0	:ok	:generate	"554-null"
2026-03-11 14:38:18,401{GMT}	INFO	[jepsen worker 1] jepsen.util: 1	:invoke	:generate	nil
2026-03-11 14:38:18,402{GMT}	INFO	[jepsen worker 1] jepsen.util: 1	:ok	:generate	"467-null"
2026-03-11 14:38:18,403{GMT}	INFO	[jepsen worker 2] jepsen.util: 2	:invoke	:generate	nil
2026-03-11 14:38:18,403{GMT}	INFO	[jepsen worker 2] jepsen.util: 2	:ok	:generate	"410-null"
2026-03-11 14:38:18,403{GMT}	INFO	[jepsen worker 0] jepsen.util: 0	:invoke	:generate	nil
2026-03-11 14:38:18,404{GMT}	INFO	[jepsen worker 0] jepsen.util: 0	:ok	:generate	"555-null"
2026-03-11 14:38:18,405{GMT}	INFO	[jepsen worker 0] jepsen.util: 0	:invoke	:generate	nil
2026-03-11 14:38:18,406{GMT}	INFO	[jepsen worker 0] jepsen.util: 0	:ok	:generate	"556-null"
2026-03-11 14:38:18,406{GMT}	INFO	[jepsen worker 1] jepsen.util: 1	:invoke	:generate	nil
2026-03-11 14:38:18,407{GMT}	INFO	[jepsen worker 1] jepsen.util: 1	:ok	:generate	"468-null"
2026-03-11 14:38:18,408{GMT}	INFO	[jepsen worker 2] jepsen.util: 2	:invoke	:generate	nil
2026-03-11 14:38:18,409{GMT}	INFO	[jepsen worker 2] jepsen.util: 2	:ok	:generate	"411-null"
2026-03-11 14:38:18,409{GMT}	INFO	[jepsen worker 0] jepsen.util: 0	:invoke	:generate	nil
2026-03-11 14:38:18,410{GMT}	INFO	[jepsen worker 0] jepsen.util: 0	:ok	:generate	"557-null"
2026-03-11 14:38:18,411{GMT}	INFO	[jepsen worker 0] jepsen.util: 0	:invoke	:generate	nil
2026-03-11 14:38:18,412{GMT}	INFO	[jepsen worker 0] jepsen.util: 0	:ok	:generate	"558-null"
2026-03-11 14:38:18,413{GMT}	INFO	[jepsen worker 1] jepsen.util: 1	:invoke	:generate	nil
2026-03-11 14:38:18,414{GMT}	INFO	[jepsen worker 1] jepsen.util: 1	:ok	:generate	"469-null"
2026-03-11 14:38:18,414{GMT}	INFO	[jepsen worker 2] jepsen.util: 2	:invoke	:generate	nil
2026-03-11 14:38:18,415{GMT}	INFO	[jepsen worker 2] jepsen.util: 2	:ok	:generate	"412-null"
2026-03-11 14:38:18,416{GMT}	INFO	[jepsen worker 0] jepsen.util: 0	:invoke	:generate	nil
2026-03-11 14:38:18,416{GMT}	INFO	[jepsen worker 1] jepsen.util: 1	:invoke	:generate	nil
2026-03-11 14:38:18,416{GMT}	INFO	[jepsen worker 0] jepsen.util: 0	:ok	:generate	"559-null"
2026-03-11 14:38:18,417{GMT}	INFO	[jepsen worker 1] jepsen.util: 1	:ok	:generate	"470-null"
2026-03-11 14:38:18,418{GMT}	INFO	[jepsen worker 1] jepsen.util: 1	:invoke	:generate	nil
2026-03-11 14:38:18,418{GMT}	INFO	[jepsen worker 1] jepsen.util: 1	:ok	:generate	"471-null"
2026-03-11 14:38:18,419{GMT}	INFO	[jepsen worker 2] jepsen.util: 2	:invoke	:generate	nil
2026-03-11 14:38:18,419{GMT}	INFO	[jepsen worker 0] jepsen.util: 0	:invoke	:generate	nil
2026-03-11 14:38:18,420{GMT}	INFO	[jepsen worker 2] jepsen.util: 2	:ok	:generate	"413-null"
2026-03-11 14:38:18,420{GMT}	INFO	[jepsen worker 0] jepsen.util: 0	:ok	:generate	"560-null"
2026-03-11 14:38:18,420{GMT}	INFO	[jepsen worker 0] jepsen.util: 0	:invoke	:generate	nil
2026-03-11 14:38:18,420{GMT}	INFO	[jepsen worker 0] jepsen.util: 0	:ok	:generate	"561-null"
2026-03-11 14:38:18,421{GMT}	INFO	[jepsen worker 1] jepsen.util: 1	:invoke	:generate	nil
2026-03-11 14:38:18,421{GMT}	INFO	[jepsen worker 1] jepsen.util: 1	:ok	:generate	"472-null"
2026-03-11 14:38:18,422{GMT}	INFO	[jepsen worker 2] jepsen.util: 2	:invoke	:generate	nil
2026-03-11 14:38:18,422{GMT}	INFO	[jepsen worker 0] jepsen.util: 0	:invoke	:generate	nil
2026-03-11 14:38:18,423{GMT}	INFO	[jepsen worker 2] jepsen.util: 2	:ok	:generate	"414-null"
2026-03-11 14:38:18,423{GMT}	INFO	[jepsen worker 1] jepsen.util: 1	:invoke	:generate	nil
2026-03-11 14:38:18,423{GMT}	INFO	[jepsen worker 2] jepsen.util: 2	:invoke	:generate	nil
2026-03-11 14:38:18,423{GMT}	INFO	[jepsen worker 0] jepsen.util: 0	:ok	:generate	"562-null"
2026-03-11 14:38:18,424{GMT}	INFO	[jepsen worker 2] jepsen.util: 2	:ok	:generate	"415-null"
2026-03-11 14:38:18,424{GMT}	INFO	[jepsen worker 1] jepsen.util: 1	:ok	:generate	"473-null"
2026-03-11 14:38:18,425{GMT}	INFO	[jepsen worker 2] jepsen.util: 2	:invoke	:generate	nil
2026-03-11 14:38:18,426{GMT}	INFO	[jepsen worker 0] jepsen.util: 0	:invoke	:generate	nil
2026-03-11 14:38:18,426{GMT}	INFO	[jepsen worker 2] jepsen.util: 2	:ok	:generate	"416-null"
2026-03-11 14:38:18,427{GMT}	INFO	[jepsen worker 0] jepsen.util: 0	:ok	:generate	"563-null"
2026-03-11 14:38:18,428{GMT}	INFO	[jepsen worker 0] jepsen.util: 0	:invoke	:generate	nil
2026-03-11 14:38:18,428{GMT}	INFO	[jepsen worker 1] jepsen.util: 1	:invoke	:generate	nil
2026-03-11 14:38:18,429{GMT}	INFO	[jepsen worker 0] jepsen.util: 0	:ok	:generate	"564-null"
2026-03-11 14:38:18,429{GMT}	INFO	[jepsen worker 1] jepsen.util: 1	:ok	:generate	"474-null"
2026-03-11 14:38:18,430{GMT}	INFO	[jepsen worker 2] jepsen.util: 2	:invoke	:generate	nil
2026-03-11 14:38:18,430{GMT}	INFO	[jepsen worker 2] jepsen.util: 2	:ok	:generate	"417-null"
2026-03-11 14:38:18,432{GMT}	INFO	[jepsen worker 0] jepsen.util: 0	:invoke	:generate	nil
2026-03-11 14:38:18,432{GMT}	INFO	[jepsen worker 1] jepsen.util: 1	:invoke	:generate	nil
2026-03-11 14:38:18,432{GMT}	INFO	[jepsen worker 0] jepsen.util: 0	:ok	:generate	"565-null"
2026-03-11 14:38:18,433{GMT}	INFO	[jepsen worker 1] jepsen.util: 1	:ok	:generate	"475-null"
2026-03-11 14:38:18,433{GMT}	INFO	[jepsen worker 1] jepsen.util: 1	:invoke	:generate	nil
2026-03-11 14:38:18,433{GMT}	INFO	[jepsen worker 1] jepsen.util: 1	:ok	:generate	"476-null"
2026-03-11 14:38:18,434{GMT}	INFO	[jepsen worker 2] jepsen.util: 2	:invoke	:generate	nil
2026-03-11 14:38:18,435{GMT}	INFO	[jepsen worker 2] jepsen.util: 2	:ok	:generate	"418-null"
2026-03-11 14:38:18,436{GMT}	INFO	[jepsen worker 0] jepsen.util: 0	:invoke	:generate	nil
2026-03-11 14:38:18,437{GMT}	INFO	[jepsen worker 0] jepsen.util: 0	:ok	:generate	"566-null"
2026-03-11 14:38:18,438{GMT}	INFO	[jepsen worker 0] jepsen.util: 0	:invoke	:generate	nil
2026-03-11 14:38:18,438{GMT}	INFO	[jepsen worker 0] jepsen.util: 0	:ok	:generate	"567-null"
2026-03-11 14:38:18,440{GMT}	INFO	[jepsen worker 1] jepsen.util: 1	:invoke	:generate	nil
2026-03-11 14:38:18,441{GMT}	INFO	[jepsen worker 1] jepsen.util: 1	:ok	:generate	"477-null"
2026-03-11 14:38:18,442{GMT}	INFO	[jepsen worker 2] jepsen.util: 2	:invoke	:generate	nil
2026-03-11 14:38:18,443{GMT}	INFO	[jepsen worker 2] jepsen.util: 2	:ok	:generate	"419-null"
2026-03-11 14:38:18,444{GMT}	INFO	[jepsen worker 0] jepsen.util: 0	:invoke	:generate	nil
2026-03-11 14:38:18,444{GMT}	INFO	[jepsen worker 1] jepsen.util: 1	:invoke	:generate	nil
2026-03-11 14:38:18,445{GMT}	INFO	[jepsen worker 0] jepsen.util: 0	:ok	:generate	"568-null"
2026-03-11 14:38:18,445{GMT}	INFO	[jepsen worker 1] jepsen.util: 1	:ok	:generate	"478-null"
2026-03-11 14:38:18,446{GMT}	INFO	[jepsen worker 1] jepsen.util: 1	:invoke	:generate	nil
2026-03-11 14:38:18,447{GMT}	INFO	[jepsen worker 2] jepsen.util: 2	:invoke	:generate	nil
2026-03-11 14:38:18,447{GMT}	INFO	[jepsen worker 1] jepsen.util: 1	:ok	:generate	"479-null"
2026-03-11 14:38:18,448{GMT}	INFO	[jepsen worker 2] jepsen.util: 2	:ok	:generate	"420-null"
2026-03-11 14:38:18,449{GMT}	INFO	[jepsen worker 0] jepsen.util: 0	:invoke	:generate	nil
2026-03-11 14:38:18,449{GMT}	INFO	[jepsen worker 0] jepsen.util: 0	:ok	:generate	"569-null"
2026-03-11 14:38:18,450{GMT}	INFO	[jepsen worker 0] jepsen.util: 0	:invoke	:generate	nil
2026-03-11 14:38:18,450{GMT}	INFO	[jepsen worker 0] jepsen.util: 0	:ok	:generate	"570-null"
2026-03-11 14:38:18,451{GMT}	INFO	[jepsen worker 1] jepsen.util: 1	:invoke	:generate	nil
2026-03-11 14:38:18,451{GMT}	INFO	[jepsen worker 1] jepsen.util: 1	:ok	:generate	"480-null"
2026-03-11 14:38:18,451{GMT}	INFO	[jepsen worker 2] jepsen.util: 2	:invoke	:generate	nil
2026-03-11 14:38:18,452{GMT}	INFO	[jepsen worker 2] jepsen.util: 2	:ok	:generate	"421-null"
2026-03-11 14:38:18,453{GMT}	INFO	[jepsen worker 0] jepsen.util: 0	:invoke	:generate	nil
2026-03-11 14:38:18,453{GMT}	INFO	[jepsen worker 0] jepsen.util: 0	:ok	:generate	"571-null"
2026-03-11 14:38:18,454{GMT}	INFO	[jepsen worker 0] jepsen.util: 0	:invoke	:generate	nil
2026-03-11 14:38:18,455{GMT}	INFO	[jepsen worker 0] jepsen.util: 0	:ok	:generate	"572-null"
2026-03-11 14:38:18,455{GMT}	INFO	[jepsen worker 1] jepsen.util: 1	:invoke	:generate	nil
2026-03-11 14:38:18,456{GMT}	INFO	[jepsen worker 1] jepsen.util: 1	:ok	:generate	"481-null"
2026-03-11 14:38:18,456{GMT}	INFO	[jepsen worker 2] jepsen.util: 2	:invoke	:generate	nil
2026-03-11 14:38:18,457{GMT}	INFO	[jepsen worker 2] jepsen.util: 2	:ok	:generate	"422-null"
2026-03-11 14:38:18,458{GMT}	INFO	[jepsen worker 0] jepsen.util: 0	:invoke	:generate	nil
2026-03-11 14:38:18,459{GMT}	INFO	[jepsen worker 0] jepsen.util: 0	:ok	:generate	"573-null"
2026-03-11 14:38:18,460{GMT}	INFO	[jepsen worker 0] jepsen.util: 0	:invoke	:generate	nil
2026-03-11 14:38:18,460{GMT}	INFO	[jepsen worker 0] jepsen.util: 0	:ok	:generate	"574-null"
2026-03-11 14:38:18,461{GMT}	INFO	[jepsen worker 1] jepsen.util: 1	:invoke	:generate	nil
2026-03-11 14:38:18,462{GMT}	INFO	[jepsen worker 1] jepsen.util: 1	:ok	:generate	"482-null"
2026-03-11 14:38:18,462{GMT}	INFO	[jepsen worker 0] jepsen.util: 0	:invoke	:generate	nil
2026-03-11 14:38:18,462{GMT}	INFO	[jepsen worker 2] jepsen.util: 2	:invoke	:generate	nil
2026-03-11 14:38:18,463{GMT}	INFO	[jepsen worker 0] jepsen.util: 0	:ok	:generate	"575-null"
2026-03-11 14:38:18,463{GMT}	INFO	[jepsen worker 2] jepsen.util: 2	:ok	:generate	"423-null"
2026-03-11 14:38:18,463{GMT}	INFO	[jepsen worker 1] jepsen.util: 1	:invoke	:generate	nil
2026-03-11 14:38:18,464{GMT}	INFO	[jepsen worker 1] jepsen.util: 1	:ok	:generate	"483-null"
2026-03-11 14:38:18,464{GMT}	INFO	[jepsen worker 1] jepsen.util: 1	:invoke	:generate	nil
2026-03-11 14:38:18,464{GMT}	INFO	[jepsen worker 1] jepsen.util: 1	:ok	:generate	"484-null"
2026-03-11 14:38:18,465{GMT}	INFO	[jepsen worker 2] jepsen.util: 2	:invoke	:generate	nil
2026-03-11 14:38:18,465{GMT}	INFO	[jepsen worker 2] jepsen.util: 2	:ok	:generate	"424-null"
2026-03-11 14:38:18,467{GMT}	INFO	[jepsen worker 0] jepsen.util: 0	:invoke	:generate	nil
2026-03-11 14:38:18,467{GMT}	INFO	[jepsen worker 1] jepsen.util: 1	:invoke	:generate	nil
2026-03-11 14:38:18,467{GMT}	INFO	[jepsen worker 0] jepsen.util: 0	:ok	:generate	"576-null"
2026-03-11 14:38:18,468{GMT}	INFO	[jepsen worker 1] jepsen.util: 1	:ok	:generate	"485-null"
2026-03-11 14:38:18,469{GMT}	INFO	[jepsen worker 1] jepsen.util: 1	:invoke	:generate	nil
2026-03-11 14:38:18,470{GMT}	INFO	[jepsen worker 1] jepsen.util: 1	:ok	:generate	"486-null"
2026-03-11 14:38:18,471{GMT}	INFO	[jepsen worker 2] jepsen.util: 2	:invoke	:generate	nil
2026-03-11 14:38:18,471{GMT}	INFO	[jepsen worker 0] jepsen.util: 0	:invoke	:generate	nil
2026-03-11 14:38:18,472{GMT}	INFO	[jepsen worker 1] jepsen.util: 1	:invoke	:generate	nil
2026-03-11 14:38:18,472{GMT}	INFO	[jepsen worker 2] jepsen.util: 2	:ok	:generate	"425-null"
2026-03-11 14:38:18,472{GMT}	INFO	[jepsen worker 0] jepsen.util: 0	:ok	:generate	"577-null"
2026-03-11 14:38:18,472{GMT}	INFO	[jepsen worker 2] jepsen.util: 2	:invoke	:generate	nil
2026-03-11 14:38:18,472{GMT}	INFO	[jepsen worker 0] jepsen.util: 0	:invoke	:generate	nil
2026-03-11 14:38:18,472{GMT}	INFO	[jepsen worker 1] jepsen.util: 1	:ok	:generate	"487-null"
2026-03-11 14:38:18,473{GMT}	INFO	[jepsen worker 0] jepsen.util: 0	:ok	:generate	"578-null"
2026-03-11 14:38:18,473{GMT}	INFO	[jepsen worker 2] jepsen.util: 2	:ok	:generate	"426-null"
2026-03-11 14:38:18,473{GMT}	INFO	[jepsen worker 0] jepsen.util: 0	:invoke	:generate	nil
2026-03-11 14:38:18,473{GMT}	INFO	[jepsen worker 1] jepsen.util: 1	:invoke	:generate	nil
2026-03-11 14:38:18,474{GMT}	INFO	[jepsen worker 0] jepsen.util: 0	:ok	:generate	"579-null"
2026-03-11 14:38:18,474{GMT}	INFO	[jepsen worker 2] jepsen.util: 2	:invoke	:generate	nil
2026-03-11 14:38:18,474{GMT}	INFO	[jepsen worker 1] jepsen.util: 1	:ok	:generate	"488-null"
2026-03-11 14:38:18,474{GMT}	INFO	[jepsen worker 2] jepsen.util: 2	:ok	:generate	"427-null"
2026-03-11 14:38:18,475{GMT}	INFO	[jepsen worker 2] jepsen.util: 2	:invoke	:generate	nil
2026-03-11 14:38:18,475{GMT}	INFO	[jepsen worker 2] jepsen.util: 2	:ok	:generate	"428-null"
2026-03-11 14:38:18,476{GMT}	INFO	[jepsen worker 0] jepsen.util: 0	:invoke	:generate	nil
2026-03-11 14:38:18,477{GMT}	INFO	[jepsen worker 1] jepsen.util: 1	:invoke	:generate	nil
2026-03-11 14:38:18,477{GMT}	INFO	[jepsen worker 0] jepsen.util: 0	:ok	:generate	"580-null"
2026-03-11 14:38:18,478{GMT}	INFO	[jepsen worker 1] jepsen.util: 1	:ok	:generate	"489-null"
2026-03-11 14:38:18,478{GMT}	INFO	[jepsen worker 1] jepsen.util: 1	:invoke	:generate	nil
2026-03-11 14:38:18,478{GMT}	INFO	[jepsen worker 2] jepsen.util: 2	:invoke	:generate	nil
2026-03-11 14:38:18,479{GMT}	INFO	[jepsen worker 1] jepsen.util: 1	:ok	:generate	"490-null"
2026-03-11 14:38:18,479{GMT}	INFO	[jepsen worker 0] jepsen.util: 0	:invoke	:generate	nil
2026-03-11 14:38:18,479{GMT}	INFO	[jepsen worker 2] jepsen.util: 2	:ok	:generate	"429-null"
2026-03-11 14:38:18,480{GMT}	INFO	[jepsen worker 0] jepsen.util: 0	:ok	:generate	"581-null"
2026-03-11 14:38:18,481{GMT}	INFO	[jepsen worker 0] jepsen.util: 0	:invoke	:generate	nil
2026-03-11 14:38:18,481{GMT}	INFO	[jepsen worker 1] jepsen.util: 1	:invoke	:generate	nil
2026-03-11 14:38:18,482{GMT}	INFO	[jepsen worker 0] jepsen.util: 0	:ok	:generate	"582-null"
2026-03-11 14:38:18,482{GMT}	INFO	[jepsen worker 1] jepsen.util: 1	:ok	:generate	"491-null"
2026-03-11 14:38:18,483{GMT}	INFO	[jepsen worker 0] jepsen.util: 0	:invoke	:generate	nil
2026-03-11 14:38:18,483{GMT}	INFO	[jepsen worker 2] jepsen.util: 2	:invoke	:generate	nil
2026-03-11 14:38:18,484{GMT}	INFO	[jepsen worker 1] jepsen.util: 1	:invoke	:generate	nil
2026-03-11 14:38:18,484{GMT}	INFO	[jepsen worker 0] jepsen.util: 0	:ok	:generate	"583-null"
2026-03-11 14:38:18,484{GMT}	INFO	[jepsen worker 1] jepsen.util: 1	:ok	:generate	"492-null"
2026-03-11 14:38:18,485{GMT}	INFO	[jepsen worker 1] jepsen.util: 1	:invoke	:generate	nil
2026-03-11 14:38:18,485{GMT}	INFO	[jepsen worker 0] jepsen.util: 0	:invoke	:generate	nil
2026-03-11 14:38:18,485{GMT}	INFO	[jepsen worker 1] jepsen.util: 1	:ok	:generate	"493-null"
2026-03-11 14:38:18,486{GMT}	INFO	[jepsen worker 0] jepsen.util: 0	:ok	:generate	"584-null"
2026-03-11 14:38:18,487{GMT}	INFO	[jepsen worker 2] jepsen.util: 2	:ok	:generate	"430-null"
2026-03-11 14:38:18,487{GMT}	INFO	[jepsen worker 0] jepsen.util: 0	:invoke	:generate	nil
2026-03-11 14:38:18,487{GMT}	INFO	[jepsen worker 1] jepsen.util: 1	:invoke	:generate	nil
2026-03-11 14:38:18,487{GMT}	INFO	[jepsen worker 0] jepsen.util: 0	:ok	:generate	"585-null"
2026-03-11 14:38:18,488{GMT}	INFO	[jepsen worker 1] jepsen.util: 1	:ok	:generate	"494-null"
2026-03-11 14:38:18,489{GMT}	INFO	[jepsen worker 1] jepsen.util: 1	:invoke	:generate	nil
2026-03-11 14:38:18,489{GMT}	INFO	[jepsen worker 1] jepsen.util: 1	:ok	:generate	"495-null"
2026-03-11 14:38:18,491{GMT}	INFO	[jepsen worker 2] jepsen.util: 2	:invoke	:generate	nil
2026-03-11 14:38:18,491{GMT}	INFO	[jepsen worker 0] jepsen.util: 0	:invoke	:generate	nil
2026-03-11 14:38:18,491{GMT}	INFO	[jepsen worker 2] jepsen.util: 2	:ok	:generate	"431-null"
2026-03-11 14:38:18,492{GMT}	INFO	[jepsen worker 0] jepsen.util: 0	:ok	:generate	"586-null"
2026-03-11 14:38:18,493{GMT}	INFO	[jepsen worker 0] jepsen.util: 0	:invoke	:generate	nil
2026-03-11 14:38:18,494{GMT}	INFO	[jepsen worker 0] jepsen.util: 0	:ok	:generate	"587-null"
2026-03-11 14:38:18,494{GMT}	INFO	[jepsen worker 1] jepsen.util: 1	:invoke	:generate	nil
2026-03-11 14:38:18,495{GMT}	INFO	[jepsen worker 1] jepsen.util: 1	:ok	:generate	"496-null"
2026-03-11 14:38:18,496{GMT}	INFO	[jepsen worker 2] jepsen.util: 2	:invoke	:generate	nil
2026-03-11 14:38:18,497{GMT}	INFO	[jepsen worker 2] jepsen.util: 2	:ok	:generate	"432-null"
2026-03-11 14:38:18,498{GMT}	INFO	[jepsen worker 0] jepsen.util: 0	:invoke	:generate	nil
2026-03-11 14:38:18,498{GMT}	INFO	[jepsen worker 1] jepsen.util: 1	:invoke	:generate	nil
2026-03-11 14:38:18,498{GMT}	INFO	[jepsen worker 0] jepsen.util: 0	:ok	:generate	"588-null"
2026-03-11 14:38:18,499{GMT}	INFO	[jepsen worker 1] jepsen.util: 1	:ok	:generate	"497-null"
2026-03-11 14:38:18,500{GMT}	INFO	[jepsen worker 1] jepsen.util: 1	:invoke	:generate	nil
2026-03-11 14:38:18,501{GMT}	INFO	[jepsen worker 1] jepsen.util: 1	:ok	:generate	"498-null"
2026-03-11 14:38:18,501{GMT}	INFO	[jepsen worker 2] jepsen.util: 2	:invoke	:generate	nil
2026-03-11 14:38:18,502{GMT}	INFO	[jepsen worker 2] jepsen.util: 2	:ok	:generate	"433-null"
2026-03-11 14:38:18,502{GMT}	INFO	[jepsen worker 0] jepsen.util: 0	:invoke	:generate	nil
2026-03-11 14:38:18,503{GMT}	INFO	[jepsen worker 0] jepsen.util: 0	:ok	:generate	"589-null"
2026-03-11 14:38:18,504{GMT}	INFO	[jepsen worker 0] jepsen.util: 0	:invoke	:generate	nil
2026-03-11 14:38:18,504{GMT}	INFO	[jepsen worker 0] jepsen.util: 0	:ok	:generate	"590-null"
2026-03-11 14:38:18,505{GMT}	INFO	[jepsen worker 1] jepsen.util: 1	:invoke	:generate	nil
2026-03-11 14:38:18,506{GMT}	INFO	[jepsen worker 1] jepsen.util: 1	:ok	:generate	"499-null"
2026-03-11 14:38:18,506{GMT}	INFO	[jepsen worker 2] jepsen.util: 2	:invoke	:generate	nil
2026-03-11 14:38:18,507{GMT}	INFO	[jepsen worker 2] jepsen.util: 2	:ok	:generate	"434-null"
2026-03-11 14:38:18,507{GMT}	INFO	[jepsen worker 0] jepsen.util: 0	:invoke	:generate	nil
2026-03-11 14:38:18,508{GMT}	INFO	[jepsen worker 0] jepsen.util: 0	:ok	:generate	"591-null"
2026-03-11 14:38:18,508{GMT}	INFO	[jepsen worker 0] jepsen.util: 0	:invoke	:generate	nil
2026-03-11 14:38:18,509{GMT}	INFO	[jepsen worker 1] jepsen.util: 1	:invoke	:generate	nil
2026-03-11 14:38:18,509{GMT}	INFO	[jepsen worker 0] jepsen.util: 0	:ok	:generate	"592-null"
2026-03-11 14:38:18,509{GMT}	INFO	[jepsen worker 2] jepsen.util: 2	:invoke	:generate	nil
2026-03-11 14:38:18,510{GMT}	INFO	[jepsen worker 0] jepsen.util: 0	:invoke	:generate	nil
2026-03-11 14:38:18,510{GMT}	INFO	[jepsen worker 1] jepsen.util: 1	:ok	:generate	"500-null"
2026-03-11 14:38:18,510{GMT}	INFO	[jepsen worker 2] jepsen.util: 2	:ok	:generate	"435-null"
2026-03-11 14:38:18,510{GMT}	INFO	[jepsen worker 1] jepsen.util: 1	:invoke	:generate	nil
2026-03-11 14:38:18,510{GMT}	INFO	[jepsen worker 0] jepsen.util: 0	:ok	:generate	"593-null"
2026-03-11 14:38:18,511{GMT}	INFO	[jepsen worker 1] jepsen.util: 1	:ok	:generate	"501-null"
2026-03-11 14:38:18,512{GMT}	INFO	[jepsen worker 1] jepsen.util: 1	:invoke	:generate	nil
2026-03-11 14:38:18,512{GMT}	INFO	[jepsen worker 2] jepsen.util: 2	:invoke	:generate	nil
2026-03-11 14:38:18,513{GMT}	INFO	[jepsen worker 2] jepsen.util: 2	:ok	:generate	"436-null"
2026-03-11 14:38:18,513{GMT}	INFO	[jepsen worker 1] jepsen.util: 1	:ok	:generate	"502-null"
2026-03-11 14:38:18,514{GMT}	INFO	[jepsen worker 0] jepsen.util: 0	:invoke	:generate	nil
2026-03-11 14:38:18,514{GMT}	INFO	[jepsen worker 0] jepsen.util: 0	:ok	:generate	"594-null"
2026-03-11 14:38:18,515{GMT}	INFO	[jepsen worker 0] jepsen.util: 0	:invoke	:generate	nil
2026-03-11 14:38:18,515{GMT}	INFO	[jepsen worker 0] jepsen.util: 0	:ok	:generate	"595-null"
2026-03-11 14:38:18,516{GMT}	INFO	[jepsen worker 1] jepsen.util: 1	:invoke	:generate	nil
2026-03-11 14:38:18,516{GMT}	INFO	[jepsen worker 1] jepsen.util: 1	:ok	:generate	"503-null"
2026-03-11 14:38:18,517{GMT}	INFO	[jepsen worker 2] jepsen.util: 2	:invoke	:generate	nil
2026-03-11 14:38:18,518{GMT}	INFO	[jepsen worker 2] jepsen.util: 2	:ok	:generate	"437-null"
2026-03-11 14:38:18,519{GMT}	INFO	[jepsen worker 0] jepsen.util: 0	:invoke	:generate	nil
2026-03-11 14:38:18,519{GMT}	INFO	[jepsen worker 0] jepsen.util: 0	:ok	:generate	"596-null"
2026-03-11 14:38:18,520{GMT}	INFO	[jepsen worker 0] jepsen.util: 0	:invoke	:generate	nil
2026-03-11 14:38:18,520{GMT}	INFO	[jepsen worker 0] jepsen.util: 0	:ok	:generate	"597-null"
2026-03-11 14:38:18,520{GMT}	INFO	[jepsen worker 1] jepsen.util: 1	:invoke	:generate	nil
2026-03-11 14:38:18,521{GMT}	INFO	[jepsen worker 1] jepsen.util: 1	:ok	:generate	"504-null"
2026-03-11 14:38:18,521{GMT}	INFO	[jepsen worker 2] jepsen.util: 2	:invoke	:generate	nil
2026-03-11 14:38:18,521{GMT}	INFO	[jepsen worker 0] jepsen.util: 0	:invoke	:generate	nil
2026-03-11 14:38:18,522{GMT}	INFO	[jepsen worker 2] jepsen.util: 2	:ok	:generate	"438-null"
2026-03-11 14:38:18,522{GMT}	INFO	[jepsen worker 1] jepsen.util: 1	:invoke	:generate	nil
2026-03-11 14:38:18,522{GMT}	INFO	[jepsen worker 0] jepsen.util: 0	:ok	:generate	"598-null"
2026-03-11 14:38:18,522{GMT}	INFO	[jepsen worker 1] jepsen.util: 1	:ok	:generate	"505-null"
2026-03-11 14:38:18,522{GMT}	INFO	[jepsen worker 1] jepsen.util: 1	:invoke	:generate	nil
2026-03-11 14:38:18,523{GMT}	INFO	[jepsen worker 1] jepsen.util: 1	:ok	:generate	"506-null"
2026-03-11 14:38:18,524{GMT}	INFO	[jepsen worker 2] jepsen.util: 2	:invoke	:generate	nil
2026-03-11 14:38:18,524{GMT}	INFO	[jepsen worker 2] jepsen.util: 2	:ok	:generate	"439-null"
2026-03-11 14:38:18,526{GMT}	INFO	[jepsen worker 0] jepsen.util: 0	:invoke	:generate	nil
2026-03-11 14:38:18,526{GMT}	INFO	[jepsen worker 1] jepsen.util: 1	:invoke	:generate	nil
2026-03-11 14:38:18,527{GMT}	INFO	[jepsen worker 2] jepsen.util: 2	:invoke	:generate	nil
2026-03-11 14:38:18,527{GMT}	INFO	[jepsen worker 0] jepsen.util: 0	:ok	:generate	"599-null"
2026-03-11 14:38:18,527{GMT}	INFO	[jepsen worker 1] jepsen.util: 1	:ok	:generate	"507-null"
2026-03-11 14:38:18,527{GMT}	INFO	[jepsen worker 2] jepsen.util: 2	:ok	:generate	"440-null"
2026-03-11 14:38:18,528{GMT}	INFO	[jepsen worker 2] jepsen.util: 2	:invoke	:generate	nil
2026-03-11 14:38:18,529{GMT}	INFO	[jepsen worker 2] jepsen.util: 2	:ok	:generate	"441-null"
2026-03-11 14:38:18,529{GMT}	INFO	[jepsen worker 0] jepsen.util: 0	:invoke	:generate	nil
2026-03-11 14:38:18,530{GMT}	INFO	[jepsen worker 0] jepsen.util: 0	:ok	:generate	"600-null"
2026-03-11 14:38:18,530{GMT}	INFO	[jepsen worker 1] jepsen.util: 1	:invoke	:generate	nil
2026-03-11 14:38:18,530{GMT}	INFO	[jepsen worker 2] jepsen.util: 2	:invoke	:generate	nil
2026-03-11 14:38:18,530{GMT}	INFO	[jepsen worker 1] jepsen.util: 1	:ok	:generate	"508-null"
2026-03-11 14:38:18,531{GMT}	INFO	[jepsen worker 2] jepsen.util: 2	:ok	:generate	"442-null"
2026-03-11 14:38:18,532{GMT}	INFO	[jepsen worker 2] jepsen.util: 2	:invoke	:generate	nil
2026-03-11 14:38:18,532{GMT}	INFO	[jepsen worker 2] jepsen.util: 2	:ok	:generate	"443-null"
2026-03-11 14:38:18,533{GMT}	INFO	[jepsen worker 0] jepsen.util: 0	:invoke	:generate	nil
2026-03-11 14:38:18,534{GMT}	INFO	[jepsen worker 0] jepsen.util: 0	:ok	:generate	"601-null"
2026-03-11 14:38:18,535{GMT}	INFO	[jepsen worker 0] jepsen.util: 0	:invoke	:generate	nil
2026-03-11 14:38:18,535{GMT}	INFO	[jepsen worker 0] jepsen.util: 0	:ok	:generate	"602-null"
2026-03-11 14:38:18,536{GMT}	INFO	[jepsen worker 1] jepsen.util: 1	:invoke	:generate	nil
2026-03-11 14:38:18,537{GMT}	INFO	[jepsen worker 1] jepsen.util: 1	:ok	:generate	"509-null"
2026-03-11 14:38:18,538{GMT}	INFO	[jepsen worker 2] jepsen.util: 2	:invoke	:generate	nil
2026-03-11 14:38:18,538{GMT}	INFO	[jepsen worker 2] jepsen.util: 2	:ok	:generate	"444-null"
2026-03-11 14:38:18,539{GMT}	INFO	[jepsen worker 0] jepsen.util: 0	:invoke	:generate	nil
2026-03-11 14:38:18,540{GMT}	INFO	[jepsen worker 0] jepsen.util: 0	:ok	:generate	"603-null"
2026-03-11 14:38:18,540{GMT}	INFO	[jepsen worker 0] jepsen.util: 0	:invoke	:generate	nil
2026-03-11 14:38:18,541{GMT}	INFO	[jepsen worker 0] jepsen.util: 0	:ok	:generate	"604-null"
2026-03-11 14:38:18,542{GMT}	INFO	[jepsen worker 1] jepsen.util: 1	:invoke	:generate	nil
2026-03-11 14:38:18,542{GMT}	INFO	[jepsen worker 2] jepsen.util: 2	:invoke	:generate	nil
2026-03-11 14:38:18,542{GMT}	INFO	[jepsen worker 0] jepsen.util: 0	:invoke	:generate	nil
2026-03-11 14:38:18,543{GMT}	INFO	[jepsen worker 2] jepsen.util: 2	:ok	:generate	"445-null"
2026-03-11 14:38:18,543{GMT}	INFO	[jepsen worker 0] jepsen.util: 0	:ok	:generate	"605-null"
2026-03-11 14:38:18,543{GMT}	INFO	[jepsen worker 1] jepsen.util: 1	:ok	:generate	"510-null"
2026-03-11 14:38:18,544{GMT}	INFO	[jepsen worker 0] jepsen.util: 0	:invoke	:generate	nil
2026-03-11 14:38:18,544{GMT}	INFO	[jepsen worker 0] jepsen.util: 0	:ok	:generate	"606-null"
2026-03-11 14:38:18,545{GMT}	INFO	[jepsen worker 1] jepsen.util: 1	:invoke	:generate	nil
2026-03-11 14:38:18,546{GMT}	INFO	[jepsen worker 2] jepsen.util: 2	:invoke	:generate	nil
2026-03-11 14:38:18,546{GMT}	INFO	[jepsen worker 1] jepsen.util: 1	:ok	:generate	"511-null"
2026-03-11 14:38:18,547{GMT}	INFO	[jepsen worker 2] jepsen.util: 2	:ok	:generate	"446-null"
2026-03-11 14:38:18,548{GMT}	INFO	[jepsen worker 0] jepsen.util: 0	:invoke	:generate	nil
2026-03-11 14:38:18,549{GMT}	INFO	[jepsen worker 0] jepsen.util: 0	:ok	:generate	"607-null"
2026-03-11 14:38:18,549{GMT}	INFO	[jepsen worker 0] jepsen.util: 0	:invoke	:generate	nil
2026-03-11 14:38:18,550{GMT}	INFO	[jepsen worker 0] jepsen.util: 0	:ok	:generate	"608-null"
2026-03-11 14:38:18,550{GMT}	INFO	[jepsen worker 1] jepsen.util: 1	:invoke	:generate	nil
2026-03-11 14:38:18,551{GMT}	INFO	[jepsen worker 1] jepsen.util: 1	:ok	:generate	"512-null"
2026-03-11 14:38:18,552{GMT}	INFO	[jepsen worker 2] jepsen.util: 2	:invoke	:generate	nil
2026-03-11 14:38:18,552{GMT}	INFO	[jepsen worker 2] jepsen.util: 2	:ok	:generate	"447-null"
2026-03-11 14:38:18,554{GMT}	INFO	[jepsen worker 0] jepsen.util: 0	:invoke	:generate	nil
2026-03-11 14:38:18,554{GMT}	INFO	[jepsen worker 1] jepsen.util: 1	:invoke	:generate	nil
2026-03-11 14:38:18,554{GMT}	INFO	[jepsen worker 0] jepsen.util: 0	:ok	:generate	"609-null"
2026-03-11 14:38:18,555{GMT}	INFO	[jepsen worker 1] jepsen.util: 1	:ok	:generate	"513-null"
2026-03-11 14:38:18,555{GMT}	INFO	[jepsen worker 1] jepsen.util: 1	:invoke	:generate	nil
2026-03-11 14:38:18,556{GMT}	INFO	[jepsen worker 1] jepsen.util: 1	:ok	:generate	"514-null"
2026-03-11 14:38:18,557{GMT}	INFO	[jepsen worker 2] jepsen.util: 2	:invoke	:generate	nil
2026-03-11 14:38:18,558{GMT}	INFO	[jepsen worker 2] jepsen.util: 2	:ok	:generate	"448-null"
2026-03-11 14:38:18,558{GMT}	INFO	[jepsen worker 0] jepsen.util: 0	:invoke	:generate	nil
2026-03-11 14:38:18,559{GMT}	INFO	[jepsen worker 0] jepsen.util: 0	:ok	:generate	"610-null"
2026-03-11 14:38:18,560{GMT}	INFO	[jepsen worker 0] jepsen.util: 0	:invoke	:generate	nil
2026-03-11 14:38:18,560{GMT}	INFO	[jepsen worker 1] jepsen.util: 1	:invoke	:generate	nil
2026-03-11 14:38:18,560{GMT}	INFO	[jepsen worker 0] jepsen.util: 0	:ok	:generate	"611-null"
2026-03-11 14:38:18,561{GMT}	INFO	[jepsen worker 2] jepsen.util: 2	:invoke	:generate	nil
2026-03-11 14:38:18,561{GMT}	INFO	[jepsen worker 1] jepsen.util: 1	:ok	:generate	"515-null"
2026-03-11 14:38:18,562{GMT}	INFO	[jepsen worker 0] jepsen.util: 0	:invoke	:generate	nil
2026-03-11 14:38:18,562{GMT}	INFO	[jepsen worker 2] jepsen.util: 2	:ok	:generate	"449-null"
2026-03-11 14:38:18,563{GMT}	INFO	[jepsen worker 0] jepsen.util: 0	:ok	:generate	"612-null"
2026-03-11 14:38:18,563{GMT}	INFO	[jepsen worker 0] jepsen.util: 0	:invoke	:generate	nil
2026-03-11 14:38:18,563{GMT}	INFO	[jepsen worker 1] jepsen.util: 1	:invoke	:generate	nil
2026-03-11 14:38:18,564{GMT}	INFO	[jepsen worker 1] jepsen.util: 1	:ok	:generate	"516-null"
2026-03-11 14:38:18,564{GMT}	INFO	[jepsen worker 0] jepsen.util: 0	:ok	:generate	"613-null"
2026-03-11 14:38:18,564{GMT}	INFO	[jepsen worker 2] jepsen.util: 2	:invoke	:generate	nil
2026-03-11 14:38:18,565{GMT}	INFO	[jepsen worker 2] jepsen.util: 2	:ok	:generate	"450-null"
2026-03-11 14:38:18,566{GMT}	INFO	[jepsen worker 0] jepsen.util: 0	:invoke	:generate	nil
2026-03-11 14:38:18,567{GMT}	INFO	[jepsen worker 1] jepsen.util: 1	:invoke	:generate	nil
2026-03-11 14:38:18,567{GMT}	INFO	[jepsen worker 0] jepsen.util: 0	:ok	:generate	"614-null"
2026-03-11 14:38:18,568{GMT}	INFO	[jepsen worker 1] jepsen.util: 1	:ok	:generate	"517-null"
2026-03-11 14:38:18,568{GMT}	INFO	[jepsen worker 1] jepsen.util: 1	:invoke	:generate	nil
2026-03-11 14:38:18,569{GMT}	INFO	[jepsen worker 1] jepsen.util: 1	:ok	:generate	"518-null"
2026-03-11 14:38:18,569{GMT}	INFO	[jepsen worker 2] jepsen.util: 2	:invoke	:generate	nil
2026-03-11 14:38:18,570{GMT}	INFO	[jepsen worker 2] jepsen.util: 2	:ok	:generate	"451-null"
2026-03-11 14:38:18,570{GMT}	INFO	[jepsen worker 0] jepsen.util: 0	:invoke	:generate	nil
2026-03-11 14:38:18,570{GMT}	INFO	[jepsen worker 0] jepsen.util: 0	:ok	:generate	"615-null"
2026-03-11 14:38:18,571{GMT}	INFO	[jepsen worker 0] jepsen.util: 0	:invoke	:generate	nil
2026-03-11 14:38:18,571{GMT}	INFO	[jepsen worker 0] jepsen.util: 0	:ok	:generate	"616-null"
2026-03-11 14:38:18,572{GMT}	INFO	[jepsen worker 1] jepsen.util: 1	:invoke	:generate	nil
2026-03-11 14:38:18,573{GMT}	INFO	[jepsen worker 1] jepsen.util: 1	:ok	:generate	"519-null"
2026-03-11 14:38:18,574{GMT}	INFO	[jepsen worker 2] jepsen.util: 2	:invoke	:generate	nil
2026-03-11 14:38:18,574{GMT}	INFO	[jepsen worker 2] jepsen.util: 2	:ok	:generate	"452-null"
2026-03-11 14:38:18,575{GMT}	INFO	[jepsen worker 0] jepsen.util: 0	:invoke	:generate	nil
2026-03-11 14:38:18,576{GMT}	INFO	[jepsen worker 0] jepsen.util: 0	:ok	:generate	"617-null"
2026-03-11 14:38:18,577{GMT}	INFO	[jepsen worker 0] jepsen.util: 0	:invoke	:generate	nil
2026-03-11 14:38:18,578{GMT}	INFO	[jepsen worker 0] jepsen.util: 0	:ok	:generate	"618-null"
2026-03-11 14:38:18,579{GMT}	INFO	[jepsen worker 1] jepsen.util: 1	:invoke	:generate	nil
2026-03-11 14:38:18,580{GMT}	INFO	[jepsen worker 1] jepsen.util: 1	:ok	:generate	"520-null"
2026-03-11 14:38:18,581{GMT}	INFO	[jepsen worker 2] jepsen.util: 2	:invoke	:generate	nil
2026-03-11 14:38:18,581{GMT}	INFO	[jepsen worker 2] jepsen.util: 2	:ok	:generate	"453-null"
2026-03-11 14:38:18,582{GMT}	INFO	[jepsen worker 0] jepsen.util: 0	:invoke	:generate	nil
2026-03-11 14:38:18,583{GMT}	INFO	[jepsen worker 1] jepsen.util: 1	:invoke	:generate	nil
2026-03-11 14:38:18,583{GMT}	INFO	[jepsen worker 0] jepsen.util: 0	:ok	:generate	"619-null"
2026-03-11 14:38:18,583{GMT}	INFO	[jepsen worker 1] jepsen.util: 1	:ok	:generate	"521-null"
2026-03-11 14:38:18,584{GMT}	INFO	[jepsen worker 1] jepsen.util: 1	:invoke	:generate	nil
2026-03-11 14:38:18,585{GMT}	INFO	[jepsen worker 1] jepsen.util: 1	:ok	:generate	"522-null"
2026-03-11 14:38:18,586{GMT}	INFO	[jepsen worker 2] jepsen.util: 2	:invoke	:generate	nil
2026-03-11 14:38:18,586{GMT}	INFO	[jepsen worker 2] jepsen.util: 2	:ok	:generate	"454-null"
2026-03-11 14:38:18,587{GMT}	INFO	[jepsen worker 0] jepsen.util: 0	:invoke	:generate	nil
2026-03-11 14:38:18,587{GMT}	INFO	[jepsen worker 0] jepsen.util: 0	:ok	:generate	"620-null"
2026-03-11 14:38:18,588{GMT}	INFO	[jepsen worker 0] jepsen.util: 0	:invoke	:generate	nil
2026-03-11 14:38:18,589{GMT}	INFO	[jepsen worker 0] jepsen.util: 0	:ok	:generate	"621-null"
2026-03-11 14:38:18,590{GMT}	INFO	[jepsen worker 1] jepsen.util: 1	:invoke	:generate	nil
2026-03-11 14:38:18,591{GMT}	INFO	[jepsen worker 1] jepsen.util: 1	:ok	:generate	"523-null"
2026-03-11 14:38:18,591{GMT}	INFO	[jepsen worker 2] jepsen.util: 2	:invoke	:generate	nil
2026-03-11 14:38:18,592{GMT}	INFO	[jepsen worker 2] jepsen.util: 2	:ok	:generate	"455-null"
2026-03-11 14:38:18,592{GMT}	INFO	[jepsen worker 0] jepsen.util: 0	:invoke	:generate	nil
2026-03-11 14:38:18,593{GMT}	INFO	[jepsen worker 0] jepsen.util: 0	:ok	:generate	"622-null"
2026-03-11 14:38:18,594{GMT}	INFO	[jepsen worker 0] jepsen.util: 0	:invoke	:generate	nil
2026-03-11 14:38:18,594{GMT}	INFO	[jepsen worker 0] jepsen.util: 0	:ok	:generate	"623-null"
2026-03-11 14:38:18,595{GMT}	INFO	[jepsen worker 1] jepsen.util: 1	:invoke	:generate	nil
2026-03-11 14:38:18,595{GMT}	INFO	[jepsen worker 1] jepsen.util: 1	:ok	:generate	"524-null"
2026-03-11 14:38:18,596{GMT}	INFO	[jepsen worker 2] jepsen.util: 2	:invoke	:generate	nil
2026-03-11 14:38:18,597{GMT}	INFO	[jepsen worker 2] jepsen.util: 2	:ok	:generate	"456-null"
2026-03-11 14:38:18,597{GMT}	INFO	[jepsen worker 0] jepsen.util: 0	:invoke	:generate	nil
2026-03-11 14:38:18,597{GMT}	INFO	[jepsen worker 0] jepsen.util: 0	:ok	:generate	"624-null"
2026-03-11 14:38:18,598{GMT}	INFO	[jepsen worker 0] jepsen.util: 0	:invoke	:generate	nil
2026-03-11 14:38:18,599{GMT}	INFO	[jepsen worker 0] jepsen.util: 0	:ok	:generate	"625-null"
2026-03-11 14:38:18,600{GMT}	INFO	[jepsen worker 1] jepsen.util: 1	:invoke	:generate	nil
2026-03-11 14:38:18,600{GMT}	INFO	[jepsen worker 1] jepsen.util: 1	:ok	:generate	"525-null"
2026-03-11 14:38:18,602{GMT}	INFO	[jepsen worker 2] jepsen.util: 2	:invoke	:generate	nil
2026-03-11 14:38:18,602{GMT}	INFO	[jepsen worker 0] jepsen.util: 0	:invoke	:generate	nil
2026-03-11 14:38:18,602{GMT}	INFO	[jepsen worker 2] jepsen.util: 2	:ok	:generate	"457-null"
2026-03-11 14:38:18,602{GMT}	INFO	[jepsen worker 0] jepsen.util: 0	:ok	:generate	"626-null"
2026-03-11 14:38:18,603{GMT}	INFO	[jepsen worker 0] jepsen.util: 0	:invoke	:generate	nil
2026-03-11 14:38:18,603{GMT}	INFO	[jepsen worker 0] jepsen.util: 0	:ok	:generate	"627-null"
2026-03-11 14:38:18,605{GMT}	INFO	[jepsen worker 1] jepsen.util: 1	:invoke	:generate	nil
2026-03-11 14:38:18,605{GMT}	INFO	[jepsen worker 1] jepsen.util: 1	:ok	:generate	"526-null"
2026-03-11 14:38:18,606{GMT}	INFO	[jepsen worker 2] jepsen.util: 2	:invoke	:generate	nil
2026-03-11 14:38:18,606{GMT}	INFO	[jepsen worker 0] jepsen.util: 0	:invoke	:generate	nil
2026-03-11 14:38:18,606{GMT}	INFO	[jepsen worker 2] jepsen.util: 2	:ok	:generate	"458-null"
2026-03-11 14:38:18,607{GMT}	INFO	[jepsen worker 0] jepsen.util: 0	:ok	:generate	"628-null"
2026-03-11 14:38:18,608{GMT}	INFO	[jepsen worker 0] jepsen.util: 0	:invoke	:generate	nil
2026-03-11 14:38:18,609{GMT}	INFO	[jepsen worker 0] jepsen.util: 0	:ok	:generate	"629-null"
2026-03-11 14:38:18,610{GMT}	INFO	[jepsen worker 1] jepsen.util: 1	:invoke	:generate	nil
2026-03-11 14:38:18,611{GMT}	INFO	[jepsen worker 1] jepsen.util: 1	:ok	:generate	"527-null"
2026-03-11 14:38:18,612{GMT}	INFO	[jepsen worker 2] jepsen.util: 2	:invoke	:generate	nil
2026-03-11 14:38:18,612{GMT}	INFO	[jepsen worker 2] jepsen.util: 2	:ok	:generate	"459-null"
2026-03-11 14:38:18,613{GMT}	INFO	[jepsen worker 0] jepsen.util: 0	:invoke	:generate	nil
2026-03-11 14:38:18,613{GMT}	INFO	[jepsen worker 1] jepsen.util: 1	:invoke	:generate	nil
2026-03-11 14:38:18,613{GMT}	INFO	[jepsen worker 0] jepsen.util: 0	:ok	:generate	"630-null"
2026-03-11 14:38:18,614{GMT}	INFO	[jepsen worker 1] jepsen.util: 1	:ok	:generate	"528-null"
2026-03-11 14:38:18,615{GMT}	INFO	[jepsen worker 1] jepsen.util: 1	:invoke	:generate	nil
2026-03-11 14:38:18,615{GMT}	INFO	[jepsen worker 1] jepsen.util: 1	:ok	:generate	"529-null"
2026-03-11 14:38:18,617{GMT}	INFO	[jepsen worker 2] jepsen.util: 2	:invoke	:generate	nil
2026-03-11 14:38:18,617{GMT}	INFO	[jepsen worker 0] jepsen.util: 0	:invoke	:generate	nil
2026-03-11 14:38:18,617{GMT}	INFO	[jepsen worker 2] jepsen.util: 2	:ok	:generate	"460-null"
2026-03-11 14:38:18,617{GMT}	INFO	[jepsen worker 1] jepsen.util: 1	:invoke	:generate	nil
2026-03-11 14:38:18,618{GMT}	INFO	[jepsen worker 0] jepsen.util: 0	:ok	:generate	"631-null"
2026-03-11 14:38:18,619{GMT}	INFO	[jepsen worker 1] jepsen.util: 1	:ok	:generate	"530-null"
2026-03-11 14:38:18,619{GMT}	INFO	[jepsen worker 1] jepsen.util: 1	:invoke	:generate	nil
2026-03-11 14:38:18,619{GMT}	INFO	[jepsen worker 1] jepsen.util: 1	:ok	:generate	"531-null"
2026-03-11 14:38:18,620{GMT}	INFO	[jepsen worker 2] jepsen.util: 2	:invoke	:generate	nil
2026-03-11 14:38:18,620{GMT}	INFO	[jepsen worker 2] jepsen.util: 2	:ok	:generate	"461-null"
2026-03-11 14:38:18,622{GMT}	INFO	[jepsen worker 1] jepsen.util: 1	:invoke	:generate	nil
2026-03-11 14:38:18,622{GMT}	INFO	[jepsen worker 0] jepsen.util: 0	:invoke	:generate	nil
2026-03-11 14:38:18,622{GMT}	INFO	[jepsen worker 0] jepsen.util: 0	:ok	:generate	"632-null"
2026-03-11 14:38:18,622{GMT}	INFO	[jepsen worker 1] jepsen.util: 1	:ok	:generate	"532-null"
2026-03-11 14:38:18,623{GMT}	INFO	[jepsen worker 1] jepsen.util: 1	:invoke	:generate	nil
2026-03-11 14:38:18,623{GMT}	INFO	[jepsen worker 2] jepsen.util: 2	:invoke	:generate	nil
2026-03-11 14:38:18,624{GMT}	INFO	[jepsen worker 1] jepsen.util: 1	:ok	:generate	"533-null"
2026-03-11 14:38:18,624{GMT}	INFO	[jepsen worker 2] jepsen.util: 2	:ok	:generate	"462-null"
2026-03-11 14:38:18,625{GMT}	INFO	[jepsen worker 0] jepsen.util: 0	:invoke	:generate	nil
2026-03-11 14:38:18,626{GMT}	INFO	[jepsen worker 0] jepsen.util: 0	:ok	:generate	"633-null"
2026-03-11 14:38:18,626{GMT}	INFO	[jepsen worker 0] jepsen.util: 0	:invoke	:generate	nil
2026-03-11 14:38:18,627{GMT}	INFO	[jepsen worker 0] jepsen.util: 0	:ok	:generate	"634-null"
2026-03-11 14:38:18,627{GMT}	INFO	[jepsen worker 1] jepsen.util: 1	:invoke	:generate	nil
2026-03-11 14:38:18,628{GMT}	INFO	[jepsen worker 1] jepsen.util: 1	:ok	:generate	"534-null"
2026-03-11 14:38:18,629{GMT}	INFO	[jepsen worker 2] jepsen.util: 2	:invoke	:generate	nil
2026-03-11 14:38:18,630{GMT}	INFO	[jepsen worker 2] jepsen.util: 2	:ok	:generate	"463-null"
2026-03-11 14:38:18,630{GMT}	INFO	[jepsen worker 0] jepsen.util: 0	:invoke	:generate	nil
2026-03-11 14:38:18,631{GMT}	INFO	[jepsen worker 0] jepsen.util: 0	:ok	:generate	"635-null"
2026-03-11 14:38:18,631{GMT}	INFO	[jepsen worker 0] jepsen.util: 0	:invoke	:generate	nil
2026-03-11 14:38:18,631{GMT}	INFO	[jepsen worker 0] jepsen.util: 0	:ok	:generate	"636-null"
2026-03-11 14:38:18,632{GMT}	INFO	[jepsen worker 1] jepsen.util: 1	:invoke	:generate	nil
2026-03-11 14:38:18,633{GMT}	INFO	[jepsen worker 1] jepsen.util: 1	:ok	:generate	"535-null"
2026-03-11 14:38:18,634{GMT}	INFO	[jepsen worker 2] jepsen.util: 2	:invoke	:generate	nil
2026-03-11 14:38:18,635{GMT}	INFO	[jepsen worker 2] jepsen.util: 2	:ok	:generate	"464-null"
2026-03-11 14:38:18,636{GMT}	INFO	[jepsen worker 0] jepsen.util: 0	:invoke	:generate	nil
2026-03-11 14:38:18,636{GMT}	INFO	[jepsen worker 0] jepsen.util: 0	:ok	:generate	"637-null"
2026-03-11 14:38:18,637{GMT}	INFO	[jepsen worker 0] jepsen.util: 0	:invoke	:generate	nil
2026-03-11 14:38:18,638{GMT}	INFO	[jepsen worker 0] jepsen.util: 0	:ok	:generate	"638-null"
2026-03-11 14:38:18,638{GMT}	INFO	[jepsen worker 1] jepsen.util: 1	:invoke	:generate	nil
2026-03-11 14:38:18,639{GMT}	INFO	[jepsen worker 1] jepsen.util: 1	:ok	:generate	"536-null"
2026-03-11 14:38:18,639{GMT}	INFO	[jepsen worker 2] jepsen.util: 2	:invoke	:generate	nil
2026-03-11 14:38:18,640{GMT}	INFO	[jepsen worker 2] jepsen.util: 2	:ok	:generate	"465-null"
2026-03-11 14:38:18,640{GMT}	INFO	[jepsen worker 0] jepsen.util: 0	:invoke	:generate	nil
2026-03-11 14:38:18,641{GMT}	INFO	[jepsen worker 0] jepsen.util: 0	:ok	:generate	"639-null"
2026-03-11 14:38:18,642{GMT}	INFO	[jepsen worker 0] jepsen.util: 0	:invoke	:generate	nil
2026-03-11 14:38:18,642{GMT}	INFO	[jepsen worker 1] jepsen.util: 1	:invoke	:generate	nil
2026-03-11 14:38:18,643{GMT}	INFO	[jepsen worker 1] jepsen.util: 1	:ok	:generate	"537-null"
2026-03-11 14:38:18,643{GMT}	INFO	[jepsen worker 0] jepsen.util: 0	:ok	:generate	"640-null"
2026-03-11 14:38:18,644{GMT}	INFO	[jepsen worker 2] jepsen.util: 2	:invoke	:generate	nil
2026-03-11 14:38:18,644{GMT}	INFO	[jepsen worker 0] jepsen.util: 0	:invoke	:generate	nil
2026-03-11 14:38:18,644{GMT}	INFO	[jepsen worker 2] jepsen.util: 2	:ok	:generate	"466-null"
2026-03-11 14:38:18,645{GMT}	INFO	[jepsen worker 1] jepsen.util: 1	:invoke	:generate	nil
2026-03-11 14:38:18,645{GMT}	INFO	[jepsen worker 0] jepsen.util: 0	:ok	:generate	"641-null"
2026-03-11 14:38:18,645{GMT}	INFO	[jepsen worker 1] jepsen.util: 1	:ok	:generate	"538-null"
2026-03-11 14:38:18,646{GMT}	INFO	[jepsen worker 1] jepsen.util: 1	:invoke	:generate	nil
2026-03-11 14:38:18,647{GMT}	INFO	[jepsen worker 1] jepsen.util: 1	:ok	:generate	"539-null"
2026-03-11 14:38:18,647{GMT}	INFO	[jepsen worker 2] jepsen.util: 2	:invoke	:generate	nil
2026-03-11 14:38:18,647{GMT}	INFO	[jepsen worker 0] jepsen.util: 0	:invoke	:generate	nil
2026-03-11 14:38:18,648{GMT}	INFO	[jepsen worker 2] jepsen.util: 2	:ok	:generate	"467-null"
2026-03-11 14:38:18,648{GMT}	INFO	[jepsen worker 0] jepsen.util: 0	:ok	:generate	"642-null"
2026-03-11 14:38:18,649{GMT}	INFO	[jepsen worker 0] jepsen.util: 0	:invoke	:generate	nil
2026-03-11 14:38:18,650{GMT}	INFO	[jepsen worker 0] jepsen.util: 0	:ok	:generate	"643-null"
2026-03-11 14:38:18,651{GMT}	INFO	[jepsen worker 1] jepsen.util: 1	:invoke	:generate	nil
2026-03-11 14:38:18,652{GMT}	INFO	[jepsen worker 1] jepsen.util: 1	:ok	:generate	"540-null"
2026-03-11 14:38:18,653{GMT}	INFO	[jepsen worker 2] jepsen.util: 2	:invoke	:generate	nil
2026-03-11 14:38:18,653{GMT}	INFO	[jepsen worker 2] jepsen.util: 2	:ok	:generate	"468-null"
2026-03-11 14:38:18,654{GMT}	INFO	[jepsen worker 0] jepsen.util: 0	:invoke	:generate	nil
2026-03-11 14:38:18,655{GMT}	INFO	[jepsen worker 0] jepsen.util: 0	:ok	:generate	"644-null"
2026-03-11 14:38:18,656{GMT}	INFO	[jepsen worker 0] jepsen.util: 0	:invoke	:generate	nil
2026-03-11 14:38:18,657{GMT}	INFO	[jepsen worker 0] jepsen.util: 0	:ok	:generate	"645-null"
2026-03-11 14:38:18,658{GMT}	INFO	[jepsen worker 1] jepsen.util: 1	:invoke	:generate	nil
2026-03-11 14:38:18,658{GMT}	INFO	[jepsen worker 1] jepsen.util: 1	:ok	:generate	"541-null"
2026-03-11 14:38:18,660{GMT}	INFO	[jepsen worker 2] jepsen.util: 2	:invoke	:generate	nil
2026-03-11 14:38:18,660{GMT}	INFO	[jepsen worker 2] jepsen.util: 2	:ok	:generate	"469-null"
2026-03-11 14:38:18,660{GMT}	INFO	[jepsen worker 0] jepsen.util: 0	:invoke	:generate	nil
2026-03-11 14:38:18,661{GMT}	INFO	[jepsen worker 0] jepsen.util: 0	:ok	:generate	"646-null"
2026-03-11 14:38:18,662{GMT}	INFO	[jepsen worker 0] jepsen.util: 0	:invoke	:generate	nil
2026-03-11 14:38:18,662{GMT}	INFO	[jepsen worker 1] jepsen.util: 1	:invoke	:generate	nil
2026-03-11 14:38:18,663{GMT}	INFO	[jepsen worker 2] jepsen.util: 2	:invoke	:generate	nil
2026-03-11 14:38:18,663{GMT}	INFO	[jepsen worker 1] jepsen.util: 1	:ok	:generate	"542-null"
2026-03-11 14:38:18,663{GMT}	INFO	[jepsen worker 0] jepsen.util: 0	:ok	:generate	"647-null"
2026-03-11 14:38:18,663{GMT}	INFO	[jepsen worker 0] jepsen.util: 0	:invoke	:generate	nil
2026-03-11 14:38:18,663{GMT}	INFO	[jepsen worker 2] jepsen.util: 2	:ok	:generate	"470-null"
2026-03-11 14:38:18,664{GMT}	INFO	[jepsen worker 0] jepsen.util: 0	:ok	:generate	"648-null"
2026-03-11 14:38:18,665{GMT}	INFO	[jepsen worker 0] jepsen.util: 0	:invoke	:generate	nil
2026-03-11 14:38:18,666{GMT}	INFO	[jepsen worker 0] jepsen.util: 0	:ok	:generate	"649-null"
2026-03-11 14:38:18,666{GMT}	INFO	[jepsen worker 1] jepsen.util: 1	:invoke	:generate	nil
2026-03-11 14:38:18,667{GMT}	INFO	[jepsen worker 2] jepsen.util: 2	:invoke	:generate	nil
2026-03-11 14:38:18,667{GMT}	INFO	[jepsen worker 1] jepsen.util: 1	:ok	:generate	"543-null"
2026-03-11 14:38:18,667{GMT}	INFO	[jepsen worker 0] jepsen.util: 0	:invoke	:generate	nil
2026-03-11 14:38:18,667{GMT}	INFO	[jepsen worker 2] jepsen.util: 2	:ok	:generate	"471-null"
2026-03-11 14:38:18,668{GMT}	INFO	[jepsen worker 0] jepsen.util: 0	:ok	:generate	"650-null"
2026-03-11 14:38:18,669{GMT}	INFO	[jepsen worker 0] jepsen.util: 0	:invoke	:generate	nil
2026-03-11 14:38:18,669{GMT}	INFO	[jepsen worker 0] jepsen.util: 0	:ok	:generate	"651-null"
2026-03-11 14:38:18,670{GMT}	INFO	[jepsen worker 1] jepsen.util: 1	:invoke	:generate	nil
2026-03-11 14:38:18,671{GMT}	INFO	[jepsen worker 1] jepsen.util: 1	:ok	:generate	"544-null"
2026-03-11 14:38:18,672{GMT}	INFO	[jepsen worker 2] jepsen.util: 2	:invoke	:generate	nil
2026-03-11 14:38:18,672{GMT}	INFO	[jepsen worker 2] jepsen.util: 2	:ok	:generate	"472-null"
2026-03-11 14:38:18,673{GMT}	INFO	[jepsen worker 0] jepsen.util: 0	:invoke	:generate	nil
2026-03-11 14:38:18,673{GMT}	INFO	[jepsen worker 1] jepsen.util: 1	:invoke	:generate	nil
2026-03-11 14:38:18,673{GMT}	INFO	[jepsen worker 0] jepsen.util: 0	:ok	:generate	"652-null"
2026-03-11 14:38:18,674{GMT}	INFO	[jepsen worker 1] jepsen.util: 1	:ok	:generate	"545-null"
2026-03-11 14:38:18,675{GMT}	INFO	[jepsen worker 1] jepsen.util: 1	:invoke	:generate	nil
2026-03-11 14:38:18,676{GMT}	INFO	[jepsen worker 2] jepsen.util: 2	:invoke	:generate	nil
2026-03-11 14:38:18,676{GMT}	INFO	[jepsen worker 1] jepsen.util: 1	:ok	:generate	"546-null"
2026-03-11 14:38:18,676{GMT}	INFO	[jepsen worker 2] jepsen.util: 2	:ok	:generate	"473-null"
2026-03-11 14:38:18,678{GMT}	INFO	[jepsen worker 0] jepsen.util: 0	:invoke	:generate	nil
2026-03-11 14:38:18,678{GMT}	INFO	[jepsen worker 0] jepsen.util: 0	:ok	:generate	"653-null"
2026-03-11 14:38:18,680{GMT}	INFO	[jepsen worker 0] jepsen.util: 0	:invoke	:generate	nil
2026-03-11 14:38:18,680{GMT}	INFO	[jepsen worker 1] jepsen.util: 1	:invoke	:generate	nil
2026-03-11 14:38:18,680{GMT}	INFO	[jepsen worker 0] jepsen.util: 0	:ok	:generate	"654-null"
2026-03-11 14:38:18,681{GMT}	INFO	[jepsen worker 2] jepsen.util: 2	:invoke	:generate	nil
2026-03-11 14:38:18,681{GMT}	INFO	[jepsen worker 1] jepsen.util: 1	:ok	:generate	"547-null"
2026-03-11 14:38:18,681{GMT}	INFO	[jepsen worker 2] jepsen.util: 2	:ok	:generate	"474-null"
2026-03-11 14:38:18,683{GMT}	INFO	[jepsen worker 0] jepsen.util: 0	:invoke	:generate	nil
2026-03-11 14:38:18,683{GMT}	INFO	[jepsen worker 0] jepsen.util: 0	:ok	:generate	"655-null"
2026-03-11 14:38:18,684{GMT}	INFO	[jepsen worker 0] jepsen.util: 0	:invoke	:generate	nil
2026-03-11 14:38:18,685{GMT}	INFO	[jepsen worker 0] jepsen.util: 0	:ok	:generate	"656-null"
2026-03-11 14:38:18,686{GMT}	INFO	[jepsen worker 1] jepsen.util: 1	:invoke	:generate	nil
2026-03-11 14:38:18,687{GMT}	INFO	[jepsen worker 1] jepsen.util: 1	:ok	:generate	"548-null"
2026-03-11 14:38:18,687{GMT}	INFO	[jepsen worker 2] jepsen.util: 2	:invoke	:generate	nil
2026-03-11 14:38:18,688{GMT}	INFO	[jepsen worker 2] jepsen.util: 2	:ok	:generate	"475-null"
2026-03-11 14:38:18,689{GMT}	INFO	[jepsen worker 0] jepsen.util: 0	:invoke	:generate	nil
2026-03-11 14:38:18,689{GMT}	INFO	[jepsen worker 1] jepsen.util: 1	:invoke	:generate	nil
2026-03-11 14:38:18,689{GMT}	INFO	[jepsen worker 0] jepsen.util: 0	:ok	:generate	"657-null"
2026-03-11 14:38:18,690{GMT}	INFO	[jepsen worker 1] jepsen.util: 1	:ok	:generate	"549-null"
2026-03-11 14:38:18,690{GMT}	INFO	[jepsen worker 1] jepsen.util: 1	:invoke	:generate	nil
2026-03-11 14:38:18,691{GMT}	INFO	[jepsen worker 1] jepsen.util: 1	:ok	:generate	"550-null"
2026-03-11 14:38:18,691{GMT}	INFO	[jepsen worker 2] jepsen.util: 2	:invoke	:generate	nil
2026-03-11 14:38:18,693{GMT}	INFO	[jepsen worker 2] jepsen.util: 2	:ok	:generate	"476-null"
2026-03-11 14:38:18,693{GMT}	INFO	[jepsen worker 0] jepsen.util: 0	:invoke	:generate	nil
2026-03-11 14:38:18,694{GMT}	INFO	[jepsen worker 0] jepsen.util: 0	:ok	:generate	"658-null"
2026-03-11 14:38:18,695{GMT}	INFO	[jepsen worker 0] jepsen.util: 0	:invoke	:generate	nil
2026-03-11 14:38:18,696{GMT}	INFO	[jepsen worker 0] jepsen.util: 0	:ok	:generate	"659-null"
2026-03-11 14:38:18,697{GMT}	INFO	[jepsen worker 1] jepsen.util: 1	:invoke	:generate	nil
2026-03-11 14:38:18,698{GMT}	INFO	[jepsen worker 1] jepsen.util: 1	:ok	:generate	"551-null"
2026-03-11 14:38:18,699{GMT}	INFO	[jepsen worker 2] jepsen.util: 2	:invoke	:generate	nil
2026-03-11 14:38:18,700{GMT}	INFO	[jepsen worker 2] jepsen.util: 2	:ok	:generate	"477-null"
2026-03-11 14:38:18,701{GMT}	INFO	[jepsen worker 0] jepsen.util: 0	:invoke	:generate	nil
2026-03-11 14:38:18,702{GMT}	INFO	[jepsen worker 0] jepsen.util: 0	:ok	:generate	"660-null"
2026-03-11 14:38:18,702{GMT}	INFO	[jepsen worker 0] jepsen.util: 0	:invoke	:generate	nil
2026-03-11 14:38:18,702{GMT}	INFO	[jepsen worker 0] jepsen.util: 0	:ok	:generate	"661-null"
2026-03-11 14:38:18,702{GMT}	INFO	[jepsen worker 1] jepsen.util: 1	:invoke	:generate	nil
2026-03-11 14:38:18,703{GMT}	INFO	[jepsen worker 1] jepsen.util: 1	:ok	:generate	"552-null"
2026-03-11 14:38:18,705{GMT}	INFO	[jepsen worker 0] jepsen.util: 0	:invoke	:generate	nil
2026-03-11 14:38:18,705{GMT}	INFO	[jepsen worker 2] jepsen.util: 2	:invoke	:generate	nil
2026-03-11 14:38:18,705{GMT}	INFO	[jepsen worker 2] jepsen.util: 2	:ok	:generate	"478-null"
2026-03-11 14:38:18,705{GMT}	INFO	[jepsen worker 0] jepsen.util: 0	:ok	:generate	"662-null"
2026-03-11 14:38:18,705{GMT}	INFO	[jepsen worker 0] jepsen.util: 0	:invoke	:generate	nil
2026-03-11 14:38:18,706{GMT}	INFO	[jepsen worker 0] jepsen.util: 0	:ok	:generate	"663-null"
2026-03-11 14:38:18,706{GMT}	INFO	[jepsen worker 1] jepsen.util: 1	:invoke	:generate	nil
2026-03-11 14:38:18,707{GMT}	INFO	[jepsen worker 1] jepsen.util: 1	:ok	:generate	"553-null"
2026-03-11 14:38:18,708{GMT}	INFO	[jepsen worker 2] jepsen.util: 2	:invoke	:generate	nil
2026-03-11 14:38:18,709{GMT}	INFO	[jepsen worker 2] jepsen.util: 2	:ok	:generate	"479-null"
2026-03-11 14:38:18,710{GMT}	INFO	[jepsen worker 0] jepsen.util: 0	:invoke	:generate	nil
2026-03-11 14:38:18,711{GMT}	INFO	[jepsen worker 0] jepsen.util: 0	:ok	:generate	"664-null"
2026-03-11 14:38:18,711{GMT}	INFO	[jepsen worker 0] jepsen.util: 0	:invoke	:generate	nil
2026-03-11 14:38:18,712{GMT}	INFO	[jepsen worker 0] jepsen.util: 0	:ok	:generate	"665-null"
2026-03-11 14:38:18,713{GMT}	INFO	[jepsen worker 1] jepsen.util: 1	:invoke	:generate	nil
2026-03-11 14:38:18,713{GMT}	INFO	[jepsen worker 2] jepsen.util: 2	:invoke	:generate	nil
2026-03-11 14:38:18,713{GMT}	INFO	[jepsen worker 1] jepsen.util: 1	:ok	:generate	"554-null"
2026-03-11 14:38:18,713{GMT}	INFO	[jepsen worker 2] jepsen.util: 2	:ok	:generate	"480-null"
2026-03-11 14:38:18,714{GMT}	INFO	[jepsen worker 0] jepsen.util: 0	:invoke	:generate	nil
2026-03-11 14:38:18,714{GMT}	INFO	[jepsen worker 1] jepsen.util: 1	:invoke	:generate	nil
2026-03-11 14:38:18,714{GMT}	INFO	[jepsen worker 0] jepsen.util: 0	:ok	:generate	"666-null"
2026-03-11 14:38:18,715{GMT}	INFO	[jepsen worker 1] jepsen.util: 1	:ok	:generate	"555-null"
2026-03-11 14:38:18,716{GMT}	INFO	[jepsen worker 1] jepsen.util: 1	:invoke	:generate	nil
2026-03-11 14:38:18,716{GMT}	INFO	[jepsen worker 1] jepsen.util: 1	:ok	:generate	"556-null"
2026-03-11 14:38:18,717{GMT}	INFO	[jepsen worker 2] jepsen.util: 2	:invoke	:generate	nil
2026-03-11 14:38:18,718{GMT}	INFO	[jepsen worker 2] jepsen.util: 2	:ok	:generate	"481-null"
2026-03-11 14:38:18,719{GMT}	INFO	[jepsen worker 0] jepsen.util: 0	:invoke	:generate	nil
2026-03-11 14:38:18,719{GMT}	INFO	[jepsen worker 0] jepsen.util: 0	:ok	:generate	"667-null"
2026-03-11 14:38:18,720{GMT}	INFO	[jepsen worker 0] jepsen.util: 0	:invoke	:generate	nil
2026-03-11 14:38:18,720{GMT}	INFO	[jepsen worker 0] jepsen.util: 0	:ok	:generate	"668-null"
2026-03-11 14:38:18,722{GMT}	INFO	[jepsen worker 1] jepsen.util: 1	:invoke	:generate	nil
2026-03-11 14:38:18,722{GMT}	INFO	[jepsen worker 1] jepsen.util: 1	:ok	:generate	"557-null"
2026-03-11 14:38:18,723{GMT}	INFO	[jepsen worker 2] jepsen.util: 2	:invoke	:generate	nil
2026-03-11 14:38:18,723{GMT}	INFO	[jepsen worker 0] jepsen.util: 0	:invoke	:generate	nil
2026-03-11 14:38:18,723{GMT}	INFO	[jepsen worker 2] jepsen.util: 2	:ok	:generate	"482-null"
2026-03-11 14:38:18,723{GMT}	INFO	[jepsen worker 0] jepsen.util: 0	:ok	:generate	"669-null"
2026-03-11 14:38:18,723{GMT}	INFO	[jepsen worker 0] jepsen.util: 0	:invoke	:generate	nil
2026-03-11 14:38:18,724{GMT}	INFO	[jepsen worker 0] jepsen.util: 0	:ok	:generate	"670-null"
2026-03-11 14:38:18,724{GMT}	INFO	[jepsen worker 1] jepsen.util: 1	:invoke	:generate	nil
2026-03-11 14:38:18,724{GMT}	INFO	[jepsen worker 1] jepsen.util: 1	:ok	:generate	"558-null"
2026-03-11 14:38:18,725{GMT}	INFO	[jepsen worker 2] jepsen.util: 2	:invoke	:generate	nil
2026-03-11 14:38:18,725{GMT}	INFO	[jepsen worker 0] jepsen.util: 0	:invoke	:generate	nil
2026-03-11 14:38:18,726{GMT}	INFO	[jepsen worker 2] jepsen.util: 2	:ok	:generate	"483-null"
2026-03-11 14:38:18,726{GMT}	INFO	[jepsen worker 0] jepsen.util: 0	:ok	:generate	"671-null"
2026-03-11 14:38:18,727{GMT}	INFO	[jepsen worker 0] jepsen.util: 0	:invoke	:generate	nil
2026-03-11 14:38:18,727{GMT}	INFO	[jepsen worker 1] jepsen.util: 1	:invoke	:generate	nil
2026-03-11 14:38:18,728{GMT}	INFO	[jepsen worker 2] jepsen.util: 2	:invoke	:generate	nil
2026-03-11 14:38:18,728{GMT}	INFO	[jepsen worker 1] jepsen.util: 1	:ok	:generate	"559-null"
2026-03-11 14:38:18,729{GMT}	INFO	[jepsen worker 2] jepsen.util: 2	:ok	:generate	"484-null"
2026-03-11 14:38:18,729{GMT}	INFO	[jepsen worker 1] jepsen.util: 1	:invoke	:generate	nil
2026-03-11 14:38:18,729{GMT}	INFO	[jepsen worker 1] jepsen.util: 1	:ok	:generate	"560-null"
2026-03-11 14:38:18,731{GMT}	INFO	[jepsen worker 1] jepsen.util: 1	:invoke	:generate	nil
2026-03-11 14:38:18,731{GMT}	INFO	[jepsen worker 0] jepsen.util: 0	:ok	:generate	"672-null"
2026-03-11 14:38:18,731{GMT}	INFO	[jepsen worker 1] jepsen.util: 1	:ok	:generate	"561-null"
2026-03-11 14:38:18,731{GMT}	INFO	[jepsen worker 2] jepsen.util: 2	:invoke	:generate	nil
2026-03-11 14:38:18,732{GMT}	INFO	[jepsen worker 0] jepsen.util: 0	:invoke	:generate	nil
2026-03-11 14:38:18,732{GMT}	INFO	[jepsen worker 2] jepsen.util: 2	:ok	:generate	"485-null"
2026-03-11 14:38:18,732{GMT}	INFO	[jepsen worker 0] jepsen.util: 0	:ok	:generate	"673-null"
2026-03-11 14:38:18,733{GMT}	INFO	[jepsen worker 0] jepsen.util: 0	:invoke	:generate	nil
2026-03-11 14:38:18,734{GMT}	INFO	[jepsen worker 0] jepsen.util: 0	:ok	:generate	"674-null"
2026-03-11 14:38:18,734{GMT}	INFO	[jepsen worker 0] jepsen.util: 0	:invoke	:generate	nil
2026-03-11 14:38:18,734{GMT}	INFO	[jepsen worker 0] jepsen.util: 0	:ok	:generate	"675-null"
2026-03-11 14:38:18,736{GMT}	INFO	[jepsen worker 1] jepsen.util: 1	:invoke	:generate	nil
2026-03-11 14:38:18,736{GMT}	INFO	[jepsen worker 2] jepsen.util: 2	:invoke	:generate	nil
2026-03-11 14:38:18,737{GMT}	INFO	[jepsen worker 2] jepsen.util: 2	:ok	:generate	"486-null"
2026-03-11 14:38:18,737{GMT}	INFO	[jepsen worker 1] jepsen.util: 1	:ok	:generate	"562-null"
2026-03-11 14:38:18,738{GMT}	INFO	[jepsen worker 0] jepsen.util: 0	:invoke	:generate	nil
2026-03-11 14:38:18,738{GMT}	INFO	[jepsen worker 0] jepsen.util: 0	:ok	:generate	"676-null"
2026-03-11 14:38:18,739{GMT}	INFO	[jepsen worker 0] jepsen.util: 0	:invoke	:generate	nil
2026-03-11 14:38:18,740{GMT}	INFO	[jepsen worker 0] jepsen.util: 0	:ok	:generate	"677-null"
2026-03-11 14:38:18,740{GMT}	INFO	[jepsen worker 1] jepsen.util: 1	:invoke	:generate	nil
2026-03-11 14:38:18,740{GMT}	INFO	[jepsen worker 1] jepsen.util: 1	:ok	:generate	"563-null"
2026-03-11 14:38:18,740{GMT}	INFO	[jepsen worker 2] jepsen.util: 2	:invoke	:generate	nil
2026-03-11 14:38:18,741{GMT}	INFO	[jepsen worker 2] jepsen.util: 2	:ok	:generate	"487-null"
2026-03-11 14:38:18,742{GMT}	INFO	[jepsen worker 0] jepsen.util: 0	:invoke	:generate	nil
2026-03-11 14:38:18,743{GMT}	INFO	[jepsen worker 0] jepsen.util: 0	:ok	:generate	"678-null"
2026-03-11 14:38:18,743{GMT}	INFO	[jepsen worker 0] jepsen.util: 0	:invoke	:generate	nil
2026-03-11 14:38:18,744{GMT}	INFO	[jepsen worker 0] jepsen.util: 0	:ok	:generate	"679-null"
2026-03-11 14:38:18,745{GMT}	INFO	[jepsen worker 1] jepsen.util: 1	:invoke	:generate	nil
2026-03-11 14:38:18,746{GMT}	INFO	[jepsen worker 2] jepsen.util: 2	:invoke	:generate	nil
2026-03-11 14:38:18,746{GMT}	INFO	[jepsen worker 1] jepsen.util: 1	:ok	:generate	"564-null"
2026-03-11 14:38:18,747{GMT}	INFO	[jepsen worker 2] jepsen.util: 2	:ok	:generate	"488-null"
2026-03-11 14:38:18,747{GMT}	INFO	[jepsen worker 0] jepsen.util: 0	:invoke	:generate	nil
2026-03-11 14:38:18,748{GMT}	INFO	[jepsen worker 0] jepsen.util: 0	:ok	:generate	"680-null"
2026-03-11 14:38:18,749{GMT}	INFO	[jepsen worker 0] jepsen.util: 0	:invoke	:generate	nil
2026-03-11 14:38:18,749{GMT}	INFO	[jepsen worker 1] jepsen.util: 1	:invoke	:generate	nil
2026-03-11 14:38:18,750{GMT}	INFO	[jepsen worker 1] jepsen.util: 1	:ok	:generate	"565-null"
2026-03-11 14:38:18,750{GMT}	INFO	[jepsen worker 0] jepsen.util: 0	:ok	:generate	"681-null"
2026-03-11 14:38:18,751{GMT}	INFO	[jepsen worker 2] jepsen.util: 2	:invoke	:generate	nil
2026-03-11 14:38:18,752{GMT}	INFO	[jepsen worker 0] jepsen.util: 0	:invoke	:generate	nil
2026-03-11 14:38:18,752{GMT}	INFO	[jepsen worker 2] jepsen.util: 2	:ok	:generate	"489-null"
2026-03-11 14:38:18,752{GMT}	INFO	[jepsen worker 0] jepsen.util: 0	:ok	:generate	"682-null"
2026-03-11 14:38:18,754{GMT}	INFO	[jepsen worker 0] jepsen.util: 0	:invoke	:generate	nil
2026-03-11 14:38:18,754{GMT}	INFO	[jepsen worker 0] jepsen.util: 0	:ok	:generate	"683-null"
2026-03-11 14:38:18,755{GMT}	INFO	[jepsen worker 1] jepsen.util: 1	:invoke	:generate	nil
2026-03-11 14:38:18,756{GMT}	INFO	[jepsen worker 1] jepsen.util: 1	:ok	:generate	"566-null"
2026-03-11 14:38:18,757{GMT}	INFO	[jepsen worker 2] jepsen.util: 2	:invoke	:generate	nil
2026-03-11 14:38:18,757{GMT}	INFO	[jepsen worker 2] jepsen.util: 2	:ok	:generate	"490-null"
2026-03-11 14:38:18,758{GMT}	INFO	[jepsen worker 0] jepsen.util: 0	:invoke	:generate	nil
2026-03-11 14:38:18,758{GMT}	INFO	[jepsen worker 0] jepsen.util: 0	:ok	:generate	"684-null"
2026-03-11 14:38:18,759{GMT}	INFO	[jepsen worker 0] jepsen.util: 0	:invoke	:generate	nil
2026-03-11 14:38:18,759{GMT}	INFO	[jepsen worker 1] jepsen.util: 1	:invoke	:generate	nil
2026-03-11 14:38:18,760{GMT}	INFO	[jepsen worker 1] jepsen.util: 1	:ok	:generate	"567-null"
2026-03-11 14:38:18,760{GMT}	INFO	[jepsen worker 0] jepsen.util: 0	:ok	:generate	"685-null"
2026-03-11 14:38:18,761{GMT}	INFO	[jepsen worker 2] jepsen.util: 2	:invoke	:generate	nil
2026-03-11 14:38:18,761{GMT}	INFO	[jepsen worker 0] jepsen.util: 0	:invoke	:generate	nil
2026-03-11 14:38:18,762{GMT}	INFO	[jepsen worker 2] jepsen.util: 2	:ok	:generate	"491-null"
2026-03-11 14:38:18,762{GMT}	INFO	[jepsen worker 0] jepsen.util: 0	:ok	:generate	"686-null"
2026-03-11 14:38:18,763{GMT}	INFO	[jepsen worker 0] jepsen.util: 0	:invoke	:generate	nil
2026-03-11 14:38:18,764{GMT}	INFO	[jepsen worker 0] jepsen.util: 0	:ok	:generate	"687-null"
2026-03-11 14:38:18,764{GMT}	INFO	[jepsen worker 1] jepsen.util: 1	:invoke	:generate	nil
2026-03-11 14:38:18,764{GMT}	INFO	[jepsen worker 1] jepsen.util: 1	:ok	:generate	"568-null"
2026-03-11 14:38:18,765{GMT}	INFO	[jepsen worker 2] jepsen.util: 2	:invoke	:generate	nil
2026-03-11 14:38:18,766{GMT}	INFO	[jepsen worker 0] jepsen.util: 0	:invoke	:generate	nil
2026-03-11 14:38:18,766{GMT}	INFO	[jepsen worker 2] jepsen.util: 2	:ok	:generate	"492-null"
2026-03-11 14:38:18,766{GMT}	INFO	[jepsen worker 0] jepsen.util: 0	:ok	:generate	"688-null"
2026-03-11 14:38:18,767{GMT}	INFO	[jepsen worker 0] jepsen.util: 0	:invoke	:generate	nil
2026-03-11 14:38:18,768{GMT}	INFO	[jepsen worker 0] jepsen.util: 0	:ok	:generate	"689-null"
2026-03-11 14:38:18,769{GMT}	INFO	[jepsen worker 1] jepsen.util: 1	:invoke	:generate	nil
2026-03-11 14:38:18,770{GMT}	INFO	[jepsen worker 1] jepsen.util: 1	:ok	:generate	"569-null"
2026-03-11 14:38:18,771{GMT}	INFO	[jepsen worker 2] jepsen.util: 2	:invoke	:generate	nil
2026-03-11 14:38:18,772{GMT}	INFO	[jepsen worker 2] jepsen.util: 2	:ok	:generate	"493-null"
2026-03-11 14:38:18,772{GMT}	INFO	[jepsen worker 0] jepsen.util: 0	:invoke	:generate	nil
2026-03-11 14:38:18,772{GMT}	INFO	[jepsen worker 0] jepsen.util: 0	:ok	:generate	"690-null"
2026-03-11 14:38:18,772{GMT}	INFO	[jepsen worker 0] jepsen.util: 0	:invoke	:generate	nil
2026-03-11 14:38:18,773{GMT}	INFO	[jepsen worker 0] jepsen.util: 0	:ok	:generate	"691-null"
2026-03-11 14:38:18,774{GMT}	INFO	[jepsen worker 1] jepsen.util: 1	:invoke	:generate	nil
2026-03-11 14:38:18,775{GMT}	INFO	[jepsen worker 1] jepsen.util: 1	:ok	:generate	"570-null"
2026-03-11 14:38:18,776{GMT}	INFO	[jepsen worker 2] jepsen.util: 2	:invoke	:generate	nil
2026-03-11 14:38:18,777{GMT}	INFO	[jepsen worker 2] jepsen.util: 2	:ok	:generate	"494-null"
2026-03-11 14:38:18,777{GMT}	INFO	[jepsen worker 0] jepsen.util: 0	:invoke	:generate	nil
2026-03-11 14:38:18,777{GMT}	INFO	[jepsen worker 1] jepsen.util: 1	:invoke	:generate	nil
2026-03-11 14:38:18,777{GMT}	INFO	[jepsen worker 1] jepsen.util: 1	:ok	:generate	"571-null"
2026-03-11 14:38:18,777{GMT}	INFO	[jepsen worker 0] jepsen.util: 0	:ok	:generate	"692-null"
2026-03-11 14:38:18,779{GMT}	INFO	[jepsen worker 1] jepsen.util: 1	:invoke	:generate	nil
2026-03-11 14:38:18,779{GMT}	INFO	[jepsen worker 1] jepsen.util: 1	:ok	:generate	"572-null"
2026-03-11 14:38:18,779{GMT}	INFO	[jepsen worker 2] jepsen.util: 2	:invoke	:generate	nil
2026-03-11 14:38:18,780{GMT}	INFO	[jepsen worker 0] jepsen.util: 0	:invoke	:generate	nil
2026-03-11 14:38:18,780{GMT}	INFO	[jepsen worker 0] jepsen.util: 0	:ok	:generate	"693-null"
2026-03-11 14:38:18,780{GMT}	INFO	[jepsen worker 2] jepsen.util: 2	:ok	:generate	"495-null"
2026-03-11 14:38:18,780{GMT}	INFO	[jepsen worker 0] jepsen.util: 0	:invoke	:generate	nil
2026-03-11 14:38:18,781{GMT}	INFO	[jepsen worker 0] jepsen.util: 0	:ok	:generate	"694-null"
2026-03-11 14:38:18,782{GMT}	INFO	[jepsen worker 1] jepsen.util: 1	:invoke	:generate	nil
2026-03-11 14:38:18,782{GMT}	INFO	[jepsen worker 2] jepsen.util: 2	:invoke	:generate	nil
2026-03-11 14:38:18,783{GMT}	INFO	[jepsen worker 1] jepsen.util: 1	:ok	:generate	"573-null"
2026-03-11 14:38:18,783{GMT}	INFO	[jepsen worker 2] jepsen.util: 2	:ok	:generate	"496-null"
2026-03-11 14:38:18,784{GMT}	INFO	[jepsen worker 0] jepsen.util: 0	:invoke	:generate	nil
2026-03-11 14:38:18,784{GMT}	INFO	[jepsen worker 1] jepsen.util: 1	:invoke	:generate	nil
2026-03-11 14:38:18,785{GMT}	INFO	[jepsen worker 0] jepsen.util: 0	:ok	:generate	"695-null"
2026-03-11 14:38:18,785{GMT}	INFO	[jepsen worker 1] jepsen.util: 1	:ok	:generate	"574-null"
2026-03-11 14:38:18,786{GMT}	INFO	[jepsen worker 1] jepsen.util: 1	:invoke	:generate	nil
2026-03-11 14:38:18,787{GMT}	INFO	[jepsen worker 1] jepsen.util: 1	:ok	:generate	"575-null"
2026-03-11 14:38:18,788{GMT}	INFO	[jepsen worker 2] jepsen.util: 2	:invoke	:generate	nil
2026-03-11 14:38:18,789{GMT}	INFO	[jepsen worker 2] jepsen.util: 2	:ok	:generate	"497-null"
2026-03-11 14:38:18,790{GMT}	INFO	[jepsen worker 0] jepsen.util: 0	:invoke	:generate	nil
2026-03-11 14:38:18,791{GMT}	INFO	[jepsen worker 0] jepsen.util: 0	:ok	:generate	"696-null"
2026-03-11 14:38:18,792{GMT}	INFO	[jepsen worker 0] jepsen.util: 0	:invoke	:generate	nil
2026-03-11 14:38:18,793{GMT}	INFO	[jepsen worker 0] jepsen.util: 0	:ok	:generate	"697-null"
2026-03-11 14:38:18,793{GMT}	INFO	[jepsen worker 1] jepsen.util: 1	:invoke	:generate	nil
2026-03-11 14:38:18,794{GMT}	INFO	[jepsen worker 1] jepsen.util: 1	:ok	:generate	"576-null"
2026-03-11 14:38:18,794{GMT}	INFO	[jepsen worker 2] jepsen.util: 2	:invoke	:generate	nil
2026-03-11 14:38:18,794{GMT}	INFO	[jepsen worker 0] jepsen.util: 0	:invoke	:generate	nil
2026-03-11 14:38:18,795{GMT}	INFO	[jepsen worker 2] jepsen.util: 2	:ok	:generate	"498-null"
2026-03-11 14:38:18,795{GMT}	INFO	[jepsen worker 0] jepsen.util: 0	:ok	:generate	"698-null"
2026-03-11 14:38:18,796{GMT}	INFO	[jepsen worker 0] jepsen.util: 0	:invoke	:generate	nil
2026-03-11 14:38:18,796{GMT}	INFO	[jepsen worker 0] jepsen.util: 0	:ok	:generate	"699-null"
2026-03-11 14:38:18,796{GMT}	INFO	[jepsen worker 1] jepsen.util: 1	:invoke	:generate	nil
2026-03-11 14:38:18,797{GMT}	INFO	[jepsen worker 1] jepsen.util: 1	:ok	:generate	"577-null"
2026-03-11 14:38:18,797{GMT}	INFO	[jepsen worker 2] jepsen.util: 2	:invoke	:generate	nil
2026-03-11 14:38:18,798{GMT}	INFO	[jepsen worker 2] jepsen.util: 2	:ok	:generate	"499-null"
2026-03-11 14:38:18,799{GMT}	INFO	[jepsen worker 2] jepsen.util: 2	:invoke	:generate	nil
2026-03-11 14:38:18,800{GMT}	INFO	[jepsen worker 2] jepsen.util: 2	:ok	:generate	"500-null"
2026-03-11 14:38:18,800{GMT}	INFO	[jepsen worker 0] jepsen.util: 0	:invoke	:generate	nil
2026-03-11 14:38:18,800{GMT}	INFO	[jepsen worker 1] jepsen.util: 1	:invoke	:generate	nil
2026-03-11 14:38:18,800{GMT}	INFO	[jepsen worker 2] jepsen.util: 2	:invoke	:generate	nil
2026-03-11 14:38:18,800{GMT}	INFO	[jepsen worker 0] jepsen.util: 0	:ok	:generate	"700-null"
2026-03-11 14:38:18,800{GMT}	INFO	[jepsen worker 1] jepsen.util: 1	:ok	:generate	"578-null"
2026-03-11 14:38:18,801{GMT}	INFO	[jepsen worker 2] jepsen.util: 2	:ok	:generate	"501-null"
2026-03-11 14:38:18,802{GMT}	INFO	[jepsen worker 0] jepsen.util: 0	:invoke	:generate	nil
2026-03-11 14:38:18,803{GMT}	INFO	[jepsen worker 1] jepsen.util: 1	:invoke	:generate	nil
2026-03-11 14:38:18,803{GMT}	INFO	[jepsen worker 0] jepsen.util: 0	:ok	:generate	"701-null"
2026-03-11 14:38:18,803{GMT}	INFO	[jepsen worker 2] jepsen.util: 2	:invoke	:generate	nil
2026-03-11 14:38:18,804{GMT}	INFO	[jepsen worker 1] jepsen.util: 1	:ok	:generate	"579-null"
2026-03-11 14:38:18,804{GMT}	INFO	[jepsen worker 2] jepsen.util: 2	:ok	:generate	"502-null"
2026-03-11 14:38:18,804{GMT}	INFO	[jepsen worker 2] jepsen.util: 2	:invoke	:generate	nil
2026-03-11 14:38:18,804{GMT}	INFO	[jepsen worker 2] jepsen.util: 2	:ok	:generate	"503-null"
2026-03-11 14:38:18,805{GMT}	INFO	[jepsen worker 0] jepsen.util: 0	:invoke	:generate	nil
2026-03-11 14:38:18,806{GMT}	INFO	[jepsen worker 0] jepsen.util: 0	:ok	:generate	"702-null"
2026-03-11 14:38:18,806{GMT}	INFO	[jepsen worker 0] jepsen.util: 0	:invoke	:generate	nil
2026-03-11 14:38:18,807{GMT}	INFO	[jepsen worker 1] jepsen.util: 1	:invoke	:generate	nil
2026-03-11 14:38:18,807{GMT}	INFO	[jepsen worker 0] jepsen.util: 0	:ok	:generate	"703-null"
2026-03-11 14:38:18,807{GMT}	INFO	[jepsen worker 1] jepsen.util: 1	:ok	:generate	"580-null"
2026-03-11 14:38:18,809{GMT}	INFO	[jepsen worker 2] jepsen.util: 2	:invoke	:generate	nil
2026-03-11 14:38:18,809{GMT}	INFO	[jepsen worker 0] jepsen.util: 0	:invoke	:generate	nil
2026-03-11 14:38:18,809{GMT}	INFO	[jepsen worker 1] jepsen.util: 1	:invoke	:generate	nil
2026-03-11 14:38:18,810{GMT}	INFO	[jepsen worker 0] jepsen.util: 0	:ok	:generate	"704-null"
2026-03-11 14:38:18,810{GMT}	INFO	[jepsen worker 1] jepsen.util: 1	:ok	:generate	"581-null"
2026-03-11 14:38:18,810{GMT}	INFO	[jepsen worker 1] jepsen.util: 1	:invoke	:generate	nil
2026-03-11 14:38:18,811{GMT}	INFO	[jepsen worker 1] jepsen.util: 1	:ok	:generate	"582-null"
2026-03-11 14:38:18,812{GMT}	INFO	[jepsen worker 0] jepsen.util: 0	:invoke	:generate	nil
2026-03-11 14:38:18,813{GMT}	INFO	[jepsen worker 2] jepsen.util: 2	:ok	:generate	"504-null"
2026-03-11 14:38:18,813{GMT}	INFO	[jepsen worker 0] jepsen.util: 0	:ok	:generate	"705-null"
2026-03-11 14:38:18,813{GMT}	INFO	[jepsen worker 0] jepsen.util: 0	:invoke	:generate	nil
2026-03-11 14:38:18,814{GMT}	INFO	[jepsen worker 0] jepsen.util: 0	:ok	:generate	"706-null"
2026-03-11 14:38:18,815{GMT}	INFO	[jepsen worker 0] jepsen.util: 0	:invoke	:generate	nil
2026-03-11 14:38:18,815{GMT}	INFO	[jepsen worker 1] jepsen.util: 1	:invoke	:generate	nil
2026-03-11 14:38:18,815{GMT}	INFO	[jepsen worker 0] jepsen.util: 0	:ok	:generate	"707-null"
2026-03-11 14:38:18,815{GMT}	INFO	[jepsen worker 1] jepsen.util: 1	:ok	:generate	"583-null"
2026-03-11 14:38:18,815{GMT}	INFO	[jepsen worker 2] jepsen.util: 2	:invoke	:generate	nil
2026-03-11 14:38:18,816{GMT}	INFO	[jepsen worker 0] jepsen.util: 0	:invoke	:generate	nil
2026-03-11 14:38:18,816{GMT}	INFO	[jepsen worker 2] jepsen.util: 2	:ok	:generate	"505-null"
2026-03-11 14:38:18,816{GMT}	INFO	[jepsen worker 0] jepsen.util: 0	:ok	:generate	"708-null"
2026-03-11 14:38:18,818{GMT}	INFO	[jepsen worker 0] jepsen.util: 0	:invoke	:generate	nil
2026-03-11 14:38:18,818{GMT}	INFO	[jepsen worker 0] jepsen.util: 0	:ok	:generate	"709-null"
2026-03-11 14:38:18,819{GMT}	INFO	[jepsen worker 1] jepsen.util: 1	:invoke	:generate	nil
2026-03-11 14:38:18,820{GMT}	INFO	[jepsen worker 1] jepsen.util: 1	:ok	:generate	"584-null"
2026-03-11 14:38:18,821{GMT}	INFO	[jepsen worker 2] jepsen.util: 2	:invoke	:generate	nil
2026-03-11 14:38:18,821{GMT}	INFO	[jepsen worker 2] jepsen.util: 2	:ok	:generate	"506-null"
2026-03-11 14:38:18,822{GMT}	INFO	[jepsen worker 0] jepsen.util: 0	:invoke	:generate	nil
2026-03-11 14:38:18,823{GMT}	INFO	[jepsen worker 0] jepsen.util: 0	:ok	:generate	"710-null"
2026-03-11 14:38:18,824{GMT}	INFO	[jepsen worker 0] jepsen.util: 0	:invoke	:generate	nil
2026-03-11 14:38:18,825{GMT}	INFO	[jepsen worker 0] jepsen.util: 0	:ok	:generate	"711-null"
2026-03-11 14:38:18,825{GMT}	INFO	[jepsen worker 1] jepsen.util: 1	:invoke	:generate	nil
2026-03-11 14:38:18,826{GMT}	INFO	[jepsen worker 1] jepsen.util: 1	:ok	:generate	"585-null"
2026-03-11 14:38:18,826{GMT}	INFO	[jepsen worker 2] jepsen.util: 2	:invoke	:generate	nil
2026-03-11 14:38:18,826{GMT}	INFO	[jepsen worker 2] jepsen.util: 2	:ok	:generate	"507-null"
2026-03-11 14:38:18,827{GMT}	INFO	[jepsen worker 0] jepsen.util: 0	:invoke	:generate	nil
2026-03-11 14:38:18,828{GMT}	INFO	[jepsen worker 0] jepsen.util: 0	:ok	:generate	"712-null"
2026-03-11 14:38:18,829{GMT}	INFO	[jepsen worker 0] jepsen.util: 0	:invoke	:generate	nil
2026-03-11 14:38:18,830{GMT}	INFO	[jepsen worker 0] jepsen.util: 0	:ok	:generate	"713-null"
2026-03-11 14:38:18,830{GMT}	INFO	[jepsen worker 1] jepsen.util: 1	:invoke	:generate	nil
2026-03-11 14:38:18,831{GMT}	INFO	[jepsen worker 1] jepsen.util: 1	:ok	:generate	"586-null"
2026-03-11 14:38:18,831{GMT}	INFO	[jepsen worker 2] jepsen.util: 2	:invoke	:generate	nil
2026-03-11 14:38:18,832{GMT}	INFO	[jepsen worker 2] jepsen.util: 2	:ok	:generate	"508-null"
2026-03-11 14:38:18,832{GMT}	INFO	[jepsen worker 0] jepsen.util: 0	:invoke	:generate	nil
2026-03-11 14:38:18,833{GMT}	INFO	[jepsen worker 0] jepsen.util: 0	:ok	:generate	"714-null"
2026-03-11 14:38:18,834{GMT}	INFO	[jepsen worker 0] jepsen.util: 0	:invoke	:generate	nil
2026-03-11 14:38:18,835{GMT}	INFO	[jepsen worker 0] jepsen.util: 0	:ok	:generate	"715-null"
2026-03-11 14:38:18,836{GMT}	INFO	[jepsen worker 1] jepsen.util: 1	:invoke	:generate	nil
2026-03-11 14:38:18,836{GMT}	INFO	[jepsen worker 1] jepsen.util: 1	:ok	:generate	"587-null"
2026-03-11 14:38:18,837{GMT}	INFO	[jepsen worker 2] jepsen.util: 2	:invoke	:generate	nil
2026-03-11 14:38:18,837{GMT}	INFO	[jepsen worker 2] jepsen.util: 2	:ok	:generate	"509-null"
2026-03-11 14:38:18,837{GMT}	INFO	[jepsen worker 0] jepsen.util: 0	:invoke	:generate	nil
2026-03-11 14:38:18,838{GMT}	INFO	[jepsen worker 0] jepsen.util: 0	:ok	:generate	"716-null"
2026-03-11 14:38:18,838{GMT}	INFO	[jepsen worker 0] jepsen.util: 0	:invoke	:generate	nil
2026-03-11 14:38:18,839{GMT}	INFO	[jepsen worker 0] jepsen.util: 0	:ok	:generate	"717-null"
2026-03-11 14:38:18,839{GMT}	INFO	[jepsen worker 1] jepsen.util: 1	:invoke	:generate	nil
2026-03-11 14:38:18,840{GMT}	INFO	[jepsen worker 2] jepsen.util: 2	:invoke	:generate	nil
2026-03-11 14:38:18,840{GMT}	INFO	[jepsen worker 1] jepsen.util: 1	:ok	:generate	"588-null"
2026-03-11 14:38:18,841{GMT}	INFO	[jepsen worker 2] jepsen.util: 2	:ok	:generate	"510-null"
2026-03-11 14:38:18,842{GMT}	INFO	[jepsen worker 0] jepsen.util: 0	:invoke	:generate	nil
2026-03-11 14:38:18,843{GMT}	INFO	[jepsen worker 0] jepsen.util: 0	:ok	:generate	"718-null"
2026-03-11 14:38:18,843{GMT}	INFO	[jepsen worker 0] jepsen.util: 0	:invoke	:generate	nil
2026-03-11 14:38:18,844{GMT}	INFO	[jepsen worker 0] jepsen.util: 0	:ok	:generate	"719-null"
2026-03-11 14:38:18,846{GMT}	INFO	[jepsen worker 1] jepsen.util: 1	:invoke	:generate	nil
2026-03-11 14:38:18,846{GMT}	INFO	[jepsen worker 1] jepsen.util: 1	:ok	:generate	"589-null"
2026-03-11 14:38:18,847{GMT}	INFO	[jepsen worker 2] jepsen.util: 2	:invoke	:generate	nil
2026-03-11 14:38:18,848{GMT}	INFO	[jepsen worker 2] jepsen.util: 2	:ok	:generate	"511-null"
2026-03-11 14:38:18,848{GMT}	INFO	[jepsen worker 0] jepsen.util: 0	:invoke	:generate	nil
2026-03-11 14:38:18,849{GMT}	INFO	[jepsen worker 0] jepsen.util: 0	:ok	:generate	"720-null"
2026-03-11 14:38:18,849{GMT}	INFO	[jepsen worker 0] jepsen.util: 0	:invoke	:generate	nil
2026-03-11 14:38:18,849{GMT}	INFO	[jepsen worker 1] jepsen.util: 1	:invoke	:generate	nil
2026-03-11 14:38:18,850{GMT}	INFO	[jepsen worker 1] jepsen.util: 1	:ok	:generate	"590-null"
2026-03-11 14:38:18,850{GMT}	INFO	[jepsen worker 0] jepsen.util: 0	:ok	:generate	"721-null"
2026-03-11 14:38:18,851{GMT}	INFO	[jepsen worker 2] jepsen.util: 2	:invoke	:generate	nil
2026-03-11 14:38:18,852{GMT}	INFO	[jepsen worker 2] jepsen.util: 2	:ok	:generate	"512-null"
2026-03-11 14:38:18,853{GMT}	INFO	[jepsen worker 0] jepsen.util: 0	:invoke	:generate	nil
2026-03-11 14:38:18,853{GMT}	INFO	[jepsen worker 1] jepsen.util: 1	:invoke	:generate	nil
2026-03-11 14:38:18,854{GMT}	INFO	[jepsen worker 2] jepsen.util: 2	:invoke	:generate	nil
2026-03-11 14:38:18,854{GMT}	INFO	[jepsen worker 0] jepsen.util: 0	:ok	:generate	"722-null"
2026-03-11 14:38:18,854{GMT}	INFO	[jepsen worker 1] jepsen.util: 1	:ok	:generate	"591-null"
2026-03-11 14:38:18,855{GMT}	INFO	[jepsen worker 2] jepsen.util: 2	:ok	:generate	"513-null"
2026-03-11 14:38:18,855{GMT}	INFO	[jepsen worker 0] jepsen.util: 0	:invoke	:generate	nil
2026-03-11 14:38:18,855{GMT}	INFO	[jepsen worker 0] jepsen.util: 0	:ok	:generate	"723-null"
2026-03-11 14:38:18,856{GMT}	INFO	[jepsen worker 0] jepsen.util: 0	:invoke	:generate	nil
2026-03-11 14:38:18,857{GMT}	INFO	[jepsen worker 0] jepsen.util: 0	:ok	:generate	"724-null"
2026-03-11 14:38:18,857{GMT}	INFO	[jepsen worker 0] jepsen.util: 0	:invoke	:generate	nil
2026-03-11 14:38:18,857{GMT}	INFO	[jepsen worker 1] jepsen.util: 1	:invoke	:generate	nil
2026-03-11 14:38:18,858{GMT}	INFO	[jepsen worker 0] jepsen.util: 0	:ok	:generate	"725-null"
2026-03-11 14:38:18,858{GMT}	INFO	[jepsen worker 1] jepsen.util: 1	:ok	:generate	"592-null"
2026-03-11 14:38:18,859{GMT}	INFO	[jepsen worker 2] jepsen.util: 2	:invoke	:generate	nil
2026-03-11 14:38:18,860{GMT}	INFO	[jepsen worker 2] jepsen.util: 2	:ok	:generate	"514-null"
2026-03-11 14:38:18,860{GMT}	INFO	[jepsen worker 0] jepsen.util: 0	:invoke	:generate	nil
2026-03-11 14:38:18,861{GMT}	INFO	[jepsen worker 0] jepsen.util: 0	:ok	:generate	"726-null"
2026-03-11 14:38:18,861{GMT}	INFO	[jepsen worker 0] jepsen.util: 0	:invoke	:generate	nil
2026-03-11 14:38:18,861{GMT}	INFO	[jepsen worker 0] jepsen.util: 0	:ok	:generate	"727-null"
2026-03-11 14:38:18,863{GMT}	INFO	[jepsen worker 1] jepsen.util: 1	:invoke	:generate	nil
2026-03-11 14:38:18,863{GMT}	INFO	[jepsen worker 1] jepsen.util: 1	:ok	:generate	"593-null"
2026-03-11 14:38:18,864{GMT}	INFO	[jepsen worker 2] jepsen.util: 2	:invoke	:generate	nil
2026-03-11 14:38:18,865{GMT}	INFO	[jepsen worker 2] jepsen.util: 2	:ok	:generate	"515-null"
2026-03-11 14:38:18,866{GMT}	INFO	[jepsen worker 0] jepsen.util: 0	:invoke	:generate	nil
2026-03-11 14:38:18,867{GMT}	INFO	[jepsen worker 0] jepsen.util: 0	:ok	:generate	"728-null"
2026-03-11 14:38:18,868{GMT}	INFO	[jepsen worker 0] jepsen.util: 0	:invoke	:generate	nil
2026-03-11 14:38:18,868{GMT}	INFO	[jepsen worker 1] jepsen.util: 1	:invoke	:generate	nil
2026-03-11 14:38:18,869{GMT}	INFO	[jepsen worker 1] jepsen.util: 1	:ok	:generate	"594-null"
2026-03-11 14:38:18,869{GMT}	INFO	[jepsen worker 0] jepsen.util: 0	:ok	:generate	"729-null"
2026-03-11 14:38:18,870{GMT}	INFO	[jepsen worker 2] jepsen.util: 2	:invoke	:generate	nil
2026-03-11 14:38:18,871{GMT}	INFO	[jepsen worker 2] jepsen.util: 2	:ok	:generate	"516-null"
2026-03-11 14:38:18,872{GMT}	INFO	[jepsen worker 0] jepsen.util: 0	:invoke	:generate	nil
2026-03-11 14:38:18,872{GMT}	INFO	[jepsen worker 0] jepsen.util: 0	:ok	:generate	"730-null"
2026-03-11 14:38:18,874{GMT}	INFO	[jepsen worker 0] jepsen.util: 0	:invoke	:generate	nil
2026-03-11 14:38:18,874{GMT}	INFO	[jepsen worker 0] jepsen.util: 0	:ok	:generate	"731-null"
2026-03-11 14:38:18,875{GMT}	INFO	[jepsen worker 1] jepsen.util: 1	:invoke	:generate	nil
2026-03-11 14:38:18,876{GMT}	INFO	[jepsen worker 1] jepsen.util: 1	:ok	:generate	"595-null"
2026-03-11 14:38:18,877{GMT}	INFO	[jepsen worker 2] jepsen.util: 2	:invoke	:generate	nil
2026-03-11 14:38:18,878{GMT}	INFO	[jepsen worker 2] jepsen.util: 2	:ok	:generate	"517-null"
2026-03-11 14:38:18,878{GMT}	INFO	[jepsen worker 0] jepsen.util: 0	:invoke	:generate	nil
2026-03-11 14:38:18,879{GMT}	INFO	[jepsen worker 0] jepsen.util: 0	:ok	:generate	"732-null"
2026-03-11 14:38:18,880{GMT}	INFO	[jepsen worker 0] jepsen.util: 0	:invoke	:generate	nil
2026-03-11 14:38:18,880{GMT}	INFO	[jepsen worker 0] jepsen.util: 0	:ok	:generate	"733-null"
2026-03-11 14:38:18,881{GMT}	INFO	[jepsen worker 1] jepsen.util: 1	:invoke	:generate	nil
2026-03-11 14:38:18,881{GMT}	INFO	[jepsen worker 1] jepsen.util: 1	:ok	:generate	"596-null"
2026-03-11 14:38:18,882{GMT}	INFO	[jepsen worker 2] jepsen.util: 2	:invoke	:generate	nil
2026-03-11 14:38:18,883{GMT}	INFO	[jepsen worker 2] jepsen.util: 2	:ok	:generate	"518-null"
2026-03-11 14:38:18,883{GMT}	INFO	[jepsen worker 0] jepsen.util: 0	:invoke	:generate	nil
2026-03-11 14:38:18,883{GMT}	INFO	[jepsen worker 0] jepsen.util: 0	:ok	:generate	"734-null"
2026-03-11 14:38:18,885{GMT}	INFO	[jepsen worker 0] jepsen.util: 0	:invoke	:generate	nil
2026-03-11 14:38:18,885{GMT}	INFO	[jepsen worker 1] jepsen.util: 1	:invoke	:generate	nil
2026-03-11 14:38:18,886{GMT}	INFO	[jepsen worker 0] jepsen.util: 0	:ok	:generate	"735-null"
2026-03-11 14:38:18,886{GMT}	INFO	[jepsen worker 1] jepsen.util: 1	:ok	:generate	"597-null"
2026-03-11 14:38:18,886{GMT}	INFO	[jepsen worker 2] jepsen.util: 2	:invoke	:generate	nil
2026-03-11 14:38:18,886{GMT}	INFO	[jepsen worker 2] jepsen.util: 2	:ok	:generate	"519-null"
2026-03-11 14:38:18,886{GMT}	INFO	[jepsen worker 0] jepsen.util: 0	:invoke	:generate	nil
2026-03-11 14:38:18,887{GMT}	INFO	[jepsen worker 0] jepsen.util: 0	:ok	:generate	"736-null"
2026-03-11 14:38:18,889{GMT}	INFO	[jepsen worker 0] jepsen.util: 0	:invoke	:generate	nil
2026-03-11 14:38:18,889{GMT}	INFO	[jepsen worker 0] jepsen.util: 0	:ok	:generate	"737-null"
2026-03-11 14:38:18,890{GMT}	INFO	[jepsen worker 1] jepsen.util: 1	:invoke	:generate	nil
2026-03-11 14:38:18,891{GMT}	INFO	[jepsen worker 2] jepsen.util: 2	:invoke	:generate	nil
2026-03-11 14:38:18,891{GMT}	INFO	[jepsen worker 1] jepsen.util: 1	:ok	:generate	"598-null"
2026-03-11 14:38:18,891{GMT}	INFO	[jepsen worker 2] jepsen.util: 2	:ok	:generate	"520-null"
2026-03-11 14:38:18,891{GMT}	INFO	[jepsen worker 0] jepsen.util: 0	:invoke	:generate	nil
2026-03-11 14:38:18,892{GMT}	INFO	[jepsen worker 0] jepsen.util: 0	:ok	:generate	"738-null"
2026-03-11 14:38:18,892{GMT}	INFO	[jepsen worker 0] jepsen.util: 0	:invoke	:generate	nil
2026-03-11 14:38:18,893{GMT}	INFO	[jepsen worker 0] jepsen.util: 0	:ok	:generate	"739-null"
2026-03-11 14:38:18,893{GMT}	INFO	[jepsen worker 1] jepsen.util: 1	:invoke	:generate	nil
2026-03-11 14:38:18,894{GMT}	INFO	[jepsen worker 1] jepsen.util: 1	:ok	:generate	"599-null"
2026-03-11 14:38:18,894{GMT}	INFO	[jepsen worker 2] jepsen.util: 2	:invoke	:generate	nil
2026-03-11 14:38:18,895{GMT}	INFO	[jepsen worker 2] jepsen.util: 2	:ok	:generate	"521-null"
2026-03-11 14:38:18,896{GMT}	INFO	[jepsen worker 0] jepsen.util: 0	:invoke	:generate	nil
2026-03-11 14:38:18,896{GMT}	INFO	[jepsen worker 0] jepsen.util: 0	:ok	:generate	"740-null"
2026-03-11 14:38:18,898{GMT}	INFO	[jepsen worker 0] jepsen.util: 0	:invoke	:generate	nil
2026-03-11 14:38:18,898{GMT}	INFO	[jepsen worker 0] jepsen.util: 0	:ok	:generate	"741-null"
2026-03-11 14:38:18,899{GMT}	INFO	[jepsen worker 1] jepsen.util: 1	:invoke	:generate	nil
2026-03-11 14:38:18,899{GMT}	INFO	[jepsen worker 2] jepsen.util: 2	:invoke	:generate	nil
2026-03-11 14:38:18,899{GMT}	INFO	[jepsen worker 1] jepsen.util: 1	:ok	:generate	"600-null"
2026-03-11 14:38:18,899{GMT}	INFO	[jepsen worker 2] jepsen.util: 2	:ok	:generate	"522-null"
2026-03-11 14:38:18,900{GMT}	INFO	[jepsen worker 0] jepsen.util: 0	:invoke	:generate	nil
2026-03-11 14:38:18,901{GMT}	INFO	[jepsen worker 0] jepsen.util: 0	:ok	:generate	"742-null"
2026-03-11 14:38:18,901{GMT}	INFO	[jepsen worker 1] jepsen.util: 1	:invoke	:generate	nil
2026-03-11 14:38:18,901{GMT}	INFO	[jepsen worker 1] jepsen.util: 1	:ok	:generate	"601-null"
2026-03-11 14:38:18,902{GMT}	INFO	[jepsen worker 1] jepsen.util: 1	:invoke	:generate	nil
2026-03-11 14:38:18,902{GMT}	INFO	[jepsen worker 2] jepsen.util: 2	:invoke	:generate	nil
2026-03-11 14:38:18,903{GMT}	INFO	[jepsen worker 1] jepsen.util: 1	:ok	:generate	"602-null"
2026-03-11 14:38:18,903{GMT}	INFO	[jepsen worker 2] jepsen.util: 2	:ok	:generate	"523-null"
2026-03-11 14:38:18,903{GMT}	INFO	[jepsen worker 0] jepsen.util: 0	:invoke	:generate	nil
2026-03-11 14:38:18,903{GMT}	INFO	[jepsen worker 1] jepsen.util: 1	:invoke	:generate	nil
2026-03-11 14:38:18,903{GMT}	INFO	[jepsen worker 0] jepsen.util: 0	:ok	:generate	"743-null"
2026-03-11 14:38:18,904{GMT}	INFO	[jepsen worker 1] jepsen.util: 1	:ok	:generate	"603-null"
2026-03-11 14:38:18,904{GMT}	INFO	[jepsen worker 1] jepsen.util: 1	:invoke	:generate	nil
2026-03-11 14:38:18,904{GMT}	INFO	[jepsen worker 1] jepsen.util: 1	:ok	:generate	"604-null"
2026-03-11 14:38:18,906{GMT}	INFO	[jepsen worker 2] jepsen.util: 2	:invoke	:generate	nil
2026-03-11 14:38:18,906{GMT}	INFO	[jepsen worker 0] jepsen.util: 0	:invoke	:generate	nil
2026-03-11 14:38:18,906{GMT}	INFO	[jepsen worker 2] jepsen.util: 2	:ok	:generate	"524-null"
2026-03-11 14:38:18,907{GMT}	INFO	[jepsen worker 0] jepsen.util: 0	:ok	:generate	"744-null"
2026-03-11 14:38:18,908{GMT}	INFO	[jepsen worker 0] jepsen.util: 0	:invoke	:generate	nil
2026-03-11 14:38:18,908{GMT}	INFO	[jepsen worker 1] jepsen.util: 1	:invoke	:generate	nil
2026-03-11 14:38:18,908{GMT}	INFO	[jepsen worker 1] jepsen.util: 1	:ok	:generate	"605-null"
2026-03-11 14:38:18,908{GMT}	INFO	[jepsen worker 0] jepsen.util: 0	:ok	:generate	"745-null"
2026-03-11 14:38:18,909{GMT}	INFO	[jepsen worker 2] jepsen.util: 2	:invoke	:generate	nil
2026-03-11 14:38:18,910{GMT}	INFO	[jepsen worker 2] jepsen.util: 2	:ok	:generate	"525-null"
2026-03-11 14:38:18,911{GMT}	INFO	[jepsen worker 0] jepsen.util: 0	:invoke	:generate	nil
2026-03-11 14:38:18,911{GMT}	INFO	[jepsen worker 1] jepsen.util: 1	:invoke	:generate	nil
2026-03-11 14:38:18,911{GMT}	INFO	[jepsen worker 2] jepsen.util: 2	:invoke	:generate	nil
2026-03-11 14:38:18,912{GMT}	INFO	[jepsen worker 0] jepsen.util: 0	:ok	:generate	"746-null"
2026-03-11 14:38:18,912{GMT}	INFO	[jepsen worker 1] jepsen.util: 1	:ok	:generate	"606-null"
2026-03-11 14:38:18,912{GMT}	INFO	[jepsen worker 2] jepsen.util: 2	:ok	:generate	"526-null"
2026-03-11 14:38:18,913{GMT}	INFO	[jepsen worker 2] jepsen.util: 2	:invoke	:generate	nil
2026-03-11 14:38:18,913{GMT}	INFO	[jepsen worker 2] jepsen.util: 2	:ok	:generate	"527-null"
2026-03-11 14:38:18,914{GMT}	INFO	[jepsen worker 0] jepsen.util: 0	:invoke	:generate	nil
2026-03-11 14:38:18,914{GMT}	INFO	[jepsen worker 0] jepsen.util: 0	:ok	:generate	"747-null"
2026-03-11 14:38:18,916{GMT}	INFO	[jepsen worker 0] jepsen.util: 0	:invoke	:generate	nil
2026-03-11 14:38:18,916{GMT}	INFO	[jepsen worker 0] jepsen.util: 0	:ok	:generate	"748-null"
2026-03-11 14:38:18,917{GMT}	INFO	[jepsen worker 1] jepsen.util: 1	:invoke	:generate	nil
2026-03-11 14:38:18,918{GMT}	INFO	[jepsen worker 1] jepsen.util: 1	:ok	:generate	"607-null"
2026-03-11 14:38:18,919{GMT}	INFO	[jepsen worker 2] jepsen.util: 2	:invoke	:generate	nil
2026-03-11 14:38:18,920{GMT}	INFO	[jepsen worker 2] jepsen.util: 2	:ok	:generate	"528-null"
2026-03-11 14:38:18,920{GMT}	INFO	[jepsen worker 0] jepsen.util: 0	:invoke	:generate	nil
2026-03-11 14:38:18,921{GMT}	INFO	[jepsen worker 0] jepsen.util: 0	:ok	:generate	"749-null"
2026-03-11 14:38:18,922{GMT}	INFO	[jepsen worker 0] jepsen.util: 0	:invoke	:generate	nil
2026-03-11 14:38:18,922{GMT}	INFO	[jepsen worker 0] jepsen.util: 0	:ok	:generate	"750-null"
2026-03-11 14:38:18,924{GMT}	INFO	[jepsen worker 1] jepsen.util: 1	:invoke	:generate	nil
2026-03-11 14:38:18,924{GMT}	INFO	[jepsen worker 1] jepsen.util: 1	:ok	:generate	"608-null"
2026-03-11 14:38:18,925{GMT}	INFO	[jepsen worker 2] jepsen.util: 2	:invoke	:generate	nil
2026-03-11 14:38:18,926{GMT}	INFO	[jepsen worker 2] jepsen.util: 2	:ok	:generate	"529-null"
2026-03-11 14:38:18,927{GMT}	INFO	[jepsen worker 0] jepsen.util: 0	:invoke	:generate	nil
2026-03-11 14:38:18,927{GMT}	INFO	[jepsen worker 0] jepsen.util: 0	:ok	:generate	"751-null"
2026-03-11 14:38:18,927{GMT}	INFO	[jepsen worker 0] jepsen.util: 0	:invoke	:generate	nil
2026-03-11 14:38:18,928{GMT}	INFO	[jepsen worker 0] jepsen.util: 0	:ok	:generate	"752-null"
2026-03-11 14:38:18,929{GMT}	INFO	[jepsen worker 1] jepsen.util: 1	:invoke	:generate	nil
2026-03-11 14:38:18,930{GMT}	INFO	[jepsen worker 1] jepsen.util: 1	:ok	:generate	"609-null"
2026-03-11 14:38:18,931{GMT}	INFO	[jepsen worker 2] jepsen.util: 2	:invoke	:generate	nil
2026-03-11 14:38:18,932{GMT}	INFO	[jepsen worker 2] jepsen.util: 2	:ok	:generate	"530-null"
2026-03-11 14:38:18,932{GMT}	INFO	[jepsen worker 0] jepsen.util: 0	:invoke	:generate	nil
2026-03-11 14:38:18,933{GMT}	INFO	[jepsen worker 0] jepsen.util: 0	:ok	:generate	"753-null"
2026-03-11 14:38:18,933{GMT}	INFO	[jepsen worker 0] jepsen.util: 0	:invoke	:generate	nil
2026-03-11 14:38:18,933{GMT}	INFO	[jepsen worker 0] jepsen.util: 0	:ok	:generate	"754-null"
2026-03-11 14:38:18,935{GMT}	INFO	[jepsen worker 1] jepsen.util: 1	:invoke	:generate	nil
2026-03-11 14:38:18,935{GMT}	INFO	[jepsen worker 1] jepsen.util: 1	:ok	:generate	"610-null"
2026-03-11 14:38:18,937{GMT}	INFO	[jepsen worker 2] jepsen.util: 2	:invoke	:generate	nil
2026-03-11 14:38:18,937{GMT}	INFO	[jepsen worker 0] jepsen.util: 0	:invoke	:generate	nil
2026-03-11 14:38:18,937{GMT}	INFO	[jepsen worker 2] jepsen.util: 2	:ok	:generate	"531-null"
2026-03-11 14:38:18,937{GMT}	INFO	[jepsen worker 0] jepsen.util: 0	:ok	:generate	"755-null"
2026-03-11 14:38:18,939{GMT}	INFO	[jepsen worker 0] jepsen.util: 0	:invoke	:generate	nil
2026-03-11 14:38:18,939{GMT}	INFO	[jepsen worker 0] jepsen.util: 0	:ok	:generate	"756-null"
2026-03-11 14:38:18,941{GMT}	INFO	[jepsen worker 1] jepsen.util: 1	:invoke	:generate	nil
2026-03-11 14:38:18,941{GMT}	INFO	[jepsen worker 1] jepsen.util: 1	:ok	:generate	"611-null"
2026-03-11 14:38:18,942{GMT}	INFO	[jepsen worker 2] jepsen.util: 2	:invoke	:generate	nil
2026-03-11 14:38:18,942{GMT}	INFO	[jepsen worker 0] jepsen.util: 0	:invoke	:generate	nil
2026-03-11 14:38:18,943{GMT}	INFO	[jepsen worker 1] jepsen.util: 1	:invoke	:generate	nil
2026-03-11 14:38:18,943{GMT}	INFO	[jepsen worker 2] jepsen.util: 2	:ok	:generate	"532-null"
2026-03-11 14:38:18,943{GMT}	INFO	[jepsen worker 0] jepsen.util: 0	:ok	:generate	"757-null"
2026-03-11 14:38:18,943{GMT}	INFO	[jepsen worker 1] jepsen.util: 1	:ok	:generate	"612-null"
2026-03-11 14:38:18,944{GMT}	INFO	[jepsen worker 1] jepsen.util: 1	:invoke	:generate	nil
2026-03-11 14:38:18,945{GMT}	INFO	[jepsen worker 1] jepsen.util: 1	:ok	:generate	"613-null"
2026-03-11 14:38:18,945{GMT}	INFO	[jepsen worker 2] jepsen.util: 2	:invoke	:generate	nil
2026-03-11 14:38:18,946{GMT}	INFO	[jepsen worker 2] jepsen.util: 2	:ok	:generate	"533-null"
2026-03-11 14:38:18,947{GMT}	INFO	[jepsen worker 0] jepsen.util: 0	:invoke	:generate	nil
2026-03-11 14:38:18,947{GMT}	INFO	[jepsen worker 0] jepsen.util: 0	:ok	:generate	"758-null"
2026-03-11 14:38:18,949{GMT}	INFO	[jepsen worker 0] jepsen.util: 0	:invoke	:generate	nil
2026-03-11 14:38:18,949{GMT}	INFO	[jepsen worker 0] jepsen.util: 0	:ok	:generate	"759-null"
2026-03-11 14:38:18,950{GMT}	INFO	[jepsen worker 1] jepsen.util: 1	:invoke	:generate	nil
2026-03-11 14:38:18,951{GMT}	INFO	[jepsen worker 1] jepsen.util: 1	:ok	:generate	"614-null"
2026-03-11 14:38:18,952{GMT}	INFO	[jepsen worker 2] jepsen.util: 2	:invoke	:generate	nil
2026-03-11 14:38:18,953{GMT}	INFO	[jepsen worker 2] jepsen.util: 2	:ok	:generate	"534-null"
2026-03-11 14:38:18,954{GMT}	INFO	[jepsen worker 0] jepsen.util: 0	:invoke	:generate	nil
2026-03-11 14:38:18,955{GMT}	INFO	[jepsen worker 0] jepsen.util: 0	:ok	:generate	"760-null"
2026-03-11 14:38:18,955{GMT}	INFO	[jepsen worker 0] jepsen.util: 0	:invoke	:generate	nil
2026-03-11 14:38:18,955{GMT}	INFO	[jepsen worker 0] jepsen.util: 0	:ok	:generate	"761-null"
2026-03-11 14:38:18,956{GMT}	INFO	[jepsen worker 1] jepsen.util: 1	:invoke	:generate	nil
2026-03-11 14:38:18,956{GMT}	INFO	[jepsen worker 1] jepsen.util: 1	:ok	:generate	"615-null"
2026-03-11 14:38:18,957{GMT}	INFO	[jepsen worker 2] jepsen.util: 2	:invoke	:generate	nil
2026-03-11 14:38:18,958{GMT}	INFO	[jepsen worker 2] jepsen.util: 2	:ok	:generate	"535-null"
2026-03-11 14:38:18,958{GMT}	INFO	[jepsen worker 0] jepsen.util: 0	:invoke	:generate	nil
2026-03-11 14:38:18,958{GMT}	INFO	[jepsen worker 0] jepsen.util: 0	:ok	:generate	"762-null"
2026-03-11 14:38:18,959{GMT}	INFO	[jepsen worker 0] jepsen.util: 0	:invoke	:generate	nil
2026-03-11 14:38:18,960{GMT}	INFO	[jepsen worker 0] jepsen.util: 0	:ok	:generate	"763-null"
2026-03-11 14:38:18,960{GMT}	INFO	[jepsen worker 1] jepsen.util: 1	:invoke	:generate	nil
2026-03-11 14:38:18,960{GMT}	INFO	[jepsen worker 1] jepsen.util: 1	:ok	:generate	"616-null"
2026-03-11 14:38:18,961{GMT}	INFO	[jepsen worker 2] jepsen.util: 2	:invoke	:generate	nil
2026-03-11 14:38:18,962{GMT}	INFO	[jepsen worker 0] jepsen.util: 0	:invoke	:generate	nil
2026-03-11 14:38:18,962{GMT}	INFO	[jepsen worker 2] jepsen.util: 2	:ok	:generate	"536-null"
2026-03-11 14:38:18,962{GMT}	INFO	[jepsen worker 0] jepsen.util: 0	:ok	:generate	"764-null"
2026-03-11 14:38:18,964{GMT}	INFO	[jepsen worker 0] jepsen.util: 0	:invoke	:generate	nil
2026-03-11 14:38:18,964{GMT}	INFO	[jepsen worker 0] jepsen.util: 0	:ok	:generate	"765-null"
2026-03-11 14:38:18,964{GMT}	INFO	[jepsen worker 1] jepsen.util: 1	:invoke	:generate	nil
2026-03-11 14:38:18,964{GMT}	INFO	[jepsen worker 1] jepsen.util: 1	:ok	:generate	"617-null"
2026-03-11 14:38:18,966{GMT}	INFO	[jepsen worker 2] jepsen.util: 2	:invoke	:generate	nil
2026-03-11 14:38:18,966{GMT}	INFO	[jepsen worker 2] jepsen.util: 2	:ok	:generate	"537-null"
2026-03-11 14:38:18,966{GMT}	INFO	[jepsen worker 0] jepsen.util: 0	:invoke	:generate	nil
2026-03-11 14:38:18,967{GMT}	INFO	[jepsen worker 0] jepsen.util: 0	:ok	:generate	"766-null"
2026-03-11 14:38:18,968{GMT}	INFO	[jepsen worker 0] jepsen.util: 0	:invoke	:generate	nil
2026-03-11 14:38:18,968{GMT}	INFO	[jepsen worker 0] jepsen.util: 0	:ok	:generate	"767-null"
2026-03-11 14:38:18,970{GMT}	INFO	[jepsen worker 1] jepsen.util: 1	:invoke	:generate	nil
2026-03-11 14:38:18,970{GMT}	INFO	[jepsen worker 1] jepsen.util: 1	:ok	:generate	"618-null"
2026-03-11 14:38:18,971{GMT}	INFO	[jepsen worker 2] jepsen.util: 2	:invoke	:generate	nil
2026-03-11 14:38:18,972{GMT}	INFO	[jepsen worker 2] jepsen.util: 2	:ok	:generate	"538-null"
2026-03-11 14:38:18,973{GMT}	INFO	[jepsen worker 0] jepsen.util: 0	:invoke	:generate	nil
2026-03-11 14:38:18,973{GMT}	INFO	[jepsen worker 1] jepsen.util: 1	:invoke	:generate	nil
2026-03-11 14:38:18,973{GMT}	INFO	[jepsen worker 0] jepsen.util: 0	:ok	:generate	"768-null"
2026-03-11 14:38:18,974{GMT}	INFO	[jepsen worker 2] jepsen.util: 2	:invoke	:generate	nil
2026-03-11 14:38:18,974{GMT}	INFO	[jepsen worker 1] jepsen.util: 1	:ok	:generate	"619-null"
2026-03-11 14:38:18,974{GMT}	INFO	[jepsen worker 0] jepsen.util: 0	:invoke	:generate	nil
2026-03-11 14:38:18,974{GMT}	INFO	[jepsen worker 2] jepsen.util: 2	:ok	:generate	"539-null"
2026-03-11 14:38:18,975{GMT}	INFO	[jepsen worker 0] jepsen.util: 0	:ok	:generate	"769-null"
2026-03-11 14:38:18,976{GMT}	INFO	[jepsen worker 0] jepsen.util: 0	:invoke	:generate	nil
2026-03-11 14:38:18,976{GMT}	INFO	[jepsen worker 1] jepsen.util: 1	:invoke	:generate	nil
2026-03-11 14:38:18,977{GMT}	INFO	[jepsen worker 0] jepsen.util: 0	:ok	:generate	"770-null"
2026-03-11 14:38:18,977{GMT}	INFO	[jepsen worker 1] jepsen.util: 1	:ok	:generate	"620-null"
2026-03-11 14:38:18,977{GMT}	INFO	[jepsen worker 1] jepsen.util: 1	:invoke	:generate	nil
2026-03-11 14:38:18,977{GMT}	INFO	[jepsen worker 2] jepsen.util: 2	:invoke	:generate	nil
2026-03-11 14:38:18,977{GMT}	INFO	[jepsen worker 1] jepsen.util: 1	:ok	:generate	"621-null"
2026-03-11 14:38:18,978{GMT}	INFO	[jepsen worker 2] jepsen.util: 2	:ok	:generate	"540-null"
2026-03-11 14:38:18,979{GMT}	INFO	[jepsen worker 0] jepsen.util: 0	:invoke	:generate	nil
2026-03-11 14:38:18,979{GMT}	INFO	[jepsen worker 1] jepsen.util: 1	:invoke	:generate	nil
2026-03-11 14:38:18,980{GMT}	INFO	[jepsen worker 2] jepsen.util: 2	:invoke	:generate	nil
2026-03-11 14:38:18,980{GMT}	INFO	[jepsen worker 0] jepsen.util: 0	:ok	:generate	"771-null"
2026-03-11 14:38:18,980{GMT}	INFO	[jepsen worker 1] jepsen.util: 1	:ok	:generate	"622-null"
2026-03-11 14:38:18,980{GMT}	INFO	[jepsen worker 2] jepsen.util: 2	:ok	:generate	"541-null"
2026-03-11 14:38:18,980{GMT}	INFO	[jepsen worker 2] jepsen.util: 2	:invoke	:generate	nil
2026-03-11 14:38:18,981{GMT}	INFO	[jepsen worker 2] jepsen.util: 2	:ok	:generate	"542-null"
2026-03-11 14:38:18,983{GMT}	INFO	[jepsen worker 0] jepsen.util: 0	:invoke	:generate	nil
2026-03-11 14:38:18,983{GMT}	INFO	[jepsen worker 0] jepsen.util: 0	:ok	:generate	"772-null"
2026-03-11 14:38:18,983{GMT}	INFO	[jepsen worker 0] jepsen.util: 0	:invoke	:generate	nil
2026-03-11 14:38:18,984{GMT}	INFO	[jepsen worker 0] jepsen.util: 0	:ok	:generate	"773-null"
2026-03-11 14:38:18,985{GMT}	INFO	[jepsen worker 1] jepsen.util: 1	:invoke	:generate	nil
2026-03-11 14:38:18,985{GMT}	INFO	[jepsen worker 2] jepsen.util: 2	:invoke	:generate	nil
2026-03-11 14:38:18,986{GMT}	INFO	[jepsen worker 2] jepsen.util: 2	:ok	:generate	"543-null"
2026-03-11 14:38:18,986{GMT}	INFO	[jepsen worker 1] jepsen.util: 1	:ok	:generate	"623-null"
2026-03-11 14:38:18,987{GMT}	INFO	[jepsen worker 0] jepsen.util: 0	:invoke	:generate	nil
2026-03-11 14:38:18,988{GMT}	INFO	[jepsen worker 0] jepsen.util: 0	:ok	:generate	"774-null"
2026-03-11 14:38:18,988{GMT}	INFO	[jepsen worker 0] jepsen.util: 0	:invoke	:generate	nil
2026-03-11 14:38:18,989{GMT}	INFO	[jepsen worker 0] jepsen.util: 0	:ok	:generate	"775-null"
2026-03-11 14:38:18,989{GMT}	INFO	[jepsen worker 1] jepsen.util: 1	:invoke	:generate	nil
2026-03-11 14:38:18,990{GMT}	INFO	[jepsen worker 1] jepsen.util: 1	:ok	:generate	"624-null"
2026-03-11 14:38:18,990{GMT}	INFO	[jepsen worker 2] jepsen.util: 2	:invoke	:generate	nil
2026-03-11 14:38:18,990{GMT}	INFO	[jepsen worker 0] jepsen.util: 0	:invoke	:generate	nil
2026-03-11 14:38:18,991{GMT}	INFO	[jepsen worker 0] jepsen.util: 0	:ok	:generate	"776-null"
2026-03-11 14:38:18,991{GMT}	INFO	[jepsen worker 2] jepsen.util: 2	:ok	:generate	"544-null"
2026-03-11 14:38:18,992{GMT}	INFO	[jepsen worker 0] jepsen.util: 0	:invoke	:generate	nil
2026-03-11 14:38:18,993{GMT}	INFO	[jepsen worker 0] jepsen.util: 0	:ok	:generate	"777-null"
2026-03-11 14:38:18,994{GMT}	INFO	[jepsen worker 1] jepsen.util: 1	:invoke	:generate	nil
2026-03-11 14:38:18,995{GMT}	INFO	[jepsen worker 1] jepsen.util: 1	:ok	:generate	"625-null"
2026-03-11 14:38:18,995{GMT}	INFO	[jepsen worker 2] jepsen.util: 2	:invoke	:generate	nil
2026-03-11 14:38:18,995{GMT}	INFO	[jepsen worker 2] jepsen.util: 2	:ok	:generate	"545-null"
2026-03-11 14:38:18,996{GMT}	INFO	[jepsen worker 0] jepsen.util: 0	:invoke	:generate	nil
2026-03-11 14:38:18,996{GMT}	INFO	[jepsen worker 1] jepsen.util: 1	:invoke	:generate	nil
2026-03-11 14:38:18,996{GMT}	INFO	[jepsen worker 0] jepsen.util: 0	:ok	:generate	"778-null"
2026-03-11 14:38:18,997{GMT}	INFO	[jepsen worker 1] jepsen.util: 1	:ok	:generate	"626-null"
2026-03-11 14:38:18,997{GMT}	INFO	[jepsen worker 1] jepsen.util: 1	:invoke	:generate	nil
2026-03-11 14:38:18,998{GMT}	INFO	[jepsen worker 1] jepsen.util: 1	:ok	:generate	"627-null"
2026-03-11 14:38:18,999{GMT}	INFO	[jepsen worker 2] jepsen.util: 2	:invoke	:generate	nil
2026-03-11 14:38:19,000{GMT}	INFO	[jepsen worker 2] jepsen.util: 2	:ok	:generate	"546-null"
2026-03-11 14:38:19,001{GMT}	INFO	[jepsen worker 0] jepsen.util: 0	:invoke	:generate	nil
2026-03-11 14:38:19,002{GMT}	INFO	[jepsen worker 0] jepsen.util: 0	:ok	:generate	"779-null"
2026-03-11 14:38:19,002{GMT}	INFO	[jepsen worker 0] jepsen.util: 0	:invoke	:generate	nil
2026-03-11 14:38:19,002{GMT}	INFO	[jepsen worker 0] jepsen.util: 0	:ok	:generate	"780-null"
2026-03-11 14:38:19,003{GMT}	INFO	[jepsen worker 1] jepsen.util: 1	:invoke	:generate	nil
2026-03-11 14:38:19,003{GMT}	INFO	[jepsen worker 1] jepsen.util: 1	:ok	:generate	"628-null"
2026-03-11 14:38:19,004{GMT}	INFO	[jepsen worker 2] jepsen.util: 2	:invoke	:generate	nil
2026-03-11 14:38:19,004{GMT}	INFO	[jepsen worker 2] jepsen.util: 2	:ok	:generate	"547-null"
2026-03-11 14:38:19,006{GMT}	INFO	[jepsen worker 0] jepsen.util: 0	:invoke	:generate	nil
2026-03-11 14:38:19,006{GMT}	INFO	[jepsen worker 1] jepsen.util: 1	:invoke	:generate	nil
2026-03-11 14:38:19,006{GMT}	INFO	[jepsen worker 0] jepsen.util: 0	:ok	:generate	"781-null"
2026-03-11 14:38:19,007{GMT}	INFO	[jepsen worker 1] jepsen.util: 1	:ok	:generate	"629-null"
2026-03-11 14:38:19,008{GMT}	INFO	[jepsen worker 1] jepsen.util: 1	:invoke	:generate	nil
2026-03-11 14:38:19,008{GMT}	INFO	[jepsen worker 2] jepsen.util: 2	:invoke	:generate	nil
2026-03-11 14:38:19,008{GMT}	INFO	[jepsen worker 1] jepsen.util: 1	:ok	:generate	"630-null"
2026-03-11 14:38:19,009{GMT}	INFO	[jepsen worker 2] jepsen.util: 2	:ok	:generate	"548-null"
2026-03-11 14:38:19,009{GMT}	INFO	[jepsen worker 0] jepsen.util: 0	:invoke	:generate	nil
2026-03-11 14:38:19,009{GMT}	INFO	[jepsen worker 0] jepsen.util: 0	:ok	:generate	"782-null"
2026-03-11 14:38:19,010{GMT}	INFO	[jepsen worker 0] jepsen.util: 0	:invoke	:generate	nil
2026-03-11 14:38:19,010{GMT}	INFO	[jepsen worker 0] jepsen.util: 0	:ok	:generate	"783-null"
2026-03-11 14:38:19,012{GMT}	INFO	[jepsen worker 1] jepsen.util: 1	:invoke	:generate	nil
2026-03-11 14:38:19,013{GMT}	INFO	[jepsen worker 1] jepsen.util: 1	:ok	:generate	"631-null"
2026-03-11 14:38:19,014{GMT}	INFO	[jepsen worker 2] jepsen.util: 2	:invoke	:generate	nil
2026-03-11 14:38:19,014{GMT}	INFO	[jepsen worker 2] jepsen.util: 2	:ok	:generate	"549-null"
2026-03-11 14:38:19,015{GMT}	INFO	[jepsen worker 0] jepsen.util: 0	:invoke	:generate	nil
2026-03-11 14:38:19,015{GMT}	INFO	[jepsen worker 1] jepsen.util: 1	:invoke	:generate	nil
2026-03-11 14:38:19,015{GMT}	INFO	[jepsen worker 0] jepsen.util: 0	:ok	:generate	"784-null"
2026-03-11 14:38:19,016{GMT}	INFO	[jepsen worker 1] jepsen.util: 1	:ok	:generate	"632-null"
2026-03-11 14:38:19,017{GMT}	INFO	[jepsen worker 1] jepsen.util: 1	:invoke	:generate	nil
2026-03-11 14:38:19,017{GMT}	INFO	[jepsen worker 1] jepsen.util: 1	:ok	:generate	"633-null"
2026-03-11 14:38:19,017{GMT}	INFO	[jepsen worker 2] jepsen.util: 2	:invoke	:generate	nil
2026-03-11 14:38:19,018{GMT}	INFO	[jepsen worker 2] jepsen.util: 2	:ok	:generate	"550-null"
2026-03-11 14:38:19,018{GMT}	INFO	[jepsen worker 0] jepsen.util: 0	:invoke	:generate	nil
2026-03-11 14:38:19,019{GMT}	INFO	[jepsen worker 0] jepsen.util: 0	:ok	:generate	"785-null"
2026-03-11 14:38:19,019{GMT}	INFO	[jepsen worker 0] jepsen.util: 0	:invoke	:generate	nil
2026-03-11 14:38:19,020{GMT}	INFO	[jepsen worker 0] jepsen.util: 0	:ok	:generate	"786-null"
2026-03-11 14:38:19,021{GMT}	INFO	[jepsen worker 1] jepsen.util: 1	:invoke	:generate	nil
2026-03-11 14:38:19,022{GMT}	INFO	[jepsen worker 1] jepsen.util: 1	:ok	:generate	"634-null"
2026-03-11 14:38:19,023{GMT}	INFO	[jepsen worker 2] jepsen.util: 2	:invoke	:generate	nil
2026-03-11 14:38:19,023{GMT}	INFO	[jepsen worker 2] jepsen.util: 2	:ok	:generate	"551-null"
2026-03-11 14:38:19,025{GMT}	INFO	[jepsen worker 0] jepsen.util: 0	:invoke	:generate	nil
2026-03-11 14:38:19,026{GMT}	INFO	[jepsen worker 0] jepsen.util: 0	:ok	:generate	"787-null"
2026-03-11 14:38:19,026{GMT}	INFO	[jepsen worker 0] jepsen.util: 0	:invoke	:generate	nil
2026-03-11 14:38:19,027{GMT}	INFO	[jepsen worker 0] jepsen.util: 0	:ok	:generate	"788-null"
2026-03-11 14:38:19,027{GMT}	INFO	[jepsen worker 1] jepsen.util: 1	:invoke	:generate	nil
2026-03-11 14:38:19,028{GMT}	INFO	[jepsen worker 1] jepsen.util: 1	:ok	:generate	"635-null"
2026-03-11 14:38:19,029{GMT}	INFO	[jepsen worker 2] jepsen.util: 2	:invoke	:generate	nil
2026-03-11 14:38:19,029{GMT}	INFO	[jepsen worker 0] jepsen.util: 0	:invoke	:generate	nil
2026-03-11 14:38:19,029{GMT}	INFO	[jepsen worker 2] jepsen.util: 2	:ok	:generate	"552-null"
2026-03-11 14:38:19,030{GMT}	INFO	[jepsen worker 0] jepsen.util: 0	:ok	:generate	"789-null"
2026-03-11 14:38:19,031{GMT}	INFO	[jepsen worker 0] jepsen.util: 0	:invoke	:generate	nil
2026-03-11 14:38:19,031{GMT}	INFO	[jepsen worker 0] jepsen.util: 0	:ok	:generate	"790-null"
2026-03-11 14:38:19,033{GMT}	INFO	[jepsen worker 1] jepsen.util: 1	:invoke	:generate	nil
2026-03-11 14:38:19,034{GMT}	INFO	[jepsen worker 1] jepsen.util: 1	:ok	:generate	"636-null"
2026-03-11 14:38:19,034{GMT}	INFO	[jepsen worker 2] jepsen.util: 2	:invoke	:generate	nil
2026-03-11 14:38:19,035{GMT}	INFO	[jepsen worker 2] jepsen.util: 2	:ok	:generate	"553-null"
2026-03-11 14:38:19,035{GMT}	INFO	[jepsen worker 0] jepsen.util: 0	:invoke	:generate	nil
2026-03-11 14:38:19,035{GMT}	INFO	[jepsen worker 0] jepsen.util: 0	:ok	:generate	"791-null"
2026-03-11 14:38:19,036{GMT}	INFO	[jepsen worker 0] jepsen.util: 0	:invoke	:generate	nil
2026-03-11 14:38:19,037{GMT}	INFO	[jepsen worker 0] jepsen.util: 0	:ok	:generate	"792-null"
2026-03-11 14:38:19,038{GMT}	INFO	[jepsen worker 1] jepsen.util: 1	:invoke	:generate	nil
2026-03-11 14:38:19,038{GMT}	INFO	[jepsen worker 2] jepsen.util: 2	:invoke	:generate	nil
2026-03-11 14:38:19,038{GMT}	INFO	[jepsen worker 1] jepsen.util: 1	:ok	:generate	"637-null"
2026-03-11 14:38:19,039{GMT}	INFO	[jepsen worker 2] jepsen.util: 2	:ok	:generate	"554-null"
2026-03-11 14:38:19,039{GMT}	INFO	[jepsen worker 0] jepsen.util: 0	:invoke	:generate	nil
2026-03-11 14:38:19,040{GMT}	INFO	[jepsen worker 0] jepsen.util: 0	:ok	:generate	"793-null"
2026-03-11 14:38:19,041{GMT}	INFO	[jepsen worker 0] jepsen.util: 0	:invoke	:generate	nil
2026-03-11 14:38:19,042{GMT}	INFO	[jepsen worker 1] jepsen.util: 1	:invoke	:generate	nil
2026-03-11 14:38:19,042{GMT}	INFO	[jepsen worker 0] jepsen.util: 0	:ok	:generate	"794-null"
2026-03-11 14:38:19,043{GMT}	INFO	[jepsen worker 1] jepsen.util: 1	:ok	:generate	"638-null"
2026-03-11 14:38:19,045{GMT}	INFO	[jepsen worker 0] jepsen.util: 0	:invoke	:generate	nil
2026-03-11 14:38:19,046{GMT}	INFO	[jepsen worker 2] jepsen.util: 2	:invoke	:generate	nil
2026-03-11 14:38:19,046{GMT}	INFO	[jepsen worker 0] jepsen.util: 0	:ok	:generate	"795-null"
2026-03-11 14:38:19,046{GMT}	INFO	[jepsen worker 1] jepsen.util: 1	:invoke	:generate	nil
2026-03-11 14:38:19,049{GMT}	INFO	[jepsen worker 2] jepsen.util: 2	:ok	:generate	"555-null"
2026-03-11 14:38:19,049{GMT}	INFO	[jepsen worker 0] jepsen.util: 0	:invoke	:generate	nil
2026-03-11 14:38:19,049{GMT}	INFO	[jepsen worker 1] jepsen.util: 1	:ok	:generate	"639-null"
2026-03-11 14:38:19,051{GMT}	INFO	[jepsen worker 2] jepsen.util: 2	:invoke	:generate	nil
2026-03-11 14:38:19,051{GMT}	INFO	[jepsen worker 0] jepsen.util: 0	:ok	:generate	"796-null"
2026-03-11 14:38:19,052{GMT}	INFO	[jepsen worker 2] jepsen.util: 2	:ok	:generate	"556-null"
2026-03-11 14:38:19,053{GMT}	INFO	[jepsen worker 0] jepsen.util: 0	:invoke	:generate	nil
2026-03-11 14:38:19,054{GMT}	INFO	[jepsen worker 0] jepsen.util: 0	:ok	:generate	"797-null"
2026-03-11 14:38:19,054{GMT}	INFO	[jepsen worker 1] jepsen.util: 1	:invoke	:generate	nil
2026-03-11 14:38:19,054{GMT}	INFO	[jepsen worker 1] jepsen.util: 1	:ok	:generate	"640-null"
2026-03-11 14:38:19,054{GMT}	INFO	[jepsen worker 1] jepsen.util: 1	:invoke	:generate	nil
2026-03-11 14:38:19,055{GMT}	INFO	[jepsen worker 1] jepsen.util: 1	:ok	:generate	"641-null"
2026-03-11 14:38:19,056{GMT}	INFO	[jepsen worker 2] jepsen.util: 2	:invoke	:generate	nil
2026-03-11 14:38:19,057{GMT}	INFO	[jepsen worker 2] jepsen.util: 2	:ok	:generate	"557-null"
2026-03-11 14:38:19,058{GMT}	INFO	[jepsen worker 0] jepsen.util: 0	:invoke	:generate	nil
2026-03-11 14:38:19,059{GMT}	INFO	[jepsen worker 0] jepsen.util: 0	:ok	:generate	"798-null"
2026-03-11 14:38:19,060{GMT}	INFO	[jepsen worker 0] jepsen.util: 0	:invoke	:generate	nil
2026-03-11 14:38:19,060{GMT}	INFO	[jepsen worker 1] jepsen.util: 1	:invoke	:generate	nil
2026-03-11 14:38:19,060{GMT}	INFO	[jepsen worker 0] jepsen.util: 0	:ok	:generate	"799-null"
2026-03-11 14:38:19,061{GMT}	INFO	[jepsen worker 1] jepsen.util: 1	:ok	:generate	"642-null"
2026-03-11 14:38:19,062{GMT}	INFO	[jepsen worker 2] jepsen.util: 2	:invoke	:generate	nil
2026-03-11 14:38:19,062{GMT}	INFO	[jepsen worker 2] jepsen.util: 2	:ok	:generate	"558-null"
2026-03-11 14:38:19,064{GMT}	INFO	[jepsen worker 0] jepsen.util: 0	:invoke	:generate	nil
2026-03-11 14:38:19,064{GMT}	INFO	[jepsen worker 0] jepsen.util: 0	:ok	:generate	"800-null"
2026-03-11 14:38:19,064{GMT}	INFO	[jepsen worker 1] jepsen.util: 1	:invoke	:generate	nil
2026-03-11 14:38:19,065{GMT}	INFO	[jepsen worker 1] jepsen.util: 1	:ok	:generate	"643-null"
2026-03-11 14:38:19,066{GMT}	INFO	[jepsen worker 1] jepsen.util: 1	:invoke	:generate	nil
2026-03-11 14:38:19,067{GMT}	INFO	[jepsen worker 1] jepsen.util: 1	:ok	:generate	"644-null"
2026-03-11 14:38:19,067{GMT}	INFO	[jepsen worker 2] jepsen.util: 2	:invoke	:generate	nil
2026-03-11 14:38:19,067{GMT}	INFO	[jepsen worker 2] jepsen.util: 2	:ok	:generate	"559-null"
2026-03-11 14:38:19,069{GMT}	INFO	[jepsen worker 0] jepsen.util: 0	:invoke	:generate	nil
2026-03-11 14:38:19,069{GMT}	INFO	[jepsen worker 1] jepsen.util: 1	:invoke	:generate	nil
2026-03-11 14:38:19,070{GMT}	INFO	[jepsen worker 1] jepsen.util: 1	:ok	:generate	"645-null"
2026-03-11 14:38:19,070{GMT}	INFO	[jepsen worker 1] jepsen.util: 1	:invoke	:generate	nil
2026-03-11 14:38:19,071{GMT}	INFO	[jepsen worker 1] jepsen.util: 1	:ok	:generate	"646-null"
2026-03-11 14:38:19,072{GMT}	INFO	[jepsen worker 0] jepsen.util: 0	:ok	:generate	"801-null"
2026-03-11 14:38:19,072{GMT}	INFO	[jepsen worker 2] jepsen.util: 2	:invoke	:generate	nil
2026-03-11 14:38:19,073{GMT}	INFO	[jepsen worker 2] jepsen.util: 2	:ok	:generate	"560-null"
2026-03-11 14:38:19,073{GMT}	INFO	[jepsen worker 0] jepsen.util: 0	:invoke	:generate	nil
2026-03-11 14:38:19,073{GMT}	INFO	[jepsen worker 0] jepsen.util: 0	:ok	:generate	"802-null"
2026-03-11 14:38:19,074{GMT}	INFO	[jepsen worker 0] jepsen.util: 0	:invoke	:generate	nil
2026-03-11 14:38:19,075{GMT}	INFO	[jepsen worker 0] jepsen.util: 0	:ok	:generate	"803-null"
2026-03-11 14:38:19,075{GMT}	INFO	[jepsen worker 1] jepsen.util: 1	:invoke	:generate	nil
2026-03-11 14:38:19,076{GMT}	INFO	[jepsen worker 1] jepsen.util: 1	:ok	:generate	"647-null"
2026-03-11 14:38:19,076{GMT}	INFO	[jepsen worker 2] jepsen.util: 2	:invoke	:generate	nil
2026-03-11 14:38:19,076{GMT}	INFO	[jepsen worker 0] jepsen.util: 0	:invoke	:generate	nil
2026-03-11 14:38:19,076{GMT}	INFO	[jepsen worker 2] jepsen.util: 2	:ok	:generate	"561-null"
2026-03-11 14:38:19,077{GMT}	INFO	[jepsen worker 0] jepsen.util: 0	:ok	:generate	"804-null"
2026-03-11 14:38:19,077{GMT}	INFO	[jepsen worker 0] jepsen.util: 0	:invoke	:generate	nil
2026-03-11 14:38:19,078{GMT}	INFO	[jepsen worker 0] jepsen.util: 0	:ok	:generate	"805-null"
2026-03-11 14:38:19,078{GMT}	INFO	[jepsen worker 1] jepsen.util: 1	:invoke	:generate	nil
2026-03-11 14:38:19,079{GMT}	INFO	[jepsen worker 1] jepsen.util: 1	:ok	:generate	"648-null"
2026-03-11 14:38:19,080{GMT}	INFO	[jepsen worker 2] jepsen.util: 2	:invoke	:generate	nil
2026-03-11 14:38:19,081{GMT}	INFO	[jepsen worker 2] jepsen.util: 2	:ok	:generate	"562-null"
2026-03-11 14:38:19,081{GMT}	INFO	[jepsen worker 0] jepsen.util: 0	:invoke	:generate	nil
2026-03-11 14:38:19,082{GMT}	INFO	[jepsen worker 0] jepsen.util: 0	:ok	:generate	"806-null"
2026-03-11 14:38:19,083{GMT}	INFO	[jepsen worker 0] jepsen.util: 0	:invoke	:generate	nil
2026-03-11 14:38:19,084{GMT}	INFO	[jepsen worker 0] jepsen.util: 0	:ok	:generate	"807-null"
2026-03-11 14:38:19,084{GMT}	INFO	[jepsen worker 1] jepsen.util: 1	:invoke	:generate	nil
2026-03-11 14:38:19,085{GMT}	INFO	[jepsen worker 1] jepsen.util: 1	:ok	:generate	"649-null"
2026-03-11 14:38:19,085{GMT}	INFO	[jepsen worker 2] jepsen.util: 2	:invoke	:generate	nil
2026-03-11 14:38:19,085{GMT}	INFO	[jepsen worker 0] jepsen.util: 0	:invoke	:generate	nil
2026-03-11 14:38:19,086{GMT}	INFO	[jepsen worker 2] jepsen.util: 2	:ok	:generate	"563-null"
2026-03-11 14:38:19,086{GMT}	INFO	[jepsen worker 0] jepsen.util: 0	:ok	:generate	"808-null"
2026-03-11 14:38:19,088{GMT}	INFO	[jepsen worker 0] jepsen.util: 0	:invoke	:generate	nil
2026-03-11 14:38:19,089{GMT}	INFO	[jepsen worker 1] jepsen.util: 1	:invoke	:generate	nil
2026-03-11 14:38:19,089{GMT}	INFO	[jepsen worker 0] jepsen.util: 0	:ok	:generate	"809-null"
2026-03-11 14:38:19,090{GMT}	INFO	[jepsen worker 1] jepsen.util: 1	:ok	:generate	"650-null"
2026-03-11 14:38:19,091{GMT}	INFO	[jepsen worker 2] jepsen.util: 2	:invoke	:generate	nil
2026-03-11 14:38:19,092{GMT}	INFO	[jepsen worker 2] jepsen.util: 2	:ok	:generate	"564-null"
2026-03-11 14:38:19,092{GMT}	INFO	[jepsen worker 0] jepsen.util: 0	:invoke	:generate	nil
2026-03-11 14:38:19,093{GMT}	INFO	[jepsen worker 0] jepsen.util: 0	:ok	:generate	"810-null"
2026-03-11 14:38:19,093{GMT}	INFO	[jepsen worker 0] jepsen.util: 0	:invoke	:generate	nil
2026-03-11 14:38:19,094{GMT}	INFO	[jepsen worker 0] jepsen.util: 0	:ok	:generate	"811-null"
2026-03-11 14:38:19,095{GMT}	INFO	[jepsen worker 1] jepsen.util: 1	:invoke	:generate	nil
2026-03-11 14:38:19,096{GMT}	INFO	[jepsen worker 1] jepsen.util: 1	:ok	:generate	"651-null"
2026-03-11 14:38:19,097{GMT}	INFO	[jepsen worker 2] jepsen.util: 2	:invoke	:generate	nil
2026-03-11 14:38:19,097{GMT}	INFO	[jepsen worker 2] jepsen.util: 2	:ok	:generate	"565-null"
2026-03-11 14:38:19,098{GMT}	INFO	[jepsen worker 0] jepsen.util: 0	:invoke	:generate	nil
2026-03-11 14:38:19,098{GMT}	INFO	[jepsen worker 1] jepsen.util: 1	:invoke	:generate	nil
2026-03-11 14:38:19,098{GMT}	INFO	[jepsen worker 0] jepsen.util: 0	:ok	:generate	"812-null"
2026-03-11 14:38:19,099{GMT}	INFO	[jepsen worker 1] jepsen.util: 1	:ok	:generate	"652-null"
2026-03-11 14:38:19,099{GMT}	INFO	[jepsen worker 1] jepsen.util: 1	:invoke	:generate	nil
2026-03-11 14:38:19,100{GMT}	INFO	[jepsen worker 1] jepsen.util: 1	:ok	:generate	"653-null"
2026-03-11 14:38:19,101{GMT}	INFO	[jepsen worker 2] jepsen.util: 2	:invoke	:generate	nil
2026-03-11 14:38:19,101{GMT}	INFO	[jepsen worker 2] jepsen.util: 2	:ok	:generate	"566-null"
2026-03-11 14:38:19,102{GMT}	INFO	[jepsen worker 0] jepsen.util: 0	:invoke	:generate	nil
2026-03-11 14:38:19,102{GMT}	INFO	[jepsen worker 1] jepsen.util: 1	:invoke	:generate	nil
2026-03-11 14:38:19,103{GMT}	INFO	[jepsen worker 0] jepsen.util: 0	:ok	:generate	"813-null"
2026-03-11 14:38:19,103{GMT}	INFO	[jepsen worker 2] jepsen.util: 2	:invoke	:generate	nil
2026-03-11 14:38:19,103{GMT}	INFO	[jepsen worker 2] jepsen.util: 2	:ok	:generate	"567-null"
2026-03-11 14:38:19,103{GMT}	INFO	[jepsen worker 1] jepsen.util: 1	:ok	:generate	"654-null"
2026-03-11 14:38:19,105{GMT}	INFO	[jepsen worker 2] jepsen.util: 2	:invoke	:generate	nil
2026-03-11 14:38:19,105{GMT}	INFO	[jepsen worker 0] jepsen.util: 0	:invoke	:generate	nil
2026-03-11 14:38:19,106{GMT}	INFO	[jepsen worker 2] jepsen.util: 2	:ok	:generate	"568-null"
2026-03-11 14:38:19,106{GMT}	INFO	[jepsen worker 0] jepsen.util: 0	:ok	:generate	"814-null"
2026-03-11 14:38:19,107{GMT}	INFO	[jepsen worker 0] jepsen.util: 0	:invoke	:generate	nil
2026-03-11 14:38:19,108{GMT}	INFO	[jepsen worker 0] jepsen.util: 0	:ok	:generate	"815-null"
2026-03-11 14:38:19,109{GMT}	INFO	[jepsen worker 1] jepsen.util: 1	:invoke	:generate	nil
2026-03-11 14:38:19,109{GMT}	INFO	[jepsen worker 2] jepsen.util: 2	:invoke	:generate	nil
2026-03-11 14:38:19,110{GMT}	INFO	[jepsen worker 1] jepsen.util: 1	:ok	:generate	"655-null"
2026-03-11 14:38:19,110{GMT}	INFO	[jepsen worker 2] jepsen.util: 2	:ok	:generate	"569-null"
2026-03-11 14:38:19,111{GMT}	INFO	[jepsen worker 0] jepsen.util: 0	:invoke	:generate	nil
2026-03-11 14:38:19,112{GMT}	INFO	[jepsen worker 0] jepsen.util: 0	:ok	:generate	"816-null"
2026-03-11 14:38:19,113{GMT}	INFO	[jepsen worker 0] jepsen.util: 0	:invoke	:generate	nil
2026-03-11 14:38:19,113{GMT}	INFO	[jepsen worker 0] jepsen.util: 0	:ok	:generate	"817-null"
2026-03-11 14:38:19,115{GMT}	INFO	[jepsen worker 1] jepsen.util: 1	:invoke	:generate	nil
2026-03-11 14:38:19,116{GMT}	INFO	[jepsen worker 1] jepsen.util: 1	:ok	:generate	"656-null"
2026-03-11 14:38:19,117{GMT}	INFO	[jepsen worker 2] jepsen.util: 2	:invoke	:generate	nil
2026-03-11 14:38:19,117{GMT}	INFO	[jepsen worker 2] jepsen.util: 2	:ok	:generate	"570-null"
2026-03-11 14:38:19,119{GMT}	INFO	[jepsen worker 0] jepsen.util: 0	:invoke	:generate	nil
2026-03-11 14:38:19,119{GMT}	INFO	[jepsen worker 0] jepsen.util: 0	:ok	:generate	"818-null"
2026-03-11 14:38:19,121{GMT}	INFO	[jepsen worker 0] jepsen.util: 0	:invoke	:generate	nil
2026-03-11 14:38:19,121{GMT}	INFO	[jepsen worker 1] jepsen.util: 1	:invoke	:generate	nil
2026-03-11 14:38:19,122{GMT}	INFO	[jepsen worker 0] jepsen.util: 0	:ok	:generate	"819-null"
2026-03-11 14:38:19,122{GMT}	INFO	[jepsen worker 0] jepsen.util: 0	:invoke	:generate	nil
2026-03-11 14:38:19,123{GMT}	INFO	[jepsen worker 0] jepsen.util: 0	:ok	:generate	"820-null"
2026-03-11 14:38:19,124{GMT}	INFO	[jepsen worker 0] jepsen.util: 0	:invoke	:generate	nil
2026-03-11 14:38:19,121{GMT}	INFO	[jepsen worker 2] jepsen.util: 2	:invoke	:generate	nil
2026-03-11 14:38:19,125{GMT}	INFO	[jepsen worker 0] jepsen.util: 0	:ok	:generate	"821-null"
2026-03-11 14:38:19,125{GMT}	INFO	[jepsen worker 2] jepsen.util: 2	:ok	:generate	"571-null"
2026-03-11 14:38:19,125{GMT}	INFO	[jepsen worker 1] jepsen.util: 1	:ok	:generate	"657-null"
2026-03-11 14:38:19,126{GMT}	INFO	[jepsen worker 2] jepsen.util: 2	:invoke	:generate	nil
2026-03-11 14:38:19,127{GMT}	INFO	[jepsen worker 1] jepsen.util: 1	:invoke	:generate	nil
2026-03-11 14:38:19,127{GMT}	INFO	[jepsen worker 2] jepsen.util: 2	:ok	:generate	"572-null"
2026-03-11 14:38:19,127{GMT}	INFO	[jepsen worker 1] jepsen.util: 1	:ok	:generate	"658-null"
2026-03-11 14:38:19,128{GMT}	INFO	[jepsen worker 0] jepsen.util: 0	:invoke	:generate	nil
2026-03-11 14:38:19,129{GMT}	INFO	[jepsen worker 0] jepsen.util: 0	:ok	:generate	"822-null"
2026-03-11 14:38:19,130{GMT}	INFO	[jepsen worker 0] jepsen.util: 0	:invoke	:generate	nil
2026-03-11 14:38:19,131{GMT}	INFO	[jepsen worker 1] jepsen.util: 1	:invoke	:generate	nil
2026-03-11 14:38:19,131{GMT}	INFO	[jepsen worker 0] jepsen.util: 0	:ok	:generate	"823-null"
2026-03-11 14:38:19,132{GMT}	INFO	[jepsen worker 1] jepsen.util: 1	:ok	:generate	"659-null"
2026-03-11 14:38:19,132{GMT}	INFO	[jepsen worker 2] jepsen.util: 2	:invoke	:generate	nil
2026-03-11 14:38:19,132{GMT}	INFO	[jepsen worker 0] jepsen.util: 0	:invoke	:generate	nil
2026-03-11 14:38:19,133{GMT}	INFO	[jepsen worker 2] jepsen.util: 2	:ok	:generate	"573-null"
2026-03-11 14:38:19,133{GMT}	INFO	[jepsen worker 0] jepsen.util: 0	:ok	:generate	"824-null"
2026-03-11 14:38:19,134{GMT}	INFO	[jepsen worker 0] jepsen.util: 0	:invoke	:generate	nil
2026-03-11 14:38:19,135{GMT}	INFO	[jepsen worker 0] jepsen.util: 0	:ok	:generate	"825-null"
2026-03-11 14:38:19,135{GMT}	INFO	[jepsen worker 2] jepsen.util: 2	:invoke	:generate	nil
2026-03-11 14:38:19,135{GMT}	INFO	[jepsen worker 1] jepsen.util: 1	:invoke	:generate	nil
2026-03-11 14:38:19,136{GMT}	INFO	[jepsen worker 1] jepsen.util: 1	:ok	:generate	"660-null"
2026-03-11 14:38:19,137{GMT}	INFO	[jepsen worker 2] jepsen.util: 2	:ok	:generate	"574-null"
2026-03-11 14:38:19,137{GMT}	INFO	[jepsen worker 0] jepsen.util: 0	:invoke	:generate	nil
2026-03-11 14:38:19,137{GMT}	INFO	[jepsen worker 0] jepsen.util: 0	:ok	:generate	"826-null"
2026-03-11 14:38:19,138{GMT}	INFO	[jepsen worker 0] jepsen.util: 0	:invoke	:generate	nil
2026-03-11 14:38:19,138{GMT}	INFO	[jepsen worker 0] jepsen.util: 0	:ok	:generate	"827-null"
2026-03-11 14:38:19,140{GMT}	INFO	[jepsen worker 1] jepsen.util: 1	:invoke	:generate	nil
2026-03-11 14:38:19,140{GMT}	INFO	[jepsen worker 1] jepsen.util: 1	:ok	:generate	"661-null"
2026-03-11 14:38:19,142{GMT}	INFO	[jepsen worker 2] jepsen.util: 2	:invoke	:generate	nil
2026-03-11 14:38:19,143{GMT}	INFO	[jepsen worker 2] jepsen.util: 2	:ok	:generate	"575-null"
2026-03-11 14:38:19,143{GMT}	INFO	[jepsen worker 0] jepsen.util: 0	:invoke	:generate	nil
2026-03-11 14:38:19,144{GMT}	INFO	[jepsen worker 0] jepsen.util: 0	:ok	:generate	"828-null"
2026-03-11 14:38:19,145{GMT}	INFO	[jepsen worker 0] jepsen.util: 0	:invoke	:generate	nil
2026-03-11 14:38:19,146{GMT}	INFO	[jepsen worker 0] jepsen.util: 0	:ok	:generate	"829-null"
2026-03-11 14:38:19,146{GMT}	INFO	[jepsen worker 1] jepsen.util: 1	:invoke	:generate	nil
2026-03-11 14:38:19,147{GMT}	INFO	[jepsen worker 1] jepsen.util: 1	:ok	:generate	"662-null"
2026-03-11 14:38:19,148{GMT}	INFO	[jepsen worker 2] jepsen.util: 2	:invoke	:generate	nil
2026-03-11 14:38:19,149{GMT}	INFO	[jepsen worker 2] jepsen.util: 2	:ok	:generate	"576-null"
2026-03-11 14:38:19,149{GMT}	INFO	[jepsen worker 0] jepsen.util: 0	:invoke	:generate	nil
2026-03-11 14:38:19,150{GMT}	INFO	[jepsen worker 1] jepsen.util: 1	:invoke	:generate	nil
2026-03-11 14:38:19,150{GMT}	INFO	[jepsen worker 0] jepsen.util: 0	:ok	:generate	"830-null"
2026-03-11 14:38:19,151{GMT}	INFO	[jepsen worker 1] jepsen.util: 1	:ok	:generate	"663-null"
2026-03-11 14:38:19,151{GMT}	INFO	[jepsen worker 1] jepsen.util: 1	:invoke	:generate	nil
2026-03-11 14:38:19,152{GMT}	INFO	[jepsen worker 1] jepsen.util: 1	:ok	:generate	"664-null"
2026-03-11 14:38:19,153{GMT}	INFO	[jepsen worker 2] jepsen.util: 2	:invoke	:generate	nil
2026-03-11 14:38:19,154{GMT}	INFO	[jepsen worker 2] jepsen.util: 2	:ok	:generate	"577-null"
2026-03-11 14:38:19,155{GMT}	INFO	[jepsen worker 0] jepsen.util: 0	:invoke	:generate	nil
2026-03-11 14:38:19,156{GMT}	INFO	[jepsen worker 0] jepsen.util: 0	:ok	:generate	"831-null"
2026-03-11 14:38:19,156{GMT}	INFO	[jepsen worker 0] jepsen.util: 0	:invoke	:generate	nil
2026-03-11 14:38:19,156{GMT}	INFO	[jepsen worker 1] jepsen.util: 1	:invoke	:generate	nil
2026-03-11 14:38:19,157{GMT}	INFO	[jepsen worker 0] jepsen.util: 0	:ok	:generate	"832-null"
2026-03-11 14:38:19,157{GMT}	INFO	[jepsen worker 1] jepsen.util: 1	:ok	:generate	"665-null"
2026-03-11 14:38:19,158{GMT}	INFO	[jepsen worker 2] jepsen.util: 2	:invoke	:generate	nil
2026-03-11 14:38:19,159{GMT}	INFO	[jepsen worker 2] jepsen.util: 2	:ok	:generate	"578-null"
2026-03-11 14:38:19,159{GMT}	INFO	[jepsen worker 0] jepsen.util: 0	:invoke	:generate	nil
2026-03-11 14:38:19,159{GMT}	INFO	[jepsen worker 0] jepsen.util: 0	:ok	:generate	"833-null"
2026-03-11 14:38:19,160{GMT}	INFO	[jepsen worker 0] jepsen.util: 0	:invoke	:generate	nil
2026-03-11 14:38:19,161{GMT}	INFO	[jepsen worker 1] jepsen.util: 1	:invoke	:generate	nil
2026-03-11 14:38:19,161{GMT}	INFO	[jepsen worker 0] jepsen.util: 0	:ok	:generate	"834-null"
2026-03-11 14:38:19,161{GMT}	INFO	[jepsen worker 1] jepsen.util: 1	:ok	:generate	"666-null"
2026-03-11 14:38:19,163{GMT}	INFO	[jepsen worker 2] jepsen.util: 2	:invoke	:generate	nil
2026-03-11 14:38:19,164{GMT}	INFO	[jepsen worker 2] jepsen.util: 2	:ok	:generate	"579-null"
2026-03-11 14:38:19,165{GMT}	INFO	[jepsen worker 0] jepsen.util: 0	:invoke	:generate	nil
2026-03-11 14:38:19,165{GMT}	INFO	[jepsen worker 0] jepsen.util: 0	:ok	:generate	"835-null"
2026-03-11 14:38:19,166{GMT}	INFO	[jepsen worker 0] jepsen.util: 0	:invoke	:generate	nil
2026-03-11 14:38:19,166{GMT}	INFO	[jepsen worker 0] jepsen.util: 0	:ok	:generate	"836-null"
2026-03-11 14:38:19,167{GMT}	INFO	[jepsen worker 1] jepsen.util: 1	:invoke	:generate	nil
2026-03-11 14:38:19,168{GMT}	INFO	[jepsen worker 2] jepsen.util: 2	:invoke	:generate	nil
2026-03-11 14:38:19,168{GMT}	INFO	[jepsen worker 0] jepsen.util: 0	:invoke	:generate	nil
2026-03-11 14:38:19,168{GMT}	INFO	[jepsen worker 1] jepsen.util: 1	:ok	:generate	"667-null"
2026-03-11 14:38:19,169{GMT}	INFO	[jepsen worker 1] jepsen.util: 1	:invoke	:generate	nil
2026-03-11 14:38:19,169{GMT}	INFO	[jepsen worker 0] jepsen.util: 0	:ok	:generate	"837-null"
2026-03-11 14:38:19,169{GMT}	INFO	[jepsen worker 2] jepsen.util: 2	:ok	:generate	"580-null"
2026-03-11 14:38:19,170{GMT}	INFO	[jepsen worker 1] jepsen.util: 1	:ok	:generate	"668-null"
2026-03-11 14:38:19,171{GMT}	INFO	[jepsen worker 1] jepsen.util: 1	:invoke	:generate	nil
2026-03-11 14:38:19,172{GMT}	INFO	[jepsen worker 1] jepsen.util: 1	:ok	:generate	"669-null"
2026-03-11 14:38:19,172{GMT}	INFO	[jepsen worker 2] jepsen.util: 2	:invoke	:generate	nil
2026-03-11 14:38:19,172{GMT}	INFO	[jepsen worker 0] jepsen.util: 0	:invoke	:generate	nil
2026-03-11 14:38:19,172{GMT}	INFO	[jepsen worker 0] jepsen.util: 0	:ok	:generate	"838-null"
2026-03-11 14:38:19,172{GMT}	INFO	[jepsen worker 2] jepsen.util: 2	:ok	:generate	"581-null"
2026-03-11 14:38:19,174{GMT}	INFO	[jepsen worker 0] jepsen.util: 0	:invoke	:generate	nil
2026-03-11 14:38:19,174{GMT}	INFO	[jepsen worker 1] jepsen.util: 1	:invoke	:generate	nil
2026-03-11 14:38:19,175{GMT}	INFO	[jepsen worker 0] jepsen.util: 0	:ok	:generate	"839-null"
2026-03-11 14:38:19,175{GMT}	INFO	[jepsen worker 1] jepsen.util: 1	:ok	:generate	"670-null"
2026-03-11 14:38:19,175{GMT}	INFO	[jepsen worker 2] jepsen.util: 2	:invoke	:generate	nil
2026-03-11 14:38:19,176{GMT}	INFO	[jepsen worker 2] jepsen.util: 2	:ok	:generate	"582-null"
2026-03-11 14:38:19,176{GMT}	INFO	[jepsen worker 0] jepsen.util: 0	:invoke	:generate	nil
2026-03-11 14:38:19,176{GMT}	INFO	[jepsen worker 0] jepsen.util: 0	:ok	:generate	"840-null"
2026-03-11 14:38:19,177{GMT}	INFO	[jepsen worker 0] jepsen.util: 0	:invoke	:generate	nil
2026-03-11 14:38:19,177{GMT}	INFO	[jepsen worker 1] jepsen.util: 1	:invoke	:generate	nil
2026-03-11 14:38:19,178{GMT}	INFO	[jepsen worker 0] jepsen.util: 0	:ok	:generate	"841-null"
2026-03-11 14:38:19,178{GMT}	INFO	[jepsen worker 1] jepsen.util: 1	:ok	:generate	"671-null"
2026-03-11 14:38:19,179{GMT}	INFO	[jepsen worker 2] jepsen.util: 2	:invoke	:generate	nil
2026-03-11 14:38:19,179{GMT}	INFO	[jepsen worker 0] jepsen.util: 0	:invoke	:generate	nil
2026-03-11 14:38:19,179{GMT}	INFO	[jepsen worker 1] jepsen.util: 1	:invoke	:generate	nil
2026-03-11 14:38:19,180{GMT}	INFO	[jepsen worker 0] jepsen.util: 0	:ok	:generate	"842-null"
2026-03-11 14:38:19,180{GMT}	INFO	[jepsen worker 2] jepsen.util: 2	:ok	:generate	"583-null"
2026-03-11 14:38:19,180{GMT}	INFO	[jepsen worker 2] jepsen.util: 2	:invoke	:generate	nil
2026-03-11 14:38:19,180{GMT}	INFO	[jepsen worker 1] jepsen.util: 1	:ok	:generate	"672-null"
2026-03-11 14:38:19,181{GMT}	INFO	[jepsen worker 2] jepsen.util: 2	:ok	:generate	"584-null"
2026-03-11 14:38:19,181{GMT}	INFO	[jepsen worker 2] jepsen.util: 2	:invoke	:generate	nil
2026-03-11 14:38:19,182{GMT}	INFO	[jepsen worker 2] jepsen.util: 2	:ok	:generate	"585-null"
2026-03-11 14:38:19,183{GMT}	INFO	[jepsen worker 0] jepsen.util: 0	:invoke	:generate	nil
2026-03-11 14:38:19,183{GMT}	INFO	[jepsen worker 1] jepsen.util: 1	:invoke	:generate	nil
2026-03-11 14:38:19,183{GMT}	INFO	[jepsen worker 2] jepsen.util: 2	:invoke	:generate	nil
2026-03-11 14:38:19,184{GMT}	INFO	[jepsen worker 0] jepsen.util: 0	:ok	:generate	"843-null"
2026-03-11 14:38:19,184{GMT}	INFO	[jepsen worker 1] jepsen.util: 1	:ok	:generate	"673-null"
2026-03-11 14:38:19,184{GMT}	INFO	[jepsen worker 2] jepsen.util: 2	:ok	:generate	"586-null"
2026-03-11 14:38:19,184{GMT}	INFO	[jepsen worker 2] jepsen.util: 2	:invoke	:generate	nil
2026-03-11 14:38:19,185{GMT}	INFO	[jepsen worker 2] jepsen.util: 2	:ok	:generate	"587-null"
2026-03-11 14:38:19,186{GMT}	INFO	[jepsen worker 0] jepsen.util: 0	:invoke	:generate	nil
2026-03-11 14:38:19,187{GMT}	INFO	[jepsen worker 0] jepsen.util: 0	:ok	:generate	"844-null"
2026-03-11 14:38:19,188{GMT}	INFO	[jepsen worker 0] jepsen.util: 0	:invoke	:generate	nil
2026-03-11 14:38:19,188{GMT}	INFO	[jepsen worker 0] jepsen.util: 0	:ok	:generate	"845-null"
2026-03-11 14:38:19,188{GMT}	INFO	[jepsen worker 1] jepsen.util: 1	:invoke	:generate	nil
2026-03-11 14:38:19,189{GMT}	INFO	[jepsen worker 2] jepsen.util: 2	:invoke	:generate	nil
2026-03-11 14:38:19,189{GMT}	INFO	[jepsen worker 1] jepsen.util: 1	:ok	:generate	"674-null"
2026-03-11 14:38:19,189{GMT}	INFO	[jepsen worker 2] jepsen.util: 2	:ok	:generate	"588-null"
2026-03-11 14:38:19,190{GMT}	INFO	[jepsen worker 0] jepsen.util: 0	:invoke	:generate	nil
2026-03-11 14:38:19,191{GMT}	INFO	[jepsen worker 1] jepsen.util: 1	:invoke	:generate	nil
2026-03-11 14:38:19,191{GMT}	INFO	[jepsen worker 0] jepsen.util: 0	:ok	:generate	"846-null"
2026-03-11 14:38:19,191{GMT}	INFO	[jepsen worker 2] jepsen.util: 2	:invoke	:generate	nil
2026-03-11 14:38:19,191{GMT}	INFO	[jepsen worker 1] jepsen.util: 1	:ok	:generate	"675-null"
2026-03-11 14:38:19,192{GMT}	INFO	[jepsen worker 2] jepsen.util: 2	:ok	:generate	"589-null"
2026-03-11 14:38:19,193{GMT}	INFO	[jepsen worker 2] jepsen.util: 2	:invoke	:generate	nil
2026-03-11 14:38:19,194{GMT}	INFO	[jepsen worker 2] jepsen.util: 2	:ok	:generate	"590-null"
2026-03-11 14:38:19,195{GMT}	INFO	[jepsen worker 0] jepsen.util: 0	:invoke	:generate	nil
2026-03-11 14:38:19,195{GMT}	INFO	[jepsen worker 1] jepsen.util: 1	:invoke	:generate	nil
2026-03-11 14:38:19,196{GMT}	INFO	[jepsen worker 0] jepsen.util: 0	:ok	:generate	"847-null"
2026-03-11 14:38:19,196{GMT}	INFO	[jepsen worker 1] jepsen.util: 1	:ok	:generate	"676-null"
2026-03-11 14:38:19,197{GMT}	INFO	[jepsen worker 1] jepsen.util: 1	:invoke	:generate	nil
2026-03-11 14:38:19,198{GMT}	INFO	[jepsen worker 1] jepsen.util: 1	:ok	:generate	"677-null"
2026-03-11 14:38:19,198{GMT}	INFO	[jepsen worker 2] jepsen.util: 2	:invoke	:generate	nil
2026-03-11 14:38:19,198{GMT}	INFO	[jepsen worker 0] jepsen.util: 0	:invoke	:generate	nil
2026-03-11 14:38:19,199{GMT}	INFO	[jepsen worker 2] jepsen.util: 2	:ok	:generate	"591-null"
2026-03-11 14:38:19,199{GMT}	INFO	[jepsen worker 0] jepsen.util: 0	:ok	:generate	"848-null"
2026-03-11 14:38:19,199{GMT}	INFO	[jepsen worker 0] jepsen.util: 0	:invoke	:generate	nil
2026-03-11 14:38:19,200{GMT}	INFO	[jepsen worker 0] jepsen.util: 0	:ok	:generate	"849-null"
2026-03-11 14:38:19,200{GMT}	INFO	[jepsen worker 1] jepsen.util: 1	:invoke	:generate	nil
2026-03-11 14:38:19,201{GMT}	INFO	[jepsen worker 1] jepsen.util: 1	:ok	:generate	"678-null"
2026-03-11 14:38:19,202{GMT}	INFO	[jepsen worker 2] jepsen.util: 2	:invoke	:generate	nil
2026-03-11 14:38:19,203{GMT}	INFO	[jepsen worker 2] jepsen.util: 2	:ok	:generate	"592-null"
2026-03-11 14:38:19,204{GMT}	INFO	[jepsen worker 0] jepsen.util: 0	:invoke	:generate	nil
2026-03-11 14:38:19,204{GMT}	INFO	[jepsen worker 0] jepsen.util: 0	:ok	:generate	"850-null"
2026-03-11 14:38:19,205{GMT}	INFO	[jepsen worker 0] jepsen.util: 0	:invoke	:generate	nil
2026-03-11 14:38:19,205{GMT}	INFO	[jepsen worker 0] jepsen.util: 0	:ok	:generate	"851-null"
2026-03-11 14:38:19,206{GMT}	INFO	[jepsen worker 1] jepsen.util: 1	:invoke	:generate	nil
2026-03-11 14:38:19,206{GMT}	INFO	[jepsen worker 2] jepsen.util: 2	:invoke	:generate	nil
2026-03-11 14:38:19,207{GMT}	INFO	[jepsen worker 1] jepsen.util: 1	:ok	:generate	"679-null"
2026-03-11 14:38:19,207{GMT}	INFO	[jepsen worker 0] jepsen.util: 0	:invoke	:generate	nil
2026-03-11 14:38:19,207{GMT}	INFO	[jepsen worker 2] jepsen.util: 2	:ok	:generate	"593-null"
2026-03-11 14:38:19,207{GMT}	INFO	[jepsen worker 1] jepsen.util: 1	:invoke	:generate	nil
2026-03-11 14:38:19,208{GMT}	INFO	[jepsen worker 0] jepsen.util: 0	:ok	:generate	"852-null"
2026-03-11 14:38:19,208{GMT}	INFO	[jepsen worker 1] jepsen.util: 1	:ok	:generate	"680-null"
2026-03-11 14:38:19,209{GMT}	INFO	[jepsen worker 1] jepsen.util: 1	:invoke	:generate	nil
2026-03-11 14:38:19,209{GMT}	INFO	[jepsen worker 1] jepsen.util: 1	:ok	:generate	"681-null"
2026-03-11 14:38:19,209{GMT}	INFO	[jepsen worker 2] jepsen.util: 2	:invoke	:generate	nil
2026-03-11 14:38:19,210{GMT}	INFO	[jepsen worker 0] jepsen.util: 0	:invoke	:generate	nil
2026-03-11 14:38:19,210{GMT}	INFO	[jepsen worker 2] jepsen.util: 2	:ok	:generate	"594-null"
2026-03-11 14:38:19,210{GMT}	INFO	[jepsen worker 0] jepsen.util: 0	:ok	:generate	"853-null"
2026-03-11 14:38:19,211{GMT}	INFO	[jepsen worker 0] jepsen.util: 0	:invoke	:generate	nil
2026-03-11 14:38:19,212{GMT}	INFO	[jepsen worker 0] jepsen.util: 0	:ok	:generate	"854-null"
2026-03-11 14:38:19,212{GMT}	INFO	[jepsen worker 1] jepsen.util: 1	:invoke	:generate	nil
2026-03-11 14:38:19,213{GMT}	INFO	[jepsen worker 1] jepsen.util: 1	:ok	:generate	"682-null"
2026-03-11 14:38:19,214{GMT}	INFO	[jepsen worker 2] jepsen.util: 2	:invoke	:generate	nil
2026-03-11 14:38:19,214{GMT}	INFO	[jepsen worker 0] jepsen.util: 0	:invoke	:generate	nil
2026-03-11 14:38:19,215{GMT}	INFO	[jepsen worker 2] jepsen.util: 2	:ok	:generate	"595-null"
2026-03-11 14:38:19,215{GMT}	INFO	[jepsen worker 0] jepsen.util: 0	:ok	:generate	"855-null"
2026-03-11 14:38:19,216{GMT}	INFO	[jepsen worker 0] jepsen.util: 0	:invoke	:generate	nil
2026-03-11 14:38:19,216{GMT}	INFO	[jepsen worker 0] jepsen.util: 0	:ok	:generate	"856-null"
2026-03-11 14:38:19,217{GMT}	INFO	[jepsen worker 1] jepsen.util: 1	:invoke	:generate	nil
2026-03-11 14:38:19,218{GMT}	INFO	[jepsen worker 1] jepsen.util: 1	:ok	:generate	"683-null"
2026-03-11 14:38:19,219{GMT}	INFO	[jepsen worker 2] jepsen.util: 2	:invoke	:generate	nil
2026-03-11 14:38:19,220{GMT}	INFO	[jepsen worker 0] jepsen.util: 0	:invoke	:generate	nil
2026-03-11 14:38:19,220{GMT}	INFO	[jepsen worker 2] jepsen.util: 2	:ok	:generate	"596-null"
2026-03-11 14:38:19,220{GMT}	INFO	[jepsen worker 0] jepsen.util: 0	:ok	:generate	"857-null"
2026-03-11 14:38:19,221{GMT}	INFO	[jepsen worker 0] jepsen.util: 0	:invoke	:generate	nil
2026-03-11 14:38:19,222{GMT}	INFO	[jepsen worker 0] jepsen.util: 0	:ok	:generate	"858-null"
2026-03-11 14:38:19,222{GMT}	INFO	[jepsen worker 1] jepsen.util: 1	:invoke	:generate	nil
2026-03-11 14:38:19,222{GMT}	INFO	[jepsen worker 1] jepsen.util: 1	:ok	:generate	"684-null"
2026-03-11 14:38:19,223{GMT}	INFO	[jepsen worker 2] jepsen.util: 2	:invoke	:generate	nil
2026-03-11 14:38:19,223{GMT}	INFO	[jepsen worker 2] jepsen.util: 2	:ok	:generate	"597-null"
2026-03-11 14:38:19,223{GMT}	INFO	[jepsen worker 0] jepsen.util: 0	:invoke	:generate	nil
2026-03-11 14:38:19,223{GMT}	INFO	[jepsen worker 0] jepsen.util: 0	:ok	:generate	"859-null"
2026-03-11 14:38:19,225{GMT}	INFO	[jepsen worker 0] jepsen.util: 0	:invoke	:generate	nil
2026-03-11 14:38:19,225{GMT}	INFO	[jepsen worker 0] jepsen.util: 0	:ok	:generate	"860-null"
2026-03-11 14:38:19,227{GMT}	INFO	[jepsen worker 1] jepsen.util: 1	:invoke	:generate	nil
2026-03-11 14:38:19,227{GMT}	INFO	[jepsen worker 2] jepsen.util: 2	:invoke	:generate	nil
2026-03-11 14:38:19,227{GMT}	INFO	[jepsen worker 2] jepsen.util: 2	:ok	:generate	"598-null"
2026-03-11 14:38:19,227{GMT}	INFO	[jepsen worker 1] jepsen.util: 1	:ok	:generate	"685-null"
2026-03-11 14:38:19,228{GMT}	INFO	[jepsen worker 0] jepsen.util: 0	:invoke	:generate	nil
2026-03-11 14:38:19,229{GMT}	INFO	[jepsen worker 0] jepsen.util: 0	:ok	:generate	"861-null"
2026-03-11 14:38:19,230{GMT}	INFO	[jepsen worker 0] jepsen.util: 0	:invoke	:generate	nil
2026-03-11 14:38:19,230{GMT}	INFO	[jepsen worker 0] jepsen.util: 0	:ok	:generate	"862-null"
2026-03-11 14:38:19,231{GMT}	INFO	[jepsen worker 1] jepsen.util: 1	:invoke	:generate	nil
2026-03-11 14:38:19,231{GMT}	INFO	[jepsen worker 2] jepsen.util: 2	:invoke	:generate	nil
2026-03-11 14:38:19,231{GMT}	INFO	[jepsen worker 1] jepsen.util: 1	:ok	:generate	"686-null"
2026-03-11 14:38:19,232{GMT}	INFO	[jepsen worker 2] jepsen.util: 2	:ok	:generate	"599-null"
2026-03-11 14:38:19,232{GMT}	INFO	[jepsen worker 0] jepsen.util: 0	:invoke	:generate	nil
2026-03-11 14:38:19,232{GMT}	INFO	[jepsen worker 0] jepsen.util: 0	:ok	:generate	"863-null"
2026-03-11 14:38:19,233{GMT}	INFO	[jepsen worker 0] jepsen.util: 0	:invoke	:generate	nil
2026-03-11 14:38:19,234{GMT}	INFO	[jepsen worker 0] jepsen.util: 0	:ok	:generate	"864-null"
2026-03-11 14:38:19,234{GMT}	INFO	[jepsen worker 1] jepsen.util: 1	:invoke	:generate	nil
2026-03-11 14:38:19,235{GMT}	INFO	[jepsen worker 2] jepsen.util: 2	:invoke	:generate	nil
2026-03-11 14:38:19,235{GMT}	INFO	[jepsen worker 1] jepsen.util: 1	:ok	:generate	"687-null"
2026-03-11 14:38:19,236{GMT}	INFO	[jepsen worker 2] jepsen.util: 2	:ok	:generate	"600-null"
2026-03-11 14:38:19,236{GMT}	INFO	[jepsen worker 0] jepsen.util: 0	:invoke	:generate	nil
2026-03-11 14:38:19,237{GMT}	INFO	[jepsen worker 0] jepsen.util: 0	:ok	:generate	"865-null"
2026-03-11 14:38:19,237{GMT}	INFO	[jepsen worker 0] jepsen.util: 0	:invoke	:generate	nil
2026-03-11 14:38:19,238{GMT}	INFO	[jepsen worker 1] jepsen.util: 1	:invoke	:generate	nil
2026-03-11 14:38:19,238{GMT}	INFO	[jepsen worker 0] jepsen.util: 0	:ok	:generate	"866-null"
2026-03-11 14:38:19,238{GMT}	INFO	[jepsen worker 1] jepsen.util: 1	:ok	:generate	"688-null"
2026-03-11 14:38:19,239{GMT}	INFO	[jepsen worker 2] jepsen.util: 2	:invoke	:generate	nil
2026-03-11 14:38:19,239{GMT}	INFO	[jepsen worker 2] jepsen.util: 2	:ok	:generate	"601-null"
2026-03-11 14:38:19,240{GMT}	INFO	[jepsen worker 0] jepsen.util: 0	:invoke	:generate	nil
2026-03-11 14:38:19,241{GMT}	INFO	[jepsen worker 0] jepsen.util: 0	:ok	:generate	"867-null"
2026-03-11 14:38:19,242{GMT}	INFO	[jepsen worker 0] jepsen.util: 0	:invoke	:generate	nil
2026-03-11 14:38:19,242{GMT}	INFO	[jepsen worker 0] jepsen.util: 0	:ok	:generate	"868-null"
2026-03-11 14:38:19,243{GMT}	INFO	[jepsen worker 1] jepsen.util: 1	:invoke	:generate	nil
2026-03-11 14:38:19,243{GMT}	INFO	[jepsen worker 1] jepsen.util: 1	:ok	:generate	"689-null"
2026-03-11 14:38:19,244{GMT}	INFO	[jepsen worker 2] jepsen.util: 2	:invoke	:generate	nil
2026-03-11 14:38:19,244{GMT}	INFO	[jepsen worker 0] jepsen.util: 0	:invoke	:generate	nil
2026-03-11 14:38:19,244{GMT}	INFO	[jepsen worker 2] jepsen.util: 2	:ok	:generate	"602-null"
2026-03-11 14:38:19,244{GMT}	INFO	[jepsen worker 0] jepsen.util: 0	:ok	:generate	"869-null"
2026-03-11 14:38:19,245{GMT}	INFO	[jepsen worker 0] jepsen.util: 0	:invoke	:generate	nil
2026-03-11 14:38:19,245{GMT}	INFO	[jepsen worker 1] jepsen.util: 1	:invoke	:generate	nil
2026-03-11 14:38:19,246{GMT}	INFO	[jepsen worker 0] jepsen.util: 0	:ok	:generate	"870-null"
2026-03-11 14:38:19,246{GMT}	INFO	[jepsen worker 1] jepsen.util: 1	:ok	:generate	"690-null"
2026-03-11 14:38:19,247{GMT}	INFO	[jepsen worker 2] jepsen.util: 2	:invoke	:generate	nil
2026-03-11 14:38:19,247{GMT}	INFO	[jepsen worker 2] jepsen.util: 2	:ok	:generate	"603-null"
2026-03-11 14:38:19,248{GMT}	INFO	[jepsen worker 0] jepsen.util: 0	:invoke	:generate	nil
2026-03-11 14:38:19,249{GMT}	INFO	[jepsen worker 0] jepsen.util: 0	:ok	:generate	"871-null"
2026-03-11 14:38:19,250{GMT}	INFO	[jepsen worker 0] jepsen.util: 0	:invoke	:generate	nil
2026-03-11 14:38:19,251{GMT}	INFO	[jepsen worker 0] jepsen.util: 0	:ok	:generate	"872-null"
2026-03-11 14:38:19,252{GMT}	INFO	[jepsen worker 1] jepsen.util: 1	:invoke	:generate	nil
2026-03-11 14:38:19,253{GMT}	INFO	[jepsen worker 1] jepsen.util: 1	:ok	:generate	"691-null"
2026-03-11 14:38:19,254{GMT}	INFO	[jepsen worker 2] jepsen.util: 2	:invoke	:generate	nil
2026-03-11 14:38:19,254{GMT}	INFO	[jepsen worker 0] jepsen.util: 0	:invoke	:generate	nil
2026-03-11 14:38:19,254{GMT}	INFO	[jepsen worker 2] jepsen.util: 2	:ok	:generate	"604-null"
2026-03-11 14:38:19,255{GMT}	INFO	[jepsen worker 0] jepsen.util: 0	:ok	:generate	"873-null"
2026-03-11 14:38:19,255{GMT}	INFO	[jepsen worker 0] jepsen.util: 0	:invoke	:generate	nil
2026-03-11 14:38:19,256{GMT}	INFO	[jepsen worker 1] jepsen.util: 1	:invoke	:generate	nil
2026-03-11 14:38:19,256{GMT}	INFO	[jepsen worker 0] jepsen.util: 0	:ok	:generate	"874-null"
2026-03-11 14:38:19,256{GMT}	INFO	[jepsen worker 1] jepsen.util: 1	:ok	:generate	"692-null"
2026-03-11 14:38:19,258{GMT}	INFO	[jepsen worker 2] jepsen.util: 2	:invoke	:generate	nil
2026-03-11 14:38:19,258{GMT}	INFO	[jepsen worker 2] jepsen.util: 2	:ok	:generate	"605-null"
2026-03-11 14:38:19,258{GMT}	INFO	[jepsen worker 0] jepsen.util: 0	:invoke	:generate	nil
2026-03-11 14:38:19,259{GMT}	INFO	[jepsen worker 0] jepsen.util: 0	:ok	:generate	"875-null"
2026-03-11 14:38:19,259{GMT}	INFO	[jepsen worker 0] jepsen.util: 0	:invoke	:generate	nil
2026-03-11 14:38:19,259{GMT}	INFO	[jepsen worker 0] jepsen.util: 0	:ok	:generate	"876-null"
2026-03-11 14:38:19,261{GMT}	INFO	[jepsen worker 1] jepsen.util: 1	:invoke	:generate	nil
2026-03-11 14:38:19,262{GMT}	INFO	[jepsen worker 1] jepsen.util: 1	:ok	:generate	"693-null"
2026-03-11 14:38:19,263{GMT}	INFO	[jepsen worker 2] jepsen.util: 2	:invoke	:generate	nil
2026-03-11 14:38:19,265{GMT}	INFO	[jepsen worker 0] jepsen.util: 0	:invoke	:generate	nil
2026-03-11 14:38:19,265{GMT}	INFO	[jepsen worker 2] jepsen.util: 2	:ok	:generate	"606-null"
2026-03-11 14:38:19,266{GMT}	INFO	[jepsen worker 0] jepsen.util: 0	:ok	:generate	"877-null"
2026-03-11 14:38:19,266{GMT}	INFO	[jepsen worker 0] jepsen.util: 0	:invoke	:generate	nil
2026-03-11 14:38:19,266{GMT}	INFO	[jepsen worker 1] jepsen.util: 1	:invoke	:generate	nil
2026-03-11 14:38:19,266{GMT}	INFO	[jepsen worker 2] jepsen.util: 2	:invoke	:generate	nil
2026-03-11 14:38:19,267{GMT}	INFO	[jepsen worker 0] jepsen.util: 0	:ok	:generate	"878-null"
2026-03-11 14:38:19,267{GMT}	INFO	[jepsen worker 2] jepsen.util: 2	:ok	:generate	"607-null"
2026-03-11 14:38:19,267{GMT}	INFO	[jepsen worker 1] jepsen.util: 1	:ok	:generate	"694-null"
2026-03-11 14:38:19,268{GMT}	INFO	[jepsen worker 0] jepsen.util: 0	:invoke	:generate	nil
2026-03-11 14:38:19,269{GMT}	INFO	[jepsen worker 0] jepsen.util: 0	:ok	:generate	"879-null"
2026-03-11 14:38:19,270{GMT}	INFO	[jepsen worker 0] jepsen.util: 0	:invoke	:generate	nil
2026-03-11 14:38:19,271{GMT}	INFO	[jepsen worker 1] jepsen.util: 1	:invoke	:generate	nil
2026-03-11 14:38:19,271{GMT}	INFO	[jepsen worker 0] jepsen.util: 0	:ok	:generate	"880-null"
2026-03-11 14:38:19,271{GMT}	INFO	[jepsen worker 1] jepsen.util: 1	:ok	:generate	"695-null"
2026-03-11 14:38:19,272{GMT}	INFO	[jepsen worker 2] jepsen.util: 2	:invoke	:generate	nil
2026-03-11 14:38:19,272{GMT}	INFO	[jepsen worker 2] jepsen.util: 2	:ok	:generate	"608-null"
2026-03-11 14:38:19,272{GMT}	INFO	[jepsen worker 0] jepsen.util: 0	:invoke	:generate	nil
2026-03-11 14:38:19,273{GMT}	INFO	[jepsen worker 0] jepsen.util: 0	:ok	:generate	"881-null"
2026-03-11 14:38:19,274{GMT}	INFO	[jepsen worker 0] jepsen.util: 0	:invoke	:generate	nil
2026-03-11 14:38:19,275{GMT}	INFO	[jepsen worker 0] jepsen.util: 0	:ok	:generate	"882-null"
2026-03-11 14:38:19,275{GMT}	INFO	[jepsen worker 1] jepsen.util: 1	:invoke	:generate	nil
2026-03-11 14:38:19,275{GMT}	INFO	[jepsen worker 1] jepsen.util: 1	:ok	:generate	"696-null"
2026-03-11 14:38:19,276{GMT}	INFO	[jepsen worker 2] jepsen.util: 2	:invoke	:generate	nil
2026-03-11 14:38:19,276{GMT}	INFO	[jepsen worker 2] jepsen.util: 2	:ok	:generate	"609-null"
2026-03-11 14:38:19,277{GMT}	INFO	[jepsen worker 0] jepsen.util: 0	:invoke	:generate	nil
2026-03-11 14:38:19,278{GMT}	INFO	[jepsen worker 0] jepsen.util: 0	:ok	:generate	"883-null"
2026-03-11 14:38:19,278{GMT}	INFO	[jepsen worker 1] jepsen.util: 1	:invoke	:generate	nil
2026-03-11 14:38:19,278{GMT}	INFO	[jepsen worker 1] jepsen.util: 1	:ok	:generate	"697-null"
2026-03-11 14:38:19,279{GMT}	INFO	[jepsen worker 1] jepsen.util: 1	:invoke	:generate	nil
2026-03-11 14:38:19,279{GMT}	INFO	[jepsen worker 1] jepsen.util: 1	:ok	:generate	"698-null"
2026-03-11 14:38:19,281{GMT}	INFO	[jepsen worker 2] jepsen.util: 2	:invoke	:generate	nil
2026-03-11 14:38:19,281{GMT}	INFO	[jepsen worker 2] jepsen.util: 2	:ok	:generate	"610-null"
2026-03-11 14:38:19,282{GMT}	INFO	[jepsen worker 1] jepsen.util: 1	:invoke	:generate	nil
2026-03-11 14:38:19,282{GMT}	INFO	[jepsen worker 0] jepsen.util: 0	:invoke	:generate	nil
2026-03-11 14:38:19,283{GMT}	INFO	[jepsen worker 0] jepsen.util: 0	:ok	:generate	"884-null"
2026-03-11 14:38:19,283{GMT}	INFO	[jepsen worker 1] jepsen.util: 1	:ok	:generate	"699-null"
2026-03-11 14:38:19,284{GMT}	INFO	[jepsen worker 1] jepsen.util: 1	:invoke	:generate	nil
2026-03-11 14:38:19,285{GMT}	INFO	[jepsen worker 1] jepsen.util: 1	:ok	:generate	"700-null"
2026-03-11 14:38:19,285{GMT}	INFO	[jepsen worker 2] jepsen.util: 2	:invoke	:generate	nil
2026-03-11 14:38:19,286{GMT}	INFO	[jepsen worker 2] jepsen.util: 2	:ok	:generate	"611-null"
2026-03-11 14:38:19,287{GMT}	INFO	[jepsen worker 0] jepsen.util: 0	:invoke	:generate	nil
2026-03-11 14:38:19,288{GMT}	INFO	[jepsen worker 0] jepsen.util: 0	:ok	:generate	"885-null"
2026-03-11 14:38:19,288{GMT}	INFO	[jepsen worker 0] jepsen.util: 0	:invoke	:generate	nil
2026-03-11 14:38:19,289{GMT}	INFO	[jepsen worker 0] jepsen.util: 0	:ok	:generate	"886-null"
2026-03-11 14:38:19,289{GMT}	INFO	[jepsen worker 1] jepsen.util: 1	:invoke	:generate	nil
2026-03-11 14:38:19,290{GMT}	INFO	[jepsen worker 1] jepsen.util: 1	:ok	:generate	"701-null"
2026-03-11 14:38:19,291{GMT}	INFO	[jepsen worker 2] jepsen.util: 2	:invoke	:generate	nil
2026-03-11 14:38:19,292{GMT}	INFO	[jepsen worker 0] jepsen.util: 0	:invoke	:generate	nil
2026-03-11 14:38:19,292{GMT}	INFO	[jepsen worker 2] jepsen.util: 2	:ok	:generate	"612-null"
2026-03-11 14:38:19,292{GMT}	INFO	[jepsen worker 0] jepsen.util: 0	:ok	:generate	"887-null"
2026-03-11 14:38:19,293{GMT}	INFO	[jepsen worker 0] jepsen.util: 0	:invoke	:generate	nil
2026-03-11 14:38:19,294{GMT}	INFO	[jepsen worker 1] jepsen.util: 1	:invoke	:generate	nil
2026-03-11 14:38:19,294{GMT}	INFO	[jepsen worker 0] jepsen.util: 0	:ok	:generate	"888-null"
2026-03-11 14:38:19,294{GMT}	INFO	[jepsen worker 1] jepsen.util: 1	:ok	:generate	"702-null"
2026-03-11 14:38:19,296{GMT}	INFO	[jepsen worker 2] jepsen.util: 2	:invoke	:generate	nil
2026-03-11 14:38:19,296{GMT}	INFO	[jepsen worker 2] jepsen.util: 2	:ok	:generate	"613-null"
2026-03-11 14:38:19,297{GMT}	INFO	[jepsen worker 0] jepsen.util: 0	:invoke	:generate	nil
2026-03-11 14:38:19,297{GMT}	INFO	[jepsen worker 0] jepsen.util: 0	:ok	:generate	"889-null"
2026-03-11 14:38:19,298{GMT}	INFO	[jepsen worker 0] jepsen.util: 0	:invoke	:generate	nil
2026-03-11 14:38:19,298{GMT}	INFO	[jepsen worker 0] jepsen.util: 0	:ok	:generate	"890-null"
2026-03-11 14:38:19,299{GMT}	INFO	[jepsen worker 1] jepsen.util: 1	:invoke	:generate	nil
2026-03-11 14:38:19,299{GMT}	INFO	[jepsen worker 1] jepsen.util: 1	:ok	:generate	"703-null"
2026-03-11 14:38:19,300{GMT}	INFO	[jepsen worker 2] jepsen.util: 2	:invoke	:generate	nil
2026-03-11 14:38:19,300{GMT}	INFO	[jepsen worker 2] jepsen.util: 2	:ok	:generate	"614-null"
2026-03-11 14:38:19,301{GMT}	INFO	[jepsen worker 0] jepsen.util: 0	:invoke	:generate	nil
2026-03-11 14:38:19,301{GMT}	INFO	[jepsen worker 0] jepsen.util: 0	:ok	:generate	"891-null"
2026-03-11 14:38:19,302{GMT}	INFO	[jepsen worker 0] jepsen.util: 0	:invoke	:generate	nil
2026-03-11 14:38:19,303{GMT}	INFO	[jepsen worker 0] jepsen.util: 0	:ok	:generate	"892-null"
2026-03-11 14:38:19,303{GMT}	INFO	[jepsen worker 1] jepsen.util: 1	:invoke	:generate	nil
2026-03-11 14:38:19,304{GMT}	INFO	[jepsen worker 1] jepsen.util: 1	:ok	:generate	"704-null"
2026-03-11 14:38:19,305{GMT}	INFO	[jepsen worker 2] jepsen.util: 2	:invoke	:generate	nil
2026-03-11 14:38:19,306{GMT}	INFO	[jepsen worker 2] jepsen.util: 2	:ok	:generate	"615-null"
2026-03-11 14:38:19,307{GMT}	INFO	[jepsen worker 0] jepsen.util: 0	:invoke	:generate	nil
2026-03-11 14:38:19,308{GMT}	INFO	[jepsen worker 0] jepsen.util: 0	:ok	:generate	"893-null"
2026-03-11 14:38:19,308{GMT}	INFO	[jepsen worker 0] jepsen.util: 0	:invoke	:generate	nil
2026-03-11 14:38:19,309{GMT}	INFO	[jepsen worker 0] jepsen.util: 0	:ok	:generate	"894-null"
2026-03-11 14:38:19,309{GMT}	INFO	[jepsen worker 1] jepsen.util: 1	:invoke	:generate	nil
2026-03-11 14:38:19,310{GMT}	INFO	[jepsen worker 1] jepsen.util: 1	:ok	:generate	"705-null"
2026-03-11 14:38:19,311{GMT}	INFO	[jepsen worker 2] jepsen.util: 2	:invoke	:generate	nil
2026-03-11 14:38:19,312{GMT}	INFO	[jepsen worker 2] jepsen.util: 2	:ok	:generate	"616-null"
2026-03-11 14:38:19,313{GMT}	INFO	[jepsen worker 0] jepsen.util: 0	:invoke	:generate	nil
2026-03-11 14:38:19,313{GMT}	INFO	[jepsen worker 0] jepsen.util: 0	:ok	:generate	"895-null"
2026-03-11 14:38:19,314{GMT}	INFO	[jepsen worker 0] jepsen.util: 0	:invoke	:generate	nil
2026-03-11 14:38:19,314{GMT}	INFO	[jepsen worker 1] jepsen.util: 1	:invoke	:generate	nil
2026-03-11 14:38:19,314{GMT}	INFO	[jepsen worker 0] jepsen.util: 0	:ok	:generate	"896-null"
2026-03-11 14:38:19,314{GMT}	INFO	[jepsen worker 2] jepsen.util: 2	:invoke	:generate	nil
2026-03-11 14:38:19,314{GMT}	INFO	[jepsen worker 1] jepsen.util: 1	:ok	:generate	"706-null"
2026-03-11 14:38:19,315{GMT}	INFO	[jepsen worker 0] jepsen.util: 0	:invoke	:generate	nil
2026-03-11 14:38:19,316{GMT}	INFO	[jepsen worker 0] jepsen.util: 0	:ok	:generate	"897-null"
2026-03-11 14:38:19,317{GMT}	INFO	[jepsen worker 2] jepsen.util: 2	:ok	:generate	"617-null"
2026-03-11 14:38:19,317{GMT}	INFO	[jepsen worker 0] jepsen.util: 0	:invoke	:generate	nil
2026-03-11 14:38:19,318{GMT}	INFO	[jepsen worker 0] jepsen.util: 0	:ok	:generate	"898-null"
2026-03-11 14:38:19,319{GMT}	INFO	[jepsen worker 1] jepsen.util: 1	:invoke	:generate	nil
2026-03-11 14:38:19,319{GMT}	INFO	[jepsen worker 1] jepsen.util: 1	:ok	:generate	"707-null"
2026-03-11 14:38:19,320{GMT}	INFO	[jepsen worker 2] jepsen.util: 2	:invoke	:generate	nil
2026-03-11 14:38:19,320{GMT}	INFO	[jepsen worker 0] jepsen.util: 0	:invoke	:generate	nil
2026-03-11 14:38:19,321{GMT}	INFO	[jepsen worker 2] jepsen.util: 2	:ok	:generate	"618-null"
2026-03-11 14:38:19,321{GMT}	INFO	[jepsen worker 0] jepsen.util: 0	:ok	:generate	"899-null"
2026-03-11 14:38:19,321{GMT}	INFO	[jepsen worker 0] jepsen.util: 0	:invoke	:generate	nil
2026-03-11 14:38:19,321{GMT}	INFO	[jepsen worker 0] jepsen.util: 0	:ok	:generate	"900-null"
2026-03-11 14:38:19,322{GMT}	INFO	[jepsen worker 1] jepsen.util: 1	:invoke	:generate	nil
2026-03-11 14:38:19,322{GMT}	INFO	[jepsen worker 2] jepsen.util: 2	:invoke	:generate	nil
2026-03-11 14:38:19,323{GMT}	INFO	[jepsen worker 1] jepsen.util: 1	:ok	:generate	"708-null"
2026-03-11 14:38:19,323{GMT}	INFO	[jepsen worker 2] jepsen.util: 2	:ok	:generate	"619-null"
2026-03-11 14:38:19,324{GMT}	INFO	[jepsen worker 0] jepsen.util: 0	:invoke	:generate	nil
2026-03-11 14:38:19,324{GMT}	INFO	[jepsen worker 0] jepsen.util: 0	:ok	:generate	"901-null"
2026-03-11 14:38:19,325{GMT}	INFO	[jepsen worker 0] jepsen.util: 0	:invoke	:generate	nil
2026-03-11 14:38:19,326{GMT}	INFO	[jepsen worker 0] jepsen.util: 0	:ok	:generate	"902-null"
2026-03-11 14:38:19,326{GMT}	INFO	[jepsen worker 1] jepsen.util: 1	:invoke	:generate	nil
2026-03-11 14:38:19,326{GMT}	INFO	[jepsen worker 1] jepsen.util: 1	:ok	:generate	"709-null"
2026-03-11 14:38:19,328{GMT}	INFO	[jepsen worker 2] jepsen.util: 2	:invoke	:generate	nil
2026-03-11 14:38:19,328{GMT}	INFO	[jepsen worker 2] jepsen.util: 2	:ok	:generate	"620-null"
2026-03-11 14:38:19,329{GMT}	INFO	[jepsen worker 0] jepsen.util: 0	:invoke	:generate	nil
2026-03-11 14:38:19,329{GMT}	INFO	[jepsen worker 1] jepsen.util: 1	:invoke	:generate	nil
2026-03-11 14:38:19,330{GMT}	INFO	[jepsen worker 1] jepsen.util: 1	:ok	:generate	"710-null"
2026-03-11 14:38:19,330{GMT}	INFO	[jepsen worker 0] jepsen.util: 0	:ok	:generate	"903-null"
2026-03-11 14:38:19,331{GMT}	INFO	[jepsen worker 1] jepsen.util: 1	:invoke	:generate	nil
2026-03-11 14:38:19,331{GMT}	INFO	[jepsen worker 1] jepsen.util: 1	:ok	:generate	"711-null"
2026-03-11 14:38:19,333{GMT}	INFO	[jepsen worker 2] jepsen.util: 2	:invoke	:generate	nil
2026-03-11 14:38:19,333{GMT}	INFO	[jepsen worker 2] jepsen.util: 2	:ok	:generate	"621-null"
2026-03-11 14:38:19,334{GMT}	INFO	[jepsen worker 0] jepsen.util: 0	:invoke	:generate	nil
2026-03-11 14:38:19,334{GMT}	INFO	[jepsen worker 0] jepsen.util: 0	:ok	:generate	"904-null"
2026-03-11 14:38:19,335{GMT}	INFO	[jepsen worker 0] jepsen.util: 0	:invoke	:generate	nil
2026-03-11 14:38:19,336{GMT}	INFO	[jepsen worker 0] jepsen.util: 0	:ok	:generate	"905-null"
2026-03-11 14:38:19,337{GMT}	INFO	[jepsen worker 1] jepsen.util: 1	:invoke	:generate	nil
2026-03-11 14:38:19,337{GMT}	INFO	[jepsen worker 1] jepsen.util: 1	:ok	:generate	"712-null"
2026-03-11 14:38:19,339{GMT}	INFO	[jepsen worker 2] jepsen.util: 2	:invoke	:generate	nil
2026-03-11 14:38:19,339{GMT}	INFO	[jepsen worker 2] jepsen.util: 2	:ok	:generate	"622-null"
2026-03-11 14:38:19,339{GMT}	INFO	[jepsen worker 0] jepsen.util: 0	:invoke	:generate	nil
2026-03-11 14:38:19,340{GMT}	INFO	[jepsen worker 0] jepsen.util: 0	:ok	:generate	"906-null"
2026-03-11 14:38:19,341{GMT}	INFO	[jepsen worker 0] jepsen.util: 0	:invoke	:generate	nil
2026-03-11 14:38:19,342{GMT}	INFO	[jepsen worker 0] jepsen.util: 0	:ok	:generate	"907-null"
2026-03-11 14:38:19,343{GMT}	INFO	[jepsen worker 1] jepsen.util: 1	:invoke	:generate	nil
2026-03-11 14:38:19,343{GMT}	INFO	[jepsen worker 1] jepsen.util: 1	:ok	:generate	"713-null"
2026-03-11 14:38:19,344{GMT}	INFO	[jepsen worker 2] jepsen.util: 2	:invoke	:generate	nil
2026-03-11 14:38:19,345{GMT}	INFO	[jepsen worker 2] jepsen.util: 2	:ok	:generate	"623-null"
2026-03-11 14:38:19,346{GMT}	INFO	[jepsen worker 0] jepsen.util: 0	:invoke	:generate	nil
2026-03-11 14:38:19,346{GMT}	INFO	[jepsen worker 0] jepsen.util: 0	:ok	:generate	"908-null"
2026-03-11 14:38:19,347{GMT}	INFO	[jepsen worker 0] jepsen.util: 0	:invoke	:generate	nil
2026-03-11 14:38:19,347{GMT}	INFO	[jepsen worker 0] jepsen.util: 0	:ok	:generate	"909-null"
2026-03-11 14:38:19,348{GMT}	INFO	[jepsen worker 1] jepsen.util: 1	:invoke	:generate	nil
2026-03-11 14:38:19,349{GMT}	INFO	[jepsen worker 1] jepsen.util: 1	:ok	:generate	"714-null"
2026-03-11 14:38:19,349{GMT}	INFO	[jepsen worker 2] jepsen.util: 2	:invoke	:generate	nil
2026-03-11 14:38:19,350{GMT}	INFO	[jepsen worker 2] jepsen.util: 2	:ok	:generate	"624-null"
2026-03-11 14:38:19,350{GMT}	INFO	[jepsen worker 0] jepsen.util: 0	:invoke	:generate	nil
2026-03-11 14:38:19,351{GMT}	INFO	[jepsen worker 0] jepsen.util: 0	:ok	:generate	"910-null"
2026-03-11 14:38:19,352{GMT}	INFO	[jepsen worker 0] jepsen.util: 0	:invoke	:generate	nil
2026-03-11 14:38:19,353{GMT}	INFO	[jepsen worker 0] jepsen.util: 0	:ok	:generate	"911-null"
2026-03-11 14:38:19,354{GMT}	INFO	[jepsen worker 1] jepsen.util: 1	:invoke	:generate	nil
2026-03-11 14:38:19,354{GMT}	INFO	[jepsen worker 1] jepsen.util: 1	:ok	:generate	"715-null"
2026-03-11 14:38:19,355{GMT}	INFO	[jepsen worker 2] jepsen.util: 2	:invoke	:generate	nil
2026-03-11 14:38:19,355{GMT}	INFO	[jepsen worker 2] jepsen.util: 2	:ok	:generate	"625-null"
2026-03-11 14:38:19,357{GMT}	INFO	[jepsen worker 0] jepsen.util: 0	:invoke	:generate	nil
2026-03-11 14:38:19,357{GMT}	INFO	[jepsen worker 1] jepsen.util: 1	:invoke	:generate	nil
2026-03-11 14:38:19,357{GMT}	INFO	[jepsen worker 1] jepsen.util: 1	:ok	:generate	"716-null"
2026-03-11 14:38:19,357{GMT}	INFO	[jepsen worker 0] jepsen.util: 0	:ok	:generate	"912-null"
2026-03-11 14:38:19,358{GMT}	INFO	[jepsen worker 1] jepsen.util: 1	:invoke	:generate	nil
2026-03-11 14:38:19,359{GMT}	INFO	[jepsen worker 2] jepsen.util: 2	:invoke	:generate	nil
2026-03-11 14:38:19,359{GMT}	INFO	[jepsen worker 1] jepsen.util: 1	:ok	:generate	"717-null"
2026-03-11 14:38:19,359{GMT}	INFO	[jepsen worker 2] jepsen.util: 2	:ok	:generate	"626-null"
2026-03-11 14:38:19,360{GMT}	INFO	[jepsen worker 0] jepsen.util: 0	:invoke	:generate	nil
2026-03-11 14:38:19,360{GMT}	INFO	[jepsen worker 0] jepsen.util: 0	:ok	:generate	"913-null"
2026-03-11 14:38:19,362{GMT}	INFO	[jepsen worker 0] jepsen.util: 0	:invoke	:generate	nil
2026-03-11 14:38:19,363{GMT}	INFO	[jepsen worker 0] jepsen.util: 0	:ok	:generate	"914-null"
2026-03-11 14:38:19,364{GMT}	INFO	[jepsen worker 1] jepsen.util: 1	:invoke	:generate	nil
2026-03-11 14:38:19,364{GMT}	INFO	[jepsen worker 1] jepsen.util: 1	:ok	:generate	"718-null"
2026-03-11 14:38:19,366{GMT}	INFO	[jepsen worker 2] jepsen.util: 2	:invoke	:generate	nil
2026-03-11 14:38:19,366{GMT}	INFO	[jepsen worker 2] jepsen.util: 2	:ok	:generate	"627-null"
2026-03-11 14:38:19,367{GMT}	INFO	[jepsen worker 0] jepsen.util: 0	:invoke	:generate	nil
2026-03-11 14:38:19,367{GMT}	INFO	[jepsen worker 0] jepsen.util: 0	:ok	:generate	"915-null"
2026-03-11 14:38:19,368{GMT}	INFO	[jepsen worker 0] jepsen.util: 0	:invoke	:generate	nil
2026-03-11 14:38:19,368{GMT}	INFO	[jepsen worker 0] jepsen.util: 0	:ok	:generate	"916-null"
2026-03-11 14:38:19,369{GMT}	INFO	[jepsen worker 1] jepsen.util: 1	:invoke	:generate	nil
2026-03-11 14:38:19,370{GMT}	INFO	[jepsen worker 1] jepsen.util: 1	:ok	:generate	"719-null"
2026-03-11 14:38:19,371{GMT}	INFO	[jepsen worker 2] jepsen.util: 2	:invoke	:generate	nil
2026-03-11 14:38:19,371{GMT}	INFO	[jepsen worker 2] jepsen.util: 2	:ok	:generate	"628-null"
2026-03-11 14:38:19,372{GMT}	INFO	[jepsen worker 0] jepsen.util: 0	:invoke	:generate	nil
2026-03-11 14:38:19,373{GMT}	INFO	[jepsen worker 0] jepsen.util: 0	:ok	:generate	"917-null"
2026-03-11 14:38:19,374{GMT}	INFO	[jepsen worker 0] jepsen.util: 0	:invoke	:generate	nil
2026-03-11 14:38:19,374{GMT}	INFO	[jepsen worker 0] jepsen.util: 0	:ok	:generate	"918-null"
2026-03-11 14:38:19,375{GMT}	INFO	[jepsen worker 1] jepsen.util: 1	:invoke	:generate	nil
2026-03-11 14:38:19,376{GMT}	INFO	[jepsen worker 1] jepsen.util: 1	:ok	:generate	"720-null"
2026-03-11 14:38:19,377{GMT}	INFO	[jepsen worker 2] jepsen.util: 2	:invoke	:generate	nil
2026-03-11 14:38:19,377{GMT}	INFO	[jepsen worker 2] jepsen.util: 2	:ok	:generate	"629-null"
2026-03-11 14:38:19,378{GMT}	INFO	[jepsen worker 0] jepsen.util: 0	:invoke	:generate	nil
2026-03-11 14:38:19,378{GMT}	INFO	[jepsen worker 0] jepsen.util: 0	:ok	:generate	"919-null"
2026-03-11 14:38:19,380{GMT}	INFO	[jepsen worker 0] jepsen.util: 0	:invoke	:generate	nil
2026-03-11 14:38:19,380{GMT}	INFO	[jepsen worker 0] jepsen.util: 0	:ok	:generate	"920-null"
2026-03-11 14:38:19,380{GMT}	INFO	[jepsen worker 1] jepsen.util: 1	:invoke	:generate	nil
2026-03-11 14:38:19,381{GMT}	INFO	[jepsen worker 1] jepsen.util: 1	:ok	:generate	"721-null"
2026-03-11 14:38:19,382{GMT}	INFO	[jepsen worker 2] jepsen.util: 2	:invoke	:generate	nil
2026-03-11 14:38:19,383{GMT}	INFO	[jepsen worker 0] jepsen.util: 0	:invoke	:generate	nil
2026-03-11 14:38:19,383{GMT}	INFO	[jepsen worker 2] jepsen.util: 2	:ok	:generate	"630-null"
2026-03-11 14:38:19,383{GMT}	INFO	[jepsen worker 0] jepsen.util: 0	:ok	:generate	"921-null"
2026-03-11 14:38:19,383{GMT}	INFO	[jepsen worker 0] jepsen.util: 0	:invoke	:generate	nil
2026-03-11 14:38:19,384{GMT}	INFO	[jepsen worker 0] jepsen.util: 0	:ok	:generate	"922-null"
2026-03-11 14:38:19,385{GMT}	INFO	[jepsen worker 1] jepsen.util: 1	:invoke	:generate	nil
2026-03-11 14:38:19,385{GMT}	INFO	[jepsen worker 1] jepsen.util: 1	:ok	:generate	"722-null"
2026-03-11 14:38:19,386{GMT}	INFO	[jepsen worker 2] jepsen.util: 2	:invoke	:generate	nil
2026-03-11 14:38:19,387{GMT}	INFO	[jepsen worker 2] jepsen.util: 2	:ok	:generate	"631-null"
2026-03-11 14:38:19,388{GMT}	INFO	[jepsen worker 0] jepsen.util: 0	:invoke	:generate	nil
2026-03-11 14:38:19,389{GMT}	INFO	[jepsen worker 0] jepsen.util: 0	:ok	:generate	"923-null"
2026-03-11 14:38:19,390{GMT}	INFO	[jepsen worker 0] jepsen.util: 0	:invoke	:generate	nil
2026-03-11 14:38:19,390{GMT}	INFO	[jepsen worker 0] jepsen.util: 0	:ok	:generate	"924-null"
2026-03-11 14:38:19,391{GMT}	INFO	[jepsen worker 1] jepsen.util: 1	:invoke	:generate	nil
2026-03-11 14:38:19,392{GMT}	INFO	[jepsen worker 1] jepsen.util: 1	:ok	:generate	"723-null"
2026-03-11 14:38:19,394{GMT}	INFO	[jepsen worker 2] jepsen.util: 2	:invoke	:generate	nil
2026-03-11 14:38:19,394{GMT}	INFO	[jepsen worker 2] jepsen.util: 2	:ok	:generate	"632-null"
2026-03-11 14:38:19,395{GMT}	INFO	[jepsen worker 0] jepsen.util: 0	:invoke	:generate	nil
2026-03-11 14:38:19,396{GMT}	INFO	[jepsen worker 0] jepsen.util: 0	:ok	:generate	"925-null"
2026-03-11 14:38:19,397{GMT}	INFO	[jepsen worker 0] jepsen.util: 0	:invoke	:generate	nil
2026-03-11 14:38:19,397{GMT}	INFO	[jepsen worker 0] jepsen.util: 0	:ok	:generate	"926-null"
2026-03-11 14:38:19,399{GMT}	INFO	[jepsen worker 1] jepsen.util: 1	:invoke	:generate	nil
2026-03-11 14:38:19,399{GMT}	INFO	[jepsen worker 2] jepsen.util: 2	:invoke	:generate	nil
2026-03-11 14:38:19,399{GMT}	INFO	[jepsen worker 1] jepsen.util: 1	:ok	:generate	"724-null"
2026-03-11 14:38:19,399{GMT}	INFO	[jepsen worker 2] jepsen.util: 2	:ok	:generate	"633-null"
2026-03-11 14:38:19,400{GMT}	INFO	[jepsen worker 0] jepsen.util: 0	:invoke	:generate	nil
2026-03-11 14:38:19,401{GMT}	INFO	[jepsen worker 0] jepsen.util: 0	:ok	:generate	"927-null"
2026-03-11 14:38:19,402{GMT}	INFO	[jepsen worker 0] jepsen.util: 0	:invoke	:generate	nil
2026-03-11 14:38:19,402{GMT}	INFO	[jepsen worker 0] jepsen.util: 0	:ok	:generate	"928-null"
2026-03-11 14:38:19,404{GMT}	INFO	[jepsen worker 2] jepsen.util: 2	:invoke	:generate	nil
2026-03-11 14:38:19,404{GMT}	INFO	[jepsen worker 1] jepsen.util: 1	:invoke	:generate	nil
2026-03-11 14:38:19,404{GMT}	INFO	[jepsen worker 1] jepsen.util: 1	:ok	:generate	"725-null"
2026-03-11 14:38:19,404{GMT}	INFO	[jepsen worker 2] jepsen.util: 2	:ok	:generate	"634-null"
2026-03-11 14:38:19,405{GMT}	INFO	[jepsen worker 0] jepsen.util: 0	:invoke	:generate	nil
2026-03-11 14:38:19,406{GMT}	INFO	[jepsen worker 0] jepsen.util: 0	:ok	:generate	"929-null"
2026-03-11 14:38:19,407{GMT}	INFO	[jepsen worker 0] jepsen.util: 0	:invoke	:generate	nil
2026-03-11 14:38:19,408{GMT}	INFO	[jepsen worker 1] jepsen.util: 1	:invoke	:generate	nil
2026-03-11 14:38:19,408{GMT}	INFO	[jepsen worker 0] jepsen.util: 0	:ok	:generate	"930-null"
2026-03-11 14:38:19,409{GMT}	INFO	[jepsen worker 1] jepsen.util: 1	:ok	:generate	"726-null"
2026-03-11 14:38:19,409{GMT}	INFO	[jepsen worker 2] jepsen.util: 2	:invoke	:generate	nil
2026-03-11 14:38:19,410{GMT}	INFO	[jepsen worker 2] jepsen.util: 2	:ok	:generate	"635-null"
2026-03-11 14:38:19,411{GMT}	INFO	[jepsen worker 0] jepsen.util: 0	:invoke	:generate	nil
2026-03-11 14:38:19,411{GMT}	INFO	[jepsen worker 1] jepsen.util: 1	:invoke	:generate	nil
2026-03-11 14:38:19,411{GMT}	INFO	[jepsen worker 0] jepsen.util: 0	:ok	:generate	"931-null"
2026-03-11 14:38:19,412{GMT}	INFO	[jepsen worker 1] jepsen.util: 1	:ok	:generate	"727-null"
2026-03-11 14:38:19,413{GMT}	INFO	[jepsen worker 1] jepsen.util: 1	:invoke	:generate	nil
2026-03-11 14:38:19,413{GMT}	INFO	[jepsen worker 1] jepsen.util: 1	:ok	:generate	"728-null"
2026-03-11 14:38:19,415{GMT}	INFO	[jepsen worker 2] jepsen.util: 2	:invoke	:generate	nil
2026-03-11 14:38:19,415{GMT}	INFO	[jepsen worker 0] jepsen.util: 0	:invoke	:generate	nil
2026-03-11 14:38:19,415{GMT}	INFO	[jepsen worker 0] jepsen.util: 0	:ok	:generate	"932-null"
2026-03-11 14:38:19,415{GMT}	INFO	[jepsen worker 1] jepsen.util: 1	:invoke	:generate	nil
2026-03-11 14:38:19,415{GMT}	INFO	[jepsen worker 2] jepsen.util: 2	:ok	:generate	"636-null"
2026-03-11 14:38:19,416{GMT}	INFO	[jepsen worker 1] jepsen.util: 1	:ok	:generate	"729-null"
2026-03-11 14:38:19,417{GMT}	INFO	[jepsen worker 1] jepsen.util: 1	:invoke	:generate	nil
2026-03-11 14:38:19,417{GMT}	INFO	[jepsen worker 1] jepsen.util: 1	:ok	:generate	"730-null"
2026-03-11 14:38:19,418{GMT}	INFO	[jepsen worker 2] jepsen.util: 2	:invoke	:generate	nil
2026-03-11 14:38:19,418{GMT}	INFO	[jepsen worker 0] jepsen.util: 0	:invoke	:generate	nil
2026-03-11 14:38:19,419{GMT}	INFO	[jepsen worker 2] jepsen.util: 2	:ok	:generate	"637-null"
2026-03-11 14:38:19,419{GMT}	INFO	[jepsen worker 1] jepsen.util: 1	:invoke	:generate	nil
2026-03-11 14:38:19,419{GMT}	INFO	[jepsen worker 0] jepsen.util: 0	:ok	:generate	"933-null"
2026-03-11 14:38:19,419{GMT}	INFO	[jepsen worker 1] jepsen.util: 1	:ok	:generate	"731-null"
2026-03-11 14:38:19,421{GMT}	INFO	[jepsen worker 1] jepsen.util: 1	:invoke	:generate	nil
2026-03-11 14:38:19,421{GMT}	INFO	[jepsen worker 1] jepsen.util: 1	:ok	:generate	"732-null"
2026-03-11 14:38:19,422{GMT}	INFO	[jepsen worker 2] jepsen.util: 2	:invoke	:generate	nil
2026-03-11 14:38:19,423{GMT}	INFO	[jepsen worker 2] jepsen.util: 2	:ok	:generate	"638-null"
2026-03-11 14:38:19,424{GMT}	INFO	[jepsen worker 0] jepsen.util: 0	:invoke	:generate	nil
2026-03-11 14:38:19,425{GMT}	INFO	[jepsen worker 0] jepsen.util: 0	:ok	:generate	"934-null"
2026-03-11 14:38:19,426{GMT}	INFO	[jepsen worker 0] jepsen.util: 0	:invoke	:generate	nil
2026-03-11 14:38:19,426{GMT}	INFO	[jepsen worker 0] jepsen.util: 0	:ok	:generate	"935-null"
2026-03-11 14:38:19,426{GMT}	INFO	[jepsen worker 1] jepsen.util: 1	:invoke	:generate	nil
2026-03-11 14:38:19,427{GMT}	INFO	[jepsen worker 1] jepsen.util: 1	:ok	:generate	"733-null"
2026-03-11 14:38:19,428{GMT}	INFO	[jepsen worker 2] jepsen.util: 2	:invoke	:generate	nil
2026-03-11 14:38:19,429{GMT}	INFO	[jepsen worker 2] jepsen.util: 2	:ok	:generate	"639-null"
2026-03-11 14:38:19,431{GMT}	INFO	[jepsen worker 0] jepsen.util: 0	:invoke	:generate	nil
2026-03-11 14:38:19,431{GMT}	INFO	[jepsen worker 0] jepsen.util: 0	:ok	:generate	"936-null"
2026-03-11 14:38:19,432{GMT}	INFO	[jepsen worker 0] jepsen.util: 0	:invoke	:generate	nil
2026-03-11 14:38:19,432{GMT}	INFO	[jepsen worker 1] jepsen.util: 1	:invoke	:generate	nil
2026-03-11 14:38:19,433{GMT}	INFO	[jepsen worker 1] jepsen.util: 1	:ok	:generate	"734-null"
2026-03-11 14:38:19,433{GMT}	INFO	[jepsen worker 0] jepsen.util: 0	:ok	:generate	"937-null"
2026-03-11 14:38:19,433{GMT}	INFO	[jepsen worker 0] jepsen.util: 0	:invoke	:generate	nil
2026-03-11 14:38:19,433{GMT}	INFO	[jepsen worker 2] jepsen.util: 2	:invoke	:generate	nil
2026-03-11 14:38:19,434{GMT}	INFO	[jepsen worker 1] jepsen.util: 1	:invoke	:generate	nil
2026-03-11 14:38:19,434{GMT}	INFO	[jepsen worker 0] jepsen.util: 0	:ok	:generate	"938-null"
2026-03-11 14:38:19,434{GMT}	INFO	[jepsen worker 2] jepsen.util: 2	:ok	:generate	"640-null"
2026-03-11 14:38:19,434{GMT}	INFO	[jepsen worker 2] jepsen.util: 2	:invoke	:generate	nil
2026-03-11 14:38:19,435{GMT}	INFO	[jepsen worker 1] jepsen.util: 1	:ok	:generate	"735-null"
2026-03-11 14:38:19,435{GMT}	INFO	[jepsen worker 2] jepsen.util: 2	:ok	:generate	"641-null"
2026-03-11 14:38:19,436{GMT}	INFO	[jepsen worker 2] jepsen.util: 2	:invoke	:generate	nil
2026-03-11 14:38:19,436{GMT}	INFO	[jepsen worker 2] jepsen.util: 2	:ok	:generate	"642-null"
2026-03-11 14:38:19,437{GMT}	INFO	[jepsen worker 0] jepsen.util: 0	:invoke	:generate	nil
2026-03-11 14:38:19,437{GMT}	INFO	[jepsen worker 0] jepsen.util: 0	:ok	:generate	"939-null"
2026-03-11 14:38:19,439{GMT}	INFO	[jepsen worker 0] jepsen.util: 0	:invoke	:generate	nil
2026-03-11 14:38:19,439{GMT}	INFO	[jepsen worker 0] jepsen.util: 0	:ok	:generate	"940-null"
2026-03-11 14:38:19,441{GMT}	INFO	[jepsen worker 1] jepsen.util: 1	:invoke	:generate	nil
2026-03-11 14:38:19,442{GMT}	INFO	[jepsen worker 1] jepsen.util: 1	:ok	:generate	"736-null"
2026-03-11 14:38:19,443{GMT}	INFO	[jepsen worker 2] jepsen.util: 2	:invoke	:generate	nil
2026-03-11 14:38:19,443{GMT}	INFO	[jepsen worker 2] jepsen.util: 2	:ok	:generate	"643-null"
2026-03-11 14:38:19,444{GMT}	INFO	[jepsen worker 0] jepsen.util: 0	:invoke	:generate	nil
2026-03-11 14:38:19,444{GMT}	INFO	[jepsen worker 1] jepsen.util: 1	:invoke	:generate	nil
2026-03-11 14:38:19,444{GMT}	INFO	[jepsen worker 1] jepsen.util: 1	:ok	:generate	"737-null"
2026-03-11 14:38:19,444{GMT}	INFO	[jepsen worker 0] jepsen.util: 0	:ok	:generate	"941-null"
2026-03-11 14:38:19,444{GMT}	INFO	[jepsen worker 1] jepsen.util: 1	:invoke	:generate	nil
2026-03-11 14:38:19,445{GMT}	INFO	[jepsen worker 1] jepsen.util: 1	:ok	:generate	"738-null"
2026-03-11 14:38:19,446{GMT}	INFO	[jepsen worker 2] jepsen.util: 2	:invoke	:generate	nil
2026-03-11 14:38:19,446{GMT}	INFO	[jepsen worker 2] jepsen.util: 2	:ok	:generate	"644-null"
2026-03-11 14:38:19,447{GMT}	INFO	[jepsen worker 0] jepsen.util: 0	:invoke	:generate	nil
2026-03-11 14:38:19,448{GMT}	INFO	[jepsen worker 0] jepsen.util: 0	:ok	:generate	"942-null"
2026-03-11 14:38:19,448{GMT}	INFO	[jepsen worker 0] jepsen.util: 0	:invoke	:generate	nil
2026-03-11 14:38:19,449{GMT}	INFO	[jepsen worker 0] jepsen.util: 0	:ok	:generate	"943-null"
2026-03-11 14:38:19,449{GMT}	INFO	[jepsen worker 1] jepsen.util: 1	:invoke	:generate	nil
2026-03-11 14:38:19,449{GMT}	INFO	[jepsen worker 1] jepsen.util: 1	:ok	:generate	"739-null"
2026-03-11 14:38:19,449{GMT}	INFO	[jepsen worker 2] jepsen.util: 2	:invoke	:generate	nil
2026-03-11 14:38:19,450{GMT}	INFO	[jepsen worker 2] jepsen.util: 2	:ok	:generate	"645-null"
2026-03-11 14:38:19,451{GMT}	INFO	[jepsen worker 0] jepsen.util: 0	:invoke	:generate	nil
2026-03-11 14:38:19,451{GMT}	INFO	[jepsen worker 0] jepsen.util: 0	:ok	:generate	"944-null"
2026-03-11 14:38:19,453{GMT}	INFO	[jepsen worker 0] jepsen.util: 0	:invoke	:generate	nil
2026-03-11 14:38:19,453{GMT}	INFO	[jepsen worker 1] jepsen.util: 1	:invoke	:generate	nil
2026-03-11 14:38:19,453{GMT}	INFO	[jepsen worker 2] jepsen.util: 2	:invoke	:generate	nil
2026-03-11 14:38:19,453{GMT}	INFO	[jepsen worker 0] jepsen.util: 0	:ok	:generate	"945-null"
2026-03-11 14:38:19,454{GMT}	INFO	[jepsen worker 1] jepsen.util: 1	:ok	:generate	"740-null"
2026-03-11 14:38:19,454{GMT}	INFO	[jepsen worker 2] jepsen.util: 2	:ok	:generate	"646-null"
2026-03-11 14:38:19,454{GMT}	INFO	[jepsen worker 0] jepsen.util: 0	:invoke	:generate	nil
2026-03-11 14:38:19,455{GMT}	INFO	[jepsen worker 0] jepsen.util: 0	:ok	:generate	"946-null"
2026-03-11 14:38:19,456{GMT}	INFO	[jepsen worker 0] jepsen.util: 0	:invoke	:generate	nil
2026-03-11 14:38:19,456{GMT}	INFO	[jepsen worker 0] jepsen.util: 0	:ok	:generate	"947-null"
2026-03-11 14:38:19,457{GMT}	INFO	[jepsen worker 1] jepsen.util: 1	:invoke	:generate	nil
2026-03-11 14:38:19,457{GMT}	INFO	[jepsen worker 2] jepsen.util: 2	:invoke	:generate	nil
2026-03-11 14:38:19,457{GMT}	INFO	[jepsen worker 1] jepsen.util: 1	:ok	:generate	"741-null"
2026-03-11 14:38:19,457{GMT}	INFO	[jepsen worker 0] jepsen.util: 0	:invoke	:generate	nil
2026-03-11 14:38:19,457{GMT}	INFO	[jepsen worker 2] jepsen.util: 2	:ok	:generate	"647-null"
2026-03-11 14:38:19,458{GMT}	INFO	[jepsen worker 0] jepsen.util: 0	:ok	:generate	"948-null"
2026-03-11 14:38:19,458{GMT}	INFO	[jepsen worker 0] jepsen.util: 0	:invoke	:generate	nil
2026-03-11 14:38:19,459{GMT}	INFO	[jepsen worker 0] jepsen.util: 0	:ok	:generate	"949-null"
2026-03-11 14:38:19,459{GMT}	INFO	[jepsen worker 1] jepsen.util: 1	:invoke	:generate	nil
2026-03-11 14:38:19,460{GMT}	INFO	[jepsen worker 1] jepsen.util: 1	:ok	:generate	"742-null"
2026-03-11 14:38:19,460{GMT}	INFO	[jepsen worker 2] jepsen.util: 2	:invoke	:generate	nil
2026-03-11 14:38:19,460{GMT}	INFO	[jepsen worker 0] jepsen.util: 0	:invoke	:generate	nil
2026-03-11 14:38:19,460{GMT}	INFO	[jepsen worker 2] jepsen.util: 2	:ok	:generate	"648-null"
2026-03-11 14:38:19,461{GMT}	INFO	[jepsen worker 0] jepsen.util: 0	:ok	:generate	"950-null"
2026-03-11 14:38:19,462{GMT}	INFO	[jepsen worker 0] jepsen.util: 0	:invoke	:generate	nil
2026-03-11 14:38:19,462{GMT}	INFO	[jepsen worker 1] jepsen.util: 1	:invoke	:generate	nil
2026-03-11 14:38:19,463{GMT}	INFO	[jepsen worker 2] jepsen.util: 2	:invoke	:generate	nil
2026-03-11 14:38:19,463{GMT}	INFO	[jepsen worker 0] jepsen.util: 0	:ok	:generate	"951-null"
2026-03-11 14:38:19,463{GMT}	INFO	[jepsen worker 1] jepsen.util: 1	:ok	:generate	"743-null"
2026-03-11 14:38:19,463{GMT}	INFO	[jepsen worker 2] jepsen.util: 2	:ok	:generate	"649-null"
2026-03-11 14:38:19,464{GMT}	INFO	[jepsen worker 1] jepsen.util: 1	:invoke	:generate	nil
2026-03-11 14:38:19,464{GMT}	INFO	[jepsen worker 0] jepsen.util: 0	:invoke	:generate	nil
2026-03-11 14:38:19,464{GMT}	INFO	[jepsen worker 2] jepsen.util: 2	:invoke	:generate	nil
2026-03-11 14:38:19,464{GMT}	INFO	[jepsen worker 0] jepsen.util: 0	:ok	:generate	"952-null"
2026-03-11 14:38:19,465{GMT}	INFO	[jepsen worker 1] jepsen.util: 1	:ok	:generate	"744-null"
2026-03-11 14:38:19,465{GMT}	INFO	[jepsen worker 2] jepsen.util: 2	:ok	:generate	"650-null"
2026-03-11 14:38:19,466{GMT}	INFO	[jepsen worker 2] jepsen.util: 2	:invoke	:generate	nil
2026-03-11 14:38:19,466{GMT}	INFO	[jepsen worker 2] jepsen.util: 2	:ok	:generate	"651-null"
2026-03-11 14:38:19,467{GMT}	INFO	[jepsen worker 0] jepsen.util: 0	:invoke	:generate	nil
2026-03-11 14:38:19,468{GMT}	INFO	[jepsen worker 0] jepsen.util: 0	:ok	:generate	"953-null"
2026-03-11 14:38:19,469{GMT}	INFO	[jepsen worker 0] jepsen.util: 0	:invoke	:generate	nil
2026-03-11 14:38:19,469{GMT}	INFO	[jepsen worker 1] jepsen.util: 1	:invoke	:generate	nil
2026-03-11 14:38:19,470{GMT}	INFO	[jepsen worker 2] jepsen.util: 2	:invoke	:generate	nil
2026-03-11 14:38:19,470{GMT}	INFO	[jepsen worker 1] jepsen.util: 1	:ok	:generate	"745-null"
2026-03-11 14:38:19,470{GMT}	INFO	[jepsen worker 0] jepsen.util: 0	:ok	:generate	"954-null"
2026-03-11 14:38:19,471{GMT}	INFO	[jepsen worker 0] jepsen.util: 0	:invoke	:generate	nil
2026-03-11 14:38:19,471{GMT}	INFO	[jepsen worker 2] jepsen.util: 2	:ok	:generate	"652-null"
2026-03-11 14:38:19,472{GMT}	INFO	[jepsen worker 0] jepsen.util: 0	:ok	:generate	"955-null"
2026-03-11 14:38:19,472{GMT}	INFO	[jepsen worker 0] jepsen.util: 0	:invoke	:generate	nil
2026-03-11 14:38:19,473{GMT}	INFO	[jepsen worker 1] jepsen.util: 1	:invoke	:generate	nil
2026-03-11 14:38:19,473{GMT}	INFO	[jepsen worker 0] jepsen.util: 0	:ok	:generate	"956-null"
2026-03-11 14:38:19,473{GMT}	INFO	[jepsen worker 1] jepsen.util: 1	:ok	:generate	"746-null"
2026-03-11 14:38:19,474{GMT}	INFO	[jepsen worker 2] jepsen.util: 2	:invoke	:generate	nil
2026-03-11 14:38:19,475{GMT}	INFO	[jepsen worker 2] jepsen.util: 2	:ok	:generate	"653-null"
2026-03-11 14:38:19,476{GMT}	INFO	[jepsen worker 0] jepsen.util: 0	:invoke	:generate	nil
2026-03-11 14:38:19,477{GMT}	INFO	[jepsen worker 1] jepsen.util: 1	:invoke	:generate	nil
2026-03-11 14:38:19,477{GMT}	INFO	[jepsen worker 0] jepsen.util: 0	:ok	:generate	"957-null"
2026-03-11 14:38:19,477{GMT}	INFO	[jepsen worker 2] jepsen.util: 2	:invoke	:generate	nil
2026-03-11 14:38:19,477{GMT}	INFO	[jepsen worker 1] jepsen.util: 1	:ok	:generate	"747-null"
2026-03-11 14:38:19,478{GMT}	INFO	[jepsen worker 2] jepsen.util: 2	:ok	:generate	"654-null"
2026-03-11 14:38:19,479{GMT}	INFO	[jepsen worker 2] jepsen.util: 2	:invoke	:generate	nil
2026-03-11 14:38:19,480{GMT}	INFO	[jepsen worker 2] jepsen.util: 2	:ok	:generate	"655-null"
2026-03-11 14:38:19,480{GMT}	INFO	[jepsen worker 0] jepsen.util: 0	:invoke	:generate	nil
2026-03-11 14:38:19,481{GMT}	INFO	[jepsen worker 0] jepsen.util: 0	:ok	:generate	"958-null"
2026-03-11 14:38:19,482{GMT}	INFO	[jepsen worker 0] jepsen.util: 0	:invoke	:generate	nil
2026-03-11 14:38:19,482{GMT}	INFO	[jepsen worker 0] jepsen.util: 0	:ok	:generate	"959-null"
2026-03-11 14:38:19,483{GMT}	INFO	[jepsen worker 1] jepsen.util: 1	:invoke	:generate	nil
2026-03-11 14:38:19,483{GMT}	INFO	[jepsen worker 1] jepsen.util: 1	:ok	:generate	"748-null"
2026-03-11 14:38:19,484{GMT}	INFO	[jepsen worker 2] jepsen.util: 2	:invoke	:generate	nil
2026-03-11 14:38:19,485{GMT}	INFO	[jepsen worker 2] jepsen.util: 2	:ok	:generate	"656-null"
2026-03-11 14:38:19,486{GMT}	INFO	[jepsen worker 0] jepsen.util: 0	:invoke	:generate	nil
2026-03-11 14:38:19,486{GMT}	INFO	[jepsen worker 0] jepsen.util: 0	:ok	:generate	"960-null"
2026-03-11 14:38:19,487{GMT}	INFO	[jepsen worker 0] jepsen.util: 0	:invoke	:generate	nil
2026-03-11 14:38:19,488{GMT}	INFO	[jepsen worker 0] jepsen.util: 0	:ok	:generate	"961-null"
2026-03-11 14:38:19,488{GMT}	INFO	[jepsen worker 1] jepsen.util: 1	:invoke	:generate	nil
2026-03-11 14:38:19,489{GMT}	INFO	[jepsen worker 1] jepsen.util: 1	:ok	:generate	"749-null"
2026-03-11 14:38:19,490{GMT}	INFO	[jepsen worker 2] jepsen.util: 2	:invoke	:generate	nil
2026-03-11 14:38:19,491{GMT}	INFO	[jepsen worker 2] jepsen.util: 2	:ok	:generate	"657-null"
2026-03-11 14:38:19,491{GMT}	INFO	[jepsen worker 0] jepsen.util: 0	:invoke	:generate	nil
2026-03-11 14:38:19,492{GMT}	INFO	[jepsen worker 1] jepsen.util: 1	:invoke	:generate	nil
2026-03-11 14:38:19,492{GMT}	INFO	[jepsen worker 0] jepsen.util: 0	:ok	:generate	"962-null"
2026-03-11 14:38:19,492{GMT}	INFO	[jepsen worker 1] jepsen.util: 1	:ok	:generate	"750-null"
2026-03-11 14:38:19,493{GMT}	INFO	[jepsen worker 1] jepsen.util: 1	:invoke	:generate	nil
2026-03-11 14:38:19,493{GMT}	INFO	[jepsen worker 1] jepsen.util: 1	:ok	:generate	"751-null"
2026-03-11 14:38:19,495{GMT}	INFO	[jepsen worker 2] jepsen.util: 2	:invoke	:generate	nil
2026-03-11 14:38:19,495{GMT}	INFO	[jepsen worker 2] jepsen.util: 2	:ok	:generate	"658-null"
2026-03-11 14:38:19,497{GMT}	INFO	[jepsen worker 0] jepsen.util: 0	:invoke	:generate	nil
2026-03-11 14:38:19,497{GMT}	INFO	[jepsen worker 0] jepsen.util: 0	:ok	:generate	"963-null"
2026-03-11 14:38:19,498{GMT}	INFO	[jepsen worker 0] jepsen.util: 0	:invoke	:generate	nil
2026-03-11 14:38:19,498{GMT}	INFO	[jepsen worker 1] jepsen.util: 1	:invoke	:generate	nil
2026-03-11 14:38:19,499{GMT}	INFO	[jepsen worker 0] jepsen.util: 0	:ok	:generate	"964-null"
2026-03-11 14:38:19,499{GMT}	INFO	[jepsen worker 1] jepsen.util: 1	:ok	:generate	"752-null"
2026-03-11 14:38:19,500{GMT}	INFO	[jepsen worker 2] jepsen.util: 2	:invoke	:generate	nil
2026-03-11 14:38:19,500{GMT}	INFO	[jepsen worker 2] jepsen.util: 2	:ok	:generate	"659-null"
2026-03-11 14:38:19,501{GMT}	INFO	[jepsen worker 0] jepsen.util: 0	:invoke	:generate	nil
2026-03-11 14:38:19,501{GMT}	INFO	[jepsen worker 0] jepsen.util: 0	:ok	:generate	"965-null"
2026-03-11 14:38:19,501{GMT}	INFO	[jepsen worker 0] jepsen.util: 0	:invoke	:generate	nil
2026-03-11 14:38:19,502{GMT}	INFO	[jepsen worker 0] jepsen.util: 0	:ok	:generate	"966-null"
2026-03-11 14:38:19,503{GMT}	INFO	[jepsen worker 1] jepsen.util: 1	:invoke	:generate	nil
2026-03-11 14:38:19,504{GMT}	INFO	[jepsen worker 1] jepsen.util: 1	:ok	:generate	"753-null"
2026-03-11 14:38:19,504{GMT}	INFO	[jepsen worker 2] jepsen.util: 2	:invoke	:generate	nil
2026-03-11 14:38:19,505{GMT}	INFO	[jepsen worker 2] jepsen.util: 2	:ok	:generate	"660-null"
2026-03-11 14:38:19,506{GMT}	INFO	[jepsen worker 0] jepsen.util: 0	:invoke	:generate	nil
2026-03-11 14:38:19,506{GMT}	INFO	[jepsen worker 1] jepsen.util: 1	:invoke	:generate	nil
2026-03-11 14:38:19,507{GMT}	INFO	[jepsen worker 0] jepsen.util: 0	:ok	:generate	"967-null"
2026-03-11 14:38:19,507{GMT}	INFO	[jepsen worker 1] jepsen.util: 1	:ok	:generate	"754-null"
2026-03-11 14:38:19,508{GMT}	INFO	[jepsen worker 1] jepsen.util: 1	:invoke	:generate	nil
2026-03-11 14:38:19,509{GMT}	INFO	[jepsen worker 2] jepsen.util: 2	:invoke	:generate	nil
2026-03-11 14:38:19,509{GMT}	INFO	[jepsen worker 1] jepsen.util: 1	:ok	:generate	"755-null"
2026-03-11 14:38:19,509{GMT}	INFO	[jepsen worker 2] jepsen.util: 2	:ok	:generate	"661-null"
2026-03-11 14:38:19,511{GMT}	INFO	[jepsen worker 1] jepsen.util: 1	:invoke	:generate	nil
2026-03-11 14:38:19,511{GMT}	INFO	[jepsen worker 0] jepsen.util: 0	:invoke	:generate	nil
2026-03-11 14:38:19,511{GMT}	INFO	[jepsen worker 1] jepsen.util: 1	:ok	:generate	"756-null"
2026-03-11 14:38:19,511{GMT}	INFO	[jepsen worker 0] jepsen.util: 0	:ok	:generate	"968-null"
2026-03-11 14:38:19,512{GMT}	INFO	[jepsen worker 1] jepsen.util: 1	:invoke	:generate	nil
2026-03-11 14:38:19,513{GMT}	INFO	[jepsen worker 2] jepsen.util: 2	:invoke	:generate	nil
2026-03-11 14:38:19,513{GMT}	INFO	[jepsen worker 1] jepsen.util: 1	:ok	:generate	"757-null"
2026-03-11 14:38:19,513{GMT}	INFO	[jepsen worker 2] jepsen.util: 2	:ok	:generate	"662-null"
2026-03-11 14:38:19,514{GMT}	INFO	[jepsen worker 0] jepsen.util: 0	:invoke	:generate	nil
2026-03-11 14:38:19,515{GMT}	INFO	[jepsen worker 0] jepsen.util: 0	:ok	:generate	"969-null"
2026-03-11 14:38:19,516{GMT}	INFO	[jepsen worker 0] jepsen.util: 0	:invoke	:generate	nil
2026-03-11 14:38:19,517{GMT}	INFO	[jepsen worker 0] jepsen.util: 0	:ok	:generate	"970-null"
2026-03-11 14:38:19,517{GMT}	INFO	[jepsen worker 1] jepsen.util: 1	:invoke	:generate	nil
2026-03-11 14:38:19,518{GMT}	INFO	[jepsen worker 1] jepsen.util: 1	:ok	:generate	"758-null"
2026-03-11 14:38:19,519{GMT}	INFO	[jepsen worker 2] jepsen.util: 2	:invoke	:generate	nil
2026-03-11 14:38:19,519{GMT}	INFO	[jepsen worker 2] jepsen.util: 2	:ok	:generate	"663-null"
2026-03-11 14:38:19,519{GMT}	INFO	[jepsen worker 0] jepsen.util: 0	:invoke	:generate	nil
2026-03-11 14:38:19,520{GMT}	INFO	[jepsen worker 0] jepsen.util: 0	:ok	:generate	"971-null"
2026-03-11 14:38:19,520{GMT}	INFO	[jepsen worker 0] jepsen.util: 0	:invoke	:generate	nil
2026-03-11 14:38:19,521{GMT}	INFO	[jepsen worker 0] jepsen.util: 0	:ok	:generate	"972-null"
2026-03-11 14:38:19,522{GMT}	INFO	[jepsen worker 1] jepsen.util: 1	:invoke	:generate	nil
2026-03-11 14:38:19,522{GMT}	INFO	[jepsen worker 1] jepsen.util: 1	:ok	:generate	"759-null"
2026-03-11 14:38:19,524{GMT}	INFO	[jepsen worker 2] jepsen.util: 2	:invoke	:generate	nil
2026-03-11 14:38:19,524{GMT}	INFO	[jepsen worker 2] jepsen.util: 2	:ok	:generate	"664-null"
2026-03-11 14:38:19,525{GMT}	INFO	[jepsen worker 0] jepsen.util: 0	:invoke	:generate	nil
2026-03-11 14:38:19,526{GMT}	INFO	[jepsen worker 0] jepsen.util: 0	:ok	:generate	"973-null"
2026-03-11 14:38:19,527{GMT}	INFO	[jepsen worker 0] jepsen.util: 0	:invoke	:generate	nil
2026-03-11 14:38:19,528{GMT}	INFO	[jepsen worker 0] jepsen.util: 0	:ok	:generate	"974-null"
2026-03-11 14:38:19,529{GMT}	INFO	[jepsen worker 1] jepsen.util: 1	:invoke	:generate	nil
2026-03-11 14:38:19,530{GMT}	INFO	[jepsen worker 1] jepsen.util: 1	:ok	:generate	"760-null"
2026-03-11 14:38:19,531{GMT}	INFO	[jepsen worker 2] jepsen.util: 2	:invoke	:generate	nil
2026-03-11 14:38:19,531{GMT}	INFO	[jepsen worker 2] jepsen.util: 2	:ok	:generate	"665-null"
2026-03-11 14:38:19,533{GMT}	INFO	[jepsen worker 0] jepsen.util: 0	:invoke	:generate	nil
2026-03-11 14:38:19,533{GMT}	INFO	[jepsen worker 1] jepsen.util: 1	:invoke	:generate	nil
2026-03-11 14:38:19,533{GMT}	INFO	[jepsen worker 0] jepsen.util: 0	:ok	:generate	"975-null"
2026-03-11 14:38:19,533{GMT}	INFO	[jepsen worker 1] jepsen.util: 1	:ok	:generate	"761-null"
2026-03-11 14:38:19,534{GMT}	INFO	[jepsen worker 1] jepsen.util: 1	:invoke	:generate	nil
2026-03-11 14:38:19,535{GMT}	INFO	[jepsen worker 1] jepsen.util: 1	:ok	:generate	"762-null"
2026-03-11 14:38:19,536{GMT}	INFO	[jepsen worker 2] jepsen.util: 2	:invoke	:generate	nil
2026-03-11 14:38:19,536{GMT}	INFO	[jepsen worker 2] jepsen.util: 2	:ok	:generate	"666-null"
2026-03-11 14:38:19,537{GMT}	INFO	[jepsen worker 0] jepsen.util: 0	:invoke	:generate	nil
2026-03-11 14:38:19,537{GMT}	INFO	[jepsen worker 1] jepsen.util: 1	:invoke	:generate	nil
2026-03-11 14:38:19,537{GMT}	INFO	[jepsen worker 2] jepsen.util: 2	:invoke	:generate	nil
2026-03-11 14:38:19,538{GMT}	INFO	[jepsen worker 1] jepsen.util: 1	:ok	:generate	"763-null"
2026-03-11 14:38:19,538{GMT}	INFO	[jepsen worker 0] jepsen.util: 0	:ok	:generate	"976-null"
2026-03-11 14:38:19,538{GMT}	INFO	[jepsen worker 2] jepsen.util: 2	:ok	:generate	"667-null"
2026-03-11 14:38:19,538{GMT}	INFO	[jepsen worker 2] jepsen.util: 2	:invoke	:generate	nil
2026-03-11 14:38:19,539{GMT}	INFO	[jepsen worker 2] jepsen.util: 2	:ok	:generate	"668-null"
2026-03-11 14:38:19,541{GMT}	INFO	[jepsen worker 0] jepsen.util: 0	:invoke	:generate	nil
2026-03-11 14:38:19,542{GMT}	INFO	[jepsen worker 1] jepsen.util: 1	:invoke	:generate	nil
2026-03-11 14:38:19,543{GMT}	INFO	[jepsen worker 1] jepsen.util: 1	:ok	:generate	"764-null"
2026-03-11 14:38:19,543{GMT}	INFO	[jepsen worker 2] jepsen.util: 2	:invoke	:generate	nil
2026-03-11 14:38:19,544{GMT}	INFO	[jepsen worker 1] jepsen.util: 1	:invoke	:generate	nil
2026-03-11 14:38:19,544{GMT}	INFO	[jepsen worker 0] jepsen.util: 0	:ok	:generate	"977-null"
2026-03-11 14:38:19,544{GMT}	INFO	[jepsen worker 2] jepsen.util: 2	:ok	:generate	"669-null"
2026-03-11 14:38:19,544{GMT}	INFO	[jepsen worker 1] jepsen.util: 1	:ok	:generate	"765-null"
2026-03-11 14:38:19,544{GMT}	INFO	[jepsen worker 0] jepsen.util: 0	:invoke	:generate	nil
2026-03-11 14:38:19,545{GMT}	INFO	[jepsen worker 0] jepsen.util: 0	:ok	:generate	"978-null"
2026-03-11 14:38:19,545{GMT}	INFO	[jepsen worker 0] jepsen.util: 0	:invoke	:generate	nil
2026-03-11 14:38:19,546{GMT}	INFO	[jepsen worker 0] jepsen.util: 0	:ok	:generate	"979-null"
2026-03-11 14:38:19,546{GMT}	INFO	[jepsen worker 1] jepsen.util: 1	:invoke	:generate	nil
2026-03-11 14:38:19,547{GMT}	INFO	[jepsen worker 1] jepsen.util: 1	:ok	:generate	"766-null"
2026-03-11 14:38:19,548{GMT}	INFO	[jepsen worker 2] jepsen.util: 2	:invoke	:generate	nil
2026-03-11 14:38:19,549{GMT}	INFO	[jepsen worker 2] jepsen.util: 2	:ok	:generate	"670-null"
2026-03-11 14:38:19,549{GMT}	INFO	[jepsen worker 0] jepsen.util: 0	:invoke	:generate	nil
2026-03-11 14:38:19,549{GMT}	INFO	[jepsen worker 1] jepsen.util: 1	:invoke	:generate	nil
2026-03-11 14:38:19,549{GMT}	INFO	[jepsen worker 0] jepsen.util: 0	:ok	:generate	"980-null"
2026-03-11 14:38:19,549{GMT}	INFO	[jepsen worker 2] jepsen.util: 2	:invoke	:generate	nil
2026-03-11 14:38:19,551{GMT}	INFO	[jepsen worker 0] jepsen.util: 0	:invoke	:generate	nil
2026-03-11 14:38:19,551{GMT}	INFO	[jepsen worker 1] jepsen.util: 1	:ok	:generate	"767-null"
2026-03-11 14:38:19,552{GMT}	INFO	[jepsen worker 2] jepsen.util: 2	:ok	:generate	"671-null"
2026-03-11 14:38:19,553{GMT}	INFO	[jepsen worker 0] jepsen.util: 0	:ok	:generate	"981-null"
2026-03-11 14:38:19,553{GMT}	INFO	[jepsen worker 1] jepsen.util: 1	:invoke	:generate	nil
2026-03-11 14:38:19,554{GMT}	INFO	[jepsen worker 1] jepsen.util: 1	:ok	:generate	"768-null"
2026-03-11 14:38:19,555{GMT}	INFO	[jepsen worker 0] jepsen.util: 0	:invoke	:generate	nil
2026-03-11 14:38:19,555{GMT}	INFO	[jepsen worker 0] jepsen.util: 0	:ok	:generate	"982-null"
2026-03-11 14:38:19,556{GMT}	INFO	[jepsen worker 1] jepsen.util: 1	:invoke	:generate	nil
2026-03-11 14:38:19,557{GMT}	INFO	[jepsen worker 1] jepsen.util: 1	:ok	:generate	"769-null"
2026-03-11 14:38:19,557{GMT}	INFO	[jepsen worker 2] jepsen.util: 2	:invoke	:generate	nil
2026-03-11 14:38:19,558{GMT}	INFO	[jepsen worker 2] jepsen.util: 2	:ok	:generate	"672-null"
2026-03-11 14:38:19,559{GMT}	INFO	[jepsen worker 0] jepsen.util: 0	:invoke	:generate	nil
2026-03-11 14:38:19,559{GMT}	INFO	[jepsen worker 2] jepsen.util: 2	:invoke	:generate	nil
2026-03-11 14:38:19,559{GMT}	INFO	[jepsen worker 1] jepsen.util: 1	:invoke	:generate	nil
2026-03-11 14:38:19,560{GMT}	INFO	[jepsen worker 0] jepsen.util: 0	:ok	:generate	"983-null"
2026-03-11 14:38:19,560{GMT}	INFO	[jepsen worker 0] jepsen.util: 0	:invoke	:generate	nil
2026-03-11 14:38:19,560{GMT}	INFO	[jepsen worker 0] jepsen.util: 0	:ok	:generate	"984-null"
2026-03-11 14:38:19,561{GMT}	INFO	[jepsen worker 1] jepsen.util: 1	:ok	:generate	"770-null"
2026-03-11 14:38:19,562{GMT}	INFO	[jepsen worker 0] jepsen.util: 0	:invoke	:generate	nil
2026-03-11 14:38:19,562{GMT}	INFO	[jepsen worker 2] jepsen.util: 2	:ok	:generate	"673-null"
2026-03-11 14:38:19,563{GMT}	INFO	[jepsen worker 0] jepsen.util: 0	:ok	:generate	"985-null"
2026-03-11 14:38:19,563{GMT}	INFO	[jepsen worker 0] jepsen.util: 0	:invoke	:generate	nil
2026-03-11 14:38:19,564{GMT}	INFO	[jepsen worker 1] jepsen.util: 1	:invoke	:generate	nil
2026-03-11 14:38:19,564{GMT}	INFO	[jepsen worker 0] jepsen.util: 0	:ok	:generate	"986-null"
2026-03-11 14:38:19,565{GMT}	INFO	[jepsen worker 2] jepsen.util: 2	:invoke	:generate	nil
2026-03-11 14:38:19,565{GMT}	INFO	[jepsen worker 1] jepsen.util: 1	:ok	:generate	"771-null"
2026-03-11 14:38:19,565{GMT}	INFO	[jepsen worker 2] jepsen.util: 2	:ok	:generate	"674-null"
2026-03-11 14:38:19,567{GMT}	INFO	[jepsen worker 0] jepsen.util: 0	:invoke	:generate	nil
2026-03-11 14:38:19,568{GMT}	INFO	[jepsen worker 0] jepsen.util: 0	:ok	:generate	"987-null"
2026-03-11 14:38:19,568{GMT}	INFO	[jepsen worker 0] jepsen.util: 0	:invoke	:generate	nil
2026-03-11 14:38:19,569{GMT}	INFO	[jepsen worker 0] jepsen.util: 0	:ok	:generate	"988-null"
2026-03-11 14:38:19,570{GMT}	INFO	[jepsen worker 1] jepsen.util: 1	:invoke	:generate	nil
2026-03-11 14:38:19,571{GMT}	INFO	[jepsen worker 1] jepsen.util: 1	:ok	:generate	"772-null"
2026-03-11 14:38:19,572{GMT}	INFO	[jepsen worker 2] jepsen.util: 2	:invoke	:generate	nil
2026-03-11 14:38:19,573{GMT}	INFO	[jepsen worker 2] jepsen.util: 2	:ok	:generate	"675-null"
2026-03-11 14:38:19,573{GMT}	INFO	[jepsen worker 0] jepsen.util: 0	:invoke	:generate	nil
2026-03-11 14:38:19,573{GMT}	INFO	[jepsen worker 0] jepsen.util: 0	:ok	:generate	"989-null"
2026-03-11 14:38:19,575{GMT}	INFO	[jepsen worker 0] jepsen.util: 0	:invoke	:generate	nil
2026-03-11 14:38:19,575{GMT}	INFO	[jepsen worker 0] jepsen.util: 0	:ok	:generate	"990-null"
2026-03-11 14:38:19,576{GMT}	INFO	[jepsen worker 1] jepsen.util: 1	:invoke	:generate	nil
2026-03-11 14:38:19,577{GMT}	INFO	[jepsen worker 1] jepsen.util: 1	:ok	:generate	"773-null"
2026-03-11 14:38:19,577{GMT}	INFO	[jepsen worker 2] jepsen.util: 2	:invoke	:generate	nil
2026-03-11 14:38:19,578{GMT}	INFO	[jepsen worker 2] jepsen.util: 2	:ok	:generate	"676-null"
2026-03-11 14:38:19,578{GMT}	INFO	[jepsen worker 0] jepsen.util: 0	:invoke	:generate	nil
2026-03-11 14:38:19,579{GMT}	INFO	[jepsen worker 1] jepsen.util: 1	:invoke	:generate	nil
2026-03-11 14:38:19,579{GMT}	INFO	[jepsen worker 0] jepsen.util: 0	:ok	:generate	"991-null"
2026-03-11 14:38:19,579{GMT}	INFO	[jepsen worker 1] jepsen.util: 1	:ok	:generate	"774-null"
2026-03-11 14:38:19,580{GMT}	INFO	[jepsen worker 1] jepsen.util: 1	:invoke	:generate	nil
2026-03-11 14:38:19,580{GMT}	INFO	[jepsen worker 2] jepsen.util: 2	:invoke	:generate	nil
2026-03-11 14:38:19,581{GMT}	INFO	[jepsen worker 0] jepsen.util: 0	:invoke	:generate	nil
2026-03-11 14:38:19,581{GMT}	INFO	[jepsen worker 1] jepsen.util: 1	:ok	:generate	"775-null"
2026-03-11 14:38:19,581{GMT}	INFO	[jepsen worker 2] jepsen.util: 2	:ok	:generate	"677-null"
2026-03-11 14:38:19,581{GMT}	INFO	[jepsen worker 0] jepsen.util: 0	:ok	:generate	"992-null"
2026-03-11 14:38:19,581{GMT}	INFO	[jepsen worker 0] jepsen.util: 0	:invoke	:generate	nil
2026-03-11 14:38:19,582{GMT}	INFO	[jepsen worker 0] jepsen.util: 0	:ok	:generate	"993-null"
2026-03-11 14:38:19,582{GMT}	INFO	[jepsen worker 1] jepsen.util: 1	:invoke	:generate	nil
2026-03-11 14:38:19,583{GMT}	INFO	[jepsen worker 1] jepsen.util: 1	:ok	:generate	"776-null"
2026-03-11 14:38:19,584{GMT}	INFO	[jepsen worker 2] jepsen.util: 2	:invoke	:generate	nil
2026-03-11 14:38:19,585{GMT}	INFO	[jepsen worker 2] jepsen.util: 2	:ok	:generate	"678-null"
2026-03-11 14:38:19,586{GMT}	INFO	[jepsen worker 0] jepsen.util: 0	:invoke	:generate	nil
2026-03-11 14:38:19,586{GMT}	INFO	[jepsen worker 0] jepsen.util: 0	:ok	:generate	"994-null"
2026-03-11 14:38:19,587{GMT}	INFO	[jepsen worker 0] jepsen.util: 0	:invoke	:generate	nil
2026-03-11 14:38:19,587{GMT}	INFO	[jepsen worker 0] jepsen.util: 0	:ok	:generate	"995-null"
2026-03-11 14:38:19,589{GMT}	INFO	[jepsen worker 1] jepsen.util: 1	:invoke	:generate	nil
2026-03-11 14:38:19,589{GMT}	INFO	[jepsen worker 1] jepsen.util: 1	:ok	:generate	"777-null"
2026-03-11 14:38:19,590{GMT}	INFO	[jepsen worker 2] jepsen.util: 2	:invoke	:generate	nil
2026-03-11 14:38:19,590{GMT}	INFO	[jepsen worker 2] jepsen.util: 2	:ok	:generate	"679-null"
2026-03-11 14:38:19,591{GMT}	INFO	[jepsen worker 0] jepsen.util: 0	:invoke	:generate	nil
2026-03-11 14:38:19,592{GMT}	INFO	[jepsen worker 1] jepsen.util: 1	:invoke	:generate	nil
2026-03-11 14:38:19,593{GMT}	INFO	[jepsen worker 1] jepsen.util: 1	:ok	:generate	"778-null"
2026-03-11 14:38:19,593{GMT}	INFO	[jepsen worker 2] jepsen.util: 2	:invoke	:generate	nil
2026-03-11 14:38:19,594{GMT}	INFO	[jepsen worker 1] jepsen.util: 1	:invoke	:generate	nil
2026-03-11 14:38:19,594{GMT}	INFO	[jepsen worker 0] jepsen.util: 0	:ok	:generate	"996-null"
2026-03-11 14:38:19,595{GMT}	INFO	[jepsen worker 1] jepsen.util: 1	:ok	:generate	"779-null"
2026-03-11 14:38:19,595{GMT}	INFO	[jepsen worker 2] jepsen.util: 2	:ok	:generate	"680-null"
2026-03-11 14:38:19,595{GMT}	INFO	[jepsen worker 0] jepsen.util: 0	:invoke	:generate	nil
2026-03-11 14:38:19,596{GMT}	INFO	[jepsen worker 1] jepsen.util: 1	:invoke	:generate	nil
2026-03-11 14:38:19,596{GMT}	INFO	[jepsen worker 0] jepsen.util: 0	:ok	:generate	"997-null"
2026-03-11 14:38:19,597{GMT}	INFO	[jepsen worker 1] jepsen.util: 1	:ok	:generate	"780-null"
2026-03-11 14:38:19,598{GMT}	INFO	[jepsen worker 1] jepsen.util: 1	:invoke	:generate	nil
2026-03-11 14:38:19,598{GMT}	INFO	[jepsen worker 1] jepsen.util: 1	:ok	:generate	"781-null"
2026-03-11 14:38:19,598{GMT}	INFO	[jepsen worker 2] jepsen.util: 2	:invoke	:generate	nil
2026-03-11 14:38:19,599{GMT}	INFO	[jepsen worker 0] jepsen.util: 0	:invoke	:generate	nil
2026-03-11 14:38:19,599{GMT}	INFO	[jepsen worker 2] jepsen.util: 2	:ok	:generate	"681-null"
2026-03-11 14:38:19,599{GMT}	INFO	[jepsen worker 0] jepsen.util: 0	:ok	:generate	"998-null"
2026-03-11 14:38:19,601{GMT}	INFO	[jepsen worker 0] jepsen.util: 0	:invoke	:generate	nil
2026-03-11 14:38:19,601{GMT}	INFO	[jepsen worker 0] jepsen.util: 0	:ok	:generate	"999-null"
2026-03-11 14:38:19,602{GMT}	INFO	[jepsen worker 1] jepsen.util: 1	:invoke	:generate	nil
2026-03-11 14:38:19,602{GMT}	INFO	[jepsen worker 2] jepsen.util: 2	:invoke	:generate	nil
2026-03-11 14:38:19,603{GMT}	INFO	[jepsen worker 1] jepsen.util: 1	:ok	:generate	"782-null"
2026-03-11 14:38:19,603{GMT}	INFO	[jepsen worker 2] jepsen.util: 2	:ok	:generate	"682-null"
2026-03-11 14:38:19,603{GMT}	INFO	[jepsen worker 0] jepsen.util: 0	:invoke	:generate	nil
2026-03-11 14:38:19,604{GMT}	INFO	[jepsen worker 0] jepsen.util: 0	:ok	:generate	"1000-null"
2026-03-11 14:38:19,604{GMT}	INFO	[jepsen worker 0] jepsen.util: 0	:invoke	:generate	nil
2026-03-11 14:38:19,604{GMT}	INFO	[jepsen worker 0] jepsen.util: 0	:ok	:generate	"1001-null"
2026-03-11 14:38:19,606{GMT}	INFO	[jepsen worker 1] jepsen.util: 1	:invoke	:generate	nil
2026-03-11 14:38:19,607{GMT}	INFO	[jepsen worker 2] jepsen.util: 2	:invoke	:generate	nil
2026-03-11 14:38:19,607{GMT}	INFO	[jepsen worker 0] jepsen.util: 0	:invoke	:generate	nil
2026-03-11 14:38:19,607{GMT}	INFO	[jepsen worker 1] jepsen.util: 1	:ok	:generate	"783-null"
2026-03-11 14:38:19,608{GMT}	INFO	[jepsen worker 0] jepsen.util: 0	:ok	:generate	"1002-null"
2026-03-11 14:38:19,608{GMT}	INFO	[jepsen worker 2] jepsen.util: 2	:ok	:generate	"683-null"
2026-03-11 14:38:19,608{GMT}	INFO	[jepsen worker 0] jepsen.util: 0	:invoke	:generate	nil
2026-03-11 14:38:19,609{GMT}	INFO	[jepsen worker 0] jepsen.util: 0	:ok	:generate	"1003-null"
2026-03-11 14:38:19,610{GMT}	INFO	[jepsen worker 1] jepsen.util: 1	:invoke	:generate	nil
2026-03-11 14:38:19,611{GMT}	INFO	[jepsen worker 1] jepsen.util: 1	:ok	:generate	"784-null"
2026-03-11 14:38:19,612{GMT}	INFO	[jepsen worker 2] jepsen.util: 2	:invoke	:generate	nil
2026-03-11 14:38:19,613{GMT}	INFO	[jepsen worker 0] jepsen.util: 0	:invoke	:generate	nil
2026-03-11 14:38:19,613{GMT}	INFO	[jepsen worker 2] jepsen.util: 2	:ok	:generate	"684-null"
2026-03-11 14:38:19,613{GMT}	INFO	[jepsen worker 0] jepsen.util: 0	:ok	:generate	"1004-null"
2026-03-11 14:38:19,614{GMT}	INFO	[jepsen worker 0] jepsen.util: 0	:invoke	:generate	nil
2026-03-11 14:38:19,615{GMT}	INFO	[jepsen worker 1] jepsen.util: 1	:invoke	:generate	nil
2026-03-11 14:38:19,615{GMT}	INFO	[jepsen worker 0] jepsen.util: 0	:ok	:generate	"1005-null"
2026-03-11 14:38:19,615{GMT}	INFO	[jepsen worker 1] jepsen.util: 1	:ok	:generate	"785-null"
2026-03-11 14:38:19,616{GMT}	INFO	[jepsen worker 2] jepsen.util: 2	:invoke	:generate	nil
2026-03-11 14:38:19,617{GMT}	INFO	[jepsen worker 2] jepsen.util: 2	:ok	:generate	"685-null"
2026-03-11 14:38:19,618{GMT}	INFO	[jepsen worker 0] jepsen.util: 0	:invoke	:generate	nil
2026-03-11 14:38:19,618{GMT}	INFO	[jepsen worker 0] jepsen.util: 0	:ok	:generate	"1006-null"
2026-03-11 14:38:19,620{GMT}	INFO	[jepsen worker 0] jepsen.util: 0	:invoke	:generate	nil
2026-03-11 14:38:19,620{GMT}	INFO	[jepsen worker 0] jepsen.util: 0	:ok	:generate	"1007-null"
2026-03-11 14:38:19,621{GMT}	INFO	[jepsen worker 1] jepsen.util: 1	:invoke	:generate	nil
2026-03-11 14:38:19,621{GMT}	INFO	[jepsen worker 1] jepsen.util: 1	:ok	:generate	"786-null"
2026-03-11 14:38:19,622{GMT}	INFO	[jepsen worker 2] jepsen.util: 2	:invoke	:generate	nil
2026-03-11 14:38:19,622{GMT}	INFO	[jepsen worker 0] jepsen.util: 0	:invoke	:generate	nil
2026-03-11 14:38:19,623{GMT}	INFO	[jepsen worker 2] jepsen.util: 2	:ok	:generate	"686-null"
2026-03-11 14:38:19,623{GMT}	INFO	[jepsen worker 0] jepsen.util: 0	:ok	:generate	"1008-null"
2026-03-11 14:38:19,624{GMT}	INFO	[jepsen worker 0] jepsen.util: 0	:invoke	:generate	nil
2026-03-11 14:38:19,625{GMT}	INFO	[jepsen worker 0] jepsen.util: 0	:ok	:generate	"1009-null"
2026-03-11 14:38:19,626{GMT}	INFO	[jepsen worker 1] jepsen.util: 1	:invoke	:generate	nil
2026-03-11 14:38:19,627{GMT}	INFO	[jepsen worker 1] jepsen.util: 1	:ok	:generate	"787-null"
2026-03-11 14:38:19,627{GMT}	INFO	[jepsen worker 2] jepsen.util: 2	:invoke	:generate	nil
2026-03-11 14:38:19,627{GMT}	INFO	[jepsen worker 2] jepsen.util: 2	:ok	:generate	"687-null"
2026-03-11 14:38:19,627{GMT}	INFO	[jepsen worker 0] jepsen.util: 0	:invoke	:generate	nil
2026-03-11 14:38:19,628{GMT}	INFO	[jepsen worker 0] jepsen.util: 0	:ok	:generate	"1010-null"
2026-03-11 14:38:19,629{GMT}	INFO	[jepsen worker 0] jepsen.util: 0	:invoke	:generate	nil
2026-03-11 14:38:19,630{GMT}	INFO	[jepsen worker 0] jepsen.util: 0	:ok	:generate	"1011-null"
2026-03-11 14:38:19,631{GMT}	INFO	[jepsen worker 1] jepsen.util: 1	:invoke	:generate	nil
2026-03-11 14:38:19,632{GMT}	INFO	[jepsen worker 1] jepsen.util: 1	:ok	:generate	"788-null"
2026-03-11 14:38:19,633{GMT}	INFO	[jepsen worker 2] jepsen.util: 2	:invoke	:generate	nil
2026-03-11 14:38:19,633{GMT}	INFO	[jepsen worker 0] jepsen.util: 0	:invoke	:generate	nil
2026-03-11 14:38:19,634{GMT}	INFO	[jepsen worker 0] jepsen.util: 0	:ok	:generate	"1012-null"
2026-03-11 14:38:19,634{GMT}	INFO	[jepsen worker 2] jepsen.util: 2	:ok	:generate	"688-null"
2026-03-11 14:38:19,635{GMT}	INFO	[jepsen worker 0] jepsen.util: 0	:invoke	:generate	nil
2026-03-11 14:38:19,636{GMT}	INFO	[jepsen worker 0] jepsen.util: 0	:ok	:generate	"1013-null"
2026-03-11 14:38:19,637{GMT}	INFO	[jepsen worker 1] jepsen.util: 1	:invoke	:generate	nil
2026-03-11 14:38:19,638{GMT}	INFO	[jepsen worker 1] jepsen.util: 1	:ok	:generate	"789-null"
2026-03-11 14:38:19,639{GMT}	INFO	[jepsen worker 2] jepsen.util: 2	:invoke	:generate	nil
2026-03-11 14:38:19,639{GMT}	INFO	[jepsen worker 2] jepsen.util: 2	:ok	:generate	"689-null"
2026-03-11 14:38:19,640{GMT}	INFO	[jepsen worker 0] jepsen.util: 0	:invoke	:generate	nil
2026-03-11 14:38:19,641{GMT}	INFO	[jepsen worker 0] jepsen.util: 0	:ok	:generate	"1014-null"
2026-03-11 14:38:19,642{GMT}	INFO	[jepsen worker 0] jepsen.util: 0	:invoke	:generate	nil
2026-03-11 14:38:19,643{GMT}	INFO	[jepsen worker 1] jepsen.util: 1	:invoke	:generate	nil
2026-03-11 14:38:19,643{GMT}	INFO	[jepsen worker 0] jepsen.util: 0	:ok	:generate	"1015-null"
2026-03-11 14:38:19,643{GMT}	INFO	[jepsen worker 2] jepsen.util: 2	:invoke	:generate	nil
2026-03-11 14:38:19,643{GMT}	INFO	[jepsen worker 1] jepsen.util: 1	:ok	:generate	"790-null"
2026-03-11 14:38:19,644{GMT}	INFO	[jepsen worker 2] jepsen.util: 2	:ok	:generate	"690-null"
2026-03-11 14:38:19,645{GMT}	INFO	[jepsen worker 0] jepsen.util: 0	:invoke	:generate	nil
2026-03-11 14:38:19,645{GMT}	INFO	[jepsen worker 0] jepsen.util: 0	:ok	:generate	"1016-null"
2026-03-11 14:38:19,647{GMT}	INFO	[jepsen worker 0] jepsen.util: 0	:invoke	:generate	nil
2026-03-11 14:38:19,647{GMT}	INFO	[jepsen worker 0] jepsen.util: 0	:ok	:generate	"1017-null"
2026-03-11 14:38:19,647{GMT}	INFO	[jepsen worker 1] jepsen.util: 1	:invoke	:generate	nil
2026-03-11 14:38:19,648{GMT}	INFO	[jepsen worker 1] jepsen.util: 1	:ok	:generate	"791-null"
2026-03-11 14:38:19,649{GMT}	INFO	[jepsen worker 2] jepsen.util: 2	:invoke	:generate	nil
2026-03-11 14:38:19,650{GMT}	INFO	[jepsen worker 2] jepsen.util: 2	:ok	:generate	"691-null"
2026-03-11 14:38:19,651{GMT}	INFO	[jepsen worker 0] jepsen.util: 0	:invoke	:generate	nil
2026-03-11 14:38:19,651{GMT}	INFO	[jepsen worker 1] jepsen.util: 1	:invoke	:generate	nil
2026-03-11 14:38:19,653{GMT}	INFO	[jepsen worker 0] jepsen.util: 0	:ok	:generate	"1018-null"
2026-03-11 14:38:19,653{GMT}	INFO	[jepsen worker 1] jepsen.util: 1	:ok	:generate	"792-null"
2026-03-11 14:38:19,653{GMT}	INFO	[jepsen worker 2] jepsen.util: 2	:invoke	:generate	nil
2026-03-11 14:38:19,653{GMT}	INFO	[jepsen worker 0] jepsen.util: 0	:invoke	:generate	nil
2026-03-11 14:38:19,654{GMT}	INFO	[jepsen worker 2] jepsen.util: 2	:ok	:generate	"692-null"
2026-03-11 14:38:19,654{GMT}	INFO	[jepsen worker 0] jepsen.util: 0	:ok	:generate	"1019-null"
2026-03-11 14:38:19,654{GMT}	INFO	[jepsen worker 0] jepsen.util: 0	:invoke	:generate	nil
2026-03-11 14:38:19,655{GMT}	INFO	[jepsen worker 0] jepsen.util: 0	:ok	:generate	"1020-null"
2026-03-11 14:38:19,655{GMT}	INFO	[jepsen worker 0] jepsen.util: 0	:invoke	:generate	nil
2026-03-11 14:38:19,656{GMT}	INFO	[jepsen worker 1] jepsen.util: 1	:invoke	:generate	nil
2026-03-11 14:38:19,656{GMT}	INFO	[jepsen worker 2] jepsen.util: 2	:invoke	:generate	nil
2026-03-11 14:38:19,657{GMT}	INFO	[jepsen worker 2] jepsen.util: 2	:ok	:generate	"693-null"
2026-03-11 14:38:19,657{GMT}	INFO	[jepsen worker 1] jepsen.util: 1	:ok	:generate	"793-null"
2026-03-11 14:38:19,657{GMT}	INFO	[jepsen worker 1] jepsen.util: 1	:invoke	:generate	nil
2026-03-11 14:38:19,657{GMT}	INFO	[jepsen worker 0] jepsen.util: 0	:ok	:generate	"1021-null"
2026-03-11 14:38:19,657{GMT}	INFO	[jepsen worker 0] jepsen.util: 0	:invoke	:generate	nil
2026-03-11 14:38:19,657{GMT}	INFO	[jepsen worker 1] jepsen.util: 1	:ok	:generate	"794-null"
2026-03-11 14:38:19,657{GMT}	INFO	[jepsen worker 0] jepsen.util: 0	:ok	:generate	"1022-null"
2026-03-11 14:38:19,658{GMT}	INFO	[jepsen worker 1] jepsen.util: 1	:invoke	:generate	nil
2026-03-11 14:38:19,658{GMT}	INFO	[jepsen worker 1] jepsen.util: 1	:ok	:generate	"795-null"
2026-03-11 14:38:19,659{GMT}	INFO	[jepsen worker 2] jepsen.util: 2	:invoke	:generate	nil
2026-03-11 14:38:19,659{GMT}	INFO	[jepsen worker 0] jepsen.util: 0	:invoke	:generate	nil
2026-03-11 14:38:19,659{GMT}	INFO	[jepsen worker 1] jepsen.util: 1	:invoke	:generate	nil
2026-03-11 14:38:19,660{GMT}	INFO	[jepsen worker 2] jepsen.util: 2	:ok	:generate	"694-null"
2026-03-11 14:38:19,660{GMT}	INFO	[jepsen worker 1] jepsen.util: 1	:ok	:generate	"796-null"
2026-03-11 14:38:19,661{GMT}	INFO	[jepsen worker 1] jepsen.util: 1	:invoke	:generate	nil
2026-03-11 14:38:19,661{GMT}	INFO	[jepsen worker 0] jepsen.util: 0	:ok	:generate	"1023-null"
2026-03-11 14:38:19,661{GMT}	INFO	[jepsen worker 1] jepsen.util: 1	:ok	:generate	"797-null"
2026-03-11 14:38:19,661{GMT}	INFO	[jepsen worker 2] jepsen.util: 2	:invoke	:generate	nil
2026-03-11 14:38:19,662{GMT}	INFO	[jepsen worker 2] jepsen.util: 2	:ok	:generate	"695-null"
2026-03-11 14:38:19,663{GMT}	INFO	[jepsen worker 0] jepsen.util: 0	:invoke	:generate	nil
2026-03-11 14:38:19,663{GMT}	INFO	[jepsen worker 0] jepsen.util: 0	:ok	:generate	"1024-null"
2026-03-11 14:38:19,664{GMT}	INFO	[jepsen worker 0] jepsen.util: 0	:invoke	:generate	nil
2026-03-11 14:38:19,664{GMT}	INFO	[jepsen worker 0] jepsen.util: 0	:ok	:generate	"1025-null"
2026-03-11 14:38:19,666{GMT}	INFO	[jepsen worker 1] jepsen.util: 1	:invoke	:generate	nil
2026-03-11 14:38:19,666{GMT}	INFO	[jepsen worker 2] jepsen.util: 2	:invoke	:generate	nil
2026-03-11 14:38:19,666{GMT}	INFO	[jepsen worker 1] jepsen.util: 1	:ok	:generate	"798-null"
2026-03-11 14:38:19,667{GMT}	INFO	[jepsen worker 2] jepsen.util: 2	:ok	:generate	"696-null"
2026-03-11 14:38:19,667{GMT}	INFO	[jepsen worker 0] jepsen.util: 0	:invoke	:generate	nil
2026-03-11 14:38:19,667{GMT}	INFO	[jepsen worker 0] jepsen.util: 0	:ok	:generate	"1026-null"
2026-03-11 14:38:19,668{GMT}	INFO	[jepsen worker 0] jepsen.util: 0	:invoke	:generate	nil
2026-03-11 14:38:19,669{GMT}	INFO	[jepsen worker 0] jepsen.util: 0	:ok	:generate	"1027-null"
2026-03-11 14:38:19,670{GMT}	INFO	[jepsen worker 1] jepsen.util: 1	:invoke	:generate	nil
2026-03-11 14:38:19,670{GMT}	INFO	[jepsen worker 1] jepsen.util: 1	:ok	:generate	"799-null"
2026-03-11 14:38:19,671{GMT}	INFO	[jepsen worker 2] jepsen.util: 2	:invoke	:generate	nil
2026-03-11 14:38:19,671{GMT}	INFO	[jepsen worker 2] jepsen.util: 2	:ok	:generate	"697-null"
2026-03-11 14:38:19,672{GMT}	INFO	[jepsen worker 0] jepsen.util: 0	:invoke	:generate	nil
2026-03-11 14:38:19,673{GMT}	INFO	[jepsen worker 0] jepsen.util: 0	:ok	:generate	"1028-null"
2026-03-11 14:38:19,674{GMT}	INFO	[jepsen worker 0] jepsen.util: 0	:invoke	:generate	nil
2026-03-11 14:38:19,675{GMT}	INFO	[jepsen worker 0] jepsen.util: 0	:ok	:generate	"1029-null"
2026-03-11 14:38:19,675{GMT}	INFO	[jepsen worker 1] jepsen.util: 1	:invoke	:generate	nil
2026-03-11 14:38:19,675{GMT}	INFO	[jepsen worker 1] jepsen.util: 1	:ok	:generate	"800-null"
2026-03-11 14:38:19,676{GMT}	INFO	[jepsen worker 2] jepsen.util: 2	:invoke	:generate	nil
2026-03-11 14:38:19,676{GMT}	INFO	[jepsen worker 2] jepsen.util: 2	:ok	:generate	"698-null"
2026-03-11 14:38:19,677{GMT}	INFO	[jepsen worker 0] jepsen.util: 0	:invoke	:generate	nil
2026-03-11 14:38:19,678{GMT}	INFO	[jepsen worker 0] jepsen.util: 0	:ok	:generate	"1030-null"
2026-03-11 14:38:19,679{GMT}	INFO	[jepsen worker 0] jepsen.util: 0	:invoke	:generate	nil
2026-03-11 14:38:19,679{GMT}	INFO	[jepsen worker 0] jepsen.util: 0	:ok	:generate	"1031-null"
2026-03-11 14:38:19,679{GMT}	INFO	[jepsen worker 1] jepsen.util: 1	:invoke	:generate	nil
2026-03-11 14:38:19,680{GMT}	INFO	[jepsen worker 1] jepsen.util: 1	:ok	:generate	"801-null"
2026-03-11 14:38:19,681{GMT}	INFO	[jepsen worker 2] jepsen.util: 2	:invoke	:generate	nil
2026-03-11 14:38:19,682{GMT}	INFO	[jepsen worker 2] jepsen.util: 2	:ok	:generate	"699-null"
2026-03-11 14:38:19,682{GMT}	INFO	[jepsen worker 0] jepsen.util: 0	:invoke	:generate	nil
2026-03-11 14:38:19,683{GMT}	INFO	[jepsen worker 0] jepsen.util: 0	:ok	:generate	"1032-null"
2026-03-11 14:38:19,683{GMT}	INFO	[jepsen worker 0] jepsen.util: 0	:invoke	:generate	nil
2026-03-11 14:38:19,684{GMT}	INFO	[jepsen worker 1] jepsen.util: 1	:invoke	:generate	nil
2026-03-11 14:38:19,685{GMT}	INFO	[jepsen worker 1] jepsen.util: 1	:ok	:generate	"802-null"
2026-03-11 14:38:19,686{GMT}	INFO	[jepsen worker 2] jepsen.util: 2	:invoke	:generate	nil
2026-03-11 14:38:19,686{GMT}	INFO	[jepsen worker 1] jepsen.util: 1	:invoke	:generate	nil
2026-03-11 14:38:19,687{GMT}	INFO	[jepsen worker 1] jepsen.util: 1	:ok	:generate	"803-null"
2026-03-11 14:38:19,687{GMT}	INFO	[jepsen worker 2] jepsen.util: 2	:ok	:generate	"700-null"
2026-03-11 14:38:19,688{GMT}	INFO	[jepsen worker 1] jepsen.util: 1	:invoke	:generate	nil
2026-03-11 14:38:19,689{GMT}	INFO	[jepsen worker 1] jepsen.util: 1	:ok	:generate	"804-null"
2026-03-11 14:38:19,690{GMT}	INFO	[jepsen worker 1] jepsen.util: 1	:invoke	:generate	nil
2026-03-11 14:38:19,690{GMT}	INFO	[jepsen worker 2] jepsen.util: 2	:invoke	:generate	nil
2026-03-11 14:38:19,691{GMT}	INFO	[jepsen worker 1] jepsen.util: 1	:ok	:generate	"805-null"
2026-03-11 14:38:19,693{GMT}	INFO	[jepsen worker 0] jepsen.util: 0	:ok	:generate	"1033-null"
2026-03-11 14:38:19,693{GMT}	INFO	[jepsen worker 1] jepsen.util: 1	:invoke	:generate	nil
2026-03-11 14:38:19,693{GMT}	INFO	[jepsen worker 0] jepsen.util: 0	:invoke	:generate	nil
2026-03-11 14:38:19,694{GMT}	INFO	[jepsen worker 1] jepsen.util: 1	:ok	:generate	"806-null"
2026-03-11 14:38:19,694{GMT}	INFO	[jepsen worker 0] jepsen.util: 0	:ok	:generate	"1034-null"
2026-03-11 14:38:19,694{GMT}	INFO	[jepsen worker 2] jepsen.util: 2	:ok	:generate	"701-null"
2026-03-11 14:38:19,695{GMT}	INFO	[jepsen worker 1] jepsen.util: 1	:invoke	:generate	nil
2026-03-11 14:38:19,695{GMT}	INFO	[jepsen worker 2] jepsen.util: 2	:invoke	:generate	nil
2026-03-11 14:38:19,696{GMT}	INFO	[jepsen worker 1] jepsen.util: 1	:ok	:generate	"807-null"
2026-03-11 14:38:19,696{GMT}	INFO	[jepsen worker 0] jepsen.util: 0	:invoke	:generate	nil
2026-03-11 14:38:19,696{GMT}	INFO	[jepsen worker 2] jepsen.util: 2	:ok	:generate	"702-null"
2026-03-11 14:38:19,696{GMT}	INFO	[jepsen worker 1] jepsen.util: 1	:invoke	:generate	nil
2026-03-11 14:38:19,697{GMT}	INFO	[jepsen worker 0] jepsen.util: 0	:ok	:generate	"1035-null"
2026-03-11 14:38:19,697{GMT}	INFO	[jepsen worker 1] jepsen.util: 1	:ok	:generate	"808-null"
2026-03-11 14:38:19,698{GMT}	INFO	[jepsen worker 1] jepsen.util: 1	:invoke	:generate	nil
2026-03-11 14:38:19,699{GMT}	INFO	[jepsen worker 1] jepsen.util: 1	:ok	:generate	"809-null"
2026-03-11 14:38:19,699{GMT}	INFO	[jepsen worker 2] jepsen.util: 2	:invoke	:generate	nil
2026-03-11 14:38:19,700{GMT}	INFO	[jepsen worker 2] jepsen.util: 2	:ok	:generate	"703-null"
2026-03-11 14:38:19,701{GMT}	INFO	[jepsen worker 0] jepsen.util: 0	:invoke	:generate	nil
2026-03-11 14:38:19,701{GMT}	INFO	[jepsen worker 0] jepsen.util: 0	:ok	:generate	"1036-null"
2026-03-11 14:38:19,702{GMT}	INFO	[jepsen worker 0] jepsen.util: 0	:invoke	:generate	nil
2026-03-11 14:38:19,702{GMT}	INFO	[jepsen worker 0] jepsen.util: 0	:ok	:generate	"1037-null"
2026-03-11 14:38:19,704{GMT}	INFO	[jepsen worker 1] jepsen.util: 1	:invoke	:generate	nil
2026-03-11 14:38:19,704{GMT}	INFO	[jepsen worker 1] jepsen.util: 1	:ok	:generate	"810-null"
2026-03-11 14:38:19,705{GMT}	INFO	[jepsen worker 2] jepsen.util: 2	:invoke	:generate	nil
2026-03-11 14:38:19,706{GMT}	INFO	[jepsen worker 2] jepsen.util: 2	:ok	:generate	"704-null"
2026-03-11 14:38:19,706{GMT}	INFO	[jepsen worker 0] jepsen.util: 0	:invoke	:generate	nil
2026-03-11 14:38:19,706{GMT}	INFO	[jepsen worker 1] jepsen.util: 1	:invoke	:generate	nil
2026-03-11 14:38:19,707{GMT}	INFO	[jepsen worker 1] jepsen.util: 1	:ok	:generate	"811-null"
2026-03-11 14:38:19,707{GMT}	INFO	[jepsen worker 0] jepsen.util: 0	:ok	:generate	"1038-null"
2026-03-11 14:38:19,707{GMT}	INFO	[jepsen worker 1] jepsen.util: 1	:invoke	:generate	nil
2026-03-11 14:38:19,708{GMT}	INFO	[jepsen worker 1] jepsen.util: 1	:ok	:generate	"812-null"
2026-03-11 14:38:19,709{GMT}	INFO	[jepsen worker 2] jepsen.util: 2	:invoke	:generate	nil
2026-03-11 14:38:19,710{GMT}	INFO	[jepsen worker 2] jepsen.util: 2	:ok	:generate	"705-null"
2026-03-11 14:38:19,712{GMT}	INFO	[jepsen worker 0] jepsen.util: 0	:invoke	:generate	nil
2026-03-11 14:38:19,712{GMT}	INFO	[jepsen worker 0] jepsen.util: 0	:ok	:generate	"1039-null"
2026-03-11 14:38:19,714{GMT}	INFO	[jepsen worker 0] jepsen.util: 0	:invoke	:generate	nil
2026-03-11 14:38:19,714{GMT}	INFO	[jepsen worker 1] jepsen.util: 1	:invoke	:generate	nil
2026-03-11 14:38:19,715{GMT}	INFO	[jepsen worker 0] jepsen.util: 0	:ok	:generate	"1040-null"
2026-03-11 14:38:19,716{GMT}	INFO	[jepsen worker 2] jepsen.util: 2	:invoke	:generate	nil
2026-03-11 14:38:19,716{GMT}	INFO	[jepsen worker 1] jepsen.util: 1	:ok	:generate	"813-null"
2026-03-11 14:38:19,716{GMT}	INFO	[jepsen worker 0] jepsen.util: 0	:invoke	:generate	nil
2026-03-11 14:38:19,717{GMT}	INFO	[jepsen worker 2] jepsen.util: 2	:ok	:generate	"706-null"
2026-03-11 14:38:19,717{GMT}	INFO	[jepsen worker 0] jepsen.util: 0	:ok	:generate	"1041-null"
2026-03-11 14:38:19,717{GMT}	INFO	[jepsen worker 0] jepsen.util: 0	:invoke	:generate	nil
2026-03-11 14:38:19,718{GMT}	INFO	[jepsen worker 0] jepsen.util: 0	:ok	:generate	"1042-null"
2026-03-11 14:38:19,718{GMT}	INFO	[jepsen worker 1] jepsen.util: 1	:invoke	:generate	nil
2026-03-11 14:38:19,719{GMT}	INFO	[jepsen worker 1] jepsen.util: 1	:ok	:generate	"814-null"
2026-03-11 14:38:19,719{GMT}	INFO	[jepsen worker 2] jepsen.util: 2	:invoke	:generate	nil
2026-03-11 14:38:19,720{GMT}	INFO	[jepsen worker 2] jepsen.util: 2	:ok	:generate	"707-null"
2026-03-11 14:38:19,720{GMT}	INFO	[jepsen worker 0] jepsen.util: 0	:invoke	:generate	nil
2026-03-11 14:38:19,720{GMT}	INFO	[jepsen worker 0] jepsen.util: 0	:ok	:generate	"1043-null"
2026-03-11 14:38:19,721{GMT}	INFO	[jepsen worker 0] jepsen.util: 0	:invoke	:generate	nil
2026-03-11 14:38:19,721{GMT}	INFO	[jepsen worker 0] jepsen.util: 0	:ok	:generate	"1044-null"
2026-03-11 14:38:19,722{GMT}	INFO	[jepsen worker 1] jepsen.util: 1	:invoke	:generate	nil
2026-03-11 14:38:19,723{GMT}	INFO	[jepsen worker 1] jepsen.util: 1	:ok	:generate	"815-null"
2026-03-11 14:38:19,723{GMT}	INFO	[jepsen worker 2] jepsen.util: 2	:invoke	:generate	nil
2026-03-11 14:38:19,724{GMT}	INFO	[jepsen worker 2] jepsen.util: 2	:ok	:generate	"708-null"
2026-03-11 14:38:19,725{GMT}	INFO	[jepsen worker 0] jepsen.util: 0	:invoke	:generate	nil
2026-03-11 14:38:19,725{GMT}	INFO	[jepsen worker 1] jepsen.util: 1	:invoke	:generate	nil
2026-03-11 14:38:19,725{GMT}	INFO	[jepsen worker 0] jepsen.util: 0	:ok	:generate	"1045-null"
2026-03-11 14:38:19,726{GMT}	INFO	[jepsen worker 1] jepsen.util: 1	:ok	:generate	"816-null"
2026-03-11 14:38:19,727{GMT}	INFO	[jepsen worker 1] jepsen.util: 1	:invoke	:generate	nil
2026-03-11 14:38:19,728{GMT}	INFO	[jepsen worker 2] jepsen.util: 2	:invoke	:generate	nil
2026-03-11 14:38:19,728{GMT}	INFO	[jepsen worker 1] jepsen.util: 1	:ok	:generate	"817-null"
2026-03-11 14:38:19,728{GMT}	INFO	[jepsen worker 0] jepsen.util: 0	:invoke	:generate	nil
2026-03-11 14:38:19,728{GMT}	INFO	[jepsen worker 2] jepsen.util: 2	:ok	:generate	"709-null"
2026-03-11 14:38:19,729{GMT}	INFO	[jepsen worker 0] jepsen.util: 0	:ok	:generate	"1046-null"
2026-03-11 14:38:19,730{GMT}	INFO	[jepsen worker 0] jepsen.util: 0	:invoke	:generate	nil
2026-03-11 14:38:19,731{GMT}	INFO	[jepsen worker 1] jepsen.util: 1	:invoke	:generate	nil
2026-03-11 14:38:19,731{GMT}	INFO	[jepsen worker 0] jepsen.util: 0	:ok	:generate	"1047-null"
2026-03-11 14:38:19,731{GMT}	INFO	[jepsen worker 2] jepsen.util: 2	:invoke	:generate	nil
2026-03-11 14:38:19,732{GMT}	INFO	[jepsen worker 1] jepsen.util: 1	:ok	:generate	"818-null"
2026-03-11 14:38:19,732{GMT}	INFO	[jepsen worker 2] jepsen.util: 2	:ok	:generate	"710-null"
2026-03-11 14:38:19,733{GMT}	INFO	[jepsen worker 0] jepsen.util: 0	:invoke	:generate	nil
2026-03-11 14:38:19,734{GMT}	INFO	[jepsen worker 0] jepsen.util: 0	:ok	:generate	"1048-null"
2026-03-11 14:38:19,735{GMT}	INFO	[jepsen worker 1] jepsen.util: 1	:invoke	:generate	nil
2026-03-11 14:38:19,735{GMT}	INFO	[jepsen worker 0] jepsen.util: 0	:invoke	:generate	nil
2026-03-11 14:38:19,736{GMT}	INFO	[jepsen worker 0] jepsen.util: 0	:ok	:generate	"1049-null"
2026-03-11 14:38:19,736{GMT}	INFO	[jepsen worker 1] jepsen.util: 1	:ok	:generate	"819-null"
2026-03-11 14:38:19,737{GMT}	INFO	[jepsen worker 2] jepsen.util: 2	:invoke	:generate	nil
2026-03-11 14:38:19,737{GMT}	INFO	[jepsen worker 0] jepsen.util: 0	:invoke	:generate	nil
2026-03-11 14:38:19,737{GMT}	INFO	[jepsen worker 2] jepsen.util: 2	:ok	:generate	"711-null"
2026-03-11 14:38:19,737{GMT}	INFO	[jepsen worker 0] jepsen.util: 0	:ok	:generate	"1050-null"
2026-03-11 14:38:19,739{GMT}	INFO	[jepsen worker 0] jepsen.util: 0	:invoke	:generate	nil
2026-03-11 14:38:19,739{GMT}	INFO	[jepsen worker 0] jepsen.util: 0	:ok	:generate	"1051-null"
2026-03-11 14:38:19,740{GMT}	INFO	[jepsen worker 1] jepsen.util: 1	:invoke	:generate	nil
2026-03-11 14:38:19,740{GMT}	INFO	[jepsen worker 2] jepsen.util: 2	:invoke	:generate	nil
2026-03-11 14:38:19,740{GMT}	INFO	[jepsen worker 0] jepsen.util: 0	:invoke	:generate	nil
2026-03-11 14:38:19,741{GMT}	INFO	[jepsen worker 0] jepsen.util: 0	:ok	:generate	"1052-null"
2026-03-11 14:38:19,741{GMT}	INFO	[jepsen worker 1] jepsen.util: 1	:ok	:generate	"820-null"
2026-03-11 14:38:19,741{GMT}	INFO	[jepsen worker 0] jepsen.util: 0	:invoke	:generate	nil
2026-03-11 14:38:19,741{GMT}	INFO	[jepsen worker 2] jepsen.util: 2	:ok	:generate	"712-null"
2026-03-11 14:38:19,742{GMT}	INFO	[jepsen worker 0] jepsen.util: 0	:ok	:generate	"1053-null"
2026-03-11 14:38:19,742{GMT}	INFO	[jepsen worker 1] jepsen.util: 1	:invoke	:generate	nil
2026-03-11 14:38:19,742{GMT}	INFO	[jepsen worker 1] jepsen.util: 1	:ok	:generate	"821-null"
2026-03-11 14:38:19,743{GMT}	INFO	[jepsen worker 2] jepsen.util: 2	:invoke	:generate	nil
2026-03-11 14:38:19,744{GMT}	INFO	[jepsen worker 2] jepsen.util: 2	:ok	:generate	"713-null"
2026-03-11 14:38:19,745{GMT}	INFO	[jepsen worker 0] jepsen.util: 0	:invoke	:generate	nil
2026-03-11 14:38:19,746{GMT}	INFO	[jepsen worker 0] jepsen.util: 0	:ok	:generate	"1054-null"
2026-03-11 14:38:19,747{GMT}	INFO	[jepsen worker 0] jepsen.util: 0	:invoke	:generate	nil
2026-03-11 14:38:19,748{GMT}	INFO	[jepsen worker 0] jepsen.util: 0	:ok	:generate	"1055-null"
2026-03-11 14:38:19,748{GMT}	INFO	[jepsen worker 1] jepsen.util: 1	:invoke	:generate	nil
2026-03-11 14:38:19,748{GMT}	INFO	[jepsen worker 1] jepsen.util: 1	:ok	:generate	"822-null"
2026-03-11 14:38:19,749{GMT}	INFO	[jepsen worker 2] jepsen.util: 2	:invoke	:generate	nil
2026-03-11 14:38:19,749{GMT}	INFO	[jepsen worker 2] jepsen.util: 2	:ok	:generate	"714-null"
2026-03-11 14:38:19,750{GMT}	INFO	[jepsen worker 0] jepsen.util: 0	:invoke	:generate	nil
2026-03-11 14:38:19,751{GMT}	INFO	[jepsen worker 0] jepsen.util: 0	:ok	:generate	"1056-null"
2026-03-11 14:38:19,752{GMT}	INFO	[jepsen worker 0] jepsen.util: 0	:invoke	:generate	nil
2026-03-11 14:38:19,753{GMT}	INFO	[jepsen worker 0] jepsen.util: 0	:ok	:generate	"1057-null"
2026-03-11 14:38:19,753{GMT}	INFO	[jepsen worker 1] jepsen.util: 1	:invoke	:generate	nil
2026-03-11 14:38:19,754{GMT}	INFO	[jepsen worker 1] jepsen.util: 1	:ok	:generate	"823-null"
2026-03-11 14:38:19,754{GMT}	INFO	[jepsen worker 2] jepsen.util: 2	:invoke	:generate	nil
2026-03-11 14:38:19,754{GMT}	INFO	[jepsen worker 2] jepsen.util: 2	:ok	:generate	"715-null"
2026-03-11 14:38:19,755{GMT}	INFO	[jepsen worker 0] jepsen.util: 0	:invoke	:generate	nil
2026-03-11 14:38:19,756{GMT}	INFO	[jepsen worker 0] jepsen.util: 0	:ok	:generate	"1058-null"
2026-03-11 14:38:19,756{GMT}	INFO	[jepsen worker 0] jepsen.util: 0	:invoke	:generate	nil
2026-03-11 14:38:19,757{GMT}	INFO	[jepsen worker 0] jepsen.util: 0	:ok	:generate	"1059-null"
2026-03-11 14:38:19,757{GMT}	INFO	[jepsen worker 1] jepsen.util: 1	:invoke	:generate	nil
2026-03-11 14:38:19,757{GMT}	INFO	[jepsen worker 2] jepsen.util: 2	:invoke	:generate	nil
2026-03-11 14:38:19,758{GMT}	INFO	[jepsen worker 2] jepsen.util: 2	:ok	:generate	"716-null"
2026-03-11 14:38:19,758{GMT}	INFO	[jepsen worker 0] jepsen.util: 0	:invoke	:generate	nil
2026-03-11 14:38:19,759{GMT}	INFO	[jepsen worker 1] jepsen.util: 1	:ok	:generate	"824-null"
2026-03-11 14:38:19,759{GMT}	INFO	[jepsen worker 0] jepsen.util: 0	:ok	:generate	"1060-null"
2026-03-11 14:38:19,760{GMT}	INFO	[jepsen worker 0] jepsen.util: 0	:invoke	:generate	nil
2026-03-11 14:38:19,761{GMT}	INFO	[jepsen worker 1] jepsen.util: 1	:invoke	:generate	nil
2026-03-11 14:38:19,761{GMT}	INFO	[jepsen worker 0] jepsen.util: 0	:ok	:generate	"1061-null"
2026-03-11 14:38:19,761{GMT}	INFO	[jepsen worker 1] jepsen.util: 1	:ok	:generate	"825-null"
2026-03-11 14:38:19,761{GMT}	INFO	[jepsen worker 2] jepsen.util: 2	:invoke	:generate	nil
2026-03-11 14:38:19,762{GMT}	INFO	[jepsen worker 2] jepsen.util: 2	:ok	:generate	"717-null"
2026-03-11 14:38:19,763{GMT}	INFO	[jepsen worker 0] jepsen.util: 0	:invoke	:generate	nil
2026-03-11 14:38:19,764{GMT}	INFO	[jepsen worker 0] jepsen.util: 0	:ok	:generate	"1062-null"
2026-03-11 14:38:19,765{GMT}	INFO	[jepsen worker 0] jepsen.util: 0	:invoke	:generate	nil
2026-03-11 14:38:19,766{GMT}	INFO	[jepsen worker 1] jepsen.util: 1	:invoke	:generate	nil
2026-03-11 14:38:19,766{GMT}	INFO	[jepsen worker 0] jepsen.util: 0	:ok	:generate	"1063-null"
2026-03-11 14:38:19,766{GMT}	INFO	[jepsen worker 1] jepsen.util: 1	:ok	:generate	"826-null"
2026-03-11 14:38:19,767{GMT}	INFO	[jepsen worker 2] jepsen.util: 2	:invoke	:generate	nil
2026-03-11 14:38:19,767{GMT}	INFO	[jepsen worker 2] jepsen.util: 2	:ok	:generate	"718-null"
2026-03-11 14:38:19,768{GMT}	INFO	[jepsen worker 0] jepsen.util: 0	:invoke	:generate	nil
2026-03-11 14:38:19,768{GMT}	INFO	[jepsen worker 0] jepsen.util: 0	:ok	:generate	"1064-null"
2026-03-11 14:38:19,769{GMT}	INFO	[jepsen worker 0] jepsen.util: 0	:invoke	:generate	nil
2026-03-11 14:38:19,769{GMT}	INFO	[jepsen worker 0] jepsen.util: 0	:ok	:generate	"1065-null"
2026-03-11 14:38:19,771{GMT}	INFO	[jepsen worker 1] jepsen.util: 1	:invoke	:generate	nil
2026-03-11 14:38:19,772{GMT}	INFO	[jepsen worker 1] jepsen.util: 1	:ok	:generate	"827-null"
2026-03-11 14:38:19,772{GMT}	INFO	[jepsen worker 2] jepsen.util: 2	:invoke	:generate	nil
2026-03-11 14:38:19,772{GMT}	INFO	[jepsen worker 2] jepsen.util: 2	:ok	:generate	"719-null"
2026-03-11 14:38:19,773{GMT}	INFO	[jepsen worker 0] jepsen.util: 0	:invoke	:generate	nil
2026-03-11 14:38:19,773{GMT}	INFO	[jepsen worker 0] jepsen.util: 0	:ok	:generate	"1066-null"
2026-03-11 14:38:19,774{GMT}	INFO	[jepsen worker 0] jepsen.util: 0	:invoke	:generate	nil
2026-03-11 14:38:19,775{GMT}	INFO	[jepsen worker 0] jepsen.util: 0	:ok	:generate	"1067-null"
2026-03-11 14:38:19,776{GMT}	INFO	[jepsen worker 1] jepsen.util: 1	:invoke	:generate	nil
2026-03-11 14:38:19,776{GMT}	INFO	[jepsen worker 2] jepsen.util: 2	:invoke	:generate	nil
2026-03-11 14:38:19,776{GMT}	INFO	[jepsen worker 1] jepsen.util: 1	:ok	:generate	"828-null"
2026-03-11 14:38:19,777{GMT}	INFO	[jepsen worker 2] jepsen.util: 2	:ok	:generate	"720-null"
2026-03-11 14:38:19,777{GMT}	INFO	[jepsen worker 0] jepsen.util: 0	:invoke	:generate	nil
2026-03-11 14:38:19,778{GMT}	INFO	[jepsen worker 0] jepsen.util: 0	:ok	:generate	"1068-null"
2026-03-11 14:38:19,778{GMT}	INFO	[jepsen worker 1] jepsen.util: 1	:invoke	:generate	nil
2026-03-11 14:38:19,778{GMT}	INFO	[jepsen worker 1] jepsen.util: 1	:ok	:generate	"829-null"
2026-03-11 14:38:19,778{GMT}	INFO	[jepsen worker 2] jepsen.util: 2	:invoke	:generate	nil
2026-03-11 14:38:19,779{GMT}	INFO	[jepsen worker 2] jepsen.util: 2	:ok	:generate	"721-null"
2026-03-11 14:38:19,779{GMT}	INFO	[jepsen worker 2] jepsen.util: 2	:invoke	:generate	nil
2026-03-11 14:38:19,780{GMT}	INFO	[jepsen worker 2] jepsen.util: 2	:ok	:generate	"722-null"
2026-03-11 14:38:19,780{GMT}	INFO	[jepsen worker 0] jepsen.util: 0	:invoke	:generate	nil
2026-03-11 14:38:19,780{GMT}	INFO	[jepsen worker 0] jepsen.util: 0	:ok	:generate	"1069-null"
2026-03-11 14:38:19,781{GMT}	INFO	[jepsen worker 0] jepsen.util: 0	:invoke	:generate	nil
2026-03-11 14:38:19,781{GMT}	INFO	[jepsen worker 0] jepsen.util: 0	:ok	:generate	"1070-null"
2026-03-11 14:38:19,783{GMT}	INFO	[jepsen worker 1] jepsen.util: 1	:invoke	:generate	nil
2026-03-11 14:38:19,783{GMT}	INFO	[jepsen worker 2] jepsen.util: 2	:invoke	:generate	nil
2026-03-11 14:38:19,783{GMT}	INFO	[jepsen worker 0] jepsen.util: 0	:invoke	:generate	nil
2026-03-11 14:38:19,783{GMT}	INFO	[jepsen worker 1] jepsen.util: 1	:ok	:generate	"830-null"
2026-03-11 14:38:19,784{GMT}	INFO	[jepsen worker 2] jepsen.util: 2	:ok	:generate	"723-null"
2026-03-11 14:38:19,784{GMT}	INFO	[jepsen worker 1] jepsen.util: 1	:invoke	:generate	nil
2026-03-11 14:38:19,784{GMT}	INFO	[jepsen worker 0] jepsen.util: 0	:ok	:generate	"1071-null"
2026-03-11 14:38:19,784{GMT}	INFO	[jepsen worker 1] jepsen.util: 1	:ok	:generate	"831-null"
2026-03-11 14:38:19,785{GMT}	INFO	[jepsen worker 1] jepsen.util: 1	:invoke	:generate	nil
2026-03-11 14:38:19,785{GMT}	INFO	[jepsen worker 1] jepsen.util: 1	:ok	:generate	"832-null"
2026-03-11 14:38:19,787{GMT}	INFO	[jepsen worker 2] jepsen.util: 2	:invoke	:generate	nil
2026-03-11 14:38:19,787{GMT}	INFO	[jepsen worker 0] jepsen.util: 0	:invoke	:generate	nil
2026-03-11 14:38:19,787{GMT}	INFO	[jepsen worker 2] jepsen.util: 2	:ok	:generate	"724-null"
2026-03-11 14:38:19,787{GMT}	INFO	[jepsen worker 0] jepsen.util: 0	:ok	:generate	"1072-null"
2026-03-11 14:38:19,789{GMT}	INFO	[jepsen worker 0] jepsen.util: 0	:invoke	:generate	nil
2026-03-11 14:38:19,790{GMT}	INFO	[jepsen worker 0] jepsen.util: 0	:ok	:generate	"1073-null"
2026-03-11 14:38:19,791{GMT}	INFO	[jepsen worker 1] jepsen.util: 1	:invoke	:generate	nil
2026-03-11 14:38:19,791{GMT}	INFO	[jepsen worker 1] jepsen.util: 1	:ok	:generate	"833-null"
2026-03-11 14:38:19,792{GMT}	INFO	[jepsen worker 2] jepsen.util: 2	:invoke	:generate	nil
2026-03-11 14:38:19,792{GMT}	INFO	[jepsen worker 0] jepsen.util: 0	:invoke	:generate	nil
2026-03-11 14:38:19,793{GMT}	INFO	[jepsen worker 0] jepsen.util: 0	:ok	:generate	"1074-null"
2026-03-11 14:38:19,793{GMT}	INFO	[jepsen worker 0] jepsen.util: 0	:invoke	:generate	nil
2026-03-11 14:38:19,794{GMT}	INFO	[jepsen worker 2] jepsen.util: 2	:ok	:generate	"725-null"
2026-03-11 14:38:19,794{GMT}	INFO	[jepsen worker 0] jepsen.util: 0	:ok	:generate	"1075-null"
2026-03-11 14:38:19,794{GMT}	INFO	[jepsen worker 1] jepsen.util: 1	:invoke	:generate	nil
2026-03-11 14:38:19,795{GMT}	INFO	[jepsen worker 1] jepsen.util: 1	:ok	:generate	"834-null"
2026-03-11 14:38:19,796{GMT}	INFO	[jepsen worker 2] jepsen.util: 2	:invoke	:generate	nil
2026-03-11 14:38:19,797{GMT}	INFO	[jepsen worker 2] jepsen.util: 2	:ok	:generate	"726-null"
2026-03-11 14:38:19,798{GMT}	INFO	[jepsen worker 0] jepsen.util: 0	:invoke	:generate	nil
2026-03-11 14:38:19,799{GMT}	INFO	[jepsen worker 0] jepsen.util: 0	:ok	:generate	"1076-null"
2026-03-11 14:38:19,799{GMT}	INFO	[jepsen worker 1] jepsen.util: 1	:invoke	:generate	nil
2026-03-11 14:38:19,799{GMT}	INFO	[jepsen worker 1] jepsen.util: 1	:ok	:generate	"835-null"
2026-03-11 14:38:19,800{GMT}	INFO	[jepsen worker 1] jepsen.util: 1	:invoke	:generate	nil
2026-03-11 14:38:19,801{GMT}	INFO	[jepsen worker 1] jepsen.util: 1	:ok	:generate	"836-null"
2026-03-11 14:38:19,802{GMT}	INFO	[jepsen worker 2] jepsen.util: 2	:invoke	:generate	nil
2026-03-11 14:38:19,802{GMT}	INFO	[jepsen worker 2] jepsen.util: 2	:ok	:generate	"727-null"
2026-03-11 14:38:19,803{GMT}	INFO	[jepsen worker 0] jepsen.util: 0	:invoke	:generate	nil
2026-03-11 14:38:19,803{GMT}	INFO	[jepsen worker 0] jepsen.util: 0	:ok	:generate	"1077-null"
2026-03-11 14:38:19,805{GMT}	INFO	[jepsen worker 0] jepsen.util: 0	:invoke	:generate	nil
2026-03-11 14:38:19,805{GMT}	INFO	[jepsen worker 1] jepsen.util: 1	:invoke	:generate	nil
2026-03-11 14:38:19,806{GMT}	INFO	[jepsen worker 1] jepsen.util: 1	:ok	:generate	"837-null"
2026-03-11 14:38:19,806{GMT}	INFO	[jepsen worker 0] jepsen.util: 0	:ok	:generate	"1078-null"
2026-03-11 14:38:19,807{GMT}	INFO	[jepsen worker 2] jepsen.util: 2	:invoke	:generate	nil
2026-03-11 14:38:19,807{GMT}	INFO	[jepsen worker 2] jepsen.util: 2	:ok	:generate	"728-null"
2026-03-11 14:38:19,808{GMT}	INFO	[jepsen worker 0] jepsen.util: 0	:invoke	:generate	nil
2026-03-11 14:38:19,809{GMT}	INFO	[jepsen worker 1] jepsen.util: 1	:invoke	:generate	nil
2026-03-11 14:38:19,809{GMT}	INFO	[jepsen worker 0] jepsen.util: 0	:ok	:generate	"1079-null"
2026-03-11 14:38:19,809{GMT}	INFO	[jepsen worker 1] jepsen.util: 1	:ok	:generate	"838-null"
2026-03-11 14:38:19,810{GMT}	INFO	[jepsen worker 1] jepsen.util: 1	:invoke	:generate	nil
2026-03-11 14:38:19,811{GMT}	INFO	[jepsen worker 1] jepsen.util: 1	:ok	:generate	"839-null"
2026-03-11 14:38:19,811{GMT}	INFO	[jepsen worker 2] jepsen.util: 2	:invoke	:generate	nil
2026-03-11 14:38:19,812{GMT}	INFO	[jepsen worker 2] jepsen.util: 2	:ok	:generate	"729-null"
2026-03-11 14:38:19,812{GMT}	INFO	[jepsen worker 0] jepsen.util: 0	:invoke	:generate	nil
2026-03-11 14:38:19,813{GMT}	INFO	[jepsen worker 0] jepsen.util: 0	:ok	:generate	"1080-null"
2026-03-11 14:38:19,813{GMT}	INFO	[jepsen worker 0] jepsen.util: 0	:invoke	:generate	nil
2026-03-11 14:38:19,814{GMT}	INFO	[jepsen worker 0] jepsen.util: 0	:ok	:generate	"1081-null"
2026-03-11 14:38:19,814{GMT}	INFO	[jepsen worker 1] jepsen.util: 1	:invoke	:generate	nil
2026-03-11 14:38:19,814{GMT}	INFO	[jepsen worker 2] jepsen.util: 2	:invoke	:generate	nil
2026-03-11 14:38:19,814{GMT}	INFO	[jepsen worker 1] jepsen.util: 1	:ok	:generate	"840-null"
2026-03-11 14:38:19,815{GMT}	INFO	[jepsen worker 2] jepsen.util: 2	:ok	:generate	"730-null"
2026-03-11 14:38:19,815{GMT}	INFO	[jepsen worker 0] jepsen.util: 0	:invoke	:generate	nil
2026-03-11 14:38:19,816{GMT}	INFO	[jepsen worker 0] jepsen.util: 0	:ok	:generate	"1082-null"
2026-03-11 14:38:19,816{GMT}	INFO	[jepsen worker 1] jepsen.util: 1	:invoke	:generate	nil
2026-03-11 14:38:19,816{GMT}	INFO	[jepsen worker 1] jepsen.util: 1	:ok	:generate	"841-null"
2026-03-11 14:38:19,816{GMT}	INFO	[jepsen worker 1] jepsen.util: 1	:invoke	:generate	nil
2026-03-11 14:38:19,817{GMT}	INFO	[jepsen worker 1] jepsen.util: 1	:ok	:generate	"842-null"
2026-03-11 14:38:19,818{GMT}	INFO	[jepsen worker 2] jepsen.util: 2	:invoke	:generate	nil
2026-03-11 14:38:19,819{GMT}	INFO	[jepsen worker 2] jepsen.util: 2	:ok	:generate	"731-null"
2026-03-11 14:38:19,819{GMT}	INFO	[jepsen worker 0] jepsen.util: 0	:invoke	:generate	nil
2026-03-11 14:38:19,819{GMT}	INFO	[jepsen worker 0] jepsen.util: 0	:ok	:generate	"1083-null"
2026-03-11 14:38:19,819{GMT}	INFO	[jepsen worker 0] jepsen.util: 0	:invoke	:generate	nil
2026-03-11 14:38:19,820{GMT}	INFO	[jepsen worker 0] jepsen.util: 0	:ok	:generate	"1084-null"
2026-03-11 14:38:19,820{GMT}	INFO	[jepsen worker 1] jepsen.util: 1	:invoke	:generate	nil
2026-03-11 14:38:19,820{GMT}	INFO	[jepsen worker 1] jepsen.util: 1	:ok	:generate	"843-null"
2026-03-11 14:38:19,820{GMT}	INFO	[jepsen worker 2] jepsen.util: 2	:invoke	:generate	nil
2026-03-11 14:38:19,821{GMT}	INFO	[jepsen worker 0] jepsen.util: 0	:invoke	:generate	nil
2026-03-11 14:38:19,821{GMT}	INFO	[jepsen worker 2] jepsen.util: 2	:ok	:generate	"732-null"
2026-03-11 14:38:19,821{GMT}	INFO	[jepsen worker 0] jepsen.util: 0	:ok	:generate	"1085-null"
2026-03-11 14:38:19,821{GMT}	INFO	[jepsen worker 0] jepsen.util: 0	:invoke	:generate	nil
2026-03-11 14:38:19,822{GMT}	INFO	[jepsen worker 0] jepsen.util: 0	:ok	:generate	"1086-null"
2026-03-11 14:38:19,823{GMT}	INFO	[jepsen worker 1] jepsen.util: 1	:invoke	:generate	nil
2026-03-11 14:38:19,823{GMT}	INFO	[jepsen worker 1] jepsen.util: 1	:ok	:generate	"844-null"
2026-03-11 14:38:19,824{GMT}	INFO	[jepsen worker 2] jepsen.util: 2	:invoke	:generate	nil
2026-03-11 14:38:19,824{GMT}	INFO	[jepsen worker 0] jepsen.util: 0	:invoke	:generate	nil
2026-03-11 14:38:19,824{GMT}	INFO	[jepsen worker 0] jepsen.util: 0	:ok	:generate	"1087-null"
2026-03-11 14:38:19,824{GMT}	INFO	[jepsen worker 2] jepsen.util: 2	:ok	:generate	"733-null"
2026-03-11 14:38:19,825{GMT}	INFO	[jepsen worker 0] jepsen.util: 0	:invoke	:generate	nil
2026-03-11 14:38:19,825{GMT}	INFO	[jepsen worker 0] jepsen.util: 0	:ok	:generate	"1088-null"
2026-03-11 14:38:19,825{GMT}	INFO	[jepsen worker 1] jepsen.util: 1	:invoke	:generate	nil
2026-03-11 14:38:19,825{GMT}	INFO	[jepsen worker 2] jepsen.util: 2	:invoke	:generate	nil
2026-03-11 14:38:19,826{GMT}	INFO	[jepsen worker 1] jepsen.util: 1	:ok	:generate	"845-null"
2026-03-11 14:38:19,826{GMT}	INFO	[jepsen worker 0] jepsen.util: 0	:invoke	:generate	nil
2026-03-11 14:38:19,826{GMT}	INFO	[jepsen worker 2] jepsen.util: 2	:ok	:generate	"734-null"
2026-03-11 14:38:19,826{GMT}	INFO	[jepsen worker 0] jepsen.util: 0	:ok	:generate	"1089-null"
2026-03-11 14:38:19,828{GMT}	INFO	[jepsen worker 0] jepsen.util: 0	:invoke	:generate	nil
2026-03-11 14:38:19,828{GMT}	INFO	[jepsen worker 0] jepsen.util: 0	:ok	:generate	"1090-null"
2026-03-11 14:38:19,829{GMT}	INFO	[jepsen worker 1] jepsen.util: 1	:invoke	:generate	nil
2026-03-11 14:38:19,829{GMT}	INFO	[jepsen worker 1] jepsen.util: 1	:ok	:generate	"846-null"
2026-03-11 14:38:19,830{GMT}	INFO	[jepsen worker 2] jepsen.util: 2	:invoke	:generate	nil
2026-03-11 14:38:19,830{GMT}	INFO	[jepsen worker 2] jepsen.util: 2	:ok	:generate	"735-null"
2026-03-11 14:38:19,832{GMT}	INFO	[jepsen worker 0] jepsen.util: 0	:invoke	:generate	nil
2026-03-11 14:38:19,832{GMT}	INFO	[jepsen worker 0] jepsen.util: 0	:ok	:generate	"1091-null"
2026-03-11 14:38:19,833{GMT}	INFO	[jepsen worker 0] jepsen.util: 0	:invoke	:generate	nil
2026-03-11 14:38:19,833{GMT}	INFO	[jepsen worker 0] jepsen.util: 0	:ok	:generate	"1092-null"
2026-03-11 14:38:19,834{GMT}	INFO	[jepsen worker 1] jepsen.util: 1	:invoke	:generate	nil
2026-03-11 14:38:19,835{GMT}	INFO	[jepsen worker 1] jepsen.util: 1	:ok	:generate	"847-null"
2026-03-11 14:38:19,836{GMT}	INFO	[jepsen worker 2] jepsen.util: 2	:invoke	:generate	nil
2026-03-11 14:38:19,837{GMT}	INFO	[jepsen worker 0] jepsen.util: 0	:invoke	:generate	nil
2026-03-11 14:38:19,837{GMT}	INFO	[jepsen worker 2] jepsen.util: 2	:ok	:generate	"736-null"
2026-03-11 14:38:19,837{GMT}	INFO	[jepsen worker 0] jepsen.util: 0	:ok	:generate	"1093-null"
2026-03-11 14:38:19,838{GMT}	INFO	[jepsen worker 0] jepsen.util: 0	:invoke	:generate	nil
2026-03-11 14:38:19,838{GMT}	INFO	[jepsen worker 0] jepsen.util: 0	:ok	:generate	"1094-null"
2026-03-11 14:38:19,839{GMT}	INFO	[jepsen worker 1] jepsen.util: 1	:invoke	:generate	nil
2026-03-11 14:38:19,839{GMT}	INFO	[jepsen worker 2] jepsen.util: 2	:invoke	:generate	nil
2026-03-11 14:38:19,840{GMT}	INFO	[jepsen worker 2] jepsen.util: 2	:ok	:generate	"737-null"
2026-03-11 14:38:19,840{GMT}	INFO	[jepsen worker 1] jepsen.util: 1	:ok	:generate	"848-null"
2026-03-11 14:38:19,841{GMT}	INFO	[jepsen worker 0] jepsen.util: 0	:invoke	:generate	nil
2026-03-11 14:38:19,841{GMT}	INFO	[jepsen worker 0] jepsen.util: 0	:ok	:generate	"1095-null"
2026-03-11 14:38:19,841{GMT}	INFO	[jepsen worker 1] jepsen.util: 1	:invoke	:generate	nil
2026-03-11 14:38:19,842{GMT}	INFO	[jepsen worker 1] jepsen.util: 1	:ok	:generate	"849-null"
2026-03-11 14:38:19,843{GMT}	INFO	[jepsen worker 1] jepsen.util: 1	:invoke	:generate	nil
2026-03-11 14:38:19,843{GMT}	INFO	[jepsen worker 1] jepsen.util: 1	:ok	:generate	"850-null"
2026-03-11 14:38:19,845{GMT}	INFO	[jepsen worker 2] jepsen.util: 2	:invoke	:generate	nil
2026-03-11 14:38:19,845{GMT}	INFO	[jepsen worker 2] jepsen.util: 2	:ok	:generate	"738-null"
2026-03-11 14:38:19,845{GMT}	INFO	[jepsen worker 0] jepsen.util: 0	:invoke	:generate	nil
2026-03-11 14:38:19,846{GMT}	INFO	[jepsen worker 0] jepsen.util: 0	:ok	:generate	"1096-null"
2026-03-11 14:38:19,847{GMT}	INFO	[jepsen worker 0] jepsen.util: 0	:invoke	:generate	nil
2026-03-11 14:38:19,848{GMT}	INFO	[jepsen worker 0] jepsen.util: 0	:ok	:generate	"1097-null"
2026-03-11 14:38:19,849{GMT}	INFO	[jepsen worker 1] jepsen.util: 1	:invoke	:generate	nil
2026-03-11 14:38:19,849{GMT}	INFO	[jepsen worker 2] jepsen.util: 2	:invoke	:generate	nil
2026-03-11 14:38:19,850{GMT}	INFO	[jepsen worker 1] jepsen.util: 1	:ok	:generate	"851-null"
2026-03-11 14:38:19,850{GMT}	INFO	[jepsen worker 2] jepsen.util: 2	:ok	:generate	"739-null"
2026-03-11 14:38:19,850{GMT}	INFO	[jepsen worker 0] jepsen.util: 0	:invoke	:generate	nil
2026-03-11 14:38:19,851{GMT}	INFO	[jepsen worker 0] jepsen.util: 0	:ok	:generate	"1098-null"
2026-03-11 14:38:19,852{GMT}	INFO	[jepsen worker 0] jepsen.util: 0	:invoke	:generate	nil
2026-03-11 14:38:19,853{GMT}	INFO	[jepsen worker 0] jepsen.util: 0	:ok	:generate	"1099-null"
2026-03-11 14:38:19,853{GMT}	INFO	[jepsen worker 1] jepsen.util: 1	:invoke	:generate	nil
2026-03-11 14:38:19,853{GMT}	INFO	[jepsen worker 1] jepsen.util: 1	:ok	:generate	"852-null"
2026-03-11 14:38:19,855{GMT}	INFO	[jepsen worker 2] jepsen.util: 2	:invoke	:generate	nil
2026-03-11 14:38:19,855{GMT}	INFO	[jepsen worker 0] jepsen.util: 0	:invoke	:generate	nil
2026-03-11 14:38:19,856{GMT}	INFO	[jepsen worker 2] jepsen.util: 2	:ok	:generate	"740-null"
2026-03-11 14:38:19,856{GMT}	INFO	[jepsen worker 0] jepsen.util: 0	:ok	:generate	"1100-null"
2026-03-11 14:38:19,857{GMT}	INFO	[jepsen worker 0] jepsen.util: 0	:invoke	:generate	nil
2026-03-11 14:38:19,857{GMT}	INFO	[jepsen worker 1] jepsen.util: 1	:invoke	:generate	nil
2026-03-11 14:38:19,857{GMT}	INFO	[jepsen worker 0] jepsen.util: 0	:ok	:generate	"1101-null"
2026-03-11 14:38:19,858{GMT}	INFO	[jepsen worker 1] jepsen.util: 1	:ok	:generate	"853-null"
2026-03-11 14:38:19,859{GMT}	INFO	[jepsen worker 2] jepsen.util: 2	:invoke	:generate	nil
2026-03-11 14:38:19,860{GMT}	INFO	[jepsen worker 2] jepsen.util: 2	:ok	:generate	"741-null"
2026-03-11 14:38:19,860{GMT}	INFO	[jepsen worker 0] jepsen.util: 0	:invoke	:generate	nil
2026-03-11 14:38:19,861{GMT}	INFO	[jepsen worker 0] jepsen.util: 0	:ok	:generate	"1102-null"
2026-03-11 14:38:19,862{GMT}	INFO	[jepsen worker 0] jepsen.util: 0	:invoke	:generate	nil
2026-03-11 14:38:19,862{GMT}	INFO	[jepsen worker 1] jepsen.util: 1	:invoke	:generate	nil
2026-03-11 14:38:19,862{GMT}	INFO	[jepsen worker 0] jepsen.util: 0	:ok	:generate	"1103-null"
2026-03-11 14:38:19,863{GMT}	INFO	[jepsen worker 1] jepsen.util: 1	:ok	:generate	"854-null"
2026-03-11 14:38:19,863{GMT}	INFO	[jepsen worker 2] jepsen.util: 2	:invoke	:generate	nil
2026-03-11 14:38:19,864{GMT}	INFO	[jepsen worker 2] jepsen.util: 2	:ok	:generate	"742-null"
2026-03-11 14:38:19,865{GMT}	INFO	[jepsen worker 0] jepsen.util: 0	:invoke	:generate	nil
2026-03-11 14:38:19,865{GMT}	INFO	[jepsen worker 0] jepsen.util: 0	:ok	:generate	"1104-null"
2026-03-11 14:38:19,866{GMT}	INFO	[jepsen worker 0] jepsen.util: 0	:invoke	:generate	nil
2026-03-11 14:38:19,866{GMT}	INFO	[jepsen worker 0] jepsen.util: 0	:ok	:generate	"1105-null"
2026-03-11 14:38:19,867{GMT}	INFO	[jepsen worker 1] jepsen.util: 1	:invoke	:generate	nil
2026-03-11 14:38:19,868{GMT}	INFO	[jepsen worker 1] jepsen.util: 1	:ok	:generate	"855-null"
2026-03-11 14:38:19,869{GMT}	INFO	[jepsen worker 2] jepsen.util: 2	:invoke	:generate	nil
2026-03-11 14:38:19,869{GMT}	INFO	[jepsen worker 2] jepsen.util: 2	:ok	:generate	"743-null"
2026-03-11 14:38:19,871{GMT}	INFO	[jepsen worker 0] jepsen.util: 0	:invoke	:generate	nil
2026-03-11 14:38:19,871{GMT}	INFO	[jepsen worker 1] jepsen.util: 1	:invoke	:generate	nil
2026-03-11 14:38:19,872{GMT}	INFO	[jepsen worker 1] jepsen.util: 1	:ok	:generate	"856-null"
2026-03-11 14:38:19,872{GMT}	INFO	[jepsen worker 0] jepsen.util: 0	:ok	:generate	"1106-null"
2026-03-11 14:38:19,872{GMT}	INFO	[jepsen worker 1] jepsen.util: 1	:invoke	:generate	nil
2026-03-11 14:38:19,872{GMT}	INFO	[jepsen worker 2] jepsen.util: 2	:invoke	:generate	nil
2026-03-11 14:38:19,872{GMT}	INFO	[jepsen worker 1] jepsen.util: 1	:ok	:generate	"857-null"
2026-03-11 14:38:19,872{GMT}	INFO	[jepsen worker 2] jepsen.util: 2	:ok	:generate	"744-null"
2026-03-11 14:38:19,873{GMT}	INFO	[jepsen worker 0] jepsen.util: 0	:invoke	:generate	nil
2026-03-11 14:38:19,874{GMT}	INFO	[jepsen worker 0] jepsen.util: 0	:ok	:generate	"1107-null"
2026-03-11 14:38:19,874{GMT}	INFO	[jepsen worker 0] jepsen.util: 0	:invoke	:generate	nil
2026-03-11 14:38:19,875{GMT}	INFO	[jepsen worker 0] jepsen.util: 0	:ok	:generate	"1108-null"
2026-03-11 14:38:19,876{GMT}	INFO	[jepsen worker 1] jepsen.util: 1	:invoke	:generate	nil
2026-03-11 14:38:19,877{GMT}	INFO	[jepsen worker 1] jepsen.util: 1	:ok	:generate	"858-null"
2026-03-11 14:38:19,878{GMT}	INFO	[jepsen worker 2] jepsen.util: 2	:invoke	:generate	nil
2026-03-11 14:38:19,878{GMT}	INFO	[jepsen worker 2] jepsen.util: 2	:ok	:generate	"745-null"
2026-03-11 14:38:19,879{GMT}	INFO	[jepsen worker 0] jepsen.util: 0	:invoke	:generate	nil
2026-03-11 14:38:19,879{GMT}	INFO	[jepsen worker 0] jepsen.util: 0	:ok	:generate	"1109-null"
2026-03-11 14:38:19,880{GMT}	INFO	[jepsen worker 0] jepsen.util: 0	:invoke	:generate	nil
2026-03-11 14:38:19,880{GMT}	INFO	[jepsen worker 0] jepsen.util: 0	:ok	:generate	"1110-null"
2026-03-11 14:38:19,881{GMT}	INFO	[jepsen worker 1] jepsen.util: 1	:invoke	:generate	nil
2026-03-11 14:38:19,882{GMT}	INFO	[jepsen worker 1] jepsen.util: 1	:ok	:generate	"859-null"
2026-03-11 14:38:19,882{GMT}	INFO	[jepsen worker 2] jepsen.util: 2	:invoke	:generate	nil
2026-03-11 14:38:19,883{GMT}	INFO	[jepsen worker 2] jepsen.util: 2	:ok	:generate	"746-null"
2026-03-11 14:38:19,883{GMT}	INFO	[jepsen worker 0] jepsen.util: 0	:invoke	:generate	nil
2026-03-11 14:38:19,884{GMT}	INFO	[jepsen worker 0] jepsen.util: 0	:ok	:generate	"1111-null"
2026-03-11 14:38:19,885{GMT}	INFO	[jepsen worker 0] jepsen.util: 0	:invoke	:generate	nil
2026-03-11 14:38:19,885{GMT}	INFO	[jepsen worker 1] jepsen.util: 1	:invoke	:generate	nil
2026-03-11 14:38:19,885{GMT}	INFO	[jepsen worker 0] jepsen.util: 0	:ok	:generate	"1112-null"
2026-03-11 14:38:19,885{GMT}	INFO	[jepsen worker 2] jepsen.util: 2	:invoke	:generate	nil
2026-03-11 14:38:19,886{GMT}	INFO	[jepsen worker 1] jepsen.util: 1	:ok	:generate	"860-null"
2026-03-11 14:38:19,886{GMT}	INFO	[jepsen worker 2] jepsen.util: 2	:ok	:generate	"747-null"
2026-03-11 14:38:19,887{GMT}	INFO	[jepsen worker 0] jepsen.util: 0	:invoke	:generate	nil
2026-03-11 14:38:19,888{GMT}	INFO	[jepsen worker 0] jepsen.util: 0	:ok	:generate	"1113-null"
2026-03-11 14:38:19,889{GMT}	INFO	[jepsen worker 0] jepsen.util: 0	:invoke	:generate	nil
2026-03-11 14:38:19,889{GMT}	INFO	[jepsen worker 1] jepsen.util: 1	:invoke	:generate	nil
2026-03-11 14:38:19,890{GMT}	INFO	[jepsen worker 0] jepsen.util: 0	:ok	:generate	"1114-null"
2026-03-11 14:38:19,890{GMT}	INFO	[jepsen worker 1] jepsen.util: 1	:ok	:generate	"861-null"
2026-03-11 14:38:19,891{GMT}	INFO	[jepsen worker 2] jepsen.util: 2	:invoke	:generate	nil
2026-03-11 14:38:19,892{GMT}	INFO	[jepsen worker 2] jepsen.util: 2	:ok	:generate	"748-null"
2026-03-11 14:38:19,892{GMT}	INFO	[jepsen worker 0] jepsen.util: 0	:invoke	:generate	nil
2026-03-11 14:38:19,892{GMT}	INFO	[jepsen worker 0] jepsen.util: 0	:ok	:generate	"1115-null"
2026-03-11 14:38:19,893{GMT}	INFO	[jepsen worker 0] jepsen.util: 0	:invoke	:generate	nil
2026-03-11 14:38:19,894{GMT}	INFO	[jepsen worker 0] jepsen.util: 0	:ok	:generate	"1116-null"
2026-03-11 14:38:19,895{GMT}	INFO	[jepsen worker 1] jepsen.util: 1	:invoke	:generate	nil
2026-03-11 14:38:19,896{GMT}	INFO	[jepsen worker 1] jepsen.util: 1	:ok	:generate	"862-null"
2026-03-11 14:38:19,897{GMT}	INFO	[jepsen worker 2] jepsen.util: 2	:invoke	:generate	nil
2026-03-11 14:38:19,897{GMT}	INFO	[jepsen worker 2] jepsen.util: 2	:ok	:generate	"749-null"
2026-03-11 14:38:19,899{GMT}	INFO	[jepsen worker 0] jepsen.util: 0	:invoke	:generate	nil
2026-03-11 14:38:19,899{GMT}	INFO	[jepsen worker 0] jepsen.util: 0	:ok	:generate	"1117-null"
2026-03-11 14:38:19,899{GMT}	INFO	[jepsen worker 0] jepsen.util: 0	:invoke	:generate	nil
2026-03-11 14:38:19,900{GMT}	INFO	[jepsen worker 0] jepsen.util: 0	:ok	:generate	"1118-null"
2026-03-11 14:38:19,901{GMT}	INFO	[jepsen worker 1] jepsen.util: 1	:invoke	:generate	nil
2026-03-11 14:38:19,902{GMT}	INFO	[jepsen worker 1] jepsen.util: 1	:ok	:generate	"863-null"
2026-03-11 14:38:19,903{GMT}	INFO	[jepsen worker 2] jepsen.util: 2	:invoke	:generate	nil
2026-03-11 14:38:19,903{GMT}	INFO	[jepsen worker 2] jepsen.util: 2	:ok	:generate	"750-null"
2026-03-11 14:38:19,905{GMT}	INFO	[jepsen worker 0] jepsen.util: 0	:invoke	:generate	nil
2026-03-11 14:38:19,905{GMT}	INFO	[jepsen worker 0] jepsen.util: 0	:ok	:generate	"1119-null"
2026-03-11 14:38:19,906{GMT}	INFO	[jepsen worker 0] jepsen.util: 0	:invoke	:generate	nil
2026-03-11 14:38:19,907{GMT}	INFO	[jepsen worker 1] jepsen.util: 1	:invoke	:generate	nil
2026-03-11 14:38:19,907{GMT}	INFO	[jepsen worker 0] jepsen.util: 0	:ok	:generate	"1120-null"
2026-03-11 14:38:19,907{GMT}	INFO	[jepsen worker 1] jepsen.util: 1	:ok	:generate	"864-null"
2026-03-11 14:38:19,907{GMT}	INFO	[jepsen worker 2] jepsen.util: 2	:invoke	:generate	nil
2026-03-11 14:38:19,907{GMT}	INFO	[jepsen worker 2] jepsen.util: 2	:ok	:generate	"751-null"
2026-03-11 14:38:19,909{GMT}	INFO	[jepsen worker 0] jepsen.util: 0	:invoke	:generate	nil
2026-03-11 14:38:19,909{GMT}	INFO	[jepsen worker 1] jepsen.util: 1	:invoke	:generate	nil
2026-03-11 14:38:19,910{GMT}	INFO	[jepsen worker 1] jepsen.util: 1	:ok	:generate	"865-null"
2026-03-11 14:38:19,910{GMT}	INFO	[jepsen worker 0] jepsen.util: 0	:ok	:generate	"1121-null"
2026-03-11 14:38:19,911{GMT}	INFO	[jepsen worker 1] jepsen.util: 1	:invoke	:generate	nil
2026-03-11 14:38:19,912{GMT}	INFO	[jepsen worker 1] jepsen.util: 1	:ok	:generate	"866-null"
2026-03-11 14:38:19,913{GMT}	INFO	[jepsen worker 2] jepsen.util: 2	:invoke	:generate	nil
2026-03-11 14:38:19,913{GMT}	INFO	[jepsen worker 2] jepsen.util: 2	:ok	:generate	"752-null"
2026-03-11 14:38:19,914{GMT}	INFO	[jepsen worker 0] jepsen.util: 0	:invoke	:generate	nil
2026-03-11 14:38:19,914{GMT}	INFO	[jepsen worker 0] jepsen.util: 0	:ok	:generate	"1122-null"
2026-03-11 14:38:19,916{GMT}	INFO	[jepsen worker 0] jepsen.util: 0	:invoke	:generate	nil
2026-03-11 14:38:19,916{GMT}	INFO	[jepsen worker 0] jepsen.util: 0	:ok	:generate	"1123-null"
2026-03-11 14:38:19,917{GMT}	INFO	[jepsen worker 1] jepsen.util: 1	:invoke	:generate	nil
2026-03-11 14:38:19,918{GMT}	INFO	[jepsen worker 1] jepsen.util: 1	:ok	:generate	"867-null"
2026-03-11 14:38:19,919{GMT}	INFO	[jepsen worker 2] jepsen.util: 2	:invoke	:generate	nil
2026-03-11 14:38:19,919{GMT}	INFO	[jepsen worker 2] jepsen.util: 2	:ok	:generate	"753-null"
2026-03-11 14:38:19,920{GMT}	INFO	[jepsen worker 0] jepsen.util: 0	:invoke	:generate	nil
2026-03-11 14:38:19,921{GMT}	INFO	[jepsen worker 0] jepsen.util: 0	:ok	:generate	"1124-null"
2026-03-11 14:38:19,921{GMT}	INFO	[jepsen worker 0] jepsen.util: 0	:invoke	:generate	nil
2026-03-11 14:38:19,922{GMT}	INFO	[jepsen worker 1] jepsen.util: 1	:invoke	:generate	nil
2026-03-11 14:38:19,922{GMT}	INFO	[jepsen worker 0] jepsen.util: 0	:ok	:generate	"1125-null"
2026-03-11 14:38:19,922{GMT}	INFO	[jepsen worker 1] jepsen.util: 1	:ok	:generate	"868-null"
2026-03-11 14:38:19,923{GMT}	INFO	[jepsen worker 2] jepsen.util: 2	:invoke	:generate	nil
2026-03-11 14:38:19,923{GMT}	INFO	[jepsen worker 0] jepsen.util: 0	:invoke	:generate	nil
2026-03-11 14:38:19,924{GMT}	INFO	[jepsen worker 0] jepsen.util: 0	:ok	:generate	"1126-null"
2026-03-11 14:38:19,924{GMT}	INFO	[jepsen worker 2] jepsen.util: 2	:ok	:generate	"754-null"
2026-03-11 14:38:19,925{GMT}	INFO	[jepsen worker 0] jepsen.util: 0	:invoke	:generate	nil
2026-03-11 14:38:19,925{GMT}	INFO	[jepsen worker 0] jepsen.util: 0	:ok	:generate	"1127-null"
2026-03-11 14:38:19,926{GMT}	INFO	[jepsen worker 1] jepsen.util: 1	:invoke	:generate	nil
2026-03-11 14:38:19,926{GMT}	INFO	[jepsen worker 2] jepsen.util: 2	:invoke	:generate	nil
2026-03-11 14:38:19,927{GMT}	INFO	[jepsen worker 1] jepsen.util: 1	:ok	:generate	"869-null"
2026-03-11 14:38:19,927{GMT}	INFO	[jepsen worker 2] jepsen.util: 2	:ok	:generate	"755-null"
2026-03-11 14:38:19,927{GMT}	INFO	[jepsen worker 0] jepsen.util: 0	:invoke	:generate	nil
2026-03-11 14:38:19,927{GMT}	INFO	[jepsen worker 1] jepsen.util: 1	:invoke	:generate	nil
2026-03-11 14:38:19,928{GMT}	INFO	[jepsen worker 0] jepsen.util: 0	:ok	:generate	"1128-null"
2026-03-11 14:38:19,928{GMT}	INFO	[jepsen worker 2] jepsen.util: 2	:invoke	:generate	nil
2026-03-11 14:38:19,928{GMT}	INFO	[jepsen worker 1] jepsen.util: 1	:ok	:generate	"870-null"
2026-03-11 14:38:19,928{GMT}	INFO	[jepsen worker 0] jepsen.util: 0	:invoke	:generate	nil
2026-03-11 14:38:19,928{GMT}	INFO	[jepsen worker 2] jepsen.util: 2	:ok	:generate	"756-null"
2026-03-11 14:38:19,928{GMT}	INFO	[jepsen worker 0] jepsen.util: 0	:ok	:generate	"1129-null"
2026-03-11 14:38:19,930{GMT}	INFO	[jepsen worker 0] jepsen.util: 0	:invoke	:generate	nil
2026-03-11 14:38:19,930{GMT}	INFO	[jepsen worker 0] jepsen.util: 0	:ok	:generate	"1130-null"
2026-03-11 14:38:19,931{GMT}	INFO	[jepsen worker 0] jepsen.util: 0	:invoke	:generate	nil
2026-03-11 14:38:19,932{GMT}	INFO	[jepsen worker 0] jepsen.util: 0	:ok	:generate	"1131-null"
2026-03-11 14:38:19,933{GMT}	INFO	[jepsen worker 1] jepsen.util: 1	:invoke	:generate	nil
2026-03-11 14:38:19,934{GMT}	INFO	[jepsen worker 1] jepsen.util: 1	:ok	:generate	"871-null"
2026-03-11 14:38:19,934{GMT}	INFO	[jepsen worker 2] jepsen.util: 2	:invoke	:generate	nil
2026-03-11 14:38:19,935{GMT}	INFO	[jepsen worker 0] jepsen.util: 0	:invoke	:generate	nil
2026-03-11 14:38:19,935{GMT}	INFO	[jepsen worker 2] jepsen.util: 2	:ok	:generate	"757-null"
2026-03-11 14:38:19,935{GMT}	INFO	[jepsen worker 0] jepsen.util: 0	:ok	:generate	"1132-null"
2026-03-11 14:38:19,937{GMT}	INFO	[jepsen worker 0] jepsen.util: 0	:invoke	:generate	nil
2026-03-11 14:38:19,937{GMT}	INFO	[jepsen worker 0] jepsen.util: 0	:ok	:generate	"1133-null"
2026-03-11 14:38:19,938{GMT}	INFO	[jepsen worker 1] jepsen.util: 1	:invoke	:generate	nil
2026-03-11 14:38:19,938{GMT}	INFO	[jepsen worker 2] jepsen.util: 2	:invoke	:generate	nil
2026-03-11 14:38:19,938{GMT}	INFO	[jepsen worker 1] jepsen.util: 1	:ok	:generate	"872-null"
2026-03-11 14:38:19,939{GMT}	INFO	[jepsen worker 2] jepsen.util: 2	:ok	:generate	"758-null"
2026-03-11 14:38:19,939{GMT}	INFO	[jepsen worker 0] jepsen.util: 0	:invoke	:generate	nil
2026-03-11 14:38:19,940{GMT}	INFO	[jepsen worker 0] jepsen.util: 0	:ok	:generate	"1134-null"
2026-03-11 14:38:19,941{GMT}	INFO	[jepsen worker 0] jepsen.util: 0	:invoke	:generate	nil
2026-03-11 14:38:19,941{GMT}	INFO	[jepsen worker 1] jepsen.util: 1	:invoke	:generate	nil
2026-03-11 14:38:19,942{GMT}	INFO	[jepsen worker 0] jepsen.util: 0	:ok	:generate	"1135-null"
2026-03-11 14:38:19,942{GMT}	INFO	[jepsen worker 1] jepsen.util: 1	:ok	:generate	"873-null"
2026-03-11 14:38:19,942{GMT}	INFO	[jepsen worker 2] jepsen.util: 2	:invoke	:generate	nil
2026-03-11 14:38:19,943{GMT}	INFO	[jepsen worker 0] jepsen.util: 0	:invoke	:generate	nil
2026-03-11 14:38:19,943{GMT}	INFO	[jepsen worker 2] jepsen.util: 2	:ok	:generate	"759-null"
2026-03-11 14:38:19,943{GMT}	INFO	[jepsen worker 0] jepsen.util: 0	:ok	:generate	"1136-null"
2026-03-11 14:38:19,944{GMT}	INFO	[jepsen worker 0] jepsen.util: 0	:invoke	:generate	nil
2026-03-11 14:38:19,944{GMT}	INFO	[jepsen worker 0] jepsen.util: 0	:ok	:generate	"1137-null"
2026-03-11 14:38:19,945{GMT}	INFO	[jepsen worker 1] jepsen.util: 1	:invoke	:generate	nil
2026-03-11 14:38:19,946{GMT}	INFO	[jepsen worker 1] jepsen.util: 1	:ok	:generate	"874-null"
2026-03-11 14:38:19,946{GMT}	INFO	[jepsen worker 2] jepsen.util: 2	:invoke	:generate	nil
2026-03-11 14:38:19,947{GMT}	INFO	[jepsen worker 2] jepsen.util: 2	:ok	:generate	"760-null"
2026-03-11 14:38:19,948{GMT}	INFO	[jepsen worker 0] jepsen.util: 0	:invoke	:generate	nil
2026-03-11 14:38:19,948{GMT}	INFO	[jepsen worker 0] jepsen.util: 0	:ok	:generate	"1138-null"
2026-03-11 14:38:19,949{GMT}	INFO	[jepsen worker 0] jepsen.util: 0	:invoke	:generate	nil
2026-03-11 14:38:19,949{GMT}	INFO	[jepsen worker 0] jepsen.util: 0	:ok	:generate	"1139-null"
2026-03-11 14:38:19,950{GMT}	INFO	[jepsen worker 1] jepsen.util: 1	:invoke	:generate	nil
2026-03-11 14:38:19,950{GMT}	INFO	[jepsen worker 1] jepsen.util: 1	:ok	:generate	"875-null"
2026-03-11 14:38:19,952{GMT}	INFO	[jepsen worker 2] jepsen.util: 2	:invoke	:generate	nil
2026-03-11 14:38:19,952{GMT}	INFO	[jepsen worker 2] jepsen.util: 2	:ok	:generate	"761-null"
2026-03-11 14:38:19,952{GMT}	INFO	[jepsen worker 0] jepsen.util: 0	:invoke	:generate	nil
2026-03-11 14:38:19,953{GMT}	INFO	[jepsen worker 0] jepsen.util: 0	:ok	:generate	"1140-null"
2026-03-11 14:38:19,954{GMT}	INFO	[jepsen worker 0] jepsen.util: 0	:invoke	:generate	nil
2026-03-11 14:38:19,954{GMT}	INFO	[jepsen worker 0] jepsen.util: 0	:ok	:generate	"1141-null"
2026-03-11 14:38:19,955{GMT}	INFO	[jepsen worker 1] jepsen.util: 1	:invoke	:generate	nil
2026-03-11 14:38:19,956{GMT}	INFO	[jepsen worker 1] jepsen.util: 1	:ok	:generate	"876-null"
2026-03-11 14:38:19,956{GMT}	INFO	[jepsen worker 2] jepsen.util: 2	:invoke	:generate	nil
2026-03-11 14:38:19,957{GMT}	INFO	[jepsen worker 0] jepsen.util: 0	:invoke	:generate	nil
2026-03-11 14:38:19,957{GMT}	INFO	[jepsen worker 2] jepsen.util: 2	:ok	:generate	"762-null"
2026-03-11 14:38:19,957{GMT}	INFO	[jepsen worker 0] jepsen.util: 0	:ok	:generate	"1142-null"
2026-03-11 14:38:19,958{GMT}	INFO	[jepsen worker 0] jepsen.util: 0	:invoke	:generate	nil
2026-03-11 14:38:19,959{GMT}	INFO	[jepsen worker 0] jepsen.util: 0	:ok	:generate	"1143-null"
2026-03-11 14:38:19,959{GMT}	INFO	[jepsen worker 1] jepsen.util: 1	:invoke	:generate	nil
2026-03-11 14:38:19,959{GMT}	INFO	[jepsen worker 2] jepsen.util: 2	:invoke	:generate	nil
2026-03-11 14:38:19,959{GMT}	INFO	[jepsen worker 0] jepsen.util: 0	:invoke	:generate	nil
2026-03-11 14:38:19,960{GMT}	INFO	[jepsen worker 1] jepsen.util: 1	:ok	:generate	"877-null"
2026-03-11 14:38:19,960{GMT}	INFO	[jepsen worker 0] jepsen.util: 0	:ok	:generate	"1144-null"
2026-03-11 14:38:19,960{GMT}	INFO	[jepsen worker 2] jepsen.util: 2	:ok	:generate	"763-null"
2026-03-11 14:38:19,961{GMT}	INFO	[jepsen worker 0] jepsen.util: 0	:invoke	:generate	nil
2026-03-11 14:38:19,961{GMT}	INFO	[jepsen worker 0] jepsen.util: 0	:ok	:generate	"1145-null"
2026-03-11 14:38:19,963{GMT}	INFO	[jepsen worker 1] jepsen.util: 1	:invoke	:generate	nil
2026-03-11 14:38:19,963{GMT}	INFO	[jepsen worker 2] jepsen.util: 2	:invoke	:generate	nil
2026-03-11 14:38:19,963{GMT}	INFO	[jepsen worker 1] jepsen.util: 1	:ok	:generate	"878-null"
2026-03-11 14:38:19,963{GMT}	INFO	[jepsen worker 2] jepsen.util: 2	:ok	:generate	"764-null"
2026-03-11 14:38:19,964{GMT}	INFO	[jepsen worker 0] jepsen.util: 0	:invoke	:generate	nil
2026-03-11 14:38:19,965{GMT}	INFO	[jepsen worker 0] jepsen.util: 0	:ok	:generate	"1146-null"
2026-03-11 14:38:19,966{GMT}	INFO	[jepsen worker 0] jepsen.util: 0	:invoke	:generate	nil
2026-03-11 14:38:19,967{GMT}	INFO	[jepsen worker 0] jepsen.util: 0	:ok	:generate	"1147-null"
2026-03-11 14:38:19,967{GMT}	INFO	[jepsen worker 1] jepsen.util: 1	:invoke	:generate	nil
2026-03-11 14:38:19,968{GMT}	INFO	[jepsen worker 1] jepsen.util: 1	:ok	:generate	"879-null"
2026-03-11 14:38:19,969{GMT}	INFO	[jepsen worker 2] jepsen.util: 2	:invoke	:generate	nil
2026-03-11 14:38:19,969{GMT}	INFO	[jepsen worker 2] jepsen.util: 2	:ok	:generate	"765-null"
2026-03-11 14:38:19,970{GMT}	INFO	[jepsen worker 0] jepsen.util: 0	:invoke	:generate	nil
2026-03-11 14:38:19,970{GMT}	INFO	[jepsen worker 1] jepsen.util: 1	:invoke	:generate	nil
2026-03-11 14:38:19,970{GMT}	INFO	[jepsen worker 0] jepsen.util: 0	:ok	:generate	"1148-null"
2026-03-11 14:38:19,970{GMT}	INFO	[jepsen worker 1] jepsen.util: 1	:ok	:generate	"880-null"
2026-03-11 14:38:19,971{GMT}	INFO	[jepsen worker 1] jepsen.util: 1	:invoke	:generate	nil
2026-03-11 14:38:19,972{GMT}	INFO	[jepsen worker 2] jepsen.util: 2	:invoke	:generate	nil
2026-03-11 14:38:19,972{GMT}	INFO	[jepsen worker 1] jepsen.util: 1	:ok	:generate	"881-null"
2026-03-11 14:38:19,973{GMT}	INFO	[jepsen worker 0] jepsen.util: 0	:invoke	:generate	nil
2026-03-11 14:38:19,973{GMT}	INFO	[jepsen worker 1] jepsen.util: 1	:invoke	:generate	nil
2026-03-11 14:38:19,974{GMT}	INFO	[jepsen worker 2] jepsen.util: 2	:ok	:generate	"766-null"
2026-03-11 14:38:19,974{GMT}	INFO	[jepsen worker 0] jepsen.util: 0	:ok	:generate	"1149-null"
2026-03-11 14:38:19,976{GMT}	INFO	[jepsen worker 2] jepsen.util: 2	:invoke	:generate	nil
2026-03-11 14:38:19,976{GMT}	INFO	[jepsen worker 1] jepsen.util: 1	:ok	:generate	"882-null"
2026-03-11 14:38:19,977{GMT}	INFO	[jepsen worker 0] jepsen.util: 0	:invoke	:generate	nil
2026-03-11 14:38:19,977{GMT}	INFO	[jepsen worker 1] jepsen.util: 1	:invoke	:generate	nil
2026-03-11 14:38:19,977{GMT}	INFO	[jepsen worker 0] jepsen.util: 0	:ok	:generate	"1150-null"
2026-03-11 14:38:19,978{GMT}	INFO	[jepsen worker 2] jepsen.util: 2	:ok	:generate	"767-null"
2026-03-11 14:38:19,978{GMT}	INFO	[jepsen worker 0] jepsen.util: 0	:invoke	:generate	nil
2026-03-11 14:38:19,978{GMT}	INFO	[jepsen worker 1] jepsen.util: 1	:ok	:generate	"883-null"
2026-03-11 14:38:19,978{GMT}	INFO	[jepsen worker 0] jepsen.util: 0	:ok	:generate	"1151-null"
2026-03-11 14:38:19,979{GMT}	INFO	[jepsen worker 1] jepsen.util: 1	:invoke	:generate	nil
2026-03-11 14:38:19,979{GMT}	INFO	[jepsen worker 1] jepsen.util: 1	:ok	:generate	"884-null"
2026-03-11 14:38:19,981{GMT}	INFO	[jepsen worker 2] jepsen.util: 2	:invoke	:generate	nil
2026-03-11 14:38:19,981{GMT}	INFO	[jepsen worker 2] jepsen.util: 2	:ok	:generate	"768-null"
2026-03-11 14:38:19,981{GMT}	INFO	[jepsen worker 0] jepsen.util: 0	:invoke	:generate	nil
2026-03-11 14:38:19,982{GMT}	INFO	[jepsen worker 0] jepsen.util: 0	:ok	:generate	"1152-null"
2026-03-11 14:38:19,982{GMT}	INFO	[jepsen worker 0] jepsen.util: 0	:invoke	:generate	nil
2026-03-11 14:38:19,983{GMT}	INFO	[jepsen worker 1] jepsen.util: 1	:invoke	:generate	nil
2026-03-11 14:38:19,983{GMT}	INFO	[jepsen worker 2] jepsen.util: 2	:invoke	:generate	nil
2026-03-11 14:38:19,983{GMT}	INFO	[jepsen worker 0] jepsen.util: 0	:ok	:generate	"1153-null"
2026-03-11 14:38:19,983{GMT}	INFO	[jepsen worker 1] jepsen.util: 1	:ok	:generate	"885-null"
2026-03-11 14:38:19,983{GMT}	INFO	[jepsen worker 2] jepsen.util: 2	:ok	:generate	"769-null"
2026-03-11 14:38:19,984{GMT}	INFO	[jepsen worker 0] jepsen.util: 0	:invoke	:generate	nil
2026-03-11 14:38:19,984{GMT}	INFO	[jepsen worker 0] jepsen.util: 0	:ok	:generate	"1154-null"
2026-03-11 14:38:19,984{GMT}	INFO	[jepsen worker 0] jepsen.util: 0	:invoke	:generate	nil
2026-03-11 14:38:19,984{GMT}	INFO	[jepsen worker 0] jepsen.util: 0	:ok	:generate	"1155-null"
2026-03-11 14:38:19,985{GMT}	INFO	[jepsen worker 1] jepsen.util: 1	:invoke	:generate	nil
2026-03-11 14:38:19,986{GMT}	INFO	[jepsen worker 1] jepsen.util: 1	:ok	:generate	"886-null"
2026-03-11 14:38:19,987{GMT}	INFO	[jepsen worker 2] jepsen.util: 2	:invoke	:generate	nil
2026-03-11 14:38:19,988{GMT}	INFO	[jepsen worker 2] jepsen.util: 2	:ok	:generate	"770-null"
2026-03-11 14:38:19,988{GMT}	INFO	[jepsen worker 0] jepsen.util: 0	:invoke	:generate	nil
2026-03-11 14:38:19,988{GMT}	INFO	[jepsen worker 0] jepsen.util: 0	:ok	:generate	"1156-null"
2026-03-11 14:38:19,989{GMT}	INFO	[jepsen worker 0] jepsen.util: 0	:invoke	:generate	nil
2026-03-11 14:38:19,989{GMT}	INFO	[jepsen worker 0] jepsen.util: 0	:ok	:generate	"1157-null"
2026-03-11 14:38:19,990{GMT}	INFO	[jepsen worker 1] jepsen.util: 1	:invoke	:generate	nil
2026-03-11 14:38:19,991{GMT}	INFO	[jepsen worker 1] jepsen.util: 1	:ok	:generate	"887-null"
2026-03-11 14:38:19,992{GMT}	INFO	[jepsen worker 2] jepsen.util: 2	:invoke	:generate	nil
2026-03-11 14:38:19,992{GMT}	INFO	[jepsen worker 0] jepsen.util: 0	:invoke	:generate	nil
2026-03-11 14:38:19,992{GMT}	INFO	[jepsen worker 2] jepsen.util: 2	:ok	:generate	"771-null"
2026-03-11 14:38:19,993{GMT}	INFO	[jepsen worker 0] jepsen.util: 0	:ok	:generate	"1158-null"
2026-03-11 14:38:19,993{GMT}	INFO	[jepsen worker 0] jepsen.util: 0	:invoke	:generate	nil
2026-03-11 14:38:19,993{GMT}	INFO	[jepsen worker 0] jepsen.util: 0	:ok	:generate	"1159-null"
2026-03-11 14:38:19,994{GMT}	INFO	[jepsen worker 1] jepsen.util: 1	:invoke	:generate	nil
2026-03-11 14:38:19,994{GMT}	INFO	[jepsen worker 2] jepsen.util: 2	:invoke	:generate	nil
2026-03-11 14:38:19,995{GMT}	INFO	[jepsen worker 1] jepsen.util: 1	:ok	:generate	"888-null"
2026-03-11 14:38:19,995{GMT}	INFO	[jepsen worker 2] jepsen.util: 2	:ok	:generate	"772-null"
2026-03-11 14:38:19,995{GMT}	INFO	[jepsen worker 0] jepsen.util: 0	:invoke	:generate	nil
2026-03-11 14:38:19,996{GMT}	INFO	[jepsen worker 0] jepsen.util: 0	:ok	:generate	"1160-null"
2026-03-11 14:38:19,997{GMT}	INFO	[jepsen worker 0] jepsen.util: 0	:invoke	:generate	nil
2026-03-11 14:38:19,998{GMT}	INFO	[jepsen worker 0] jepsen.util: 0	:ok	:generate	"1161-null"
2026-03-11 14:38:19,998{GMT}	INFO	[jepsen worker 1] jepsen.util: 1	:invoke	:generate	nil
2026-03-11 14:38:19,999{GMT}	INFO	[jepsen worker 1] jepsen.util: 1	:ok	:generate	"889-null"
2026-03-11 14:38:20,000{GMT}	INFO	[jepsen worker 2] jepsen.util: 2	:invoke	:generate	nil
2026-03-11 14:38:20,001{GMT}	INFO	[jepsen worker 2] jepsen.util: 2	:ok	:generate	"773-null"
2026-03-11 14:38:20,001{GMT}	INFO	[jepsen worker 0] jepsen.util: 0	:invoke	:generate	nil
2026-03-11 14:38:20,002{GMT}	INFO	[jepsen worker 0] jepsen.util: 0	:ok	:generate	"1162-null"
2026-03-11 14:38:20,003{GMT}	INFO	[jepsen worker 0] jepsen.util: 0	:invoke	:generate	nil
2026-03-11 14:38:20,003{GMT}	INFO	[jepsen worker 1] jepsen.util: 1	:invoke	:generate	nil
2026-03-11 14:38:20,003{GMT}	INFO	[jepsen worker 0] jepsen.util: 0	:ok	:generate	"1163-null"
2026-03-11 14:38:20,004{GMT}	INFO	[jepsen worker 1] jepsen.util: 1	:ok	:generate	"890-null"
2026-03-11 14:38:20,004{GMT}	INFO	[jepsen worker 2] jepsen.util: 2	:invoke	:generate	nil
2026-03-11 14:38:20,004{GMT}	INFO	[jepsen worker 2] jepsen.util: 2	:ok	:generate	"774-null"
2026-03-11 14:38:20,005{GMT}	INFO	[jepsen worker 0] jepsen.util: 0	:invoke	:generate	nil
2026-03-11 14:38:20,006{GMT}	INFO	[jepsen worker 0] jepsen.util: 0	:ok	:generate	"1164-null"
2026-03-11 14:38:20,006{GMT}	INFO	[jepsen worker 0] jepsen.util: 0	:invoke	:generate	nil
2026-03-11 14:38:20,007{GMT}	INFO	[jepsen worker 1] jepsen.util: 1	:invoke	:generate	nil
2026-03-11 14:38:20,007{GMT}	INFO	[jepsen worker 0] jepsen.util: 0	:ok	:generate	"1165-null"
2026-03-11 14:38:20,008{GMT}	INFO	[jepsen worker 1] jepsen.util: 1	:ok	:generate	"891-null"
2026-03-11 14:38:20,008{GMT}	INFO	[jepsen worker 2] jepsen.util: 2	:invoke	:generate	nil
2026-03-11 14:38:20,009{GMT}	INFO	[jepsen worker 2] jepsen.util: 2	:ok	:generate	"775-null"
2026-03-11 14:38:20,010{GMT}	INFO	[jepsen worker 0] jepsen.util: 0	:invoke	:generate	nil
2026-03-11 14:38:20,011{GMT}	INFO	[jepsen worker 0] jepsen.util: 0	:ok	:generate	"1166-null"
2026-03-11 14:38:20,011{GMT}	INFO	[jepsen worker 0] jepsen.util: 0	:invoke	:generate	nil
2026-03-11 14:38:20,012{GMT}	INFO	[jepsen worker 0] jepsen.util: 0	:ok	:generate	"1167-null"
2026-03-11 14:38:20,012{GMT}	INFO	[jepsen worker 1] jepsen.util: 1	:invoke	:generate	nil
2026-03-11 14:38:20,013{GMT}	INFO	[jepsen worker 1] jepsen.util: 1	:ok	:generate	"892-null"
2026-03-11 14:38:20,013{GMT}	INFO	[jepsen worker 2] jepsen.util: 2	:invoke	:generate	nil
2026-03-11 14:38:20,014{GMT}	INFO	[jepsen worker 2] jepsen.util: 2	:ok	:generate	"776-null"
2026-03-11 14:38:20,015{GMT}	INFO	[jepsen worker 0] jepsen.util: 0	:invoke	:generate	nil
2026-03-11 14:38:20,015{GMT}	INFO	[jepsen worker 1] jepsen.util: 1	:invoke	:generate	nil
2026-03-11 14:38:20,016{GMT}	INFO	[jepsen worker 0] jepsen.util: 0	:ok	:generate	"1168-null"
2026-03-11 14:38:20,016{GMT}	INFO	[jepsen worker 2] jepsen.util: 2	:invoke	:generate	nil
2026-03-11 14:38:20,016{GMT}	INFO	[jepsen worker 1] jepsen.util: 1	:ok	:generate	"893-null"
2026-03-11 14:38:20,017{GMT}	INFO	[jepsen worker 2] jepsen.util: 2	:ok	:generate	"777-null"
2026-03-11 14:38:20,017{GMT}	INFO	[jepsen worker 2] jepsen.util: 2	:invoke	:generate	nil
2026-03-11 14:38:20,018{GMT}	INFO	[jepsen worker 2] jepsen.util: 2	:ok	:generate	"778-null"
2026-03-11 14:38:20,019{GMT}	INFO	[jepsen worker 0] jepsen.util: 0	:invoke	:generate	nil
2026-03-11 14:38:20,020{GMT}	INFO	[jepsen worker 0] jepsen.util: 0	:ok	:generate	"1169-null"
2026-03-11 14:38:20,021{GMT}	INFO	[jepsen worker 0] jepsen.util: 0	:invoke	:generate	nil
2026-03-11 14:38:20,022{GMT}	INFO	[jepsen worker 0] jepsen.util: 0	:ok	:generate	"1170-null"
2026-03-11 14:38:20,022{GMT}	INFO	[jepsen worker 1] jepsen.util: 1	:invoke	:generate	nil
2026-03-11 14:38:20,023{GMT}	INFO	[jepsen worker 2] jepsen.util: 2	:invoke	:generate	nil
2026-03-11 14:38:20,023{GMT}	INFO	[jepsen worker 1] jepsen.util: 1	:ok	:generate	"894-null"
2026-03-11 14:38:20,024{GMT}	INFO	[jepsen worker 2] jepsen.util: 2	:ok	:generate	"779-null"
2026-03-11 14:38:20,025{GMT}	INFO	[jepsen worker 0] jepsen.util: 0	:invoke	:generate	nil
2026-03-11 14:38:20,026{GMT}	INFO	[jepsen worker 0] jepsen.util: 0	:ok	:generate	"1171-null"
2026-03-11 14:38:20,027{GMT}	INFO	[jepsen worker 0] jepsen.util: 0	:invoke	:generate	nil
2026-03-11 14:38:20,028{GMT}	INFO	[jepsen worker 0] jepsen.util: 0	:ok	:generate	"1172-null"
2026-03-11 14:38:20,028{GMT}	INFO	[jepsen worker 1] jepsen.util: 1	:invoke	:generate	nil
2026-03-11 14:38:20,029{GMT}	INFO	[jepsen worker 1] jepsen.util: 1	:ok	:generate	"895-null"
2026-03-11 14:38:20,031{GMT}	INFO	[jepsen worker 2] jepsen.util: 2	:invoke	:generate	nil
2026-03-11 14:38:20,031{GMT}	INFO	[jepsen worker 0] jepsen.util: 0	:invoke	:generate	nil
2026-03-11 14:38:20,031{GMT}	INFO	[jepsen worker 2] jepsen.util: 2	:ok	:generate	"780-null"
2026-03-11 14:38:20,033{GMT}	INFO	[jepsen worker 0] jepsen.util: 0	:ok	:generate	"1173-null"
2026-03-11 14:38:20,033{GMT}	INFO	[jepsen worker 0] jepsen.util: 0	:invoke	:generate	nil
2026-03-11 14:38:20,033{GMT}	INFO	[jepsen worker 0] jepsen.util: 0	:ok	:generate	"1174-null"
2026-03-11 14:38:20,034{GMT}	INFO	[jepsen worker 1] jepsen.util: 1	:invoke	:generate	nil
2026-03-11 14:38:20,034{GMT}	INFO	[jepsen worker 2] jepsen.util: 2	:invoke	:generate	nil
2026-03-11 14:38:20,035{GMT}	INFO	[jepsen worker 1] jepsen.util: 1	:ok	:generate	"896-null"
2026-03-11 14:38:20,036{GMT}	INFO	[jepsen worker 2] jepsen.util: 2	:ok	:generate	"781-null"
2026-03-11 14:38:20,036{GMT}	INFO	[jepsen worker 0] jepsen.util: 0	:invoke	:generate	nil
2026-03-11 14:38:20,037{GMT}	INFO	[jepsen worker 0] jepsen.util: 0	:ok	:generate	"1175-null"
2026-03-11 14:38:20,038{GMT}	INFO	[jepsen worker 0] jepsen.util: 0	:invoke	:generate	nil
2026-03-11 14:38:20,038{GMT}	INFO	[jepsen worker 0] jepsen.util: 0	:ok	:generate	"1176-null"
2026-03-11 14:38:20,039{GMT}	INFO	[jepsen worker 1] jepsen.util: 1	:invoke	:generate	nil
2026-03-11 14:38:20,039{GMT}	INFO	[jepsen worker 2] jepsen.util: 2	:invoke	:generate	nil
2026-03-11 14:38:20,039{GMT}	INFO	[jepsen worker 1] jepsen.util: 1	:ok	:generate	"897-null"
2026-03-11 14:38:20,039{GMT}	INFO	[jepsen worker 0] jepsen.util: 0	:invoke	:generate	nil
2026-03-11 14:38:20,040{GMT}	INFO	[jepsen worker 2] jepsen.util: 2	:ok	:generate	"782-null"
2026-03-11 14:38:20,040{GMT}	INFO	[jepsen worker 0] jepsen.util: 0	:ok	:generate	"1177-null"
2026-03-11 14:38:20,041{GMT}	INFO	[jepsen worker 0] jepsen.util: 0	:invoke	:generate	nil
2026-03-11 14:38:20,042{GMT}	INFO	[jepsen worker 0] jepsen.util: 0	:ok	:generate	"1178-null"
2026-03-11 14:38:20,043{GMT}	INFO	[jepsen worker 1] jepsen.util: 1	:invoke	:generate	nil
2026-03-11 14:38:20,044{GMT}	INFO	[jepsen worker 1] jepsen.util: 1	:ok	:generate	"898-null"
2026-03-11 14:38:20,045{GMT}	INFO	[jepsen worker 2] jepsen.util: 2	:invoke	:generate	nil
2026-03-11 14:38:20,046{GMT}	INFO	[jepsen worker 0] jepsen.util: 0	:invoke	:generate	nil
2026-03-11 14:38:20,046{GMT}	INFO	[jepsen worker 2] jepsen.util: 2	:ok	:generate	"783-null"
2026-03-11 14:38:20,046{GMT}	INFO	[jepsen worker 0] jepsen.util: 0	:ok	:generate	"1179-null"
2026-03-11 14:38:20,046{GMT}	INFO	[jepsen worker 0] jepsen.util: 0	:invoke	:generate	nil
2026-03-11 14:38:20,047{GMT}	INFO	[jepsen worker 0] jepsen.util: 0	:ok	:generate	"1180-null"
2026-03-11 14:38:20,048{GMT}	INFO	[jepsen worker 1] jepsen.util: 1	:invoke	:generate	nil
2026-03-11 14:38:20,048{GMT}	INFO	[jepsen worker 1] jepsen.util: 1	:ok	:generate	"899-null"
2026-03-11 14:38:20,049{GMT}	INFO	[jepsen worker 2] jepsen.util: 2	:invoke	:generate	nil
2026-03-11 14:38:20,050{GMT}	INFO	[jepsen worker 2] jepsen.util: 2	:ok	:generate	"784-null"
2026-03-11 14:38:20,051{GMT}	INFO	[jepsen worker 0] jepsen.util: 0	:invoke	:generate	nil
2026-03-11 14:38:20,052{GMT}	INFO	[jepsen worker 0] jepsen.util: 0	:ok	:generate	"1181-null"
2026-03-11 14:38:20,052{GMT}	INFO	[jepsen worker 0] jepsen.util: 0	:invoke	:generate	nil
2026-03-11 14:38:20,052{GMT}	INFO	[jepsen worker 1] jepsen.util: 1	:invoke	:generate	nil
2026-03-11 14:38:20,052{GMT}	INFO	[jepsen worker 0] jepsen.util: 0	:ok	:generate	"1182-null"
2026-03-11 14:38:20,053{GMT}	INFO	[jepsen worker 2] jepsen.util: 2	:invoke	:generate	nil
2026-03-11 14:38:20,053{GMT}	INFO	[jepsen worker 2] jepsen.util: 2	:ok	:generate	"785-null"
2026-03-11 14:38:20,054{GMT}	INFO	[jepsen worker 1] jepsen.util: 1	:ok	:generate	"900-null"
2026-03-11 14:38:20,055{GMT}	INFO	[jepsen worker 0] jepsen.util: 0	:invoke	:generate	nil
2026-03-11 14:38:20,055{GMT}	INFO	[jepsen worker 1] jepsen.util: 1	:invoke	:generate	nil
2026-03-11 14:38:20,056{GMT}	INFO	[jepsen worker 0] jepsen.util: 0	:ok	:generate	"1183-null"
2026-03-11 14:38:20,056{GMT}	INFO	[jepsen worker 2] jepsen.util: 2	:invoke	:generate	nil
2026-03-11 14:38:20,056{GMT}	INFO	[jepsen worker 1] jepsen.util: 1	:ok	:generate	"901-null"
2026-03-11 14:38:20,057{GMT}	INFO	[jepsen worker 2] jepsen.util: 2	:ok	:generate	"786-null"
2026-03-11 14:38:20,057{GMT}	INFO	[jepsen worker 0] jepsen.util: 0	:invoke	:generate	nil
2026-03-11 14:38:20,058{GMT}	INFO	[jepsen worker 0] jepsen.util: 0	:ok	:generate	"1184-null"
2026-03-11 14:38:20,059{GMT}	INFO	[jepsen worker 0] jepsen.util: 0	:invoke	:generate	nil
2026-03-11 14:38:20,059{GMT}	INFO	[jepsen worker 0] jepsen.util: 0	:ok	:generate	"1185-null"
2026-03-11 14:38:20,060{GMT}	INFO	[jepsen worker 0] jepsen.util: 0	:invoke	:generate	nil
2026-03-11 14:38:20,061{GMT}	INFO	[jepsen worker 0] jepsen.util: 0	:ok	:generate	"1186-null"
2026-03-11 14:38:20,062{GMT}	INFO	[jepsen worker 1] jepsen.util: 1	:invoke	:generate	nil
2026-03-11 14:38:20,063{GMT}	INFO	[jepsen worker 1] jepsen.util: 1	:ok	:generate	"902-null"
2026-03-11 14:38:20,064{GMT}	INFO	[jepsen worker 2] jepsen.util: 2	:invoke	:generate	nil
2026-03-11 14:38:20,065{GMT}	INFO	[jepsen worker 2] jepsen.util: 2	:ok	:generate	"787-null"
2026-03-11 14:38:20,065{GMT}	INFO	[jepsen worker 0] jepsen.util: 0	:invoke	:generate	nil
2026-03-11 14:38:20,066{GMT}	INFO	[jepsen worker 0] jepsen.util: 0	:ok	:generate	"1187-null"
2026-03-11 14:38:20,067{GMT}	INFO	[jepsen worker 0] jepsen.util: 0	:invoke	:generate	nil
2026-03-11 14:38:20,067{GMT}	INFO	[jepsen worker 0] jepsen.util: 0	:ok	:generate	"1188-null"
2026-03-11 14:38:20,069{GMT}	INFO	[jepsen worker 1] jepsen.util: 1	:invoke	:generate	nil
2026-03-11 14:38:20,069{GMT}	INFO	[jepsen worker 1] jepsen.util: 1	:ok	:generate	"903-null"
2026-03-11 14:38:20,070{GMT}	INFO	[jepsen worker 2] jepsen.util: 2	:invoke	:generate	nil
2026-03-11 14:38:20,071{GMT}	INFO	[jepsen worker 0] jepsen.util: 0	:invoke	:generate	nil
2026-03-11 14:38:20,071{GMT}	INFO	[jepsen worker 2] jepsen.util: 2	:ok	:generate	"788-null"
2026-03-11 14:38:20,071{GMT}	INFO	[jepsen worker 1] jepsen.util: 1	:invoke	:generate	nil
2026-03-11 14:38:20,071{GMT}	INFO	[jepsen worker 0] jepsen.util: 0	:ok	:generate	"1189-null"
2026-03-11 14:38:20,071{GMT}	INFO	[jepsen worker 1] jepsen.util: 1	:ok	:generate	"904-null"
2026-03-11 14:38:20,072{GMT}	INFO	[jepsen worker 1] jepsen.util: 1	:invoke	:generate	nil
2026-03-11 14:38:20,072{GMT}	INFO	[jepsen worker 2] jepsen.util: 2	:invoke	:generate	nil
2026-03-11 14:38:20,073{GMT}	INFO	[jepsen worker 1] jepsen.util: 1	:ok	:generate	"905-null"
2026-03-11 14:38:20,073{GMT}	INFO	[jepsen worker 0] jepsen.util: 0	:invoke	:generate	nil
2026-03-11 14:38:20,074{GMT}	INFO	[jepsen worker 2] jepsen.util: 2	:ok	:generate	"789-null"
2026-03-11 14:38:20,075{GMT}	INFO	[jepsen worker 1] jepsen.util: 1	:invoke	:generate	nil
2026-03-11 14:38:20,076{GMT}	INFO	[jepsen worker 1] jepsen.util: 1	:ok	:generate	"906-null"
2026-03-11 14:38:20,076{GMT}	INFO	[jepsen worker 1] jepsen.util: 1	:invoke	:generate	nil
2026-03-11 14:38:20,077{GMT}	INFO	[jepsen worker 1] jepsen.util: 1	:ok	:generate	"907-null"
2026-03-11 14:38:20,078{GMT}	INFO	[jepsen worker 0] jepsen.util: 0	:ok	:generate	"1190-null"
2026-03-11 14:38:20,078{GMT}	INFO	[jepsen worker 2] jepsen.util: 2	:invoke	:generate	nil
2026-03-11 14:38:20,078{GMT}	INFO	[jepsen worker 2] jepsen.util: 2	:ok	:generate	"790-null"
2026-03-11 14:38:20,080{GMT}	INFO	[jepsen worker 0] jepsen.util: 0	:invoke	:generate	nil
2026-03-11 14:38:20,080{GMT}	INFO	[jepsen worker 0] jepsen.util: 0	:ok	:generate	"1191-null"
2026-03-11 14:38:20,081{GMT}	INFO	[jepsen worker 0] jepsen.util: 0	:invoke	:generate	nil
2026-03-11 14:38:20,082{GMT}	INFO	[jepsen worker 0] jepsen.util: 0	:ok	:generate	"1192-null"
2026-03-11 14:38:20,083{GMT}	INFO	[jepsen worker 1] jepsen.util: 1	:invoke	:generate	nil
2026-03-11 14:38:20,083{GMT}	INFO	[jepsen worker 1] jepsen.util: 1	:ok	:generate	"908-null"
2026-03-11 14:38:20,083{GMT}	INFO	[jepsen worker 2] jepsen.util: 2	:invoke	:generate	nil
2026-03-11 14:38:20,084{GMT}	INFO	[jepsen worker 2] jepsen.util: 2	:ok	:generate	"791-null"
2026-03-11 14:38:20,084{GMT}	INFO	[jepsen worker 0] jepsen.util: 0	:invoke	:generate	nil
2026-03-11 14:38:20,085{GMT}	INFO	[jepsen worker 1] jepsen.util: 1	:invoke	:generate	nil
2026-03-11 14:38:20,085{GMT}	INFO	[jepsen worker 0] jepsen.util: 0	:ok	:generate	"1193-null"
2026-03-11 14:38:20,085{GMT}	INFO	[jepsen worker 1] jepsen.util: 1	:ok	:generate	"909-null"
2026-03-11 14:38:20,087{GMT}	INFO	[jepsen worker 1] jepsen.util: 1	:invoke	:generate	nil
2026-03-11 14:38:20,087{GMT}	INFO	[jepsen worker 1] jepsen.util: 1	:ok	:generate	"910-null"
2026-03-11 14:38:20,088{GMT}	INFO	[jepsen worker 2] jepsen.util: 2	:invoke	:generate	nil
2026-03-11 14:38:20,088{GMT}	INFO	[jepsen worker 2] jepsen.util: 2	:ok	:generate	"792-null"
2026-03-11 14:38:20,089{GMT}	INFO	[jepsen worker 0] jepsen.util: 0	:invoke	:generate	nil
2026-03-11 14:38:20,089{GMT}	INFO	[jepsen worker 0] jepsen.util: 0	:ok	:generate	"1194-null"
2026-03-11 14:38:20,090{GMT}	INFO	[jepsen worker 0] jepsen.util: 0	:invoke	:generate	nil
2026-03-11 14:38:20,091{GMT}	INFO	[jepsen worker 0] jepsen.util: 0	:ok	:generate	"1195-null"
2026-03-11 14:38:20,092{GMT}	INFO	[jepsen worker 1] jepsen.util: 1	:invoke	:generate	nil
2026-03-11 14:38:20,094{GMT}	INFO	[jepsen worker 2] jepsen.util: 2	:invoke	:generate	nil
2026-03-11 14:38:20,095{GMT}	INFO	[jepsen worker 1] jepsen.util: 1	:ok	:generate	"911-null"
2026-03-11 14:38:20,095{GMT}	INFO	[jepsen worker 2] jepsen.util: 2	:ok	:generate	"793-null"
2026-03-11 14:38:20,095{GMT}	INFO	[jepsen worker 0] jepsen.util: 0	:invoke	:generate	nil
2026-03-11 14:38:20,096{GMT}	INFO	[jepsen worker 0] jepsen.util: 0	:ok	:generate	"1196-null"
2026-03-11 14:38:20,096{GMT}	INFO	[jepsen worker 1] jepsen.util: 1	:invoke	:generate	nil
2026-03-11 14:38:20,097{GMT}	INFO	[jepsen worker 1] jepsen.util: 1	:ok	:generate	"912-null"
2026-03-11 14:38:20,098{GMT}	INFO	[jepsen worker 1] jepsen.util: 1	:invoke	:generate	nil
2026-03-11 14:38:20,098{GMT}	INFO	[jepsen worker 2] jepsen.util: 2	:invoke	:generate	nil
2026-03-11 14:38:20,099{GMT}	INFO	[jepsen worker 0] jepsen.util: 0	:invoke	:generate	nil
2026-03-11 14:38:20,099{GMT}	INFO	[jepsen worker 1] jepsen.util: 1	:ok	:generate	"913-null"
2026-03-11 14:38:20,099{GMT}	INFO	[jepsen worker 2] jepsen.util: 2	:ok	:generate	"794-null"
2026-03-11 14:38:20,099{GMT}	INFO	[jepsen worker 0] jepsen.util: 0	:ok	:generate	"1197-null"
2026-03-11 14:38:20,100{GMT}	INFO	[jepsen worker 0] jepsen.util: 0	:invoke	:generate	nil
2026-03-11 14:38:20,101{GMT}	INFO	[jepsen worker 0] jepsen.util: 0	:ok	:generate	"1198-null"
2026-03-11 14:38:20,102{GMT}	INFO	[jepsen worker 1] jepsen.util: 1	:invoke	:generate	nil
2026-03-11 14:38:20,102{GMT}	INFO	[jepsen worker 1] jepsen.util: 1	:ok	:generate	"914-null"
2026-03-11 14:38:20,103{GMT}	INFO	[jepsen worker 2] jepsen.util: 2	:invoke	:generate	nil
2026-03-11 14:38:20,103{GMT}	INFO	[jepsen worker 2] jepsen.util: 2	:ok	:generate	"795-null"
2026-03-11 14:38:20,103{GMT}	INFO	[jepsen worker 0] jepsen.util: 0	:invoke	:generate	nil
2026-03-11 14:38:20,104{GMT}	INFO	[jepsen worker 0] jepsen.util: 0	:ok	:generate	"1199-null"
2026-03-11 14:38:20,105{GMT}	INFO	[jepsen worker 0] jepsen.util: 0	:invoke	:generate	nil
2026-03-11 14:38:20,106{GMT}	INFO	[jepsen worker 0] jepsen.util: 0	:ok	:generate	"1200-null"
2026-03-11 14:38:20,106{GMT}	INFO	[jepsen worker 1] jepsen.util: 1	:invoke	:generate	nil
2026-03-11 14:38:20,107{GMT}	INFO	[jepsen worker 1] jepsen.util: 1	:ok	:generate	"915-null"
2026-03-11 14:38:20,108{GMT}	INFO	[jepsen worker 2] jepsen.util: 2	:invoke	:generate	nil
2026-03-11 14:38:20,108{GMT}	INFO	[jepsen worker 2] jepsen.util: 2	:ok	:generate	"796-null"
2026-03-11 14:38:20,109{GMT}	INFO	[jepsen worker 0] jepsen.util: 0	:invoke	:generate	nil
2026-03-11 14:38:20,109{GMT}	INFO	[jepsen worker 0] jepsen.util: 0	:ok	:generate	"1201-null"
2026-03-11 14:38:20,110{GMT}	INFO	[jepsen worker 0] jepsen.util: 0	:invoke	:generate	nil
2026-03-11 14:38:20,111{GMT}	INFO	[jepsen worker 0] jepsen.util: 0	:ok	:generate	"1202-null"
2026-03-11 14:38:20,112{GMT}	INFO	[jepsen worker 1] jepsen.util: 1	:invoke	:generate	nil
2026-03-11 14:38:20,113{GMT}	INFO	[jepsen worker 1] jepsen.util: 1	:ok	:generate	"916-null"
2026-03-11 14:38:20,114{GMT}	INFO	[jepsen worker 2] jepsen.util: 2	:invoke	:generate	nil
2026-03-11 14:38:20,115{GMT}	INFO	[jepsen worker 2] jepsen.util: 2	:ok	:generate	"797-null"
2026-03-11 14:38:20,116{GMT}	INFO	[jepsen worker 0] jepsen.util: 0	:invoke	:generate	nil
2026-03-11 14:38:20,116{GMT}	INFO	[jepsen worker 0] jepsen.util: 0	:ok	:generate	"1203-null"
2026-03-11 14:38:20,117{GMT}	INFO	[jepsen worker 0] jepsen.util: 0	:invoke	:generate	nil
2026-03-11 14:38:20,117{GMT}	INFO	[jepsen worker 0] jepsen.util: 0	:ok	:generate	"1204-null"
2026-03-11 14:38:20,117{GMT}	INFO	[jepsen worker 1] jepsen.util: 1	:invoke	:generate	nil
2026-03-11 14:38:20,118{GMT}	INFO	[jepsen worker 1] jepsen.util: 1	:ok	:generate	"917-null"
2026-03-11 14:38:20,119{GMT}	INFO	[jepsen worker 2] jepsen.util: 2	:invoke	:generate	nil
2026-03-11 14:38:20,120{GMT}	INFO	[jepsen worker 2] jepsen.util: 2	:ok	:generate	"798-null"
2026-03-11 14:38:20,121{GMT}	INFO	[jepsen worker 0] jepsen.util: 0	:invoke	:generate	nil
2026-03-11 14:38:20,121{GMT}	INFO	[jepsen worker 0] jepsen.util: 0	:ok	:generate	"1205-null"
2026-03-11 14:38:20,122{GMT}	INFO	[jepsen worker 0] jepsen.util: 0	:invoke	:generate	nil
2026-03-11 14:38:20,123{GMT}	INFO	[jepsen worker 0] jepsen.util: 0	:ok	:generate	"1206-null"
2026-03-11 14:38:20,123{GMT}	INFO	[jepsen worker 1] jepsen.util: 1	:invoke	:generate	nil
2026-03-11 14:38:20,124{GMT}	INFO	[jepsen worker 2] jepsen.util: 2	:invoke	:generate	nil
2026-03-11 14:38:20,124{GMT}	INFO	[jepsen worker 1] jepsen.util: 1	:ok	:generate	"918-null"
2026-03-11 14:38:20,124{GMT}	INFO	[jepsen worker 0] jepsen.util: 0	:invoke	:generate	nil
2026-03-11 14:38:20,124{GMT}	INFO	[jepsen worker 2] jepsen.util: 2	:ok	:generate	"799-null"
2026-03-11 14:38:20,125{GMT}	INFO	[jepsen worker 0] jepsen.util: 0	:ok	:generate	"1207-null"
2026-03-11 14:38:20,126{GMT}	INFO	[jepsen worker 0] jepsen.util: 0	:invoke	:generate	nil
2026-03-11 14:38:20,126{GMT}	INFO	[jepsen worker 0] jepsen.util: 0	:ok	:generate	"1208-null"
2026-03-11 14:38:20,128{GMT}	INFO	[jepsen worker 1] jepsen.util: 1	:invoke	:generate	nil
2026-03-11 14:38:20,128{GMT}	INFO	[jepsen worker 2] jepsen.util: 2	:invoke	:generate	nil
2026-03-11 14:38:20,129{GMT}	INFO	[jepsen worker 1] jepsen.util: 1	:ok	:generate	"919-null"
2026-03-11 14:38:20,129{GMT}	INFO	[jepsen worker 0] jepsen.util: 0	:invoke	:generate	nil
2026-03-11 14:38:20,129{GMT}	INFO	[jepsen worker 0] jepsen.util: 0	:ok	:generate	"1209-null"
2026-03-11 14:38:20,130{GMT}	INFO	[jepsen worker 2] jepsen.util: 2	:ok	:generate	"800-null"
2026-03-11 14:38:20,130{GMT}	INFO	[jepsen worker 0] jepsen.util: 0	:invoke	:generate	nil
2026-03-11 14:38:20,130{GMT}	INFO	[jepsen worker 0] jepsen.util: 0	:ok	:generate	"1210-null"
2026-03-11 14:38:20,131{GMT}	INFO	[jepsen worker 1] jepsen.util: 1	:invoke	:generate	nil
2026-03-11 14:38:20,131{GMT}	INFO	[jepsen worker 1] jepsen.util: 1	:ok	:generate	"920-null"
2026-03-11 14:38:20,133{GMT}	INFO	[jepsen worker 2] jepsen.util: 2	:invoke	:generate	nil
2026-03-11 14:38:20,133{GMT}	INFO	[jepsen worker 2] jepsen.util: 2	:ok	:generate	"801-null"
2026-03-11 14:38:20,134{GMT}	INFO	[jepsen worker 0] jepsen.util: 0	:invoke	:generate	nil
2026-03-11 14:38:20,134{GMT}	INFO	[jepsen worker 1] jepsen.util: 1	:invoke	:generate	nil
2026-03-11 14:38:20,134{GMT}	INFO	[jepsen worker 2] jepsen.util: 2	:invoke	:generate	nil
2026-03-11 14:38:20,135{GMT}	INFO	[jepsen worker 0] jepsen.util: 0	:ok	:generate	"1211-null"
2026-03-11 14:38:20,135{GMT}	INFO	[jepsen worker 2] jepsen.util: 2	:ok	:generate	"802-null"
2026-03-11 14:38:20,136{GMT}	INFO	[jepsen worker 1] jepsen.util: 1	:ok	:generate	"921-null"
2026-03-11 14:38:20,136{GMT}	INFO	[jepsen worker 2] jepsen.util: 2	:invoke	:generate	nil
2026-03-11 14:38:20,137{GMT}	INFO	[jepsen worker 2] jepsen.util: 2	:ok	:generate	"803-null"
2026-03-11 14:38:20,138{GMT}	INFO	[jepsen worker 0] jepsen.util: 0	:invoke	:generate	nil
2026-03-11 14:38:20,138{GMT}	INFO	[jepsen worker 0] jepsen.util: 0	:ok	:generate	"1212-null"
2026-03-11 14:38:20,139{GMT}	INFO	[jepsen worker 0] jepsen.util: 0	:invoke	:generate	nil
2026-03-11 14:38:20,140{GMT}	INFO	[jepsen worker 1] jepsen.util: 1	:invoke	:generate	nil
2026-03-11 14:38:20,140{GMT}	INFO	[jepsen worker 0] jepsen.util: 0	:ok	:generate	"1213-null"
2026-03-11 14:38:20,140{GMT}	INFO	[jepsen worker 1] jepsen.util: 1	:ok	:generate	"922-null"
2026-03-11 14:38:20,141{GMT}	INFO	[jepsen worker 2] jepsen.util: 2	:invoke	:generate	nil
2026-03-11 14:38:20,142{GMT}	INFO	[jepsen worker 2] jepsen.util: 2	:ok	:generate	"804-null"
2026-03-11 14:38:20,143{GMT}	INFO	[jepsen worker 0] jepsen.util: 0	:invoke	:generate	nil
2026-03-11 14:38:20,144{GMT}	INFO	[jepsen worker 0] jepsen.util: 0	:ok	:generate	"1214-null"
2026-03-11 14:38:20,145{GMT}	INFO	[jepsen worker 0] jepsen.util: 0	:invoke	:generate	nil
2026-03-11 14:38:20,146{GMT}	INFO	[jepsen worker 0] jepsen.util: 0	:ok	:generate	"1215-null"
2026-03-11 14:38:20,146{GMT}	INFO	[jepsen worker 1] jepsen.util: 1	:invoke	:generate	nil
2026-03-11 14:38:20,147{GMT}	INFO	[jepsen worker 1] jepsen.util: 1	:ok	:generate	"923-null"
2026-03-11 14:38:20,148{GMT}	INFO	[jepsen worker 2] jepsen.util: 2	:invoke	:generate	nil
2026-03-11 14:38:20,149{GMT}	INFO	[jepsen worker 2] jepsen.util: 2	:ok	:generate	"805-null"
2026-03-11 14:38:20,149{GMT}	INFO	[jepsen worker 0] jepsen.util: 0	:invoke	:generate	nil
2026-03-11 14:38:20,150{GMT}	INFO	[jepsen worker 1] jepsen.util: 1	:invoke	:generate	nil
2026-03-11 14:38:20,150{GMT}	INFO	[jepsen worker 0] jepsen.util: 0	:ok	:generate	"1216-null"
2026-03-11 14:38:20,150{GMT}	INFO	[jepsen worker 1] jepsen.util: 1	:ok	:generate	"924-null"
2026-03-11 14:38:20,151{GMT}	INFO	[jepsen worker 1] jepsen.util: 1	:invoke	:generate	nil
2026-03-11 14:38:20,151{GMT}	INFO	[jepsen worker 1] jepsen.util: 1	:ok	:generate	"925-null"
2026-03-11 14:38:20,152{GMT}	INFO	[jepsen worker 2] jepsen.util: 2	:invoke	:generate	nil
2026-03-11 14:38:20,153{GMT}	INFO	[jepsen worker 2] jepsen.util: 2	:ok	:generate	"806-null"
2026-03-11 14:38:20,154{GMT}	INFO	[jepsen worker 0] jepsen.util: 0	:invoke	:generate	nil
2026-03-11 14:38:20,154{GMT}	INFO	[jepsen worker 0] jepsen.util: 0	:ok	:generate	"1217-null"
2026-03-11 14:38:20,155{GMT}	INFO	[jepsen worker 0] jepsen.util: 0	:invoke	:generate	nil
2026-03-11 14:38:20,155{GMT}	INFO	[jepsen worker 0] jepsen.util: 0	:ok	:generate	"1218-null"
2026-03-11 14:38:20,156{GMT}	INFO	[jepsen worker 1] jepsen.util: 1	:invoke	:generate	nil
2026-03-11 14:38:20,156{GMT}	INFO	[jepsen worker 1] jepsen.util: 1	:ok	:generate	"926-null"
2026-03-11 14:38:20,158{GMT}	INFO	[jepsen worker 2] jepsen.util: 2	:invoke	:generate	nil
2026-03-11 14:38:20,158{GMT}	INFO	[jepsen worker 2] jepsen.util: 2	:ok	:generate	"807-null"
2026-03-11 14:38:20,159{GMT}	INFO	[jepsen worker 0] jepsen.util: 0	:invoke	:generate	nil
2026-03-11 14:38:20,159{GMT}	INFO	[jepsen worker 1] jepsen.util: 1	:invoke	:generate	nil
2026-03-11 14:38:20,159{GMT}	INFO	[jepsen worker 0] jepsen.util: 0	:ok	:generate	"1219-null"
2026-03-11 14:38:20,159{GMT}	INFO	[jepsen worker 2] jepsen.util: 2	:invoke	:generate	nil
2026-03-11 14:38:20,160{GMT}	INFO	[jepsen worker 1] jepsen.util: 1	:ok	:generate	"927-null"
2026-03-11 14:38:20,160{GMT}	INFO	[jepsen worker 0] jepsen.util: 0	:invoke	:generate	nil
2026-03-11 14:38:20,160{GMT}	INFO	[jepsen worker 2] jepsen.util: 2	:ok	:generate	"808-null"
2026-03-11 14:38:20,161{GMT}	INFO	[jepsen worker 0] jepsen.util: 0	:ok	:generate	"1220-null"
2026-03-11 14:38:20,161{GMT}	INFO	[jepsen worker 0] jepsen.util: 0	:invoke	:generate	nil
2026-03-11 14:38:20,161{GMT}	INFO	[jepsen worker 0] jepsen.util: 0	:ok	:generate	"1221-null"
2026-03-11 14:38:20,163{GMT}	INFO	[jepsen worker 0] jepsen.util: 0	:invoke	:generate	nil
2026-03-11 14:38:20,163{GMT}	INFO	[jepsen worker 1] jepsen.util: 1	:invoke	:generate	nil
2026-03-11 14:38:20,163{GMT}	INFO	[jepsen worker 0] jepsen.util: 0	:ok	:generate	"1222-null"
2026-03-11 14:38:20,163{GMT}	INFO	[jepsen worker 1] jepsen.util: 1	:ok	:generate	"928-null"
2026-03-11 14:38:20,163{GMT}	INFO	[jepsen worker 2] jepsen.util: 2	:invoke	:generate	nil
2026-03-11 14:38:20,164{GMT}	INFO	[jepsen worker 0] jepsen.util: 0	:invoke	:generate	nil
2026-03-11 14:38:20,164{GMT}	INFO	[jepsen worker 2] jepsen.util: 2	:ok	:generate	"809-null"
2026-03-11 14:38:20,164{GMT}	INFO	[jepsen worker 0] jepsen.util: 0	:ok	:generate	"1223-null"
2026-03-11 14:38:20,166{GMT}	INFO	[jepsen worker 0] jepsen.util: 0	:invoke	:generate	nil
2026-03-11 14:38:20,166{GMT}	INFO	[jepsen worker 1] jepsen.util: 1	:invoke	:generate	nil
2026-03-11 14:38:20,166{GMT}	INFO	[jepsen worker 0] jepsen.util: 0	:ok	:generate	"1224-null"
2026-03-11 14:38:20,167{GMT}	INFO	[jepsen worker 1] jepsen.util: 1	:ok	:generate	"929-null"
2026-03-11 14:38:20,167{GMT}	INFO	[jepsen worker 2] jepsen.util: 2	:invoke	:generate	nil
2026-03-11 14:38:20,167{GMT}	INFO	[jepsen worker 2] jepsen.util: 2	:ok	:generate	"810-null"
2026-03-11 14:38:20,168{GMT}	INFO	[jepsen worker 0] jepsen.util: 0	:invoke	:generate	nil
2026-03-11 14:38:20,168{GMT}	INFO	[jepsen worker 1] jepsen.util: 1	:invoke	:generate	nil
2026-03-11 14:38:20,168{GMT}	INFO	[jepsen worker 0] jepsen.util: 0	:ok	:generate	"1225-null"
2026-03-11 14:38:20,169{GMT}	INFO	[jepsen worker 1] jepsen.util: 1	:ok	:generate	"930-null"
2026-03-11 14:38:20,169{GMT}	INFO	[jepsen worker 1] jepsen.util: 1	:invoke	:generate	nil
2026-03-11 14:38:20,170{GMT}	INFO	[jepsen worker 1] jepsen.util: 1	:ok	:generate	"931-null"
2026-03-11 14:38:20,171{GMT}	INFO	[jepsen worker 2] jepsen.util: 2	:invoke	:generate	nil
2026-03-11 14:38:20,172{GMT}	INFO	[jepsen worker 2] jepsen.util: 2	:ok	:generate	"811-null"
2026-03-11 14:38:20,172{GMT}	INFO	[jepsen worker 0] jepsen.util: 0	:invoke	:generate	nil
2026-03-11 14:38:20,173{GMT}	INFO	[jepsen worker 0] jepsen.util: 0	:ok	:generate	"1226-null"
2026-03-11 14:38:20,174{GMT}	INFO	[jepsen worker 0] jepsen.util: 0	:invoke	:generate	nil
2026-03-11 14:38:20,174{GMT}	INFO	[jepsen worker 0] jepsen.util: 0	:ok	:generate	"1227-null"
2026-03-11 14:38:20,175{GMT}	INFO	[jepsen worker 1] jepsen.util: 1	:invoke	:generate	nil
2026-03-11 14:38:20,175{GMT}	INFO	[jepsen worker 1] jepsen.util: 1	:ok	:generate	"932-null"
2026-03-11 14:38:20,176{GMT}	INFO	[jepsen worker 2] jepsen.util: 2	:invoke	:generate	nil
2026-03-11 14:38:20,177{GMT}	INFO	[jepsen worker 2] jepsen.util: 2	:ok	:generate	"812-null"
2026-03-11 14:38:20,178{GMT}	INFO	[jepsen worker 0] jepsen.util: 0	:invoke	:generate	nil
2026-03-11 14:38:20,178{GMT}	INFO	[jepsen worker 0] jepsen.util: 0	:ok	:generate	"1228-null"
2026-03-11 14:38:20,179{GMT}	INFO	[jepsen worker 0] jepsen.util: 0	:invoke	:generate	nil
2026-03-11 14:38:20,179{GMT}	INFO	[jepsen worker 0] jepsen.util: 0	:ok	:generate	"1229-null"
2026-03-11 14:38:20,180{GMT}	INFO	[jepsen worker 1] jepsen.util: 1	:invoke	:generate	nil
2026-03-11 14:38:20,180{GMT}	INFO	[jepsen worker 2] jepsen.util: 2	:invoke	:generate	nil
2026-03-11 14:38:20,180{GMT}	INFO	[jepsen worker 1] jepsen.util: 1	:ok	:generate	"933-null"
2026-03-11 14:38:20,180{GMT}	INFO	[jepsen worker 2] jepsen.util: 2	:ok	:generate	"813-null"
2026-03-11 14:38:20,181{GMT}	INFO	[jepsen worker 0] jepsen.util: 0	:invoke	:generate	nil
2026-03-11 14:38:20,181{GMT}	INFO	[jepsen worker 0] jepsen.util: 0	:ok	:generate	"1230-null"
2026-03-11 14:38:20,182{GMT}	INFO	[jepsen worker 0] jepsen.util: 0	:invoke	:generate	nil
2026-03-11 14:38:20,183{GMT}	INFO	[jepsen worker 0] jepsen.util: 0	:ok	:generate	"1231-null"
2026-03-11 14:38:20,184{GMT}	INFO	[jepsen worker 1] jepsen.util: 1	:invoke	:generate	nil
2026-03-11 14:38:20,185{GMT}	INFO	[jepsen worker 1] jepsen.util: 1	:ok	:generate	"934-null"
2026-03-11 14:38:20,186{GMT}	INFO	[jepsen worker 2] jepsen.util: 2	:invoke	:generate	nil
2026-03-11 14:38:20,187{GMT}	INFO	[jepsen worker 2] jepsen.util: 2	:ok	:generate	"814-null"
2026-03-11 14:38:20,187{GMT}	INFO	[jepsen worker 0] jepsen.util: 0	:invoke	:generate	nil
2026-03-11 14:38:20,187{GMT}	INFO	[jepsen worker 0] jepsen.util: 0	:ok	:generate	"1232-null"
2026-03-11 14:38:20,189{GMT}	INFO	[jepsen worker 0] jepsen.util: 0	:invoke	:generate	nil
2026-03-11 14:38:20,189{GMT}	INFO	[jepsen worker 1] jepsen.util: 1	:invoke	:generate	nil
2026-03-11 14:38:20,189{GMT}	INFO	[jepsen worker 0] jepsen.util: 0	:ok	:generate	"1233-null"
2026-03-11 14:38:20,190{GMT}	INFO	[jepsen worker 2] jepsen.util: 2	:invoke	:generate	nil
2026-03-11 14:38:20,190{GMT}	INFO	[jepsen worker 1] jepsen.util: 1	:ok	:generate	"935-null"
2026-03-11 14:38:20,190{GMT}	INFO	[jepsen worker 2] jepsen.util: 2	:ok	:generate	"815-null"
2026-03-11 14:38:20,192{GMT}	INFO	[jepsen worker 0] jepsen.util: 0	:invoke	:generate	nil
2026-03-11 14:38:20,192{GMT}	INFO	[jepsen worker 0] jepsen.util: 0	:ok	:generate	"1234-null"
2026-03-11 14:38:20,193{GMT}	INFO	[jepsen worker 0] jepsen.util: 0	:invoke	:generate	nil
2026-03-11 14:38:20,193{GMT}	INFO	[jepsen worker 0] jepsen.util: 0	:ok	:generate	"1235-null"
2026-03-11 14:38:20,194{GMT}	INFO	[jepsen worker 1] jepsen.util: 1	:invoke	:generate	nil
2026-03-11 14:38:20,194{GMT}	INFO	[jepsen worker 2] jepsen.util: 2	:invoke	:generate	nil
2026-03-11 14:38:20,194{GMT}	INFO	[jepsen worker 1] jepsen.util: 1	:ok	:generate	"936-null"
2026-03-11 14:38:20,194{GMT}	INFO	[jepsen worker 2] jepsen.util: 2	:ok	:generate	"816-null"
2026-03-11 14:38:20,194{GMT}	INFO	[jepsen worker 0] jepsen.util: 0	:invoke	:generate	nil
2026-03-11 14:38:20,195{GMT}	INFO	[jepsen worker 1] jepsen.util: 1	:invoke	:generate	nil
2026-03-11 14:38:20,195{GMT}	INFO	[jepsen worker 0] jepsen.util: 0	:ok	:generate	"1236-null"
2026-03-11 14:38:20,195{GMT}	INFO	[jepsen worker 2] jepsen.util: 2	:invoke	:generate	nil
2026-03-11 14:38:20,195{GMT}	INFO	[jepsen worker 1] jepsen.util: 1	:ok	:generate	"937-null"
2026-03-11 14:38:20,196{GMT}	INFO	[jepsen worker 2] jepsen.util: 2	:ok	:generate	"817-null"
2026-03-11 14:38:20,196{GMT}	INFO	[jepsen worker 2] jepsen.util: 2	:invoke	:generate	nil
2026-03-11 14:38:20,197{GMT}	INFO	[jepsen worker 2] jepsen.util: 2	:ok	:generate	"818-null"
2026-03-11 14:38:20,198{GMT}	INFO	[jepsen worker 0] jepsen.util: 0	:invoke	:generate	nil
2026-03-11 14:38:20,198{GMT}	INFO	[jepsen worker 1] jepsen.util: 1	:invoke	:generate	nil
2026-03-11 14:38:20,199{GMT}	INFO	[jepsen worker 0] jepsen.util: 0	:ok	:generate	"1237-null"
2026-03-11 14:38:20,199{GMT}	INFO	[jepsen worker 1] jepsen.util: 1	:ok	:generate	"938-null"
2026-03-11 14:38:20,200{GMT}	INFO	[jepsen worker 1] jepsen.util: 1	:invoke	:generate	nil
2026-03-11 14:38:20,200{GMT}	INFO	[jepsen worker 1] jepsen.util: 1	:ok	:generate	"939-null"
2026-03-11 14:38:20,201{GMT}	INFO	[jepsen worker 2] jepsen.util: 2	:invoke	:generate	nil
2026-03-11 14:38:20,202{GMT}	INFO	[jepsen worker 2] jepsen.util: 2	:ok	:generate	"819-null"
2026-03-11 14:38:20,202{GMT}	INFO	[jepsen worker 0] jepsen.util: 0	:invoke	:generate	nil
2026-03-11 14:38:20,203{GMT}	INFO	[jepsen worker 0] jepsen.util: 0	:ok	:generate	"1238-null"
2026-03-11 14:38:20,203{GMT}	INFO	[jepsen worker 0] jepsen.util: 0	:invoke	:generate	nil
2026-03-11 14:38:20,204{GMT}	INFO	[jepsen worker 0] jepsen.util: 0	:ok	:generate	"1239-null"
2026-03-11 14:38:20,204{GMT}	INFO	[jepsen worker 1] jepsen.util: 1	:invoke	:generate	nil
2026-03-11 14:38:20,204{GMT}	INFO	[jepsen worker 1] jepsen.util: 1	:ok	:generate	"940-null"
2026-03-11 14:38:20,205{GMT}	INFO	[jepsen worker 2] jepsen.util: 2	:invoke	:generate	nil
2026-03-11 14:38:20,205{GMT}	INFO	[jepsen worker 2] jepsen.util: 2	:ok	:generate	"820-null"
2026-03-11 14:38:20,206{GMT}	INFO	[jepsen worker 0] jepsen.util: 0	:invoke	:generate	nil
2026-03-11 14:38:20,206{GMT}	INFO	[jepsen worker 0] jepsen.util: 0	:ok	:generate	"1240-null"
2026-03-11 14:38:20,207{GMT}	INFO	[jepsen worker 0] jepsen.util: 0	:invoke	:generate	nil
2026-03-11 14:38:20,208{GMT}	INFO	[jepsen worker 0] jepsen.util: 0	:ok	:generate	"1241-null"
2026-03-11 14:38:20,209{GMT}	INFO	[jepsen worker 1] jepsen.util: 1	:invoke	:generate	nil
2026-03-11 14:38:20,209{GMT}	INFO	[jepsen worker 1] jepsen.util: 1	:ok	:generate	"941-null"
2026-03-11 14:38:20,210{GMT}	INFO	[jepsen worker 2] jepsen.util: 2	:invoke	:generate	nil
2026-03-11 14:38:20,210{GMT}	INFO	[jepsen worker 2] jepsen.util: 2	:ok	:generate	"821-null"
2026-03-11 14:38:20,211{GMT}	INFO	[jepsen worker 0] jepsen.util: 0	:invoke	:generate	nil
2026-03-11 14:38:20,211{GMT}	INFO	[jepsen worker 1] jepsen.util: 1	:invoke	:generate	nil
2026-03-11 14:38:20,211{GMT}	INFO	[jepsen worker 0] jepsen.util: 0	:ok	:generate	"1242-null"
2026-03-11 14:38:20,211{GMT}	INFO	[jepsen worker 2] jepsen.util: 2	:invoke	:generate	nil
2026-03-11 14:38:20,212{GMT}	INFO	[jepsen worker 1] jepsen.util: 1	:ok	:generate	"942-null"
2026-03-11 14:38:20,212{GMT}	INFO	[jepsen worker 2] jepsen.util: 2	:ok	:generate	"822-null"
2026-03-11 14:38:20,212{GMT}	INFO	[jepsen worker 2] jepsen.util: 2	:invoke	:generate	nil
2026-03-11 14:38:20,213{GMT}	INFO	[jepsen worker 2] jepsen.util: 2	:ok	:generate	"823-null"
2026-03-11 14:38:20,213{GMT}	INFO	[jepsen worker 0] jepsen.util: 0	:invoke	:generate	nil
2026-03-11 14:38:20,214{GMT}	INFO	[jepsen worker 0] jepsen.util: 0	:ok	:generate	"1243-null"
2026-03-11 14:38:20,214{GMT}	INFO	[jepsen worker 0] jepsen.util: 0	:invoke	:generate	nil
2026-03-11 14:38:20,215{GMT}	INFO	[jepsen worker 0] jepsen.util: 0	:ok	:generate	"1244-null"
2026-03-11 14:38:20,216{GMT}	INFO	[jepsen worker 1] jepsen.util: 1	:invoke	:generate	nil
2026-03-11 14:38:20,216{GMT}	INFO	[jepsen worker 1] jepsen.util: 1	:ok	:generate	"943-null"
2026-03-11 14:38:20,217{GMT}	INFO	[jepsen worker 2] jepsen.util: 2	:invoke	:generate	nil
2026-03-11 14:38:20,217{GMT}	INFO	[jepsen worker 2] jepsen.util: 2	:ok	:generate	"824-null"
2026-03-11 14:38:20,219{GMT}	INFO	[jepsen worker 0] jepsen.util: 0	:invoke	:generate	nil
2026-03-11 14:38:20,219{GMT}	INFO	[jepsen worker 0] jepsen.util: 0	:ok	:generate	"1245-null"
2026-03-11 14:38:20,219{GMT}	INFO	[jepsen worker 0] jepsen.util: 0	:invoke	:generate	nil
2026-03-11 14:38:20,219{GMT}	INFO	[jepsen worker 0] jepsen.util: 0	:ok	:generate	"1246-null"
2026-03-11 14:38:20,220{GMT}	INFO	[jepsen worker 1] jepsen.util: 1	:invoke	:generate	nil
2026-03-11 14:38:20,220{GMT}	INFO	[jepsen worker 1] jepsen.util: 1	:ok	:generate	"944-null"
2026-03-11 14:38:20,221{GMT}	INFO	[jepsen worker 2] jepsen.util: 2	:invoke	:generate	nil
2026-03-11 14:38:20,221{GMT}	INFO	[jepsen worker 2] jepsen.util: 2	:ok	:generate	"825-null"
2026-03-11 14:38:20,222{GMT}	INFO	[jepsen worker 0] jepsen.util: 0	:invoke	:generate	nil
2026-03-11 14:38:20,223{GMT}	INFO	[jepsen worker 0] jepsen.util: 0	:ok	:generate	"1247-null"
2026-03-11 14:38:20,223{GMT}	INFO	[jepsen worker 0] jepsen.util: 0	:invoke	:generate	nil
2026-03-11 14:38:20,223{GMT}	INFO	[jepsen worker 0] jepsen.util: 0	:ok	:generate	"1248-null"
2026-03-11 14:38:20,225{GMT}	INFO	[jepsen worker 1] jepsen.util: 1	:invoke	:generate	nil
2026-03-11 14:38:20,226{GMT}	INFO	[jepsen worker 1] jepsen.util: 1	:ok	:generate	"945-null"
2026-03-11 14:38:20,227{GMT}	INFO	[jepsen worker 2] jepsen.util: 2	:invoke	:generate	nil
2026-03-11 14:38:20,227{GMT}	INFO	[jepsen worker 2] jepsen.util: 2	:ok	:generate	"826-null"
2026-03-11 14:38:20,228{GMT}	INFO	[jepsen worker 0] jepsen.util: 0	:invoke	:generate	nil
2026-03-11 14:38:20,229{GMT}	INFO	[jepsen worker 0] jepsen.util: 0	:ok	:generate	"1249-null"
2026-03-11 14:38:20,230{GMT}	INFO	[jepsen worker 0] jepsen.util: 0	:invoke	:generate	nil
2026-03-11 14:38:20,230{GMT}	INFO	[jepsen worker 0] jepsen.util: 0	:ok	:generate	"1250-null"
2026-03-11 14:38:20,231{GMT}	INFO	[jepsen worker 1] jepsen.util: 1	:invoke	:generate	nil
2026-03-11 14:38:20,231{GMT}	INFO	[jepsen worker 1] jepsen.util: 1	:ok	:generate	"946-null"
2026-03-11 14:38:20,232{GMT}	INFO	[jepsen worker 2] jepsen.util: 2	:invoke	:generate	nil
2026-03-11 14:38:20,232{GMT}	INFO	[jepsen worker 0] jepsen.util: 0	:invoke	:generate	nil
2026-03-11 14:38:20,232{GMT}	INFO	[jepsen worker 2] jepsen.util: 2	:ok	:generate	"827-null"
2026-03-11 14:38:20,232{GMT}	INFO	[jepsen worker 0] jepsen.util: 0	:ok	:generate	"1251-null"
2026-03-11 14:38:20,233{GMT}	INFO	[jepsen worker 0] jepsen.util: 0	:invoke	:generate	nil
2026-03-11 14:38:20,233{GMT}	INFO	[jepsen worker 0] jepsen.util: 0	:ok	:generate	"1252-null"
2026-03-11 14:38:20,233{GMT}	INFO	[jepsen worker 1] jepsen.util: 1	:invoke	:generate	nil
2026-03-11 14:38:20,233{GMT}	INFO	[jepsen worker 1] jepsen.util: 1	:ok	:generate	"947-null"
2026-03-11 14:38:20,234{GMT}	INFO	[jepsen worker 2] jepsen.util: 2	:invoke	:generate	nil
2026-03-11 14:38:20,234{GMT}	INFO	[jepsen worker 2] jepsen.util: 2	:ok	:generate	"828-null"
2026-03-11 14:38:20,234{GMT}	INFO	[jepsen worker 0] jepsen.util: 0	:invoke	:generate	nil
2026-03-11 14:38:20,235{GMT}	INFO	[jepsen worker 0] jepsen.util: 0	:ok	:generate	"1253-null"
2026-03-11 14:38:20,235{GMT}	INFO	[jepsen worker 0] jepsen.util: 0	:invoke	:generate	nil
2026-03-11 14:38:20,235{GMT}	INFO	[jepsen worker 0] jepsen.util: 0	:ok	:generate	"1254-null"
2026-03-11 14:38:20,236{GMT}	INFO	[jepsen worker 1] jepsen.util: 1	:invoke	:generate	nil
2026-03-11 14:38:20,237{GMT}	INFO	[jepsen worker 1] jepsen.util: 1	:ok	:generate	"948-null"
2026-03-11 14:38:20,238{GMT}	INFO	[jepsen worker 2] jepsen.util: 2	:invoke	:generate	nil
2026-03-11 14:38:20,238{GMT}	INFO	[jepsen worker 0] jepsen.util: 0	:invoke	:generate	nil
2026-03-11 14:38:20,238{GMT}	INFO	[jepsen worker 2] jepsen.util: 2	:ok	:generate	"829-null"
2026-03-11 14:38:20,238{GMT}	INFO	[jepsen worker 0] jepsen.util: 0	:ok	:generate	"1255-null"
2026-03-11 14:38:20,239{GMT}	INFO	[jepsen worker 0] jepsen.util: 0	:invoke	:generate	nil
2026-03-11 14:38:20,240{GMT}	INFO	[jepsen worker 0] jepsen.util: 0	:ok	:generate	"1256-null"
2026-03-11 14:38:20,241{GMT}	INFO	[jepsen worker 1] jepsen.util: 1	:invoke	:generate	nil
2026-03-11 14:38:20,241{GMT}	INFO	[jepsen worker 1] jepsen.util: 1	:ok	:generate	"949-null"
2026-03-11 14:38:20,243{GMT}	INFO	[jepsen worker 2] jepsen.util: 2	:invoke	:generate	nil
2026-03-11 14:38:20,243{GMT}	INFO	[jepsen worker 2] jepsen.util: 2	:ok	:generate	"830-null"
2026-03-11 14:38:20,244{GMT}	INFO	[jepsen worker 0] jepsen.util: 0	:invoke	:generate	nil
2026-03-11 14:38:20,245{GMT}	INFO	[jepsen worker 0] jepsen.util: 0	:ok	:generate	"1257-null"
2026-03-11 14:38:20,246{GMT}	INFO	[jepsen worker 0] jepsen.util: 0	:invoke	:generate	nil
2026-03-11 14:38:20,246{GMT}	INFO	[jepsen worker 0] jepsen.util: 0	:ok	:generate	"1258-null"
2026-03-11 14:38:20,247{GMT}	INFO	[jepsen worker 1] jepsen.util: 1	:invoke	:generate	nil
2026-03-11 14:38:20,248{GMT}	INFO	[jepsen worker 1] jepsen.util: 1	:ok	:generate	"950-null"
2026-03-11 14:38:20,249{GMT}	INFO	[jepsen worker 2] jepsen.util: 2	:invoke	:generate	nil
2026-03-11 14:38:20,250{GMT}	INFO	[jepsen worker 2] jepsen.util: 2	:ok	:generate	"831-null"
2026-03-11 14:38:20,250{GMT}	INFO	[jepsen worker 0] jepsen.util: 0	:invoke	:generate	nil
2026-03-11 14:38:20,251{GMT}	INFO	[jepsen worker 0] jepsen.util: 0	:ok	:generate	"1259-null"
2026-03-11 14:38:20,252{GMT}	INFO	[jepsen worker 0] jepsen.util: 0	:invoke	:generate	nil
2026-03-11 14:38:20,252{GMT}	INFO	[jepsen worker 0] jepsen.util: 0	:ok	:generate	"1260-null"
2026-03-11 14:38:20,252{GMT}	INFO	[jepsen worker 1] jepsen.util: 1	:invoke	:generate	nil
2026-03-11 14:38:20,252{GMT}	INFO	[jepsen worker 2] jepsen.util: 2	:invoke	:generate	nil
2026-03-11 14:38:20,253{GMT}	INFO	[jepsen worker 1] jepsen.util: 1	:ok	:generate	"951-null"
2026-03-11 14:38:20,253{GMT}	INFO	[jepsen worker 2] jepsen.util: 2	:ok	:generate	"832-null"
2026-03-11 14:38:20,253{GMT}	INFO	[jepsen worker 0] jepsen.util: 0	:invoke	:generate	nil
2026-03-11 14:38:20,254{GMT}	INFO	[jepsen worker 0] jepsen.util: 0	:ok	:generate	"1261-null"
2026-03-11 14:38:20,255{GMT}	INFO	[jepsen worker 0] jepsen.util: 0	:invoke	:generate	nil
2026-03-11 14:38:20,256{GMT}	INFO	[jepsen worker 0] jepsen.util: 0	:ok	:generate	"1262-null"
2026-03-11 14:38:20,256{GMT}	INFO	[jepsen worker 1] jepsen.util: 1	:invoke	:generate	nil
2026-03-11 14:38:20,257{GMT}	INFO	[jepsen worker 1] jepsen.util: 1	:ok	:generate	"952-null"
2026-03-11 14:38:20,258{GMT}	INFO	[jepsen worker 2] jepsen.util: 2	:invoke	:generate	nil
2026-03-11 14:38:20,259{GMT}	INFO	[jepsen worker 2] jepsen.util: 2	:ok	:generate	"833-null"
2026-03-11 14:38:20,259{GMT}	INFO	[jepsen worker 0] jepsen.util: 0	:invoke	:generate	nil
2026-03-11 14:38:20,259{GMT}	INFO	[jepsen worker 0] jepsen.util: 0	:ok	:generate	"1263-null"
2026-03-11 14:38:20,260{GMT}	INFO	[jepsen worker 0] jepsen.util: 0	:invoke	:generate	nil
2026-03-11 14:38:20,261{GMT}	INFO	[jepsen worker 0] jepsen.util: 0	:ok	:generate	"1264-null"
2026-03-11 14:38:20,261{GMT}	INFO	[jepsen worker 1] jepsen.util: 1	:invoke	:generate	nil
2026-03-11 14:38:20,261{GMT}	INFO	[jepsen worker 1] jepsen.util: 1	:ok	:generate	"953-null"
2026-03-11 14:38:20,262{GMT}	INFO	[jepsen worker 2] jepsen.util: 2	:invoke	:generate	nil
2026-03-11 14:38:20,263{GMT}	INFO	[jepsen worker 2] jepsen.util: 2	:ok	:generate	"834-null"
2026-03-11 14:38:20,264{GMT}	INFO	[jepsen worker 0] jepsen.util: 0	:invoke	:generate	nil
2026-03-11 14:38:20,264{GMT}	INFO	[jepsen worker 0] jepsen.util: 0	:ok	:generate	"1265-null"
2026-03-11 14:38:20,266{GMT}	INFO	[jepsen worker 0] jepsen.util: 0	:invoke	:generate	nil
2026-03-11 14:38:20,266{GMT}	INFO	[jepsen worker 0] jepsen.util: 0	:ok	:generate	"1266-null"
2026-03-11 14:38:20,266{GMT}	INFO	[jepsen worker 1] jepsen.util: 1	:invoke	:generate	nil
2026-03-11 14:38:20,267{GMT}	INFO	[jepsen worker 1] jepsen.util: 1	:ok	:generate	"954-null"
2026-03-11 14:38:20,268{GMT}	INFO	[jepsen worker 2] jepsen.util: 2	:invoke	:generate	nil
2026-03-11 14:38:20,268{GMT}	INFO	[jepsen worker 0] jepsen.util: 0	:invoke	:generate	nil
2026-03-11 14:38:20,268{GMT}	INFO	[jepsen worker 2] jepsen.util: 2	:ok	:generate	"835-null"
2026-03-11 14:38:20,268{GMT}	INFO	[jepsen worker 0] jepsen.util: 0	:ok	:generate	"1267-null"
2026-03-11 14:38:20,269{GMT}	INFO	[jepsen worker 0] jepsen.util: 0	:invoke	:generate	nil
2026-03-11 14:38:20,269{GMT}	INFO	[jepsen worker 0] jepsen.util: 0	:ok	:generate	"1268-null"
2026-03-11 14:38:20,270{GMT}	INFO	[jepsen worker 1] jepsen.util: 1	:invoke	:generate	nil
2026-03-11 14:38:20,270{GMT}	INFO	[jepsen worker 1] jepsen.util: 1	:ok	:generate	"955-null"
2026-03-11 14:38:20,271{GMT}	INFO	[jepsen worker 2] jepsen.util: 2	:invoke	:generate	nil
2026-03-11 14:38:20,272{GMT}	INFO	[jepsen worker 2] jepsen.util: 2	:ok	:generate	"836-null"
2026-03-11 14:38:20,273{GMT}	INFO	[jepsen worker 0] jepsen.util: 0	:invoke	:generate	nil
2026-03-11 14:38:20,273{GMT}	INFO	[jepsen worker 0] jepsen.util: 0	:ok	:generate	"1269-null"
2026-03-11 14:38:20,274{GMT}	INFO	[jepsen worker 0] jepsen.util: 0	:invoke	:generate	nil
2026-03-11 14:38:20,275{GMT}	INFO	[jepsen worker 0] jepsen.util: 0	:ok	:generate	"1270-null"
2026-03-11 14:38:20,276{GMT}	INFO	[jepsen worker 1] jepsen.util: 1	:invoke	:generate	nil
2026-03-11 14:38:20,276{GMT}	INFO	[jepsen worker 1] jepsen.util: 1	:ok	:generate	"956-null"
2026-03-11 14:38:20,278{GMT}	INFO	[jepsen worker 2] jepsen.util: 2	:invoke	:generate	nil
2026-03-11 14:38:20,278{GMT}	INFO	[jepsen worker 2] jepsen.util: 2	:ok	:generate	"837-null"
2026-03-11 14:38:20,280{GMT}	INFO	[jepsen worker 0] jepsen.util: 0	:invoke	:generate	nil
2026-03-11 14:38:20,280{GMT}	INFO	[jepsen worker 0] jepsen.util: 0	:ok	:generate	"1271-null"
2026-03-11 14:38:20,281{GMT}	INFO	[jepsen worker 0] jepsen.util: 0	:invoke	:generate	nil
2026-03-11 14:38:20,282{GMT}	INFO	[jepsen worker 0] jepsen.util: 0	:ok	:generate	"1272-null"
2026-03-11 14:38:20,282{GMT}	INFO	[jepsen worker 1] jepsen.util: 1	:invoke	:generate	nil
2026-03-11 14:38:20,282{GMT}	INFO	[jepsen worker 1] jepsen.util: 1	:ok	:generate	"957-null"
2026-03-11 14:38:20,283{GMT}	INFO	[jepsen worker 2] jepsen.util: 2	:invoke	:generate	nil
2026-03-11 14:38:20,283{GMT}	INFO	[jepsen worker 2] jepsen.util: 2	:ok	:generate	"838-null"
2026-03-11 14:38:20,284{GMT}	INFO	[jepsen worker 0] jepsen.util: 0	:invoke	:generate	nil
2026-03-11 14:38:20,284{GMT}	INFO	[jepsen worker 0] jepsen.util: 0	:ok	:generate	"1273-null"
2026-03-11 14:38:20,285{GMT}	INFO	[jepsen worker 0] jepsen.util: 0	:invoke	:generate	nil
2026-03-11 14:38:20,285{GMT}	INFO	[jepsen worker 0] jepsen.util: 0	:ok	:generate	"1274-null"
2026-03-11 14:38:20,285{GMT}	INFO	[jepsen worker 1] jepsen.util: 1	:invoke	:generate	nil
2026-03-11 14:38:20,286{GMT}	INFO	[jepsen worker 1] jepsen.util: 1	:ok	:generate	"958-null"
2026-03-11 14:38:20,287{GMT}	INFO	[jepsen worker 2] jepsen.util: 2	:invoke	:generate	nil
2026-03-11 14:38:20,287{GMT}	INFO	[jepsen worker 2] jepsen.util: 2	:ok	:generate	"839-null"
2026-03-11 14:38:20,288{GMT}	INFO	[jepsen worker 0] jepsen.util: 0	:invoke	:generate	nil
2026-03-11 14:38:20,288{GMT}	INFO	[jepsen worker 0] jepsen.util: 0	:ok	:generate	"1275-null"
2026-03-11 14:38:20,289{GMT}	INFO	[jepsen worker 0] jepsen.util: 0	:invoke	:generate	nil
2026-03-11 14:38:20,289{GMT}	INFO	[jepsen worker 0] jepsen.util: 0	:ok	:generate	"1276-null"
2026-03-11 14:38:20,291{GMT}	INFO	[jepsen worker 1] jepsen.util: 1	:invoke	:generate	nil
2026-03-11 14:38:20,291{GMT}	INFO	[jepsen worker 1] jepsen.util: 1	:ok	:generate	"959-null"
2026-03-11 14:38:20,292{GMT}	INFO	[jepsen worker 2] jepsen.util: 2	:invoke	:generate	nil
2026-03-11 14:38:20,292{GMT}	INFO	[jepsen worker 2] jepsen.util: 2	:ok	:generate	"840-null"
2026-03-11 14:38:20,292{GMT}	INFO	[jepsen worker 0] jepsen.util: 0	:invoke	:generate	nil
2026-03-11 14:38:20,293{GMT}	INFO	[jepsen worker 1] jepsen.util: 1	:invoke	:generate	nil
2026-03-11 14:38:20,293{GMT}	INFO	[jepsen worker 0] jepsen.util: 0	:ok	:generate	"1277-null"
2026-03-11 14:38:20,293{GMT}	INFO	[jepsen worker 1] jepsen.util: 1	:ok	:generate	"960-null"
2026-03-11 14:38:20,293{GMT}	INFO	[jepsen worker 2] jepsen.util: 2	:invoke	:generate	nil
2026-03-11 14:38:20,294{GMT}	INFO	[jepsen worker 2] jepsen.util: 2	:ok	:generate	"841-null"
2026-03-11 14:38:20,295{GMT}	INFO	[jepsen worker 2] jepsen.util: 2	:invoke	:generate	nil
2026-03-11 14:38:20,295{GMT}	INFO	[jepsen worker 0] jepsen.util: 0	:invoke	:generate	nil
2026-03-11 14:38:20,296{GMT}	INFO	[jepsen worker 2] jepsen.util: 2	:ok	:generate	"842-null"
2026-03-11 14:38:20,296{GMT}	INFO	[jepsen worker 0] jepsen.util: 0	:ok	:generate	"1278-null"
2026-03-11 14:38:20,297{GMT}	INFO	[jepsen worker 0] jepsen.util: 0	:invoke	:generate	nil
2026-03-11 14:38:20,298{GMT}	INFO	[jepsen worker 0] jepsen.util: 0	:ok	:generate	"1279-null"
2026-03-11 14:38:20,298{GMT}	INFO	[jepsen worker 1] jepsen.util: 1	:invoke	:generate	nil
2026-03-11 14:38:20,298{GMT}	INFO	[jepsen worker 1] jepsen.util: 1	:ok	:generate	"961-null"
2026-03-11 14:38:20,300{GMT}	INFO	[jepsen worker 2] jepsen.util: 2	:invoke	:generate	nil
2026-03-11 14:38:20,300{GMT}	INFO	[jepsen worker 2] jepsen.util: 2	:ok	:generate	"843-null"
2026-03-11 14:38:20,302{GMT}	INFO	[jepsen worker 0] jepsen.util: 0	:invoke	:generate	nil
2026-03-11 14:38:20,303{GMT}	INFO	[jepsen worker 0] jepsen.util: 0	:ok	:generate	"1280-null"
2026-03-11 14:38:20,304{GMT}	INFO	[jepsen worker 0] jepsen.util: 0	:invoke	:generate	nil
2026-03-11 14:38:20,304{GMT}	INFO	[jepsen worker 1] jepsen.util: 1	:invoke	:generate	nil
2026-03-11 14:38:20,305{GMT}	INFO	[jepsen worker 1] jepsen.util: 1	:ok	:generate	"962-null"
2026-03-11 14:38:20,306{GMT}	INFO	[jepsen worker 2] jepsen.util: 2	:invoke	:generate	nil
2026-03-11 14:38:20,307{GMT}	INFO	[jepsen worker 2] jepsen.util: 2	:ok	:generate	"844-null"
2026-03-11 14:38:20,308{GMT}	INFO	[jepsen worker 1] jepsen.util: 1	:invoke	:generate	nil
2026-03-11 14:38:20,309{GMT}	INFO	[jepsen worker 2] jepsen.util: 2	:invoke	:generate	nil
2026-03-11 14:38:20,309{GMT}	INFO	[jepsen worker 1] jepsen.util: 1	:ok	:generate	"963-null"
2026-03-11 14:38:20,309{GMT}	INFO	[jepsen worker 2] jepsen.util: 2	:ok	:generate	"845-null"
2026-03-11 14:38:20,310{GMT}	INFO	[jepsen worker 1] jepsen.util: 1	:invoke	:generate	nil
2026-03-11 14:38:20,310{GMT}	INFO	[jepsen worker 1] jepsen.util: 1	:ok	:generate	"964-null"
2026-03-11 14:38:20,311{GMT}	INFO	[jepsen worker 0] jepsen.util: 0	:ok	:generate	"1281-null"
2026-03-11 14:38:20,311{GMT}	INFO	[jepsen worker 2] jepsen.util: 2	:invoke	:generate	nil
2026-03-11 14:38:20,312{GMT}	INFO	[jepsen worker 2] jepsen.util: 2	:ok	:generate	"846-null"
2026-03-11 14:38:20,313{GMT}	INFO	[jepsen worker 0] jepsen.util: 0	:invoke	:generate	nil
2026-03-11 14:38:20,314{GMT}	INFO	[jepsen worker 0] jepsen.util: 0	:ok	:generate	"1282-null"
2026-03-11 14:38:20,315{GMT}	INFO	[jepsen worker 0] jepsen.util: 0	:invoke	:generate	nil
2026-03-11 14:38:20,316{GMT}	INFO	[jepsen worker 0] jepsen.util: 0	:ok	:generate	"1283-null"
2026-03-11 14:38:20,316{GMT}	INFO	[jepsen worker 2] jepsen.util: 2	:invoke	:generate	nil
2026-03-11 14:38:20,316{GMT}	INFO	[jepsen worker 1] jepsen.util: 1	:invoke	:generate	nil
2026-03-11 14:38:20,316{GMT}	INFO	[jepsen worker 2] jepsen.util: 2	:ok	:generate	"847-null"
2026-03-11 14:38:20,316{GMT}	INFO	[jepsen worker 1] jepsen.util: 1	:ok	:generate	"965-null"
2026-03-11 14:38:20,317{GMT}	INFO	[jepsen worker 0] jepsen.util: 0	:invoke	:generate	nil
2026-03-11 14:38:20,317{GMT}	INFO	[jepsen worker 0] jepsen.util: 0	:ok	:generate	"1284-null"
2026-03-11 14:38:20,318{GMT}	INFO	[jepsen worker 0] jepsen.util: 0	:invoke	:generate	nil
2026-03-11 14:38:20,318{GMT}	INFO	[jepsen worker 0] jepsen.util: 0	:ok	:generate	"1285-null"
2026-03-11 14:38:20,318{GMT}	INFO	[jepsen worker 1] jepsen.util: 1	:invoke	:generate	nil
2026-03-11 14:38:20,319{GMT}	INFO	[jepsen worker 1] jepsen.util: 1	:ok	:generate	"966-null"
2026-03-11 14:38:20,320{GMT}	INFO	[jepsen worker 2] jepsen.util: 2	:invoke	:generate	nil
2026-03-11 14:38:20,321{GMT}	INFO	[jepsen worker 2] jepsen.util: 2	:ok	:generate	"848-null"
2026-03-11 14:38:20,322{GMT}	INFO	[jepsen worker 0] jepsen.util: 0	:invoke	:generate	nil
2026-03-11 14:38:20,322{GMT}	INFO	[jepsen worker 0] jepsen.util: 0	:ok	:generate	"1286-null"
2026-03-11 14:38:20,323{GMT}	INFO	[jepsen worker 0] jepsen.util: 0	:invoke	:generate	nil
2026-03-11 14:38:20,323{GMT}	INFO	[jepsen worker 1] jepsen.util: 1	:invoke	:generate	nil
2026-03-11 14:38:20,323{GMT}	INFO	[jepsen worker 2] jepsen.util: 2	:invoke	:generate	nil
2026-03-11 14:38:20,323{GMT}	INFO	[jepsen worker 0] jepsen.util: 0	:ok	:generate	"1287-null"
2026-03-11 14:38:20,323{GMT}	INFO	[jepsen worker 1] jepsen.util: 1	:ok	:generate	"967-null"
2026-03-11 14:38:20,324{GMT}	INFO	[jepsen worker 0] jepsen.util: 0	:invoke	:generate	nil
2026-03-11 14:38:20,324{GMT}	INFO	[jepsen worker 2] jepsen.util: 2	:ok	:generate	"849-null"
2026-03-11 14:38:20,324{GMT}	INFO	[jepsen worker 0] jepsen.util: 0	:ok	:generate	"1288-null"
2026-03-11 14:38:20,326{GMT}	INFO	[jepsen worker 0] jepsen.util: 0	:invoke	:generate	nil
2026-03-11 14:38:20,326{GMT}	INFO	[jepsen worker 0] jepsen.util: 0	:ok	:generate	"1289-null"
2026-03-11 14:38:20,327{GMT}	INFO	[jepsen worker 1] jepsen.util: 1	:invoke	:generate	nil
2026-03-11 14:38:20,328{GMT}	INFO	[jepsen worker 1] jepsen.util: 1	:ok	:generate	"968-null"
2026-03-11 14:38:20,329{GMT}	INFO	[jepsen worker 2] jepsen.util: 2	:invoke	:generate	nil
2026-03-11 14:38:20,330{GMT}	INFO	[jepsen worker 0] jepsen.util: 0	:invoke	:generate	nil
2026-03-11 14:38:20,330{GMT}	INFO	[jepsen worker 2] jepsen.util: 2	:ok	:generate	"850-null"
2026-03-11 14:38:20,330{GMT}	INFO	[jepsen worker 0] jepsen.util: 0	:ok	:generate	"1290-null"
2026-03-11 14:38:20,331{GMT}	INFO	[jepsen worker 0] jepsen.util: 0	:invoke	:generate	nil
2026-03-11 14:38:20,331{GMT}	INFO	[jepsen worker 0] jepsen.util: 0	:ok	:generate	"1291-null"
2026-03-11 14:38:20,331{GMT}	INFO	[jepsen worker 1] jepsen.util: 1	:invoke	:generate	nil
2026-03-11 14:38:20,332{GMT}	INFO	[jepsen worker 1] jepsen.util: 1	:ok	:generate	"969-null"
2026-03-11 14:38:20,333{GMT}	INFO	[jepsen worker 2] jepsen.util: 2	:invoke	:generate	nil
2026-03-11 14:38:20,334{GMT}	INFO	[jepsen worker 2] jepsen.util: 2	:ok	:generate	"851-null"
2026-03-11 14:38:20,334{GMT}	INFO	[jepsen worker 0] jepsen.util: 0	:invoke	:generate	nil
2026-03-11 14:38:20,335{GMT}	INFO	[jepsen worker 1] jepsen.util: 1	:invoke	:generate	nil
2026-03-11 14:38:20,335{GMT}	INFO	[jepsen worker 2] jepsen.util: 2	:invoke	:generate	nil
2026-03-11 14:38:20,335{GMT}	INFO	[jepsen worker 0] jepsen.util: 0	:ok	:generate	"1292-null"
2026-03-11 14:38:20,335{GMT}	INFO	[jepsen worker 1] jepsen.util: 1	:ok	:generate	"970-null"
2026-03-11 14:38:20,336{GMT}	INFO	[jepsen worker 2] jepsen.util: 2	:ok	:generate	"852-null"
2026-03-11 14:38:20,337{GMT}	INFO	[jepsen worker 2] jepsen.util: 2	:invoke	:generate	nil
2026-03-11 14:38:20,337{GMT}	INFO	[jepsen worker 2] jepsen.util: 2	:ok	:generate	"853-null"
2026-03-11 14:38:20,338{GMT}	INFO	[jepsen worker 0] jepsen.util: 0	:invoke	:generate	nil
2026-03-11 14:38:20,339{GMT}	INFO	[jepsen worker 0] jepsen.util: 0	:ok	:generate	"1293-null"
2026-03-11 14:38:20,340{GMT}	INFO	[jepsen worker 0] jepsen.util: 0	:invoke	:generate	nil
2026-03-11 14:38:20,340{GMT}	INFO	[jepsen worker 0] jepsen.util: 0	:ok	:generate	"1294-null"
2026-03-11 14:38:20,341{GMT}	INFO	[jepsen worker 1] jepsen.util: 1	:invoke	:generate	nil
2026-03-11 14:38:20,341{GMT}	INFO	[jepsen worker 1] jepsen.util: 1	:ok	:generate	"971-null"
2026-03-11 14:38:20,342{GMT}	INFO	[jepsen worker 2] jepsen.util: 2	:invoke	:generate	nil
2026-03-11 14:38:20,342{GMT}	INFO	[jepsen worker 2] jepsen.util: 2	:ok	:generate	"854-null"
2026-03-11 14:38:20,344{GMT}	INFO	[jepsen worker 0] jepsen.util: 0	:invoke	:generate	nil
2026-03-11 14:38:20,344{GMT}	INFO	[jepsen worker 0] jepsen.util: 0	:ok	:generate	"1295-null"
2026-03-11 14:38:20,344{GMT}	INFO	[jepsen worker 0] jepsen.util: 0	:invoke	:generate	nil
2026-03-11 14:38:20,345{GMT}	INFO	[jepsen worker 0] jepsen.util: 0	:ok	:generate	"1296-null"
2026-03-11 14:38:20,346{GMT}	INFO	[jepsen worker 1] jepsen.util: 1	:invoke	:generate	nil
2026-03-11 14:38:20,347{GMT}	INFO	[jepsen worker 1] jepsen.util: 1	:ok	:generate	"972-null"
2026-03-11 14:38:20,348{GMT}	INFO	[jepsen worker 2] jepsen.util: 2	:invoke	:generate	nil
2026-03-11 14:38:20,349{GMT}	INFO	[jepsen worker 2] jepsen.util: 2	:ok	:generate	"855-null"
2026-03-11 14:38:20,349{GMT}	INFO	[jepsen worker 1] jepsen.util: 1	:invoke	:generate	nil
2026-03-11 14:38:20,349{GMT}	INFO	[jepsen worker 0] jepsen.util: 0	:invoke	:generate	nil
2026-03-11 14:38:20,349{GMT}	INFO	[jepsen worker 1] jepsen.util: 1	:ok	:generate	"973-null"
2026-03-11 14:38:20,349{GMT}	INFO	[jepsen worker 0] jepsen.util: 0	:ok	:generate	"1297-null"
2026-03-11 14:38:20,350{GMT}	INFO	[jepsen worker 1] jepsen.util: 1	:invoke	:generate	nil
2026-03-11 14:38:20,351{GMT}	INFO	[jepsen worker 2] jepsen.util: 2	:invoke	:generate	nil
2026-03-11 14:38:20,351{GMT}	INFO	[jepsen worker 0] jepsen.util: 0	:invoke	:generate	nil
2026-03-11 14:38:20,351{GMT}	INFO	[jepsen worker 1] jepsen.util: 1	:ok	:generate	"974-null"
2026-03-11 14:38:20,351{GMT}	INFO	[jepsen worker 2] jepsen.util: 2	:ok	:generate	"856-null"
2026-03-11 14:38:20,351{GMT}	INFO	[jepsen worker 1] jepsen.util: 1	:invoke	:generate	nil
2026-03-11 14:38:20,352{GMT}	INFO	[jepsen worker 0] jepsen.util: 0	:ok	:generate	"1298-null"
2026-03-11 14:38:20,352{GMT}	INFO	[jepsen worker 2] jepsen.util: 2	:invoke	:generate	nil
2026-03-11 14:38:20,352{GMT}	INFO	[jepsen worker 1] jepsen.util: 1	:ok	:generate	"975-null"
2026-03-11 14:38:20,352{GMT}	INFO	[jepsen worker 2] jepsen.util: 2	:ok	:generate	"857-null"
2026-03-11 14:38:20,353{GMT}	INFO	[jepsen worker 2] jepsen.util: 2	:invoke	:generate	nil
2026-03-11 14:38:20,353{GMT}	INFO	[jepsen worker 0] jepsen.util: 0	:invoke	:generate	nil
2026-03-11 14:38:20,354{GMT}	INFO	[jepsen worker 2] jepsen.util: 2	:ok	:generate	"858-null"
2026-03-11 14:38:20,354{GMT}	INFO	[jepsen worker 0] jepsen.util: 0	:ok	:generate	"1299-null"
2026-03-11 14:38:20,355{GMT}	INFO	[jepsen worker 0] jepsen.util: 0	:invoke	:generate	nil
2026-03-11 14:38:20,355{GMT}	INFO	[jepsen worker 0] jepsen.util: 0	:ok	:generate	"1300-null"
2026-03-11 14:38:20,357{GMT}	INFO	[jepsen worker 1] jepsen.util: 1	:invoke	:generate	nil
2026-03-11 14:38:20,357{GMT}	INFO	[jepsen worker 1] jepsen.util: 1	:ok	:generate	"976-null"
2026-03-11 14:38:20,358{GMT}	INFO	[jepsen worker 2] jepsen.util: 2	:invoke	:generate	nil
2026-03-11 14:38:20,358{GMT}	INFO	[jepsen worker 2] jepsen.util: 2	:ok	:generate	"859-null"
2026-03-11 14:38:20,358{GMT}	INFO	[jepsen worker 0] jepsen.util: 0	:invoke	:generate	nil
2026-03-11 14:38:20,358{GMT}	INFO	[jepsen worker 1] jepsen.util: 1	:invoke	:generate	nil
2026-03-11 14:38:20,359{GMT}	INFO	[jepsen worker 0] jepsen.util: 0	:ok	:generate	"1301-null"
2026-03-11 14:38:20,359{GMT}	INFO	[jepsen worker 1] jepsen.util: 1	:ok	:generate	"977-null"
2026-03-11 14:38:20,360{GMT}	INFO	[jepsen worker 1] jepsen.util: 1	:invoke	:generate	nil
2026-03-11 14:38:20,360{GMT}	INFO	[jepsen worker 1] jepsen.util: 1	:ok	:generate	"978-null"
2026-03-11 14:38:20,362{GMT}	INFO	[jepsen worker 2] jepsen.util: 2	:invoke	:generate	nil
2026-03-11 14:38:20,362{GMT}	INFO	[jepsen worker 0] jepsen.util: 0	:invoke	:generate	nil
2026-03-11 14:38:20,362{GMT}	INFO	[jepsen worker 2] jepsen.util: 2	:ok	:generate	"860-null"
2026-03-11 14:38:20,363{GMT}	INFO	[jepsen worker 0] jepsen.util: 0	:ok	:generate	"1302-null"
2026-03-11 14:38:20,364{GMT}	INFO	[jepsen worker 0] jepsen.util: 0	:invoke	:generate	nil
2026-03-11 14:38:20,364{GMT}	INFO	[jepsen worker 0] jepsen.util: 0	:ok	:generate	"1303-null"
2026-03-11 14:38:20,366{GMT}	INFO	[jepsen worker 1] jepsen.util: 1	:invoke	:generate	nil
2026-03-11 14:38:20,366{GMT}	INFO	[jepsen worker 1] jepsen.util: 1	:ok	:generate	"979-null"
2026-03-11 14:38:20,368{GMT}	INFO	[jepsen worker 2] jepsen.util: 2	:invoke	:generate	nil
2026-03-11 14:38:20,368{GMT}	INFO	[jepsen worker 2] jepsen.util: 2	:ok	:generate	"861-null"
2026-03-11 14:38:20,369{GMT}	INFO	[jepsen worker 0] jepsen.util: 0	:invoke	:generate	nil
2026-03-11 14:38:20,370{GMT}	INFO	[jepsen worker 0] jepsen.util: 0	:ok	:generate	"1304-null"
2026-03-11 14:38:20,370{GMT}	INFO	[jepsen worker 0] jepsen.util: 0	:invoke	:generate	nil
2026-03-11 14:38:20,371{GMT}	INFO	[jepsen worker 0] jepsen.util: 0	:ok	:generate	"1305-null"
2026-03-11 14:38:20,372{GMT}	INFO	[jepsen worker 1] jepsen.util: 1	:invoke	:generate	nil
2026-03-11 14:38:20,373{GMT}	INFO	[jepsen worker 2] jepsen.util: 2	:invoke	:generate	nil
2026-03-11 14:38:20,373{GMT}	INFO	[jepsen worker 1] jepsen.util: 1	:ok	:generate	"980-null"
2026-03-11 14:38:20,374{GMT}	INFO	[jepsen worker 2] jepsen.util: 2	:ok	:generate	"862-null"
2026-03-11 14:38:20,375{GMT}	INFO	[jepsen worker 0] jepsen.util: 0	:invoke	:generate	nil
2026-03-11 14:38:20,375{GMT}	INFO	[jepsen worker 0] jepsen.util: 0	:ok	:generate	"1306-null"
2026-03-11 14:38:20,377{GMT}	INFO	[jepsen worker 0] jepsen.util: 0	:invoke	:generate	nil
2026-03-11 14:38:20,377{GMT}	INFO	[jepsen worker 0] jepsen.util: 0	:ok	:generate	"1307-null"
2026-03-11 14:38:20,378{GMT}	INFO	[jepsen worker 1] jepsen.util: 1	:invoke	:generate	nil
2026-03-11 14:38:20,379{GMT}	INFO	[jepsen worker 1] jepsen.util: 1	:ok	:generate	"981-null"
2026-03-11 14:38:20,379{GMT}	INFO	[jepsen worker 2] jepsen.util: 2	:invoke	:generate	nil
2026-03-11 14:38:20,380{GMT}	INFO	[jepsen worker 2] jepsen.util: 2	:ok	:generate	"863-null"
2026-03-11 14:38:20,380{GMT}	INFO	[jepsen worker 0] jepsen.util: 0	:invoke	:generate	nil
2026-03-11 14:38:20,380{GMT}	INFO	[jepsen worker 0] jepsen.util: 0	:ok	:generate	"1308-null"
2026-03-11 14:38:20,381{GMT}	INFO	[jepsen worker 0] jepsen.util: 0	:invoke	:generate	nil
2026-03-11 14:38:20,381{GMT}	INFO	[jepsen worker 0] jepsen.util: 0	:ok	:generate	"1309-null"
2026-03-11 14:38:20,381{GMT}	INFO	[jepsen worker 1] jepsen.util: 1	:invoke	:generate	nil
2026-03-11 14:38:20,381{GMT}	INFO	[jepsen worker 2] jepsen.util: 2	:invoke	:generate	nil
2026-03-11 14:38:20,381{GMT}	INFO	[jepsen worker 0] jepsen.util: 0	:invoke	:generate	nil
2026-03-11 14:38:20,382{GMT}	INFO	[jepsen worker 1] jepsen.util: 1	:ok	:generate	"982-null"
2026-03-11 14:38:20,382{GMT}	INFO	[jepsen worker 2] jepsen.util: 2	:ok	:generate	"864-null"
2026-03-11 14:38:20,382{GMT}	INFO	[jepsen worker 0] jepsen.util: 0	:ok	:generate	"1310-null"
2026-03-11 14:38:20,383{GMT}	INFO	[jepsen worker 0] jepsen.util: 0	:invoke	:generate	nil
2026-03-11 14:38:20,383{GMT}	INFO	[jepsen worker 0] jepsen.util: 0	:ok	:generate	"1311-null"
2026-03-11 14:38:20,385{GMT}	INFO	[jepsen worker 1] jepsen.util: 1	:invoke	:generate	nil
2026-03-11 14:38:20,385{GMT}	INFO	[jepsen worker 2] jepsen.util: 2	:invoke	:generate	nil
2026-03-11 14:38:20,386{GMT}	INFO	[jepsen worker 2] jepsen.util: 2	:ok	:generate	"865-null"
2026-03-11 14:38:20,386{GMT}	INFO	[jepsen worker 1] jepsen.util: 1	:ok	:generate	"983-null"
2026-03-11 14:38:20,387{GMT}	INFO	[jepsen worker 0] jepsen.util: 0	:invoke	:generate	nil
2026-03-11 14:38:20,388{GMT}	INFO	[jepsen worker 0] jepsen.util: 0	:ok	:generate	"1312-null"
2026-03-11 14:38:20,389{GMT}	INFO	[jepsen worker 0] jepsen.util: 0	:invoke	:generate	nil
2026-03-11 14:38:20,390{GMT}	INFO	[jepsen worker 0] jepsen.util: 0	:ok	:generate	"1313-null"
2026-03-11 14:38:20,390{GMT}	INFO	[jepsen worker 1] jepsen.util: 1	:invoke	:generate	nil
2026-03-11 14:38:20,391{GMT}	INFO	[jepsen worker 1] jepsen.util: 1	:ok	:generate	"984-null"
2026-03-11 14:38:20,391{GMT}	INFO	[jepsen worker 2] jepsen.util: 2	:invoke	:generate	nil
2026-03-11 14:38:20,391{GMT}	INFO	[jepsen worker 2] jepsen.util: 2	:ok	:generate	"866-null"
2026-03-11 14:38:20,393{GMT}	INFO	[jepsen worker 0] jepsen.util: 0	:invoke	:generate	nil
2026-03-11 14:38:20,393{GMT}	INFO	[jepsen worker 0] jepsen.util: 0	:ok	:generate	"1314-null"
2026-03-11 14:38:20,394{GMT}	INFO	[jepsen worker 0] jepsen.util: 0	:invoke	:generate	nil
2026-03-11 14:38:20,394{GMT}	INFO	[jepsen worker 0] jepsen.util: 0	:ok	:generate	"1315-null"
2026-03-11 14:38:20,395{GMT}	INFO	[jepsen worker 1] jepsen.util: 1	:invoke	:generate	nil
2026-03-11 14:38:20,395{GMT}	INFO	[jepsen worker 1] jepsen.util: 1	:ok	:generate	"985-null"
2026-03-11 14:38:20,397{GMT}	INFO	[jepsen worker 2] jepsen.util: 2	:invoke	:generate	nil
2026-03-11 14:38:20,397{GMT}	INFO	[jepsen worker 0] jepsen.util: 0	:invoke	:generate	nil
2026-03-11 14:38:20,397{GMT}	INFO	[jepsen worker 2] jepsen.util: 2	:ok	:generate	"867-null"
2026-03-11 14:38:20,397{GMT}	INFO	[jepsen worker 0] jepsen.util: 0	:ok	:generate	"1316-null"
2026-03-11 14:38:20,398{GMT}	INFO	[jepsen worker 0] jepsen.util: 0	:invoke	:generate	nil
2026-03-11 14:38:20,399{GMT}	INFO	[jepsen worker 0] jepsen.util: 0	:ok	:generate	"1317-null"
2026-03-11 14:38:20,399{GMT}	INFO	[jepsen worker 1] jepsen.util: 1	:invoke	:generate	nil
2026-03-11 14:38:20,399{GMT}	INFO	[jepsen worker 2] jepsen.util: 2	:invoke	:generate	nil
2026-03-11 14:38:20,399{GMT}	INFO	[jepsen worker 1] jepsen.util: 1	:ok	:generate	"986-null"
2026-03-11 14:38:20,400{GMT}	INFO	[jepsen worker 0] jepsen.util: 0	:invoke	:generate	nil
2026-03-11 14:38:20,400{GMT}	INFO	[jepsen worker 2] jepsen.util: 2	:ok	:generate	"868-null"
2026-03-11 14:38:20,400{GMT}	INFO	[jepsen worker 0] jepsen.util: 0	:ok	:generate	"1318-null"
2026-03-11 14:38:20,400{GMT}	INFO	[jepsen worker 0] jepsen.util: 0	:invoke	:generate	nil
2026-03-11 14:38:20,401{GMT}	INFO	[jepsen worker 0] jepsen.util: 0	:ok	:generate	"1319-null"
2026-03-11 14:38:20,401{GMT}	INFO	[jepsen worker 1] jepsen.util: 1	:invoke	:generate	nil
2026-03-11 14:38:20,401{GMT}	INFO	[jepsen worker 1] jepsen.util: 1	:ok	:generate	"987-null"
2026-03-11 14:38:20,402{GMT}	INFO	[jepsen worker 2] jepsen.util: 2	:invoke	:generate	nil
2026-03-11 14:38:20,403{GMT}	INFO	[jepsen worker 2] jepsen.util: 2	:ok	:generate	"869-null"
2026-03-11 14:38:20,403{GMT}	INFO	[jepsen worker 0] jepsen.util: 0	:invoke	:generate	nil
2026-03-11 14:38:20,403{GMT}	INFO	[jepsen worker 0] jepsen.util: 0	:ok	:generate	"1320-null"
2026-03-11 14:38:20,404{GMT}	INFO	[jepsen worker 0] jepsen.util: 0	:invoke	:generate	nil
2026-03-11 14:38:20,405{GMT}	INFO	[jepsen worker 0] jepsen.util: 0	:ok	:generate	"1321-null"
2026-03-11 14:38:20,406{GMT}	INFO	[jepsen worker 1] jepsen.util: 1	:invoke	:generate	nil
2026-03-11 14:38:20,406{GMT}	INFO	[jepsen worker 1] jepsen.util: 1	:ok	:generate	"988-null"
2026-03-11 14:38:20,406{GMT}	INFO	[jepsen worker 2] jepsen.util: 2	:invoke	:generate	nil
2026-03-11 14:38:20,407{GMT}	INFO	[jepsen worker 2] jepsen.util: 2	:ok	:generate	"870-null"
2026-03-11 14:38:20,408{GMT}	INFO	[jepsen worker 0] jepsen.util: 0	:invoke	:generate	nil
2026-03-11 14:38:20,409{GMT}	INFO	[jepsen worker 0] jepsen.util: 0	:ok	:generate	"1322-null"
2026-03-11 14:38:20,410{GMT}	INFO	[jepsen worker 0] jepsen.util: 0	:invoke	:generate	nil
2026-03-11 14:38:20,410{GMT}	INFO	[jepsen worker 0] jepsen.util: 0	:ok	:generate	"1323-null"
2026-03-11 14:38:20,412{GMT}	INFO	[jepsen worker 1] jepsen.util: 1	:invoke	:generate	nil
2026-03-11 14:38:20,412{GMT}	INFO	[jepsen worker 1] jepsen.util: 1	:ok	:generate	"989-null"
2026-03-11 14:38:20,413{GMT}	INFO	[jepsen worker 2] jepsen.util: 2	:invoke	:generate	nil
2026-03-11 14:38:20,414{GMT}	INFO	[jepsen worker 2] jepsen.util: 2	:ok	:generate	"871-null"
2026-03-11 14:38:20,415{GMT}	INFO	[jepsen worker 0] jepsen.util: 0	:invoke	:generate	nil
2026-03-11 14:38:20,415{GMT}	INFO	[jepsen worker 0] jepsen.util: 0	:ok	:generate	"1324-null"
2026-03-11 14:38:20,417{GMT}	INFO	[jepsen worker 0] jepsen.util: 0	:invoke	:generate	nil
2026-03-11 14:38:20,417{GMT}	INFO	[jepsen worker 0] jepsen.util: 0	:ok	:generate	"1325-null"
2026-03-11 14:38:20,418{GMT}	INFO	[jepsen worker 1] jepsen.util: 1	:invoke	:generate	nil
2026-03-11 14:38:20,418{GMT}	INFO	[jepsen worker 1] jepsen.util: 1	:ok	:generate	"990-null"
2026-03-11 14:38:20,418{GMT}	INFO	[jepsen worker 2] jepsen.util: 2	:invoke	:generate	nil
2026-03-11 14:38:20,419{GMT}	INFO	[jepsen worker 2] jepsen.util: 2	:ok	:generate	"872-null"
2026-03-11 14:38:20,420{GMT}	INFO	[jepsen worker 0] jepsen.util: 0	:invoke	:generate	nil
2026-03-11 14:38:20,420{GMT}	INFO	[jepsen worker 0] jepsen.util: 0	:ok	:generate	"1326-null"
2026-03-11 14:38:20,421{GMT}	INFO	[jepsen worker 0] jepsen.util: 0	:invoke	:generate	nil
2026-03-11 14:38:20,421{GMT}	INFO	[jepsen worker 0] jepsen.util: 0	:ok	:generate	"1327-null"
2026-03-11 14:38:20,423{GMT}	INFO	[jepsen worker 1] jepsen.util: 1	:invoke	:generate	nil
2026-03-11 14:38:20,423{GMT}	INFO	[jepsen worker 1] jepsen.util: 1	:ok	:generate	"991-null"
2026-03-11 14:38:20,424{GMT}	INFO	[jepsen worker 2] jepsen.util: 2	:invoke	:generate	nil
2026-03-11 14:38:20,425{GMT}	INFO	[jepsen worker 2] jepsen.util: 2	:ok	:generate	"873-null"
2026-03-11 14:38:20,425{GMT}	INFO	[jepsen worker 0] jepsen.util: 0	:invoke	:generate	nil
2026-03-11 14:38:20,426{GMT}	INFO	[jepsen worker 0] jepsen.util: 0	:ok	:generate	"1328-null"
2026-03-11 14:38:20,427{GMT}	INFO	[jepsen worker 0] jepsen.util: 0	:invoke	:generate	nil
2026-03-11 14:38:20,428{GMT}	INFO	[jepsen worker 0] jepsen.util: 0	:ok	:generate	"1329-null"
2026-03-11 14:38:20,429{GMT}	INFO	[jepsen worker 1] jepsen.util: 1	:invoke	:generate	nil
2026-03-11 14:38:20,430{GMT}	INFO	[jepsen worker 1] jepsen.util: 1	:ok	:generate	"992-null"
2026-03-11 14:38:20,430{GMT}	INFO	[jepsen worker 2] jepsen.util: 2	:invoke	:generate	nil
2026-03-11 14:38:20,431{GMT}	INFO	[jepsen worker 2] jepsen.util: 2	:ok	:generate	"874-null"
2026-03-11 14:38:20,431{GMT}	INFO	[jepsen worker 0] jepsen.util: 0	:invoke	:generate	nil
2026-03-11 14:38:20,432{GMT}	INFO	[jepsen worker 0] jepsen.util: 0	:ok	:generate	"1330-null"
2026-03-11 14:38:20,432{GMT}	INFO	[jepsen worker 0] jepsen.util: 0	:invoke	:generate	nil
2026-03-11 14:38:20,433{GMT}	INFO	[jepsen worker 0] jepsen.util: 0	:ok	:generate	"1331-null"
2026-03-11 14:38:20,433{GMT}	INFO	[jepsen worker 1] jepsen.util: 1	:invoke	:generate	nil
2026-03-11 14:38:20,434{GMT}	INFO	[jepsen worker 1] jepsen.util: 1	:ok	:generate	"993-null"
2026-03-11 14:38:20,435{GMT}	INFO	[jepsen worker 2] jepsen.util: 2	:invoke	:generate	nil
2026-03-11 14:38:20,435{GMT}	INFO	[jepsen worker 2] jepsen.util: 2	:ok	:generate	"875-null"
2026-03-11 14:38:20,436{GMT}	INFO	[jepsen worker 0] jepsen.util: 0	:invoke	:generate	nil
2026-03-11 14:38:20,437{GMT}	INFO	[jepsen worker 0] jepsen.util: 0	:ok	:generate	"1332-null"
2026-03-11 14:38:20,438{GMT}	INFO	[jepsen worker 0] jepsen.util: 0	:invoke	:generate	nil
2026-03-11 14:38:20,438{GMT}	INFO	[jepsen worker 1] jepsen.util: 1	:invoke	:generate	nil
2026-03-11 14:38:20,438{GMT}	INFO	[jepsen worker 0] jepsen.util: 0	:ok	:generate	"1333-null"
2026-03-11 14:38:20,438{GMT}	INFO	[jepsen worker 1] jepsen.util: 1	:ok	:generate	"994-null"
2026-03-11 14:38:20,439{GMT}	INFO	[jepsen worker 2] jepsen.util: 2	:invoke	:generate	nil
2026-03-11 14:38:20,439{GMT}	INFO	[jepsen worker 2] jepsen.util: 2	:ok	:generate	"876-null"
2026-03-11 14:38:20,440{GMT}	INFO	[jepsen worker 0] jepsen.util: 0	:invoke	:generate	nil
2026-03-11 14:38:20,441{GMT}	INFO	[jepsen worker 0] jepsen.util: 0	:ok	:generate	"1334-null"
2026-03-11 14:38:20,441{GMT}	INFO	[jepsen worker 1] jepsen.util: 1	:invoke	:generate	nil
2026-03-11 14:38:20,441{GMT}	INFO	[jepsen worker 1] jepsen.util: 1	:ok	:generate	"995-null"
2026-03-11 14:38:20,442{GMT}	INFO	[jepsen worker 1] jepsen.util: 1	:invoke	:generate	nil
2026-03-11 14:38:20,442{GMT}	INFO	[jepsen worker 1] jepsen.util: 1	:ok	:generate	"996-null"
2026-03-11 14:38:20,444{GMT}	INFO	[jepsen worker 2] jepsen.util: 2	:invoke	:generate	nil
2026-03-11 14:38:20,444{GMT}	INFO	[jepsen worker 2] jepsen.util: 2	:ok	:generate	"877-null"
2026-03-11 14:38:20,446{GMT}	INFO	[jepsen worker 0] jepsen.util: 0	:invoke	:generate	nil
2026-03-11 14:38:20,446{GMT}	INFO	[jepsen worker 0] jepsen.util: 0	:ok	:generate	"1335-null"
2026-03-11 14:38:20,447{GMT}	INFO	[jepsen worker 0] jepsen.util: 0	:invoke	:generate	nil
2026-03-11 14:38:20,447{GMT}	INFO	[jepsen worker 1] jepsen.util: 1	:invoke	:generate	nil
2026-03-11 14:38:20,448{GMT}	INFO	[jepsen worker 0] jepsen.util: 0	:ok	:generate	"1336-null"
2026-03-11 14:38:20,448{GMT}	INFO	[jepsen worker 1] jepsen.util: 1	:ok	:generate	"997-null"
2026-03-11 14:38:20,448{GMT}	INFO	[jepsen worker 2] jepsen.util: 2	:invoke	:generate	nil
2026-03-11 14:38:20,448{GMT}	INFO	[jepsen worker 0] jepsen.util: 0	:invoke	:generate	nil
2026-03-11 14:38:20,448{GMT}	INFO	[jepsen worker 2] jepsen.util: 2	:ok	:generate	"878-null"
2026-03-11 14:38:20,449{GMT}	INFO	[jepsen worker 0] jepsen.util: 0	:ok	:generate	"1337-null"
2026-03-11 14:38:20,449{GMT}	INFO	[jepsen worker 1] jepsen.util: 1	:invoke	:generate	nil
2026-03-11 14:38:20,449{GMT}	INFO	[jepsen worker 1] jepsen.util: 1	:ok	:generate	"998-null"
2026-03-11 14:38:20,450{GMT}	INFO	[jepsen worker 1] jepsen.util: 1	:invoke	:generate	nil
2026-03-11 14:38:20,450{GMT}	INFO	[jepsen worker 1] jepsen.util: 1	:ok	:generate	"999-null"
2026-03-11 14:38:20,452{GMT}	INFO	[jepsen worker 2] jepsen.util: 2	:invoke	:generate	nil
2026-03-11 14:38:20,452{GMT}	INFO	[jepsen worker 2] jepsen.util: 2	:ok	:generate	"879-null"
2026-03-11 14:38:20,453{GMT}	INFO	[jepsen worker 0] jepsen.util: 0	:invoke	:generate	nil
2026-03-11 14:38:20,454{GMT}	INFO	[jepsen worker 0] jepsen.util: 0	:ok	:generate	"1338-null"
2026-03-11 14:38:20,455{GMT}	INFO	[jepsen worker 0] jepsen.util: 0	:invoke	:generate	nil
2026-03-11 14:38:20,455{GMT}	INFO	[jepsen worker 0] jepsen.util: 0	:ok	:generate	"1339-null"
2026-03-11 14:38:20,457{GMT}	INFO	[jepsen worker 1] jepsen.util: 1	:invoke	:generate	nil
2026-03-11 14:38:20,457{GMT}	INFO	[jepsen worker 1] jepsen.util: 1	:ok	:generate	"1000-null"
2026-03-11 14:38:20,458{GMT}	INFO	[jepsen worker 2] jepsen.util: 2	:invoke	:generate	nil
2026-03-11 14:38:20,459{GMT}	INFO	[jepsen worker 2] jepsen.util: 2	:ok	:generate	"880-null"
2026-03-11 14:38:20,460{GMT}	INFO	[jepsen worker 0] jepsen.util: 0	:invoke	:generate	nil
2026-03-11 14:38:20,460{GMT}	INFO	[jepsen worker 0] jepsen.util: 0	:ok	:generate	"1340-null"
2026-03-11 14:38:20,462{GMT}	INFO	[jepsen worker 0] jepsen.util: 0	:invoke	:generate	nil
2026-03-11 14:38:20,462{GMT}	INFO	[jepsen worker 0] jepsen.util: 0	:ok	:generate	"1341-null"
2026-03-11 14:38:20,462{GMT}	INFO	[jepsen worker 1] jepsen.util: 1	:invoke	:generate	nil
2026-03-11 14:38:20,463{GMT}	INFO	[jepsen worker 1] jepsen.util: 1	:ok	:generate	"1001-null"
2026-03-11 14:38:20,463{GMT}	INFO	[jepsen worker 2] jepsen.util: 2	:invoke	:generate	nil
2026-03-11 14:38:20,463{GMT}	INFO	[jepsen worker 2] jepsen.util: 2	:ok	:generate	"881-null"
2026-03-11 14:38:20,464{GMT}	INFO	[jepsen worker 0] jepsen.util: 0	:invoke	:generate	nil
2026-03-11 14:38:20,464{GMT}	INFO	[jepsen worker 0] jepsen.util: 0	:ok	:generate	"1342-null"
2026-03-11 14:38:20,466{GMT}	INFO	[jepsen worker 0] jepsen.util: 0	:invoke	:generate	nil
2026-03-11 14:38:20,466{GMT}	INFO	[jepsen worker 0] jepsen.util: 0	:ok	:generate	"1343-null"
2026-03-11 14:38:20,466{GMT}	INFO	[jepsen worker 1] jepsen.util: 1	:invoke	:generate	nil
2026-03-11 14:38:20,467{GMT}	INFO	[jepsen worker 2] jepsen.util: 2	:invoke	:generate	nil
2026-03-11 14:38:20,467{GMT}	INFO	[jepsen worker 1] jepsen.util: 1	:ok	:generate	"1002-null"
2026-03-11 14:38:20,467{GMT}	INFO	[jepsen worker 2] jepsen.util: 2	:ok	:generate	"882-null"
2026-03-11 14:38:20,469{GMT}	INFO	[jepsen worker 0] jepsen.util: 0	:invoke	:generate	nil
2026-03-11 14:38:20,469{GMT}	INFO	[jepsen worker 0] jepsen.util: 0	:ok	:generate	"1344-null"
2026-03-11 14:38:20,469{GMT}	INFO	[jepsen worker 0] jepsen.util: 0	:invoke	:generate	nil
2026-03-11 14:38:20,470{GMT}	INFO	[jepsen worker 0] jepsen.util: 0	:ok	:generate	"1345-null"
2026-03-11 14:38:20,471{GMT}	INFO	[jepsen worker 1] jepsen.util: 1	:invoke	:generate	nil
2026-03-11 14:38:20,471{GMT}	INFO	[jepsen worker 1] jepsen.util: 1	:ok	:generate	"1003-null"
2026-03-11 14:38:20,472{GMT}	INFO	[jepsen worker 2] jepsen.util: 2	:invoke	:generate	nil
2026-03-11 14:38:20,472{GMT}	INFO	[jepsen worker 0] jepsen.util: 0	:invoke	:generate	nil
2026-03-11 14:38:20,473{GMT}	INFO	[jepsen worker 0] jepsen.util: 0	:ok	:generate	"1346-null"
2026-03-11 14:38:20,473{GMT}	INFO	[jepsen worker 2] jepsen.util: 2	:ok	:generate	"883-null"
2026-03-11 14:38:20,474{GMT}	INFO	[jepsen worker 0] jepsen.util: 0	:invoke	:generate	nil
2026-03-11 14:38:20,474{GMT}	INFO	[jepsen worker 0] jepsen.util: 0	:ok	:generate	"1347-null"
2026-03-11 14:38:20,474{GMT}	INFO	[jepsen worker 1] jepsen.util: 1	:invoke	:generate	nil
2026-03-11 14:38:20,475{GMT}	INFO	[jepsen worker 1] jepsen.util: 1	:ok	:generate	"1004-null"
2026-03-11 14:38:20,476{GMT}	INFO	[jepsen worker 2] jepsen.util: 2	:invoke	:generate	nil
2026-03-11 14:38:20,477{GMT}	INFO	[jepsen worker 2] jepsen.util: 2	:ok	:generate	"884-null"
2026-03-11 14:38:20,478{GMT}	INFO	[jepsen worker 0] jepsen.util: 0	:invoke	:generate	nil
2026-03-11 14:38:20,478{GMT}	INFO	[jepsen worker 0] jepsen.util: 0	:ok	:generate	"1348-null"
2026-03-11 14:38:20,480{GMT}	INFO	[jepsen worker 0] jepsen.util: 0	:invoke	:generate	nil
2026-03-11 14:38:20,480{GMT}	INFO	[jepsen worker 1] jepsen.util: 1	:invoke	:generate	nil
2026-03-11 14:38:20,480{GMT}	INFO	[jepsen worker 0] jepsen.util: 0	:ok	:generate	"1349-null"
2026-03-11 14:38:20,480{GMT}	INFO	[jepsen worker 1] jepsen.util: 1	:ok	:generate	"1005-null"
2026-03-11 14:38:20,482{GMT}	INFO	[jepsen worker 2] jepsen.util: 2	:invoke	:generate	nil
2026-03-11 14:38:20,482{GMT}	INFO	[jepsen worker 2] jepsen.util: 2	:ok	:generate	"885-null"
2026-03-11 14:38:20,483{GMT}	INFO	[jepsen worker 0] jepsen.util: 0	:invoke	:generate	nil
2026-03-11 14:38:20,484{GMT}	INFO	[jepsen worker 0] jepsen.util: 0	:ok	:generate	"1350-null"
2026-03-11 14:38:20,484{GMT}	INFO	[jepsen worker 0] jepsen.util: 0	:invoke	:generate	nil
2026-03-11 14:38:20,484{GMT}	INFO	[jepsen worker 0] jepsen.util: 0	:ok	:generate	"1351-null"
2026-03-11 14:38:20,486{GMT}	INFO	[jepsen worker 1] jepsen.util: 1	:invoke	:generate	nil
2026-03-11 14:38:20,486{GMT}	INFO	[jepsen worker 1] jepsen.util: 1	:ok	:generate	"1006-null"
2026-03-11 14:38:20,487{GMT}	INFO	[jepsen worker 2] jepsen.util: 2	:invoke	:generate	nil
2026-03-11 14:38:20,487{GMT}	INFO	[jepsen worker 2] jepsen.util: 2	:ok	:generate	"886-null"
2026-03-11 14:38:20,487{GMT}	INFO	[jepsen worker 0] jepsen.util: 0	:invoke	:generate	nil
2026-03-11 14:38:20,487{GMT}	INFO	[jepsen worker 0] jepsen.util: 0	:ok	:generate	"1352-null"
2026-03-11 14:38:20,488{GMT}	INFO	[jepsen worker 0] jepsen.util: 0	:invoke	:generate	nil
2026-03-11 14:38:20,488{GMT}	INFO	[jepsen worker 1] jepsen.util: 1	:invoke	:generate	nil
2026-03-11 14:38:20,488{GMT}	INFO	[jepsen worker 0] jepsen.util: 0	:ok	:generate	"1353-null"
2026-03-11 14:38:20,489{GMT}	INFO	[jepsen worker 1] jepsen.util: 1	:ok	:generate	"1007-null"
2026-03-11 14:38:20,490{GMT}	INFO	[jepsen worker 2] jepsen.util: 2	:invoke	:generate	nil
2026-03-11 14:38:20,490{GMT}	INFO	[jepsen worker 2] jepsen.util: 2	:ok	:generate	"887-null"
2026-03-11 14:38:20,491{GMT}	INFO	[jepsen worker 0] jepsen.util: 0	:invoke	:generate	nil
2026-03-11 14:38:20,491{GMT}	INFO	[jepsen worker 0] jepsen.util: 0	:ok	:generate	"1354-null"
2026-03-11 14:38:20,492{GMT}	INFO	[jepsen worker 0] jepsen.util: 0	:invoke	:generate	nil
2026-03-11 14:38:20,492{GMT}	INFO	[jepsen worker 0] jepsen.util: 0	:ok	:generate	"1355-null"
2026-03-11 14:38:20,494{GMT}	INFO	[jepsen worker 1] jepsen.util: 1	:invoke	:generate	nil
2026-03-11 14:38:20,495{GMT}	INFO	[jepsen worker 1] jepsen.util: 1	:ok	:generate	"1008-null"
2026-03-11 14:38:20,495{GMT}	INFO	[jepsen worker 2] jepsen.util: 2	:invoke	:generate	nil
2026-03-11 14:38:20,495{GMT}	INFO	[jepsen worker 2] jepsen.util: 2	:ok	:generate	"888-null"
2026-03-11 14:38:20,496{GMT}	INFO	[jepsen worker 0] jepsen.util: 0	:invoke	:generate	nil
2026-03-11 14:38:20,497{GMT}	INFO	[jepsen worker 0] jepsen.util: 0	:ok	:generate	"1356-null"
2026-03-11 14:38:20,497{GMT}	INFO	[jepsen worker 1] jepsen.util: 1	:invoke	:generate	nil
2026-03-11 14:38:20,497{GMT}	INFO	[jepsen worker 2] jepsen.util: 2	:invoke	:generate	nil
2026-03-11 14:38:20,497{GMT}	INFO	[jepsen worker 1] jepsen.util: 1	:ok	:generate	"1009-null"
2026-03-11 14:38:20,498{GMT}	INFO	[jepsen worker 2] jepsen.util: 2	:ok	:generate	"889-null"
2026-03-11 14:38:20,499{GMT}	INFO	[jepsen worker 2] jepsen.util: 2	:invoke	:generate	nil
2026-03-11 14:38:20,500{GMT}	INFO	[jepsen worker 2] jepsen.util: 2	:ok	:generate	"890-null"
2026-03-11 14:38:20,500{GMT}	INFO	[jepsen worker 0] jepsen.util: 0	:invoke	:generate	nil
2026-03-11 14:38:20,501{GMT}	INFO	[jepsen worker 0] jepsen.util: 0	:ok	:generate	"1357-null"
2026-03-11 14:38:20,502{GMT}	INFO	[jepsen worker 0] jepsen.util: 0	:invoke	:generate	nil
2026-03-11 14:38:20,503{GMT}	INFO	[jepsen worker 0] jepsen.util: 0	:ok	:generate	"1358-null"
2026-03-11 14:38:20,503{GMT}	INFO	[jepsen worker 1] jepsen.util: 1	:invoke	:generate	nil
2026-03-11 14:38:20,503{GMT}	INFO	[jepsen worker 2] jepsen.util: 2	:invoke	:generate	nil
2026-03-11 14:38:20,504{GMT}	INFO	[jepsen worker 1] jepsen.util: 1	:ok	:generate	"1010-null"
2026-03-11 14:38:20,504{GMT}	INFO	[jepsen worker 2] jepsen.util: 2	:ok	:generate	"891-null"
2026-03-11 14:38:20,505{GMT}	INFO	[jepsen worker 0] jepsen.util: 0	:invoke	:generate	nil
2026-03-11 14:38:20,505{GMT}	INFO	[jepsen worker 0] jepsen.util: 0	:ok	:generate	"1359-null"
2026-03-11 14:38:20,507{GMT}	INFO	[jepsen worker 0] jepsen.util: 0	:invoke	:generate	nil
2026-03-11 14:38:20,507{GMT}	INFO	[jepsen worker 0] jepsen.util: 0	:ok	:generate	"1360-null"
2026-03-11 14:38:20,508{GMT}	INFO	[jepsen worker 1] jepsen.util: 1	:invoke	:generate	nil
2026-03-11 14:38:20,509{GMT}	INFO	[jepsen worker 1] jepsen.util: 1	:ok	:generate	"1011-null"
2026-03-11 14:38:20,510{GMT}	INFO	[jepsen worker 2] jepsen.util: 2	:invoke	:generate	nil
2026-03-11 14:38:20,510{GMT}	INFO	[jepsen worker 2] jepsen.util: 2	:ok	:generate	"892-null"
2026-03-11 14:38:20,512{GMT}	INFO	[jepsen worker 0] jepsen.util: 0	:invoke	:generate	nil
2026-03-11 14:38:20,512{GMT}	INFO	[jepsen worker 0] jepsen.util: 0	:ok	:generate	"1361-null"
2026-03-11 14:38:20,513{GMT}	INFO	[jepsen worker 0] jepsen.util: 0	:invoke	:generate	nil
2026-03-11 14:38:20,514{GMT}	INFO	[jepsen worker 0] jepsen.util: 0	:ok	:generate	"1362-null"
2026-03-11 14:38:20,515{GMT}	INFO	[jepsen worker 1] jepsen.util: 1	:invoke	:generate	nil
2026-03-11 14:38:20,515{GMT}	INFO	[jepsen worker 2] jepsen.util: 2	:invoke	:generate	nil
2026-03-11 14:38:20,515{GMT}	INFO	[jepsen worker 1] jepsen.util: 1	:ok	:generate	"1012-null"
2026-03-11 14:38:20,515{GMT}	INFO	[jepsen worker 2] jepsen.util: 2	:ok	:generate	"893-null"
2026-03-11 14:38:20,516{GMT}	INFO	[jepsen worker 0] jepsen.util: 0	:invoke	:generate	nil
2026-03-11 14:38:20,516{GMT}	INFO	[jepsen worker 0] jepsen.util: 0	:ok	:generate	"1363-null"
2026-03-11 14:38:20,517{GMT}	INFO	[jepsen worker 0] jepsen.util: 0	:invoke	:generate	nil
2026-03-11 14:38:20,518{GMT}	INFO	[jepsen worker 0] jepsen.util: 0	:ok	:generate	"1364-null"
2026-03-11 14:38:20,519{GMT}	INFO	[jepsen worker 1] jepsen.util: 1	:invoke	:generate	nil
2026-03-11 14:38:20,520{GMT}	INFO	[jepsen worker 1] jepsen.util: 1	:ok	:generate	"1013-null"
2026-03-11 14:38:20,520{GMT}	INFO	[jepsen worker 2] jepsen.util: 2	:invoke	:generate	nil
2026-03-11 14:38:20,521{GMT}	INFO	[jepsen worker 2] jepsen.util: 2	:ok	:generate	"894-null"
2026-03-11 14:38:20,521{GMT}	INFO	[jepsen worker 0] jepsen.util: 0	:invoke	:generate	nil
2026-03-11 14:38:20,522{GMT}	INFO	[jepsen worker 0] jepsen.util: 0	:ok	:generate	"1365-null"
2026-03-11 14:38:20,523{GMT}	INFO	[jepsen worker 0] jepsen.util: 0	:invoke	:generate	nil
2026-03-11 14:38:20,524{GMT}	INFO	[jepsen worker 0] jepsen.util: 0	:ok	:generate	"1366-null"
2026-03-11 14:38:20,524{GMT}	INFO	[jepsen worker 1] jepsen.util: 1	:invoke	:generate	nil
2026-03-11 14:38:20,525{GMT}	INFO	[jepsen worker 1] jepsen.util: 1	:ok	:generate	"1014-null"
2026-03-11 14:38:20,526{GMT}	INFO	[jepsen worker 2] jepsen.util: 2	:invoke	:generate	nil
2026-03-11 14:38:20,526{GMT}	INFO	[jepsen worker 2] jepsen.util: 2	:ok	:generate	"895-null"
2026-03-11 14:38:20,527{GMT}	INFO	[jepsen worker 0] jepsen.util: 0	:invoke	:generate	nil
2026-03-11 14:38:20,528{GMT}	INFO	[jepsen worker 1] jepsen.util: 1	:invoke	:generate	nil
2026-03-11 14:38:20,528{GMT}	INFO	[jepsen worker 0] jepsen.util: 0	:ok	:generate	"1367-null"
2026-03-11 14:38:20,528{GMT}	INFO	[jepsen worker 1] jepsen.util: 1	:ok	:generate	"1015-null"
2026-03-11 14:38:20,530{GMT}	INFO	[jepsen worker 1] jepsen.util: 1	:invoke	:generate	nil
2026-03-11 14:38:20,530{GMT}	INFO	[jepsen worker 1] jepsen.util: 1	:ok	:generate	"1016-null"
2026-03-11 14:38:20,532{GMT}	INFO	[jepsen worker 2] jepsen.util: 2	:invoke	:generate	nil
2026-03-11 14:38:20,532{GMT}	INFO	[jepsen worker 2] jepsen.util: 2	:ok	:generate	"896-null"
2026-03-11 14:38:20,534{GMT}	INFO	[jepsen worker 0] jepsen.util: 0	:invoke	:generate	nil
2026-03-11 14:38:20,534{GMT}	INFO	[jepsen worker 0] jepsen.util: 0	:ok	:generate	"1368-null"
2026-03-11 14:38:20,534{GMT}	INFO	[jepsen worker 0] jepsen.util: 0	:invoke	:generate	nil
2026-03-11 14:38:20,534{GMT}	INFO	[jepsen worker 0] jepsen.util: 0	:ok	:generate	"1369-null"
2026-03-11 14:38:20,535{GMT}	INFO	[jepsen worker 1] jepsen.util: 1	:invoke	:generate	nil
2026-03-11 14:38:20,536{GMT}	INFO	[jepsen worker 1] jepsen.util: 1	:ok	:generate	"1017-null"
2026-03-11 14:38:20,537{GMT}	INFO	[jepsen worker 2] jepsen.util: 2	:invoke	:generate	nil
2026-03-11 14:38:20,537{GMT}	INFO	[jepsen worker 2] jepsen.util: 2	:ok	:generate	"897-null"
2026-03-11 14:38:20,538{GMT}	INFO	[jepsen worker 0] jepsen.util: 0	:invoke	:generate	nil
2026-03-11 14:38:20,538{GMT}	INFO	[jepsen worker 0] jepsen.util: 0	:ok	:generate	"1370-null"
2026-03-11 14:38:20,539{GMT}	INFO	[jepsen worker 0] jepsen.util: 0	:invoke	:generate	nil
2026-03-11 14:38:20,540{GMT}	INFO	[jepsen worker 0] jepsen.util: 0	:ok	:generate	"1371-null"
2026-03-11 14:38:20,541{GMT}	INFO	[jepsen worker 1] jepsen.util: 1	:invoke	:generate	nil
2026-03-11 14:38:20,542{GMT}	INFO	[jepsen worker 1] jepsen.util: 1	:ok	:generate	"1018-null"
2026-03-11 14:38:20,542{GMT}	INFO	[jepsen worker 2] jepsen.util: 2	:invoke	:generate	nil
2026-03-11 14:38:20,542{GMT}	INFO	[jepsen worker 2] jepsen.util: 2	:ok	:generate	"898-null"
2026-03-11 14:38:20,543{GMT}	INFO	[jepsen worker 0] jepsen.util: 0	:invoke	:generate	nil
2026-03-11 14:38:20,543{GMT}	INFO	[jepsen worker 0] jepsen.util: 0	:ok	:generate	"1372-null"
2026-03-11 14:38:20,544{GMT}	INFO	[jepsen worker 0] jepsen.util: 0	:invoke	:generate	nil
2026-03-11 14:38:20,544{GMT}	INFO	[jepsen worker 0] jepsen.util: 0	:ok	:generate	"1373-null"
2026-03-11 14:38:20,545{GMT}	INFO	[jepsen worker 1] jepsen.util: 1	:invoke	:generate	nil
2026-03-11 14:38:20,545{GMT}	INFO	[jepsen worker 1] jepsen.util: 1	:ok	:generate	"1019-null"
2026-03-11 14:38:20,546{GMT}	INFO	[jepsen worker 2] jepsen.util: 2	:invoke	:generate	nil
2026-03-11 14:38:20,546{GMT}	INFO	[jepsen worker 0] jepsen.util: 0	:invoke	:generate	nil
2026-03-11 14:38:20,546{GMT}	INFO	[jepsen worker 2] jepsen.util: 2	:ok	:generate	"899-null"
2026-03-11 14:38:20,546{GMT}	INFO	[jepsen worker 0] jepsen.util: 0	:ok	:generate	"1374-null"
2026-03-11 14:38:20,547{GMT}	INFO	[jepsen worker 0] jepsen.util: 0	:invoke	:generate	nil
2026-03-11 14:38:20,547{GMT}	INFO	[jepsen worker 0] jepsen.util: 0	:ok	:generate	"1375-null"
2026-03-11 14:38:20,548{GMT}	INFO	[jepsen worker 1] jepsen.util: 1	:invoke	:generate	nil
2026-03-11 14:38:20,548{GMT}	INFO	[jepsen worker 1] jepsen.util: 1	:ok	:generate	"1020-null"
2026-03-11 14:38:20,549{GMT}	INFO	[jepsen worker 2] jepsen.util: 2	:invoke	:generate	nil
2026-03-11 14:38:20,549{GMT}	INFO	[jepsen worker 2] jepsen.util: 2	:ok	:generate	"900-null"
2026-03-11 14:38:20,550{GMT}	INFO	[jepsen worker 0] jepsen.util: 0	:invoke	:generate	nil
2026-03-11 14:38:20,551{GMT}	INFO	[jepsen worker 0] jepsen.util: 0	:ok	:generate	"1376-null"
2026-03-11 14:38:20,552{GMT}	INFO	[jepsen worker 0] jepsen.util: 0	:invoke	:generate	nil
2026-03-11 14:38:20,552{GMT}	INFO	[jepsen worker 0] jepsen.util: 0	:ok	:generate	"1377-null"
2026-03-11 14:38:20,553{GMT}	INFO	[jepsen worker 1] jepsen.util: 1	:invoke	:generate	nil
2026-03-11 14:38:20,553{GMT}	INFO	[jepsen worker 1] jepsen.util: 1	:ok	:generate	"1021-null"
2026-03-11 14:38:20,554{GMT}	INFO	[jepsen worker 2] jepsen.util: 2	:invoke	:generate	nil
2026-03-11 14:38:20,554{GMT}	INFO	[jepsen worker 2] jepsen.util: 2	:ok	:generate	"901-null"
2026-03-11 14:38:20,555{GMT}	INFO	[jepsen worker 1] jepsen.util: 1	:invoke	:generate	nil
2026-03-11 14:38:20,555{GMT}	INFO	[jepsen worker 0] jepsen.util: 0	:invoke	:generate	nil
2026-03-11 14:38:20,556{GMT}	INFO	[jepsen worker 0] jepsen.util: 0	:ok	:generate	"1378-null"
2026-03-11 14:38:20,556{GMT}	INFO	[jepsen worker 1] jepsen.util: 1	:ok	:generate	"1022-null"
2026-03-11 14:38:20,556{GMT}	INFO	[jepsen worker 1] jepsen.util: 1	:invoke	:generate	nil
2026-03-11 14:38:20,556{GMT}	INFO	[jepsen worker 1] jepsen.util: 1	:ok	:generate	"1023-null"
2026-03-11 14:38:20,557{GMT}	INFO	[jepsen worker 2] jepsen.util: 2	:invoke	:generate	nil
2026-03-11 14:38:20,557{GMT}	INFO	[jepsen worker 2] jepsen.util: 2	:ok	:generate	"902-null"
2026-03-11 14:38:20,558{GMT}	INFO	[jepsen worker 0] jepsen.util: 0	:invoke	:generate	nil
2026-03-11 14:38:20,558{GMT}	INFO	[jepsen worker 0] jepsen.util: 0	:ok	:generate	"1379-null"
2026-03-11 14:38:20,558{GMT}	INFO	[jepsen worker 1] jepsen.util: 1	:invoke	:generate	nil
2026-03-11 14:38:20,559{GMT}	INFO	[jepsen worker 1] jepsen.util: 1	:ok	:generate	"1024-null"
2026-03-11 14:38:20,559{GMT}	INFO	[jepsen worker 2] jepsen.util: 2	:invoke	:generate	nil
2026-03-11 14:38:20,559{GMT}	INFO	[jepsen worker 2] jepsen.util: 2	:ok	:generate	"903-null"
2026-03-11 14:38:20,561{GMT}	INFO	[jepsen worker 2] jepsen.util: 2	:invoke	:generate	nil
2026-03-11 14:38:20,561{GMT}	INFO	[jepsen worker 2] jepsen.util: 2	:ok	:generate	"904-null"
2026-03-11 14:38:20,562{GMT}	INFO	[jepsen worker 0] jepsen.util: 0	:invoke	:generate	nil
2026-03-11 14:38:20,563{GMT}	INFO	[jepsen worker 0] jepsen.util: 0	:ok	:generate	"1380-null"
2026-03-11 14:38:20,563{GMT}	INFO	[jepsen worker 0] jepsen.util: 0	:invoke	:generate	nil
2026-03-11 14:38:20,563{GMT}	INFO	[jepsen worker 0] jepsen.util: 0	:ok	:generate	"1381-null"
2026-03-11 14:38:20,564{GMT}	INFO	[jepsen worker 1] jepsen.util: 1	:invoke	:generate	nil
2026-03-11 14:38:20,564{GMT}	INFO	[jepsen worker 1] jepsen.util: 1	:ok	:generate	"1025-null"
2026-03-11 14:38:20,564{GMT}	INFO	[jepsen worker 2] jepsen.util: 2	:invoke	:generate	nil
2026-03-11 14:38:20,565{GMT}	INFO	[jepsen worker 2] jepsen.util: 2	:ok	:generate	"905-null"
2026-03-11 14:38:20,566{GMT}	INFO	[jepsen worker 0] jepsen.util: 0	:invoke	:generate	nil
2026-03-11 14:38:20,566{GMT}	INFO	[jepsen worker 0] jepsen.util: 0	:ok	:generate	"1382-null"
2026-03-11 14:38:20,567{GMT}	INFO	[jepsen worker 0] jepsen.util: 0	:invoke	:generate	nil
2026-03-11 14:38:20,568{GMT}	INFO	[jepsen worker 0] jepsen.util: 0	:ok	:generate	"1383-null"
2026-03-11 14:38:20,569{GMT}	INFO	[jepsen worker 1] jepsen.util: 1	:invoke	:generate	nil
2026-03-11 14:38:20,569{GMT}	INFO	[jepsen worker 1] jepsen.util: 1	:ok	:generate	"1026-null"
2026-03-11 14:38:20,571{GMT}	INFO	[jepsen worker 2] jepsen.util: 2	:invoke	:generate	nil
2026-03-11 14:38:20,571{GMT}	INFO	[jepsen worker 2] jepsen.util: 2	:ok	:generate	"906-null"
2026-03-11 14:38:20,572{GMT}	INFO	[jepsen worker 0] jepsen.util: 0	:invoke	:generate	nil
2026-03-11 14:38:20,573{GMT}	INFO	[jepsen worker 0] jepsen.util: 0	:ok	:generate	"1384-null"
2026-03-11 14:38:20,573{GMT}	INFO	[jepsen worker 0] jepsen.util: 0	:invoke	:generate	nil
2026-03-11 14:38:20,574{GMT}	INFO	[jepsen worker 1] jepsen.util: 1	:invoke	:generate	nil
2026-03-11 14:38:20,574{GMT}	INFO	[jepsen worker 0] jepsen.util: 0	:ok	:generate	"1385-null"
2026-03-11 14:38:20,574{GMT}	INFO	[jepsen worker 2] jepsen.util: 2	:invoke	:generate	nil
2026-03-11 14:38:20,574{GMT}	INFO	[jepsen worker 0] jepsen.util: 0	:invoke	:generate	nil
2026-03-11 14:38:20,574{GMT}	INFO	[jepsen worker 1] jepsen.util: 1	:ok	:generate	"1027-null"
2026-03-11 14:38:20,574{GMT}	INFO	[jepsen worker 0] jepsen.util: 0	:ok	:generate	"1386-null"
2026-03-11 14:38:20,574{GMT}	INFO	[jepsen worker 2] jepsen.util: 2	:ok	:generate	"907-null"
2026-03-11 14:38:20,575{GMT}	INFO	[jepsen worker 0] jepsen.util: 0	:invoke	:generate	nil
2026-03-11 14:38:20,575{GMT}	INFO	[jepsen worker 0] jepsen.util: 0	:ok	:generate	"1387-null"
2026-03-11 14:38:20,575{GMT}	INFO	[jepsen worker 1] jepsen.util: 1	:invoke	:generate	nil
2026-03-11 14:38:20,576{GMT}	INFO	[jepsen worker 1] jepsen.util: 1	:ok	:generate	"1028-null"
2026-03-11 14:38:20,577{GMT}	INFO	[jepsen worker 2] jepsen.util: 2	:invoke	:generate	nil
2026-03-11 14:38:20,578{GMT}	INFO	[jepsen worker 2] jepsen.util: 2	:ok	:generate	"908-null"
2026-03-11 14:38:20,578{GMT}	INFO	[jepsen worker 0] jepsen.util: 0	:invoke	:generate	nil
2026-03-11 14:38:20,579{GMT}	INFO	[jepsen worker 0] jepsen.util: 0	:ok	:generate	"1388-null"
2026-03-11 14:38:20,579{GMT}	INFO	[jepsen worker 0] jepsen.util: 0	:invoke	:generate	nil
2026-03-11 14:38:20,579{GMT}	INFO	[jepsen worker 0] jepsen.util: 0	:ok	:generate	"1389-null"
2026-03-11 14:38:20,580{GMT}	INFO	[jepsen worker 1] jepsen.util: 1	:invoke	:generate	nil
2026-03-11 14:38:20,580{GMT}	INFO	[jepsen worker 1] jepsen.util: 1	:ok	:generate	"1029-null"
2026-03-11 14:38:20,581{GMT}	INFO	[jepsen worker 2] jepsen.util: 2	:invoke	:generate	nil
2026-03-11 14:38:20,581{GMT}	INFO	[jepsen worker 2] jepsen.util: 2	:ok	:generate	"909-null"
2026-03-11 14:38:20,582{GMT}	INFO	[jepsen worker 0] jepsen.util: 0	:invoke	:generate	nil
2026-03-11 14:38:20,583{GMT}	INFO	[jepsen worker 0] jepsen.util: 0	:ok	:generate	"1390-null"
2026-03-11 14:38:20,583{GMT}	INFO	[jepsen worker 0] jepsen.util: 0	:invoke	:generate	nil
2026-03-11 14:38:20,583{GMT}	INFO	[jepsen worker 0] jepsen.util: 0	:ok	:generate	"1391-null"
2026-03-11 14:38:20,585{GMT}	INFO	[jepsen worker 1] jepsen.util: 1	:invoke	:generate	nil
2026-03-11 14:38:20,586{GMT}	INFO	[jepsen worker 1] jepsen.util: 1	:ok	:generate	"1030-null"
2026-03-11 14:38:20,586{GMT}	INFO	[jepsen worker 2] jepsen.util: 2	:invoke	:generate	nil
2026-03-11 14:38:20,587{GMT}	INFO	[jepsen worker 2] jepsen.util: 2	:ok	:generate	"910-null"
2026-03-11 14:38:20,587{GMT}	INFO	[jepsen worker 0] jepsen.util: 0	:invoke	:generate	nil
2026-03-11 14:38:20,587{GMT}	INFO	[jepsen worker 0] jepsen.util: 0	:ok	:generate	"1392-null"
2026-03-11 14:38:20,588{GMT}	INFO	[jepsen worker 0] jepsen.util: 0	:invoke	:generate	nil
2026-03-11 14:38:20,589{GMT}	INFO	[jepsen worker 0] jepsen.util: 0	:ok	:generate	"1393-null"
2026-03-11 14:38:20,589{GMT}	INFO	[jepsen worker 1] jepsen.util: 1	:invoke	:generate	nil
2026-03-11 14:38:20,589{GMT}	INFO	[jepsen worker 2] jepsen.util: 2	:invoke	:generate	nil
2026-03-11 14:38:20,590{GMT}	INFO	[jepsen worker 1] jepsen.util: 1	:ok	:generate	"1031-null"
2026-03-11 14:38:20,590{GMT}	INFO	[jepsen worker 2] jepsen.util: 2	:ok	:generate	"911-null"
2026-03-11 14:38:20,591{GMT}	INFO	[jepsen worker 0] jepsen.util: 0	:invoke	:generate	nil
2026-03-11 14:38:20,591{GMT}	INFO	[jepsen worker 0] jepsen.util: 0	:ok	:generate	"1394-null"
2026-03-11 14:38:20,592{GMT}	INFO	[jepsen worker 0] jepsen.util: 0	:invoke	:generate	nil
2026-03-11 14:38:20,593{GMT}	INFO	[jepsen worker 0] jepsen.util: 0	:ok	:generate	"1395-null"
2026-03-11 14:38:20,594{GMT}	INFO	[jepsen worker 1] jepsen.util: 1	:invoke	:generate	nil
2026-03-11 14:38:20,594{GMT}	INFO	[jepsen worker 2] jepsen.util: 2	:invoke	:generate	nil
2026-03-11 14:38:20,595{GMT}	INFO	[jepsen worker 2] jepsen.util: 2	:ok	:generate	"912-null"
2026-03-11 14:38:20,595{GMT}	INFO	[jepsen worker 1] jepsen.util: 1	:ok	:generate	"1032-null"
2026-03-11 14:38:20,596{GMT}	INFO	[jepsen worker 0] jepsen.util: 0	:invoke	:generate	nil
2026-03-11 14:38:20,596{GMT}	INFO	[jepsen worker 0] jepsen.util: 0	:ok	:generate	"1396-null"
2026-03-11 14:38:20,597{GMT}	INFO	[jepsen worker 0] jepsen.util: 0	:invoke	:generate	nil
2026-03-11 14:38:20,598{GMT}	INFO	[jepsen worker 0] jepsen.util: 0	:ok	:generate	"1397-null"
2026-03-11 14:38:20,598{GMT}	INFO	[jepsen worker 1] jepsen.util: 1	:invoke	:generate	nil
2026-03-11 14:38:20,598{GMT}	INFO	[jepsen worker 1] jepsen.util: 1	:ok	:generate	"1033-null"
2026-03-11 14:38:20,598{GMT}	INFO	[jepsen worker 2] jepsen.util: 2	:invoke	:generate	nil
2026-03-11 14:38:20,599{GMT}	INFO	[jepsen worker 2] jepsen.util: 2	:ok	:generate	"913-null"
2026-03-11 14:38:20,599{GMT}	INFO	[jepsen worker 0] jepsen.util: 0	:invoke	:generate	nil
2026-03-11 14:38:20,600{GMT}	INFO	[jepsen worker 0] jepsen.util: 0	:ok	:generate	"1398-null"
2026-03-11 14:38:20,601{GMT}	INFO	[jepsen worker 0] jepsen.util: 0	:invoke	:generate	nil
2026-03-11 14:38:20,601{GMT}	INFO	[jepsen worker 1] jepsen.util: 1	:invoke	:generate	nil
2026-03-11 14:38:20,601{GMT}	INFO	[jepsen worker 0] jepsen.util: 0	:ok	:generate	"1399-null"
2026-03-11 14:38:20,601{GMT}	INFO	[jepsen worker 1] jepsen.util: 1	:ok	:generate	"1034-null"
2026-03-11 14:38:20,602{GMT}	INFO	[jepsen worker 2] jepsen.util: 2	:invoke	:generate	nil
2026-03-11 14:38:20,602{GMT}	INFO	[jepsen worker 2] jepsen.util: 2	:ok	:generate	"914-null"
2026-03-11 14:38:20,603{GMT}	INFO	[jepsen worker 0] jepsen.util: 0	:invoke	:generate	nil
2026-03-11 14:38:20,603{GMT}	INFO	[jepsen worker 1] jepsen.util: 1	:invoke	:generate	nil
2026-03-11 14:38:20,604{GMT}	INFO	[jepsen worker 0] jepsen.util: 0	:ok	:generate	"1400-null"
2026-03-11 14:38:20,604{GMT}	INFO	[jepsen worker 1] jepsen.util: 1	:ok	:generate	"1035-null"
2026-03-11 14:38:20,604{GMT}	INFO	[jepsen worker 1] jepsen.util: 1	:invoke	:generate	nil
2026-03-11 14:38:20,604{GMT}	INFO	[jepsen worker 1] jepsen.util: 1	:ok	:generate	"1036-null"
2026-03-11 14:38:20,605{GMT}	INFO	[jepsen worker 2] jepsen.util: 2	:invoke	:generate	nil
2026-03-11 14:38:20,605{GMT}	INFO	[jepsen worker 2] jepsen.util: 2	:ok	:generate	"915-null"
2026-03-11 14:38:20,606{GMT}	INFO	[jepsen worker 0] jepsen.util: 0	:invoke	:generate	nil
2026-03-11 14:38:20,607{GMT}	INFO	[jepsen worker 1] jepsen.util: 1	:invoke	:generate	nil
2026-03-11 14:38:20,607{GMT}	INFO	[jepsen worker 0] jepsen.util: 0	:ok	:generate	"1401-null"
2026-03-11 14:38:20,607{GMT}	INFO	[jepsen worker 1] jepsen.util: 1	:ok	:generate	"1037-null"
2026-03-11 14:38:20,608{GMT}	INFO	[jepsen worker 1] jepsen.util: 1	:invoke	:generate	nil
2026-03-11 14:38:20,609{GMT}	INFO	[jepsen worker 1] jepsen.util: 1	:ok	:generate	"1038-null"
2026-03-11 14:38:20,609{GMT}	INFO	[jepsen worker 2] jepsen.util: 2	:invoke	:generate	nil
2026-03-11 14:38:20,610{GMT}	INFO	[jepsen worker 2] jepsen.util: 2	:ok	:generate	"916-null"
2026-03-11 14:38:20,610{GMT}	INFO	[jepsen worker 0] jepsen.util: 0	:invoke	:generate	nil
2026-03-11 14:38:20,611{GMT}	INFO	[jepsen worker 0] jepsen.util: 0	:ok	:generate	"1402-null"
2026-03-11 14:38:20,611{GMT}	INFO	[jepsen worker 1] jepsen.util: 1	:invoke	:generate	nil
2026-03-11 14:38:20,611{GMT}	INFO	[jepsen worker 1] jepsen.util: 1	:ok	:generate	"1039-null"
2026-03-11 14:38:20,612{GMT}	INFO	[jepsen worker 1] jepsen.util: 1	:invoke	:generate	nil
2026-03-11 14:38:20,613{GMT}	INFO	[jepsen worker 1] jepsen.util: 1	:ok	:generate	"1040-null"
2026-03-11 14:38:20,613{GMT}	INFO	[jepsen worker 2] jepsen.util: 2	:invoke	:generate	nil
2026-03-11 14:38:20,613{GMT}	INFO	[jepsen worker 2] jepsen.util: 2	:ok	:generate	"917-null"
2026-03-11 14:38:20,614{GMT}	INFO	[jepsen worker 0] jepsen.util: 0	:invoke	:generate	nil
2026-03-11 14:38:20,615{GMT}	INFO	[jepsen worker 0] jepsen.util: 0	:ok	:generate	"1403-null"
2026-03-11 14:38:20,615{GMT}	INFO	[jepsen worker 0] jepsen.util: 0	:invoke	:generate	nil
2026-03-11 14:38:20,616{GMT}	INFO	[jepsen worker 0] jepsen.util: 0	:ok	:generate	"1404-null"
2026-03-11 14:38:20,616{GMT}	INFO	[jepsen worker 1] jepsen.util: 1	:invoke	:generate	nil
2026-03-11 14:38:20,617{GMT}	INFO	[jepsen worker 1] jepsen.util: 1	:ok	:generate	"1041-null"
2026-03-11 14:38:20,618{GMT}	INFO	[jepsen worker 2] jepsen.util: 2	:invoke	:generate	nil
2026-03-11 14:38:20,618{GMT}	INFO	[jepsen worker 2] jepsen.util: 2	:ok	:generate	"918-null"
2026-03-11 14:38:20,619{GMT}	INFO	[jepsen worker 0] jepsen.util: 0	:invoke	:generate	nil
2026-03-11 14:38:20,619{GMT}	INFO	[jepsen worker 0] jepsen.util: 0	:ok	:generate	"1405-null"
2026-03-11 14:38:20,621{GMT}	INFO	[jepsen worker 0] jepsen.util: 0	:invoke	:generate	nil
2026-03-11 14:38:20,621{GMT}	INFO	[jepsen worker 0] jepsen.util: 0	:ok	:generate	"1406-null"
2026-03-11 14:38:20,622{GMT}	INFO	[jepsen worker 1] jepsen.util: 1	:invoke	:generate	nil
2026-03-11 14:38:20,622{GMT}	INFO	[jepsen worker 1] jepsen.util: 1	:ok	:generate	"1042-null"
2026-03-11 14:38:20,623{GMT}	INFO	[jepsen worker 2] jepsen.util: 2	:invoke	:generate	nil
2026-03-11 14:38:20,623{GMT}	INFO	[jepsen worker 2] jepsen.util: 2	:ok	:generate	"919-null"
2026-03-11 14:38:20,624{GMT}	INFO	[jepsen worker 0] jepsen.util: 0	:invoke	:generate	nil
2026-03-11 14:38:20,625{GMT}	INFO	[jepsen worker 0] jepsen.util: 0	:ok	:generate	"1407-null"
2026-03-11 14:38:20,625{GMT}	INFO	[jepsen worker 0] jepsen.util: 0	:invoke	:generate	nil
2026-03-11 14:38:20,626{GMT}	INFO	[jepsen worker 0] jepsen.util: 0	:ok	:generate	"1408-null"
2026-03-11 14:38:20,627{GMT}	INFO	[jepsen worker 1] jepsen.util: 1	:invoke	:generate	nil
2026-03-11 14:38:20,628{GMT}	INFO	[jepsen worker 1] jepsen.util: 1	:ok	:generate	"1043-null"
2026-03-11 14:38:20,629{GMT}	INFO	[jepsen worker 2] jepsen.util: 2	:invoke	:generate	nil
2026-03-11 14:38:20,629{GMT}	INFO	[jepsen worker 2] jepsen.util: 2	:ok	:generate	"920-null"
2026-03-11 14:38:20,629{GMT}	INFO	[jepsen worker 0] jepsen.util: 0	:invoke	:generate	nil
2026-03-11 14:38:20,630{GMT}	INFO	[jepsen worker 0] jepsen.util: 0	:ok	:generate	"1409-null"
2026-03-11 14:38:20,630{GMT}	INFO	[jepsen worker 0] jepsen.util: 0	:invoke	:generate	nil
2026-03-11 14:38:20,630{GMT}	INFO	[jepsen worker 0] jepsen.util: 0	:ok	:generate	"1410-null"
2026-03-11 14:38:20,631{GMT}	INFO	[jepsen worker 1] jepsen.util: 1	:invoke	:generate	nil
2026-03-11 14:38:20,632{GMT}	INFO	[jepsen worker 1] jepsen.util: 1	:ok	:generate	"1044-null"
2026-03-11 14:38:20,633{GMT}	INFO	[jepsen worker 2] jepsen.util: 2	:invoke	:generate	nil
2026-03-11 14:38:20,633{GMT}	INFO	[jepsen worker 2] jepsen.util: 2	:ok	:generate	"921-null"
2026-03-11 14:38:20,634{GMT}	INFO	[jepsen worker 0] jepsen.util: 0	:invoke	:generate	nil
2026-03-11 14:38:20,634{GMT}	INFO	[jepsen worker 1] jepsen.util: 1	:invoke	:generate	nil
2026-03-11 14:38:20,635{GMT}	INFO	[jepsen worker 1] jepsen.util: 1	:ok	:generate	"1045-null"
2026-03-11 14:38:20,635{GMT}	INFO	[jepsen worker 0] jepsen.util: 0	:ok	:generate	"1411-null"
2026-03-11 14:38:20,636{GMT}	INFO	[jepsen worker 1] jepsen.util: 1	:invoke	:generate	nil
2026-03-11 14:38:20,637{GMT}	INFO	[jepsen worker 1] jepsen.util: 1	:ok	:generate	"1046-null"
2026-03-11 14:38:20,638{GMT}	INFO	[jepsen worker 2] jepsen.util: 2	:invoke	:generate	nil
2026-03-11 14:38:20,638{GMT}	INFO	[jepsen worker 0] jepsen.util: 0	:invoke	:generate	nil
2026-03-11 14:38:20,638{GMT}	INFO	[jepsen worker 0] jepsen.util: 0	:ok	:generate	"1412-null"
2026-03-11 14:38:20,638{GMT}	INFO	[jepsen worker 2] jepsen.util: 2	:ok	:generate	"922-null"
2026-03-11 14:38:20,639{GMT}	INFO	[jepsen worker 0] jepsen.util: 0	:invoke	:generate	nil
2026-03-11 14:38:20,640{GMT}	INFO	[jepsen worker 0] jepsen.util: 0	:ok	:generate	"1413-null"
2026-03-11 14:38:20,641{GMT}	INFO	[jepsen worker 1] jepsen.util: 1	:invoke	:generate	nil
2026-03-11 14:38:20,641{GMT}	INFO	[jepsen worker 1] jepsen.util: 1	:ok	:generate	"1047-null"
2026-03-11 14:38:20,642{GMT}	INFO	[jepsen worker 2] jepsen.util: 2	:invoke	:generate	nil
2026-03-11 14:38:20,642{GMT}	INFO	[jepsen worker 2] jepsen.util: 2	:ok	:generate	"923-null"
2026-03-11 14:38:20,643{GMT}	INFO	[jepsen worker 0] jepsen.util: 0	:invoke	:generate	nil
2026-03-11 14:38:20,644{GMT}	INFO	[jepsen worker 0] jepsen.util: 0	:ok	:generate	"1414-null"
2026-03-11 14:38:20,644{GMT}	INFO	[jepsen worker 0] jepsen.util: 0	:invoke	:generate	nil
2026-03-11 14:38:20,644{GMT}	INFO	[jepsen worker 0] jepsen.util: 0	:ok	:generate	"1415-null"
2026-03-11 14:38:20,645{GMT}	INFO	[jepsen worker 1] jepsen.util: 1	:invoke	:generate	nil
2026-03-11 14:38:20,645{GMT}	INFO	[jepsen worker 2] jepsen.util: 2	:invoke	:generate	nil
2026-03-11 14:38:20,645{GMT}	INFO	[jepsen worker 1] jepsen.util: 1	:ok	:generate	"1048-null"
2026-03-11 14:38:20,645{GMT}	INFO	[jepsen worker 2] jepsen.util: 2	:ok	:generate	"924-null"
2026-03-11 14:38:20,645{GMT}	INFO	[jepsen worker 0] jepsen.util: 0	:invoke	:generate	nil
2026-03-11 14:38:20,646{GMT}	INFO	[jepsen worker 0] jepsen.util: 0	:ok	:generate	"1416-null"
2026-03-11 14:38:20,647{GMT}	INFO	[jepsen worker 0] jepsen.util: 0	:invoke	:generate	nil
2026-03-11 14:38:20,647{GMT}	INFO	[jepsen worker 1] jepsen.util: 1	:invoke	:generate	nil
2026-03-11 14:38:20,648{GMT}	INFO	[jepsen worker 0] jepsen.util: 0	:ok	:generate	"1417-null"
2026-03-11 14:38:20,648{GMT}	INFO	[jepsen worker 1] jepsen.util: 1	:ok	:generate	"1049-null"
2026-03-11 14:38:20,648{GMT}	INFO	[jepsen worker 2] jepsen.util: 2	:invoke	:generate	nil
2026-03-11 14:38:20,649{GMT}	INFO	[jepsen worker 2] jepsen.util: 2	:ok	:generate	"925-null"
2026-03-11 14:38:20,649{GMT}	INFO	[jepsen worker 0] jepsen.util: 0	:invoke	:generate	nil
2026-03-11 14:38:20,649{GMT}	INFO	[jepsen worker 1] jepsen.util: 1	:invoke	:generate	nil
2026-03-11 14:38:20,649{GMT}	INFO	[jepsen worker 0] jepsen.util: 0	:ok	:generate	"1418-null"
2026-03-11 14:38:20,650{GMT}	INFO	[jepsen worker 1] jepsen.util: 1	:ok	:generate	"1050-null"
2026-03-11 14:38:20,650{GMT}	INFO	[jepsen worker 1] jepsen.util: 1	:invoke	:generate	nil
2026-03-11 14:38:20,650{GMT}	INFO	[jepsen worker 1] jepsen.util: 1	:ok	:generate	"1051-null"
2026-03-11 14:38:20,651{GMT}	INFO	[jepsen worker 2] jepsen.util: 2	:invoke	:generate	nil
2026-03-11 14:38:20,651{GMT}	INFO	[jepsen worker 2] jepsen.util: 2	:ok	:generate	"926-null"
2026-03-11 14:38:20,651{GMT}	INFO	[jepsen worker 0] jepsen.util: 0	:invoke	:generate	nil
2026-03-11 14:38:20,652{GMT}	INFO	[jepsen worker 0] jepsen.util: 0	:ok	:generate	"1419-null"
2026-03-11 14:38:20,653{GMT}	INFO	[jepsen worker 0] jepsen.util: 0	:invoke	:generate	nil
2026-03-11 14:38:20,653{GMT}	INFO	[jepsen worker 0] jepsen.util: 0	:ok	:generate	"1420-null"
2026-03-11 14:38:20,654{GMT}	INFO	[jepsen worker 1] jepsen.util: 1	:invoke	:generate	nil
2026-03-11 14:38:20,655{GMT}	INFO	[jepsen worker 1] jepsen.util: 1	:ok	:generate	"1052-null"
2026-03-11 14:38:20,656{GMT}	INFO	[jepsen worker 2] jepsen.util: 2	:invoke	:generate	nil
2026-03-11 14:38:20,657{GMT}	INFO	[jepsen worker 2] jepsen.util: 2	:ok	:generate	"927-null"
2026-03-11 14:38:20,658{GMT}	INFO	[jepsen worker 0] jepsen.util: 0	:invoke	:generate	nil
2026-03-11 14:38:20,658{GMT}	INFO	[jepsen worker 0] jepsen.util: 0	:ok	:generate	"1421-null"
2026-03-11 14:38:20,658{GMT}	INFO	[jepsen worker 0] jepsen.util: 0	:invoke	:generate	nil
2026-03-11 14:38:20,659{GMT}	INFO	[jepsen worker 0] jepsen.util: 0	:ok	:generate	"1422-null"
2026-03-11 14:38:20,660{GMT}	INFO	[jepsen worker 1] jepsen.util: 1	:invoke	:generate	nil
2026-03-11 14:38:20,661{GMT}	INFO	[jepsen worker 1] jepsen.util: 1	:ok	:generate	"1053-null"
2026-03-11 14:38:20,661{GMT}	INFO	[jepsen worker 2] jepsen.util: 2	:invoke	:generate	nil
2026-03-11 14:38:20,661{GMT}	INFO	[jepsen worker 0] jepsen.util: 0	:invoke	:generate	nil
2026-03-11 14:38:20,661{GMT}	INFO	[jepsen worker 2] jepsen.util: 2	:ok	:generate	"928-null"
2026-03-11 14:38:20,661{GMT}	INFO	[jepsen worker 1] jepsen.util: 1	:invoke	:generate	nil
2026-03-11 14:38:20,661{GMT}	INFO	[jepsen worker 2] jepsen.util: 2	:invoke	:generate	nil
2026-03-11 14:38:20,662{GMT}	INFO	[jepsen worker 0] jepsen.util: 0	:ok	:generate	"1423-null"
2026-03-11 14:38:20,662{GMT}	INFO	[jepsen worker 2] jepsen.util: 2	:ok	:generate	"929-null"
2026-03-11 14:38:20,662{GMT}	INFO	[jepsen worker 1] jepsen.util: 1	:ok	:generate	"1054-null"
2026-03-11 14:38:20,662{GMT}	INFO	[jepsen worker 2] jepsen.util: 2	:invoke	:generate	nil
2026-03-11 14:38:20,663{GMT}	INFO	[jepsen worker 2] jepsen.util: 2	:ok	:generate	"930-null"
2026-03-11 14:38:20,664{GMT}	INFO	[jepsen worker 0] jepsen.util: 0	:invoke	:generate	nil
2026-03-11 14:38:20,664{GMT}	INFO	[jepsen worker 0] jepsen.util: 0	:ok	:generate	"1424-null"
2026-03-11 14:38:20,664{GMT}	INFO	[jepsen worker 0] jepsen.util: 0	:invoke	:generate	nil
2026-03-11 14:38:20,664{GMT}	INFO	[jepsen worker 0] jepsen.util: 0	:ok	:generate	"1425-null"
2026-03-11 14:38:20,665{GMT}	INFO	[jepsen worker 1] jepsen.util: 1	:invoke	:generate	nil
2026-03-11 14:38:20,665{GMT}	INFO	[jepsen worker 1] jepsen.util: 1	:ok	:generate	"1055-null"
2026-03-11 14:38:20,666{GMT}	INFO	[jepsen worker 2] jepsen.util: 2	:invoke	:generate	nil
2026-03-11 14:38:20,666{GMT}	INFO	[jepsen worker 2] jepsen.util: 2	:ok	:generate	"931-null"
2026-03-11 14:38:20,667{GMT}	INFO	[jepsen worker 0] jepsen.util: 0	:invoke	:generate	nil
2026-03-11 14:38:20,667{GMT}	INFO	[jepsen worker 0] jepsen.util: 0	:ok	:generate	"1426-null"
2026-03-11 14:38:20,668{GMT}	INFO	[jepsen worker 0] jepsen.util: 0	:invoke	:generate	nil
2026-03-11 14:38:20,669{GMT}	INFO	[jepsen worker 0] jepsen.util: 0	:ok	:generate	"1427-null"
2026-03-11 14:38:20,670{GMT}	INFO	[jepsen worker 1] jepsen.util: 1	:invoke	:generate	nil
2026-03-11 14:38:20,670{GMT}	INFO	[jepsen worker 1] jepsen.util: 1	:ok	:generate	"1056-null"
2026-03-11 14:38:20,671{GMT}	INFO	[jepsen worker 2] jepsen.util: 2	:invoke	:generate	nil
2026-03-11 14:38:20,671{GMT}	INFO	[jepsen worker 2] jepsen.util: 2	:ok	:generate	"932-null"
2026-03-11 14:38:20,673{GMT}	INFO	[jepsen worker 0] jepsen.util: 0	:invoke	:generate	nil
2026-03-11 14:38:20,673{GMT}	INFO	[jepsen worker 0] jepsen.util: 0	:ok	:generate	"1428-null"
2026-03-11 14:38:20,673{GMT}	INFO	[jepsen worker 0] jepsen.util: 0	:invoke	:generate	nil
2026-03-11 14:38:20,674{GMT}	INFO	[jepsen worker 0] jepsen.util: 0	:ok	:generate	"1429-null"
2026-03-11 14:38:20,674{GMT}	INFO	[jepsen worker 1] jepsen.util: 1	:invoke	:generate	nil
2026-03-11 14:38:20,675{GMT}	INFO	[jepsen worker 1] jepsen.util: 1	:ok	:generate	"1057-null"
2026-03-11 14:38:20,675{GMT}	INFO	[jepsen worker 2] jepsen.util: 2	:invoke	:generate	nil
2026-03-11 14:38:20,675{GMT}	INFO	[jepsen worker 0] jepsen.util: 0	:invoke	:generate	nil
2026-03-11 14:38:20,675{GMT}	INFO	[jepsen worker 2] jepsen.util: 2	:ok	:generate	"933-null"
2026-03-11 14:38:20,675{GMT}	INFO	[jepsen worker 0] jepsen.util: 0	:ok	:generate	"1430-null"
2026-03-11 14:38:20,676{GMT}	INFO	[jepsen worker 0] jepsen.util: 0	:invoke	:generate	nil
2026-03-11 14:38:20,676{GMT}	INFO	[jepsen worker 0] jepsen.util: 0	:ok	:generate	"1431-null"
2026-03-11 14:38:20,677{GMT}	INFO	[jepsen worker 1] jepsen.util: 1	:invoke	:generate	nil
2026-03-11 14:38:20,678{GMT}	INFO	[jepsen worker 1] jepsen.util: 1	:ok	:generate	"1058-null"
2026-03-11 14:38:20,679{GMT}	INFO	[jepsen worker 2] jepsen.util: 2	:invoke	:generate	nil
2026-03-11 14:38:20,680{GMT}	INFO	[jepsen worker 2] jepsen.util: 2	:ok	:generate	"934-null"
2026-03-11 14:38:20,681{GMT}	INFO	[jepsen worker 0] jepsen.util: 0	:invoke	:generate	nil
2026-03-11 14:38:20,682{GMT}	INFO	[jepsen worker 0] jepsen.util: 0	:ok	:generate	"1432-null"
2026-03-11 14:38:20,683{GMT}	INFO	[jepsen worker 0] jepsen.util: 0	:invoke	:generate	nil
2026-03-11 14:38:20,683{GMT}	INFO	[jepsen worker 0] jepsen.util: 0	:ok	:generate	"1433-null"
2026-03-11 14:38:20,684{GMT}	INFO	[jepsen worker 1] jepsen.util: 1	:invoke	:generate	nil
2026-03-11 14:38:20,684{GMT}	INFO	[jepsen worker 2] jepsen.util: 2	:invoke	:generate	nil
2026-03-11 14:38:20,685{GMT}	INFO	[jepsen worker 1] jepsen.util: 1	:ok	:generate	"1059-null"
2026-03-11 14:38:20,685{GMT}	INFO	[jepsen worker 2] jepsen.util: 2	:ok	:generate	"935-null"
2026-03-11 14:38:20,686{GMT}	INFO	[jepsen worker 0] jepsen.util: 0	:invoke	:generate	nil
2026-03-11 14:38:20,686{GMT}	INFO	[jepsen worker 0] jepsen.util: 0	:ok	:generate	"1434-null"
2026-03-11 14:38:20,686{GMT}	INFO	[jepsen worker 0] jepsen.util: 0	:invoke	:generate	nil
2026-03-11 14:38:20,686{GMT}	INFO	[jepsen worker 0] jepsen.util: 0	:ok	:generate	"1435-null"
2026-03-11 14:38:20,688{GMT}	INFO	[jepsen worker 1] jepsen.util: 1	:invoke	:generate	nil
2026-03-11 14:38:20,689{GMT}	INFO	[jepsen worker 1] jepsen.util: 1	:ok	:generate	"1060-null"
2026-03-11 14:38:20,690{GMT}	INFO	[jepsen worker 2] jepsen.util: 2	:invoke	:generate	nil
2026-03-11 14:38:20,690{GMT}	INFO	[jepsen worker 0] jepsen.util: 0	:invoke	:generate	nil
2026-03-11 14:38:20,690{GMT}	INFO	[jepsen worker 0] jepsen.util: 0	:ok	:generate	"1436-null"
2026-03-11 14:38:20,690{GMT}	INFO	[jepsen worker 2] jepsen.util: 2	:ok	:generate	"936-null"
2026-03-11 14:38:20,691{GMT}	INFO	[jepsen worker 0] jepsen.util: 0	:invoke	:generate	nil
2026-03-11 14:38:20,691{GMT}	INFO	[jepsen worker 0] jepsen.util: 0	:ok	:generate	"1437-null"
2026-03-11 14:38:20,691{GMT}	INFO	[jepsen worker 1] jepsen.util: 1	:invoke	:generate	nil
2026-03-11 14:38:20,692{GMT}	INFO	[jepsen worker 1] jepsen.util: 1	:ok	:generate	"1061-null"
2026-03-11 14:38:20,692{GMT}	INFO	[jepsen worker 2] jepsen.util: 2	:invoke	:generate	nil
2026-03-11 14:38:20,692{GMT}	INFO	[jepsen worker 2] jepsen.util: 2	:ok	:generate	"937-null"
2026-03-11 14:38:20,694{GMT}	INFO	[jepsen worker 0] jepsen.util: 0	:invoke	:generate	nil
2026-03-11 14:38:20,694{GMT}	INFO	[jepsen worker 0] jepsen.util: 0	:ok	:generate	"1438-null"
2026-03-11 14:38:20,694{GMT}	INFO	[jepsen worker 1] jepsen.util: 1	:invoke	:generate	nil
2026-03-11 14:38:20,695{GMT}	INFO	[jepsen worker 1] jepsen.util: 1	:ok	:generate	"1062-null"
2026-03-11 14:38:20,695{GMT}	INFO	[jepsen worker 1] jepsen.util: 1	:invoke	:generate	nil
2026-03-11 14:38:20,695{GMT}	INFO	[jepsen worker 1] jepsen.util: 1	:ok	:generate	"1063-null"
2026-03-11 14:38:20,696{GMT}	INFO	[jepsen worker 2] jepsen.util: 2	:invoke	:generate	nil
2026-03-11 14:38:20,696{GMT}	INFO	[jepsen worker 2] jepsen.util: 2	:ok	:generate	"938-null"
2026-03-11 14:38:20,697{GMT}	INFO	[jepsen worker 0] jepsen.util: 0	:invoke	:generate	nil
2026-03-11 14:38:20,698{GMT}	INFO	[jepsen worker 0] jepsen.util: 0	:ok	:generate	"1439-null"
2026-03-11 14:38:20,699{GMT}	INFO	[jepsen worker 0] jepsen.util: 0	:invoke	:generate	nil
2026-03-11 14:38:20,700{GMT}	INFO	[jepsen worker 1] jepsen.util: 1	:invoke	:generate	nil
2026-03-11 14:38:20,700{GMT}	INFO	[jepsen worker 0] jepsen.util: 0	:ok	:generate	"1440-null"
2026-03-11 14:38:20,700{GMT}	INFO	[jepsen worker 1] jepsen.util: 1	:ok	:generate	"1064-null"
2026-03-11 14:38:20,700{GMT}	INFO	[jepsen worker 2] jepsen.util: 2	:invoke	:generate	nil
2026-03-11 14:38:20,700{GMT}	INFO	[jepsen worker 2] jepsen.util: 2	:ok	:generate	"939-null"
2026-03-11 14:38:20,702{GMT}	INFO	[jepsen worker 0] jepsen.util: 0	:invoke	:generate	nil
2026-03-11 14:38:20,703{GMT}	INFO	[jepsen worker 1] jepsen.util: 1	:invoke	:generate	nil
2026-03-11 14:38:20,703{GMT}	INFO	[jepsen worker 0] jepsen.util: 0	:ok	:generate	"1441-null"
2026-03-11 14:38:20,703{GMT}	INFO	[jepsen worker 1] jepsen.util: 1	:ok	:generate	"1065-null"
2026-03-11 14:38:20,705{GMT}	INFO	[jepsen worker 1] jepsen.util: 1	:invoke	:generate	nil
2026-03-11 14:38:20,705{GMT}	INFO	[jepsen worker 1] jepsen.util: 1	:ok	:generate	"1066-null"
2026-03-11 14:38:20,705{GMT}	INFO	[jepsen worker 2] jepsen.util: 2	:invoke	:generate	nil
2026-03-11 14:38:20,706{GMT}	INFO	[jepsen worker 2] jepsen.util: 2	:ok	:generate	"940-null"
2026-03-11 14:38:20,707{GMT}	INFO	[jepsen worker 0] jepsen.util: 0	:invoke	:generate	nil
2026-03-11 14:38:20,707{GMT}	INFO	[jepsen worker 1] jepsen.util: 1	:invoke	:generate	nil
2026-03-11 14:38:20,707{GMT}	INFO	[jepsen worker 0] jepsen.util: 0	:ok	:generate	"1442-null"
2026-03-11 14:38:20,708{GMT}	INFO	[jepsen worker 1] jepsen.util: 1	:ok	:generate	"1067-null"
2026-03-11 14:38:20,708{GMT}	INFO	[jepsen worker 1] jepsen.util: 1	:invoke	:generate	nil
2026-03-11 14:38:20,708{GMT}	INFO	[jepsen worker 1] jepsen.util: 1	:ok	:generate	"1068-null"
2026-03-11 14:38:20,709{GMT}	INFO	[jepsen worker 2] jepsen.util: 2	:invoke	:generate	nil
2026-03-11 14:38:20,709{GMT}	INFO	[jepsen worker 2] jepsen.util: 2	:ok	:generate	"941-null"
2026-03-11 14:38:20,711{GMT}	INFO	[jepsen worker 0] jepsen.util: 0	:invoke	:generate	nil
2026-03-11 14:38:20,711{GMT}	INFO	[jepsen worker 0] jepsen.util: 0	:ok	:generate	"1443-null"
2026-03-11 14:38:20,712{GMT}	INFO	[jepsen worker 0] jepsen.util: 0	:invoke	:generate	nil
2026-03-11 14:38:20,712{GMT}	INFO	[jepsen worker 0] jepsen.util: 0	:ok	:generate	"1444-null"
2026-03-11 14:38:20,714{GMT}	INFO	[jepsen worker 1] jepsen.util: 1	:invoke	:generate	nil
2026-03-11 14:38:20,714{GMT}	INFO	[jepsen worker 1] jepsen.util: 1	:ok	:generate	"1069-null"
2026-03-11 14:38:20,715{GMT}	INFO	[jepsen worker 2] jepsen.util: 2	:invoke	:generate	nil
2026-03-11 14:38:20,715{GMT}	INFO	[jepsen worker 2] jepsen.util: 2	:ok	:generate	"942-null"
2026-03-11 14:38:20,717{GMT}	INFO	[jepsen worker 0] jepsen.util: 0	:invoke	:generate	nil
2026-03-11 14:38:20,717{GMT}	INFO	[jepsen worker 1] jepsen.util: 1	:invoke	:generate	nil
2026-03-11 14:38:20,717{GMT}	INFO	[jepsen worker 1] jepsen.util: 1	:ok	:generate	"1070-null"
2026-03-11 14:38:20,717{GMT}	INFO	[jepsen worker 0] jepsen.util: 0	:ok	:generate	"1445-null"
2026-03-11 14:38:20,717{GMT}	INFO	[jepsen worker 1] jepsen.util: 1	:invoke	:generate	nil
2026-03-11 14:38:20,718{GMT}	INFO	[jepsen worker 1] jepsen.util: 1	:ok	:generate	"1071-null"
2026-03-11 14:38:20,719{GMT}	INFO	[jepsen worker 2] jepsen.util: 2	:invoke	:generate	nil
2026-03-11 14:38:20,719{GMT}	INFO	[jepsen worker 0] jepsen.util: 0	:invoke	:generate	nil
2026-03-11 14:38:20,720{GMT}	INFO	[jepsen worker 0] jepsen.util: 0	:ok	:generate	"1446-null"
2026-03-11 14:38:20,720{GMT}	INFO	[jepsen worker 2] jepsen.util: 2	:ok	:generate	"943-null"
2026-03-11 14:38:20,721{GMT}	INFO	[jepsen worker 0] jepsen.util: 0	:invoke	:generate	nil
2026-03-11 14:38:20,721{GMT}	INFO	[jepsen worker 1] jepsen.util: 1	:invoke	:generate	nil
2026-03-11 14:38:20,721{GMT}	INFO	[jepsen worker 0] jepsen.util: 0	:ok	:generate	"1447-null"
2026-03-11 14:38:20,722{GMT}	INFO	[jepsen worker 1] jepsen.util: 1	:ok	:generate	"1072-null"
2026-03-11 14:38:20,722{GMT}	INFO	[jepsen worker 2] jepsen.util: 2	:invoke	:generate	nil
2026-03-11 14:38:20,722{GMT}	INFO	[jepsen worker 0] jepsen.util: 0	:invoke	:generate	nil
2026-03-11 14:38:20,722{GMT}	INFO	[jepsen worker 1] jepsen.util: 1	:invoke	:generate	nil
2026-03-11 14:38:20,722{GMT}	INFO	[jepsen worker 2] jepsen.util: 2	:ok	:generate	"944-null"
2026-03-11 14:38:20,722{GMT}	INFO	[jepsen worker 0] jepsen.util: 0	:ok	:generate	"1448-null"
2026-03-11 14:38:20,723{GMT}	INFO	[jepsen worker 1] jepsen.util: 1	:ok	:generate	"1073-null"
2026-03-11 14:38:20,723{GMT}	INFO	[jepsen worker 1] jepsen.util: 1	:invoke	:generate	nil
2026-03-11 14:38:20,723{GMT}	INFO	[jepsen worker 1] jepsen.util: 1	:ok	:generate	"1074-null"
2026-03-11 14:38:20,725{GMT}	INFO	[jepsen worker 2] jepsen.util: 2	:invoke	:generate	nil
2026-03-11 14:38:20,725{GMT}	INFO	[jepsen worker 2] jepsen.util: 2	:ok	:generate	"945-null"
2026-03-11 14:38:20,727{GMT}	INFO	[jepsen worker 0] jepsen.util: 0	:invoke	:generate	nil
2026-03-11 14:38:20,727{GMT}	INFO	[jepsen worker 0] jepsen.util: 0	:ok	:generate	"1449-null"
2026-03-11 14:38:20,729{GMT}	INFO	[jepsen worker 0] jepsen.util: 0	:invoke	:generate	nil
2026-03-11 14:38:20,729{GMT}	INFO	[jepsen worker 0] jepsen.util: 0	:ok	:generate	"1450-null"
2026-03-11 14:38:20,731{GMT}	INFO	[jepsen worker 1] jepsen.util: 1	:invoke	:generate	nil
2026-03-11 14:38:20,731{GMT}	INFO	[jepsen worker 2] jepsen.util: 2	:invoke	:generate	nil
2026-03-11 14:38:20,731{GMT}	INFO	[jepsen worker 1] jepsen.util: 1	:ok	:generate	"1075-null"
2026-03-11 14:38:20,731{GMT}	INFO	[jepsen worker 2] jepsen.util: 2	:ok	:generate	"946-null"
2026-03-11 14:38:20,733{GMT}	INFO	[jepsen worker 0] jepsen.util: 0	:invoke	:generate	nil
2026-03-11 14:38:20,733{GMT}	INFO	[jepsen worker 1] jepsen.util: 1	:invoke	:generate	nil
2026-03-11 14:38:20,733{GMT}	INFO	[jepsen worker 2] jepsen.util: 2	:invoke	:generate	nil
2026-03-11 14:38:20,733{GMT}	INFO	[jepsen worker 0] jepsen.util: 0	:ok	:generate	"1451-null"
2026-03-11 14:38:20,733{GMT}	INFO	[jepsen worker 1] jepsen.util: 1	:ok	:generate	"1076-null"
2026-03-11 14:38:20,733{GMT}	INFO	[jepsen worker 2] jepsen.util: 2	:ok	:generate	"947-null"
2026-03-11 14:38:20,734{GMT}	INFO	[jepsen worker 2] jepsen.util: 2	:invoke	:generate	nil
2026-03-11 14:38:20,734{GMT}	INFO	[jepsen worker 2] jepsen.util: 2	:ok	:generate	"948-null"
2026-03-11 14:38:20,736{GMT}	INFO	[jepsen worker 0] jepsen.util: 0	:invoke	:generate	nil
2026-03-11 14:38:20,736{GMT}	INFO	[jepsen worker 1] jepsen.util: 1	:invoke	:generate	nil
2026-03-11 14:38:20,736{GMT}	INFO	[jepsen worker 0] jepsen.util: 0	:ok	:generate	"1452-null"
2026-03-11 14:38:20,736{GMT}	INFO	[jepsen worker 1] jepsen.util: 1	:ok	:generate	"1077-null"
2026-03-11 14:38:20,738{GMT}	INFO	[jepsen worker 1] jepsen.util: 1	:invoke	:generate	nil
2026-03-11 14:38:20,738{GMT}	INFO	[jepsen worker 1] jepsen.util: 1	:ok	:generate	"1078-null"
2026-03-11 14:38:20,738{GMT}	INFO	[jepsen worker 2] jepsen.util: 2	:invoke	:generate	nil
2026-03-11 14:38:20,739{GMT}	INFO	[jepsen worker 2] jepsen.util: 2	:ok	:generate	"949-null"
2026-03-11 14:38:20,740{GMT}	INFO	[jepsen worker 0] jepsen.util: 0	:invoke	:generate	nil
2026-03-11 14:38:20,741{GMT}	INFO	[jepsen worker 0] jepsen.util: 0	:ok	:generate	"1453-null"
2026-03-11 14:38:20,742{GMT}	INFO	[jepsen worker 0] jepsen.util: 0	:invoke	:generate	nil
2026-03-11 14:38:20,743{GMT}	INFO	[jepsen worker 0] jepsen.util: 0	:ok	:generate	"1454-null"
2026-03-11 14:38:20,744{GMT}	INFO	[jepsen worker 1] jepsen.util: 1	:invoke	:generate	nil
2026-03-11 14:38:20,745{GMT}	INFO	[jepsen worker 1] jepsen.util: 1	:ok	:generate	"1079-null"
2026-03-11 14:38:20,746{GMT}	INFO	[jepsen worker 2] jepsen.util: 2	:invoke	:generate	nil
2026-03-11 14:38:20,747{GMT}	INFO	[jepsen worker 2] jepsen.util: 2	:ok	:generate	"950-null"
2026-03-11 14:38:20,747{GMT}	INFO	[jepsen worker 0] jepsen.util: 0	:invoke	:generate	nil
2026-03-11 14:38:20,747{GMT}	INFO	[jepsen worker 0] jepsen.util: 0	:ok	:generate	"1455-null"
2026-03-11 14:38:20,749{GMT}	INFO	[jepsen worker 0] jepsen.util: 0	:invoke	:generate	nil
2026-03-11 14:38:20,749{GMT}	INFO	[jepsen worker 0] jepsen.util: 0	:ok	:generate	"1456-null"
2026-03-11 14:38:20,749{GMT}	INFO	[jepsen worker 1] jepsen.util: 1	:invoke	:generate	nil
2026-03-11 14:38:20,750{GMT}	INFO	[jepsen worker 1] jepsen.util: 1	:ok	:generate	"1080-null"
2026-03-11 14:38:20,751{GMT}	INFO	[jepsen worker 2] jepsen.util: 2	:invoke	:generate	nil
2026-03-11 14:38:20,751{GMT}	INFO	[jepsen worker 2] jepsen.util: 2	:ok	:generate	"951-null"
2026-03-11 14:38:20,751{GMT}	INFO	[jepsen worker 0] jepsen.util: 0	:invoke	:generate	nil
2026-03-11 14:38:20,751{GMT}	INFO	[jepsen worker 0] jepsen.util: 0	:ok	:generate	"1457-null"
2026-03-11 14:38:20,752{GMT}	INFO	[jepsen worker 0] jepsen.util: 0	:invoke	:generate	nil
2026-03-11 14:38:20,752{GMT}	INFO	[jepsen worker 0] jepsen.util: 0	:ok	:generate	"1458-null"
2026-03-11 14:38:20,753{GMT}	INFO	[jepsen worker 1] jepsen.util: 1	:invoke	:generate	nil
2026-03-11 14:38:20,753{GMT}	INFO	[jepsen worker 1] jepsen.util: 1	:ok	:generate	"1081-null"
2026-03-11 14:38:20,753{GMT}	INFO	[jepsen worker 2] jepsen.util: 2	:invoke	:generate	nil
2026-03-11 14:38:20,754{GMT}	INFO	[jepsen worker 2] jepsen.util: 2	:ok	:generate	"952-null"
2026-03-11 14:38:20,755{GMT}	INFO	[jepsen worker 0] jepsen.util: 0	:invoke	:generate	nil
2026-03-11 14:38:20,755{GMT}	INFO	[jepsen worker 1] jepsen.util: 1	:invoke	:generate	nil
2026-03-11 14:38:20,755{GMT}	INFO	[jepsen worker 0] jepsen.util: 0	:ok	:generate	"1459-null"
2026-03-11 14:38:20,755{GMT}	INFO	[jepsen worker 1] jepsen.util: 1	:ok	:generate	"1082-null"
2026-03-11 14:38:20,756{GMT}	INFO	[jepsen worker 1] jepsen.util: 1	:invoke	:generate	nil
2026-03-11 14:38:20,756{GMT}	INFO	[jepsen worker 1] jepsen.util: 1	:ok	:generate	"1083-null"
2026-03-11 14:38:20,757{GMT}	INFO	[jepsen worker 2] jepsen.util: 2	:invoke	:generate	nil
2026-03-11 14:38:20,758{GMT}	INFO	[jepsen worker 2] jepsen.util: 2	:ok	:generate	"953-null"
2026-03-11 14:38:20,759{GMT}	INFO	[jepsen worker 0] jepsen.util: 0	:invoke	:generate	nil
2026-03-11 14:38:20,760{GMT}	INFO	[jepsen worker 0] jepsen.util: 0	:ok	:generate	"1460-null"
2026-03-11 14:38:20,760{GMT}	INFO	[jepsen worker 0] jepsen.util: 0	:invoke	:generate	nil
2026-03-11 14:38:20,761{GMT}	INFO	[jepsen worker 0] jepsen.util: 0	:ok	:generate	"1461-null"
2026-03-11 14:38:20,761{GMT}	INFO	[jepsen worker 1] jepsen.util: 1	:invoke	:generate	nil
2026-03-11 14:38:20,761{GMT}	INFO	[jepsen worker 1] jepsen.util: 1	:ok	:generate	"1084-null"
2026-03-11 14:38:20,763{GMT}	INFO	[jepsen worker 2] jepsen.util: 2	:invoke	:generate	nil
2026-03-11 14:38:20,763{GMT}	INFO	[jepsen worker 2] jepsen.util: 2	:ok	:generate	"954-null"
2026-03-11 14:38:20,764{GMT}	INFO	[jepsen worker 0] jepsen.util: 0	:invoke	:generate	nil
2026-03-11 14:38:20,764{GMT}	INFO	[jepsen worker 0] jepsen.util: 0	:ok	:generate	"1462-null"
2026-03-11 14:38:20,765{GMT}	INFO	[jepsen worker 0] jepsen.util: 0	:invoke	:generate	nil
2026-03-11 14:38:20,765{GMT}	INFO	[jepsen worker 0] jepsen.util: 0	:ok	:generate	"1463-null"
2026-03-11 14:38:20,765{GMT}	INFO	[jepsen worker 1] jepsen.util: 1	:invoke	:generate	nil
2026-03-11 14:38:20,765{GMT}	INFO	[jepsen worker 1] jepsen.util: 1	:ok	:generate	"1085-null"
2026-03-11 14:38:20,765{GMT}	INFO	[jepsen worker 2] jepsen.util: 2	:invoke	:generate	nil
2026-03-11 14:38:20,766{GMT}	INFO	[jepsen worker 2] jepsen.util: 2	:ok	:generate	"955-null"
2026-03-11 14:38:20,767{GMT}	INFO	[jepsen worker 0] jepsen.util: 0	:invoke	:generate	nil
2026-03-11 14:38:20,768{GMT}	INFO	[jepsen worker 0] jepsen.util: 0	:ok	:generate	"1464-null"
2026-03-11 14:38:20,769{GMT}	INFO	[jepsen worker 0] jepsen.util: 0	:invoke	:generate	nil
2026-03-11 14:38:20,770{GMT}	INFO	[jepsen worker 1] jepsen.util: 1	:invoke	:generate	nil
2026-03-11 14:38:20,770{GMT}	INFO	[jepsen worker 0] jepsen.util: 0	:ok	:generate	"1465-null"
2026-03-11 14:38:20,770{GMT}	INFO	[jepsen worker 1] jepsen.util: 1	:ok	:generate	"1086-null"
2026-03-11 14:38:20,770{GMT}	INFO	[jepsen worker 2] jepsen.util: 2	:invoke	:generate	nil
2026-03-11 14:38:20,770{GMT}	INFO	[jepsen worker 2] jepsen.util: 2	:ok	:generate	"956-null"
2026-03-11 14:38:20,771{GMT}	INFO	[jepsen worker 0] jepsen.util: 0	:invoke	:generate	nil
2026-03-11 14:38:20,772{GMT}	INFO	[jepsen worker 0] jepsen.util: 0	:ok	:generate	"1466-null"
2026-03-11 14:38:20,773{GMT}	INFO	[jepsen worker 0] jepsen.util: 0	:invoke	:generate	nil
2026-03-11 14:38:20,773{GMT}	INFO	[jepsen worker 1] jepsen.util: 1	:invoke	:generate	nil
2026-03-11 14:38:20,774{GMT}	INFO	[jepsen worker 1] jepsen.util: 1	:ok	:generate	"1087-null"
2026-03-11 14:38:20,774{GMT}	INFO	[jepsen worker 0] jepsen.util: 0	:ok	:generate	"1467-null"
2026-03-11 14:38:20,774{GMT}	INFO	[jepsen worker 2] jepsen.util: 2	:invoke	:generate	nil
2026-03-11 14:38:20,775{GMT}	INFO	[jepsen worker 2] jepsen.util: 2	:ok	:generate	"957-null"
2026-03-11 14:38:20,775{GMT}	INFO	[jepsen worker 0] jepsen.util: 0	:invoke	:generate	nil
2026-03-11 14:38:20,775{GMT}	INFO	[jepsen worker 0] jepsen.util: 0	:ok	:generate	"1468-null"
2026-03-11 14:38:20,777{GMT}	INFO	[jepsen worker 0] jepsen.util: 0	:invoke	:generate	nil
2026-03-11 14:38:20,777{GMT}	INFO	[jepsen worker 1] jepsen.util: 1	:invoke	:generate	nil
2026-03-11 14:38:20,777{GMT}	INFO	[jepsen worker 1] jepsen.util: 1	:ok	:generate	"1088-null"
2026-03-11 14:38:20,777{GMT}	INFO	[jepsen worker 0] jepsen.util: 0	:ok	:generate	"1469-null"
2026-03-11 14:38:20,779{GMT}	INFO	[jepsen worker 2] jepsen.util: 2	:invoke	:generate	nil
2026-03-11 14:38:20,779{GMT}	INFO	[jepsen worker 2] jepsen.util: 2	:ok	:generate	"958-null"
2026-03-11 14:38:20,780{GMT}	INFO	[jepsen worker 0] jepsen.util: 0	:invoke	:generate	nil
2026-03-11 14:38:20,781{GMT}	INFO	[jepsen worker 0] jepsen.util: 0	:ok	:generate	"1470-null"
2026-03-11 14:38:20,782{GMT}	INFO	[jepsen worker 0] jepsen.util: 0	:invoke	:generate	nil
2026-03-11 14:38:20,783{GMT}	INFO	[jepsen worker 0] jepsen.util: 0	:ok	:generate	"1471-null"
2026-03-11 14:38:20,783{GMT}	INFO	[jepsen worker 1] jepsen.util: 1	:invoke	:generate	nil
2026-03-11 14:38:20,784{GMT}	INFO	[jepsen worker 1] jepsen.util: 1	:ok	:generate	"1089-null"
2026-03-11 14:38:20,785{GMT}	INFO	[jepsen worker 2] jepsen.util: 2	:invoke	:generate	nil
2026-03-11 14:38:20,785{GMT}	INFO	[jepsen worker 2] jepsen.util: 2	:ok	:generate	"959-null"
2026-03-11 14:38:20,786{GMT}	INFO	[jepsen worker 0] jepsen.util: 0	:invoke	:generate	nil
2026-03-11 14:38:20,787{GMT}	INFO	[jepsen worker 0] jepsen.util: 0	:ok	:generate	"1472-null"
2026-03-11 14:38:20,788{GMT}	INFO	[jepsen worker 0] jepsen.util: 0	:invoke	:generate	nil
2026-03-11 14:38:20,788{GMT}	INFO	[jepsen worker 0] jepsen.util: 0	:ok	:generate	"1473-null"
2026-03-11 14:38:20,790{GMT}	INFO	[jepsen worker 1] jepsen.util: 1	:invoke	:generate	nil
2026-03-11 14:38:20,790{GMT}	INFO	[jepsen worker 1] jepsen.util: 1	:ok	:generate	"1090-null"
2026-03-11 14:38:20,792{GMT}	INFO	[jepsen worker 2] jepsen.util: 2	:invoke	:generate	nil
2026-03-11 14:38:20,792{GMT}	INFO	[jepsen worker 2] jepsen.util: 2	:ok	:generate	"960-null"
2026-03-11 14:38:20,793{GMT}	INFO	[jepsen worker 0] jepsen.util: 0	:invoke	:generate	nil
2026-03-11 14:38:20,793{GMT}	INFO	[jepsen worker 0] jepsen.util: 0	:ok	:generate	"1474-null"
2026-03-11 14:38:20,794{GMT}	INFO	[jepsen worker 0] jepsen.util: 0	:invoke	:generate	nil
2026-03-11 14:38:20,794{GMT}	INFO	[jepsen worker 0] jepsen.util: 0	:ok	:generate	"1475-null"
2026-03-11 14:38:20,796{GMT}	INFO	[jepsen worker 1] jepsen.util: 1	:invoke	:generate	nil
2026-03-11 14:38:20,796{GMT}	INFO	[jepsen worker 1] jepsen.util: 1	:ok	:generate	"1091-null"
2026-03-11 14:38:20,797{GMT}	INFO	[jepsen worker 2] jepsen.util: 2	:invoke	:generate	nil
2026-03-11 14:38:20,797{GMT}	INFO	[jepsen worker 2] jepsen.util: 2	:ok	:generate	"961-null"
2026-03-11 14:38:20,798{GMT}	INFO	[jepsen worker 0] jepsen.util: 0	:invoke	:generate	nil
2026-03-11 14:38:20,798{GMT}	INFO	[jepsen worker 0] jepsen.util: 0	:ok	:generate	"1476-null"
2026-03-11 14:38:20,800{GMT}	INFO	[jepsen worker 0] jepsen.util: 0	:invoke	:generate	nil
2026-03-11 14:38:20,800{GMT}	INFO	[jepsen worker 0] jepsen.util: 0	:ok	:generate	"1477-null"
2026-03-11 14:38:20,800{GMT}	INFO	[jepsen worker 1] jepsen.util: 1	:invoke	:generate	nil
2026-03-11 14:38:20,801{GMT}	INFO	[jepsen worker 1] jepsen.util: 1	:ok	:generate	"1092-null"
2026-03-11 14:38:20,801{GMT}	INFO	[jepsen worker 2] jepsen.util: 2	:invoke	:generate	nil
2026-03-11 14:38:20,802{GMT}	INFO	[jepsen worker 2] jepsen.util: 2	:ok	:generate	"962-null"
2026-03-11 14:38:20,802{GMT}	INFO	[jepsen worker 0] jepsen.util: 0	:invoke	:generate	nil
2026-03-11 14:38:20,802{GMT}	INFO	[jepsen worker 0] jepsen.util: 0	:ok	:generate	"1478-null"
2026-03-11 14:38:20,803{GMT}	INFO	[jepsen worker 0] jepsen.util: 0	:invoke	:generate	nil
2026-03-11 14:38:20,803{GMT}	INFO	[jepsen worker 0] jepsen.util: 0	:ok	:generate	"1479-null"
2026-03-11 14:38:20,804{GMT}	INFO	[jepsen worker 1] jepsen.util: 1	:invoke	:generate	nil
2026-03-11 14:38:20,804{GMT}	INFO	[jepsen worker 1] jepsen.util: 1	:ok	:generate	"1093-null"
2026-03-11 14:38:20,805{GMT}	INFO	[jepsen worker 2] jepsen.util: 2	:invoke	:generate	nil
2026-03-11 14:38:20,806{GMT}	INFO	[jepsen worker 2] jepsen.util: 2	:ok	:generate	"963-null"
2026-03-11 14:38:20,806{GMT}	INFO	[jepsen worker 0] jepsen.util: 0	:invoke	:generate	nil
2026-03-11 14:38:20,806{GMT}	INFO	[jepsen worker 1] jepsen.util: 1	:invoke	:generate	nil
2026-03-11 14:38:20,806{GMT}	INFO	[jepsen worker 0] jepsen.util: 0	:ok	:generate	"1480-null"
2026-03-11 14:38:20,807{GMT}	INFO	[jepsen worker 1] jepsen.util: 1	:ok	:generate	"1094-null"
2026-03-11 14:38:20,808{GMT}	INFO	[jepsen worker 1] jepsen.util: 1	:invoke	:generate	nil
2026-03-11 14:38:20,808{GMT}	INFO	[jepsen worker 1] jepsen.util: 1	:ok	:generate	"1095-null"
2026-03-11 14:38:20,810{GMT}	INFO	[jepsen worker 2] jepsen.util: 2	:invoke	:generate	nil
2026-03-11 14:38:20,810{GMT}	INFO	[jepsen worker 2] jepsen.util: 2	:ok	:generate	"964-null"
2026-03-11 14:38:20,812{GMT}	INFO	[jepsen worker 0] jepsen.util: 0	:invoke	:generate	nil
2026-03-11 14:38:20,812{GMT}	INFO	[jepsen worker 0] jepsen.util: 0	:ok	:generate	"1481-null"
2026-03-11 14:38:20,813{GMT}	INFO	[jepsen worker 0] jepsen.util: 0	:invoke	:generate	nil
2026-03-11 14:38:20,813{GMT}	INFO	[jepsen worker 0] jepsen.util: 0	:ok	:generate	"1482-null"
2026-03-11 14:38:20,815{GMT}	INFO	[jepsen worker 1] jepsen.util: 1	:invoke	:generate	nil
2026-03-11 14:38:20,815{GMT}	INFO	[jepsen worker 2] jepsen.util: 2	:invoke	:generate	nil
2026-03-11 14:38:20,815{GMT}	INFO	[jepsen worker 1] jepsen.util: 1	:ok	:generate	"1096-null"
2026-03-11 14:38:20,815{GMT}	INFO	[jepsen worker 2] jepsen.util: 2	:ok	:generate	"965-null"
2026-03-11 14:38:20,817{GMT}	INFO	[jepsen worker 0] jepsen.util: 0	:invoke	:generate	nil
2026-03-11 14:38:20,818{GMT}	INFO	[jepsen worker 0] jepsen.util: 0	:ok	:generate	"1483-null"
2026-03-11 14:38:20,819{GMT}	INFO	[jepsen worker 0] jepsen.util: 0	:invoke	:generate	nil
2026-03-11 14:38:20,819{GMT}	INFO	[jepsen worker 1] jepsen.util: 1	:invoke	:generate	nil
2026-03-11 14:38:20,819{GMT}	INFO	[jepsen worker 0] jepsen.util: 0	:ok	:generate	"1484-null"
2026-03-11 14:38:20,820{GMT}	INFO	[jepsen worker 1] jepsen.util: 1	:ok	:generate	"1097-null"
2026-03-11 14:38:20,820{GMT}	INFO	[jepsen worker 2] jepsen.util: 2	:invoke	:generate	nil
2026-03-11 14:38:20,820{GMT}	INFO	[jepsen worker 2] jepsen.util: 2	:ok	:generate	"966-null"
2026-03-11 14:38:20,821{GMT}	INFO	[jepsen worker 0] jepsen.util: 0	:invoke	:generate	nil
2026-03-11 14:38:20,822{GMT}	INFO	[jepsen worker 0] jepsen.util: 0	:ok	:generate	"1485-null"
2026-03-11 14:38:20,822{GMT}	INFO	[jepsen worker 0] jepsen.util: 0	:invoke	:generate	nil
2026-03-11 14:38:20,823{GMT}	INFO	[jepsen worker 0] jepsen.util: 0	:ok	:generate	"1486-null"
2026-03-11 14:38:20,824{GMT}	INFO	[jepsen worker 1] jepsen.util: 1	:invoke	:generate	nil
2026-03-11 14:38:20,824{GMT}	INFO	[jepsen worker 1] jepsen.util: 1	:ok	:generate	"1098-null"
2026-03-11 14:38:20,824{GMT}	INFO	[jepsen worker 2] jepsen.util: 2	:invoke	:generate	nil
2026-03-11 14:38:20,824{GMT}	INFO	[jepsen worker 2] jepsen.util: 2	:ok	:generate	"967-null"
2026-03-11 14:38:20,825{GMT}	INFO	[jepsen worker 0] jepsen.util: 0	:invoke	:generate	nil
2026-03-11 14:38:20,826{GMT}	INFO	[jepsen worker 0] jepsen.util: 0	:ok	:generate	"1487-null"
2026-03-11 14:38:20,827{GMT}	INFO	[jepsen worker 0] jepsen.util: 0	:invoke	:generate	nil
2026-03-11 14:38:20,828{GMT}	INFO	[jepsen worker 0] jepsen.util: 0	:ok	:generate	"1488-null"
2026-03-11 14:38:20,828{GMT}	INFO	[jepsen worker 1] jepsen.util: 1	:invoke	:generate	nil
2026-03-11 14:38:20,829{GMT}	INFO	[jepsen worker 1] jepsen.util: 1	:ok	:generate	"1099-null"
2026-03-11 14:38:20,829{GMT}	INFO	[jepsen worker 2] jepsen.util: 2	:invoke	:generate	nil
2026-03-11 14:38:20,830{GMT}	INFO	[jepsen worker 2] jepsen.util: 2	:ok	:generate	"968-null"
2026-03-11 14:38:20,831{GMT}	INFO	[jepsen worker 0] jepsen.util: 0	:invoke	:generate	nil
2026-03-11 14:38:20,831{GMT}	INFO	[jepsen worker 1] jepsen.util: 1	:invoke	:generate	nil
2026-03-11 14:38:20,831{GMT}	INFO	[jepsen worker 0] jepsen.util: 0	:ok	:generate	"1489-null"
2026-03-11 14:38:20,831{GMT}	INFO	[jepsen worker 1] jepsen.util: 1	:ok	:generate	"1100-null"
2026-03-11 14:38:20,832{GMT}	INFO	[jepsen worker 1] jepsen.util: 1	:invoke	:generate	nil
2026-03-11 14:38:20,832{GMT}	INFO	[jepsen worker 1] jepsen.util: 1	:ok	:generate	"1101-null"
2026-03-11 14:38:20,834{GMT}	INFO	[jepsen worker 2] jepsen.util: 2	:invoke	:generate	nil
2026-03-11 14:38:20,834{GMT}	INFO	[jepsen worker 2] jepsen.util: 2	:ok	:generate	"969-null"
2026-03-11 14:38:20,835{GMT}	INFO	[jepsen worker 1] jepsen.util: 1	:invoke	:generate	nil
2026-03-11 14:38:20,835{GMT}	INFO	[jepsen worker 0] jepsen.util: 0	:invoke	:generate	nil
2026-03-11 14:38:20,835{GMT}	INFO	[jepsen worker 2] jepsen.util: 2	:invoke	:generate	nil
2026-03-11 14:38:20,835{GMT}	INFO	[jepsen worker 0] jepsen.util: 0	:ok	:generate	"1490-null"
2026-03-11 14:38:20,835{GMT}	INFO	[jepsen worker 1] jepsen.util: 1	:ok	:generate	"1102-null"
2026-03-11 14:38:20,835{GMT}	INFO	[jepsen worker 2] jepsen.util: 2	:ok	:generate	"970-null"
2026-03-11 14:38:20,836{GMT}	INFO	[jepsen worker 2] jepsen.util: 2	:invoke	:generate	nil
2026-03-11 14:38:20,837{GMT}	INFO	[jepsen worker 2] jepsen.util: 2	:ok	:generate	"971-null"
2026-03-11 14:38:20,838{GMT}	INFO	[jepsen worker 0] jepsen.util: 0	:invoke	:generate	nil
2026-03-11 14:38:20,838{GMT}	INFO	[jepsen worker 0] jepsen.util: 0	:ok	:generate	"1491-null"
2026-03-11 14:38:20,840{GMT}	INFO	[jepsen worker 0] jepsen.util: 0	:invoke	:generate	nil
2026-03-11 14:38:20,840{GMT}	INFO	[jepsen worker 0] jepsen.util: 0	:ok	:generate	"1492-null"
2026-03-11 14:38:20,841{GMT}	INFO	[jepsen worker 1] jepsen.util: 1	:invoke	:generate	nil
2026-03-11 14:38:20,841{GMT}	INFO	[jepsen worker 1] jepsen.util: 1	:ok	:generate	"1103-null"
2026-03-11 14:38:20,842{GMT}	INFO	[jepsen worker 2] jepsen.util: 2	:invoke	:generate	nil
2026-03-11 14:38:20,842{GMT}	INFO	[jepsen worker 2] jepsen.util: 2	:ok	:generate	"972-null"
2026-03-11 14:38:20,844{GMT}	INFO	[jepsen worker 0] jepsen.util: 0	:invoke	:generate	nil
2026-03-11 14:38:20,844{GMT}	INFO	[jepsen worker 1] jepsen.util: 1	:invoke	:generate	nil
2026-03-11 14:38:20,844{GMT}	INFO	[jepsen worker 2] jepsen.util: 2	:invoke	:generate	nil
2026-03-11 14:38:20,845{GMT}	INFO	[jepsen worker 0] jepsen.util: 0	:ok	:generate	"1493-null"
2026-03-11 14:38:20,845{GMT}	INFO	[jepsen worker 0] jepsen.util: 0	:invoke	:generate	nil
2026-03-11 14:38:20,845{GMT}	INFO	[jepsen worker 1] jepsen.util: 1	:ok	:generate	"1104-null"
2026-03-11 14:38:20,845{GMT}	INFO	[jepsen worker 2] jepsen.util: 2	:ok	:generate	"973-null"
2026-03-11 14:38:20,845{GMT}	INFO	[jepsen worker 0] jepsen.util: 0	:ok	:generate	"1494-null"
2026-03-11 14:38:20,846{GMT}	INFO	[jepsen worker 0] jepsen.util: 0	:invoke	:generate	nil
2026-03-11 14:38:20,846{GMT}	INFO	[jepsen worker 0] jepsen.util: 0	:ok	:generate	"1495-null"
2026-03-11 14:38:20,848{GMT}	INFO	[jepsen worker 0] jepsen.util: 0	:invoke	:generate	nil
2026-03-11 14:38:20,848{GMT}	INFO	[jepsen worker 0] jepsen.util: 0	:ok	:generate	"1496-null"
2026-03-11 14:38:20,849{GMT}	INFO	[jepsen worker 1] jepsen.util: 1	:invoke	:generate	nil
2026-03-11 14:38:20,849{GMT}	INFO	[jepsen worker 2] jepsen.util: 2	:invoke	:generate	nil
2026-03-11 14:38:20,850{GMT}	INFO	[jepsen worker 1] jepsen.util: 1	:ok	:generate	"1105-null"
2026-03-11 14:38:20,850{GMT}	INFO	[jepsen worker 2] jepsen.util: 2	:ok	:generate	"974-null"
2026-03-11 14:38:20,850{GMT}	INFO	[jepsen worker 0] jepsen.util: 0	:invoke	:generate	nil
2026-03-11 14:38:20,850{GMT}	INFO	[jepsen worker 1] jepsen.util: 1	:invoke	:generate	nil
2026-03-11 14:38:20,850{GMT}	INFO	[jepsen worker 0] jepsen.util: 0	:ok	:generate	"1497-null"
2026-03-11 14:38:20,850{GMT}	INFO	[jepsen worker 1] jepsen.util: 1	:ok	:generate	"1106-null"
2026-03-11 14:38:20,852{GMT}	INFO	[jepsen worker 1] jepsen.util: 1	:invoke	:generate	nil
2026-03-11 14:38:20,852{GMT}	INFO	[jepsen worker 1] jepsen.util: 1	:ok	:generate	"1107-null"
2026-03-11 14:38:20,854{GMT}	INFO	[jepsen worker 2] jepsen.util: 2	:invoke	:generate	nil
2026-03-11 14:38:20,854{GMT}	INFO	[jepsen worker 2] jepsen.util: 2	:ok	:generate	"975-null"
2026-03-11 14:38:20,854{GMT}	INFO	[jepsen worker 0] jepsen.util: 0	:invoke	:generate	nil
2026-03-11 14:38:20,855{GMT}	INFO	[jepsen worker 0] jepsen.util: 0	:ok	:generate	"1498-null"
2026-03-11 14:38:20,856{GMT}	INFO	[jepsen worker 0] jepsen.util: 0	:invoke	:generate	nil
2026-03-11 14:38:20,857{GMT}	INFO	[jepsen worker 0] jepsen.util: 0	:ok	:generate	"1499-null"
2026-03-11 14:38:20,857{GMT}	INFO	[jepsen worker 1] jepsen.util: 1	:invoke	:generate	nil
2026-03-11 14:38:20,858{GMT}	INFO	[jepsen worker 1] jepsen.util: 1	:ok	:generate	"1108-null"
2026-03-11 14:38:20,860{GMT}	INFO	[jepsen worker 2] jepsen.util: 2	:invoke	:generate	nil
2026-03-11 14:38:20,860{GMT}	INFO	[jepsen worker 2] jepsen.util: 2	:ok	:generate	"976-null"
2026-03-11 14:38:20,860{GMT}	INFO	[jepsen worker 0] jepsen.util: 0	:invoke	:generate	nil
2026-03-11 14:38:20,861{GMT}	INFO	[jepsen worker 0] jepsen.util: 0	:ok	:generate	"1500-null"
2026-03-11 14:38:20,862{GMT}	INFO	[jepsen worker 0] jepsen.util: 0	:invoke	:generate	nil
2026-03-11 14:38:20,862{GMT}	INFO	[jepsen worker 0] jepsen.util: 0	:ok	:generate	"1501-null"
2026-03-11 14:38:20,863{GMT}	INFO	[jepsen worker 1] jepsen.util: 1	:invoke	:generate	nil
2026-03-11 14:38:20,863{GMT}	INFO	[jepsen worker 1] jepsen.util: 1	:ok	:generate	"1109-null"
2026-03-11 14:38:20,864{GMT}	INFO	[jepsen worker 2] jepsen.util: 2	:invoke	:generate	nil
2026-03-11 14:38:20,865{GMT}	INFO	[jepsen worker 2] jepsen.util: 2	:ok	:generate	"977-null"
2026-03-11 14:38:20,865{GMT}	INFO	[jepsen worker 0] jepsen.util: 0	:invoke	:generate	nil
2026-03-11 14:38:20,866{GMT}	INFO	[jepsen worker 0] jepsen.util: 0	:ok	:generate	"1502-null"
2026-03-11 14:38:20,867{GMT}	INFO	[jepsen worker 0] jepsen.util: 0	:invoke	:generate	nil
2026-03-11 14:38:20,867{GMT}	INFO	[jepsen worker 1] jepsen.util: 1	:invoke	:generate	nil
2026-03-11 14:38:20,867{GMT}	INFO	[jepsen worker 0] jepsen.util: 0	:ok	:generate	"1503-null"
2026-03-11 14:38:20,867{GMT}	INFO	[jepsen worker 1] jepsen.util: 1	:ok	:generate	"1110-null"
2026-03-11 14:38:20,868{GMT}	INFO	[jepsen worker 2] jepsen.util: 2	:invoke	:generate	nil
2026-03-11 14:38:20,869{GMT}	INFO	[jepsen worker 2] jepsen.util: 2	:ok	:generate	"978-null"
2026-03-11 14:38:20,870{GMT}	INFO	[jepsen worker 0] jepsen.util: 0	:invoke	:generate	nil
2026-03-11 14:38:20,871{GMT}	INFO	[jepsen worker 0] jepsen.util: 0	:ok	:generate	"1504-null"
2026-03-11 14:38:20,872{GMT}	INFO	[jepsen worker 0] jepsen.util: 0	:invoke	:generate	nil
2026-03-11 14:38:20,872{GMT}	INFO	[jepsen worker 0] jepsen.util: 0	:ok	:generate	"1505-null"
2026-03-11 14:38:20,873{GMT}	INFO	[jepsen worker 1] jepsen.util: 1	:invoke	:generate	nil
2026-03-11 14:38:20,874{GMT}	INFO	[jepsen worker 1] jepsen.util: 1	:ok	:generate	"1111-null"
2026-03-11 14:38:20,875{GMT}	INFO	[jepsen worker 2] jepsen.util: 2	:invoke	:generate	nil
2026-03-11 14:38:20,876{GMT}	INFO	[jepsen worker 2] jepsen.util: 2	:ok	:generate	"979-null"
2026-03-11 14:38:20,877{GMT}	INFO	[jepsen worker 0] jepsen.util: 0	:invoke	:generate	nil
2026-03-11 14:38:20,877{GMT}	INFO	[jepsen worker 1] jepsen.util: 1	:invoke	:generate	nil
2026-03-11 14:38:20,878{GMT}	INFO	[jepsen worker 0] jepsen.util: 0	:ok	:generate	"1506-null"
2026-03-11 14:38:20,878{GMT}	INFO	[jepsen worker 2] jepsen.util: 2	:invoke	:generate	nil
2026-03-11 14:38:20,878{GMT}	INFO	[jepsen worker 1] jepsen.util: 1	:ok	:generate	"1112-null"
2026-03-11 14:38:20,878{GMT}	INFO	[jepsen worker 2] jepsen.util: 2	:ok	:generate	"980-null"
2026-03-11 14:38:20,878{GMT}	INFO	[jepsen worker 2] jepsen.util: 2	:invoke	:generate	nil
2026-03-11 14:38:20,879{GMT}	INFO	[jepsen worker 2] jepsen.util: 2	:ok	:generate	"981-null"
2026-03-11 14:38:20,880{GMT}	INFO	[jepsen worker 0] jepsen.util: 0	:invoke	:generate	nil
2026-03-11 14:38:20,880{GMT}	INFO	[jepsen worker 1] jepsen.util: 1	:invoke	:generate	nil
2026-03-11 14:38:20,881{GMT}	INFO	[jepsen worker 1] jepsen.util: 1	:ok	:generate	"1113-null"
2026-03-11 14:38:20,881{GMT}	INFO	[jepsen worker 0] jepsen.util: 0	:ok	:generate	"1507-null"
2026-03-11 14:38:20,882{GMT}	INFO	[jepsen worker 1] jepsen.util: 1	:invoke	:generate	nil
2026-03-11 14:38:20,882{GMT}	INFO	[jepsen worker 1] jepsen.util: 1	:ok	:generate	"1114-null"
2026-03-11 14:38:20,883{GMT}	INFO	[jepsen worker 2] jepsen.util: 2	:invoke	:generate	nil
2026-03-11 14:38:20,883{GMT}	INFO	[jepsen worker 2] jepsen.util: 2	:ok	:generate	"982-null"
2026-03-11 14:38:20,884{GMT}	INFO	[jepsen worker 0] jepsen.util: 0	:invoke	:generate	nil
2026-03-11 14:38:20,884{GMT}	INFO	[jepsen worker 1] jepsen.util: 1	:invoke	:generate	nil
2026-03-11 14:38:20,884{GMT}	INFO	[jepsen worker 0] jepsen.util: 0	:ok	:generate	"1508-null"
2026-03-11 14:38:20,885{GMT}	INFO	[jepsen worker 1] jepsen.util: 1	:ok	:generate	"1115-null"
2026-03-11 14:38:20,886{GMT}	INFO	[jepsen worker 1] jepsen.util: 1	:invoke	:generate	nil
2026-03-11 14:38:20,886{GMT}	INFO	[jepsen worker 2] jepsen.util: 2	:invoke	:generate	nil
2026-03-11 14:38:20,887{GMT}	INFO	[jepsen worker 1] jepsen.util: 1	:ok	:generate	"1116-null"
2026-03-11 14:38:20,887{GMT}	INFO	[jepsen worker 2] jepsen.util: 2	:ok	:generate	"983-null"
2026-03-11 14:38:20,888{GMT}	INFO	[jepsen worker 0] jepsen.util: 0	:invoke	:generate	nil
2026-03-11 14:38:20,889{GMT}	INFO	[jepsen worker 0] jepsen.util: 0	:ok	:generate	"1509-null"
2026-03-11 14:38:20,889{GMT}	INFO	[jepsen worker 1] jepsen.util: 1	:invoke	:generate	nil
2026-03-11 14:38:20,889{GMT}	INFO	[jepsen worker 1] jepsen.util: 1	:ok	:generate	"1117-null"
2026-03-11 14:38:20,890{GMT}	INFO	[jepsen worker 1] jepsen.util: 1	:invoke	:generate	nil
2026-03-11 14:38:20,890{GMT}	INFO	[jepsen worker 1] jepsen.util: 1	:ok	:generate	"1118-null"
2026-03-11 14:38:20,891{GMT}	INFO	[jepsen worker 2] jepsen.util: 2	:invoke	:generate	nil
2026-03-11 14:38:20,891{GMT}	INFO	[jepsen worker 2] jepsen.util: 2	:ok	:generate	"984-null"
2026-03-11 14:38:20,892{GMT}	INFO	[jepsen worker 0] jepsen.util: 0	:invoke	:generate	nil
2026-03-11 14:38:20,892{GMT}	INFO	[jepsen worker 1] jepsen.util: 1	:invoke	:generate	nil
2026-03-11 14:38:20,893{GMT}	INFO	[jepsen worker 0] jepsen.util: 0	:ok	:generate	"1510-null"
2026-03-11 14:38:20,893{GMT}	INFO	[jepsen worker 1] jepsen.util: 1	:ok	:generate	"1119-null"
2026-03-11 14:38:20,893{GMT}	INFO	[jepsen worker 1] jepsen.util: 1	:invoke	:generate	nil
2026-03-11 14:38:20,894{GMT}	INFO	[jepsen worker 1] jepsen.util: 1	:ok	:generate	"1120-null"
2026-03-11 14:38:20,895{GMT}	INFO	[jepsen worker 2] jepsen.util: 2	:invoke	:generate	nil
2026-03-11 14:38:20,895{GMT}	INFO	[jepsen worker 0] jepsen.util: 0	:invoke	:generate	nil
2026-03-11 14:38:20,895{GMT}	INFO	[jepsen worker 2] jepsen.util: 2	:ok	:generate	"985-null"
2026-03-11 14:38:20,895{GMT}	INFO	[jepsen worker 0] jepsen.util: 0	:ok	:generate	"1511-null"
2026-03-11 14:38:20,896{GMT}	INFO	[jepsen worker 0] jepsen.util: 0	:invoke	:generate	nil
2026-03-11 14:38:20,896{GMT}	INFO	[jepsen worker 0] jepsen.util: 0	:ok	:generate	"1512-null"
2026-03-11 14:38:20,897{GMT}	INFO	[jepsen worker 1] jepsen.util: 1	:invoke	:generate	nil
2026-03-11 14:38:20,897{GMT}	INFO	[jepsen worker 1] jepsen.util: 1	:ok	:generate	"1121-null"
2026-03-11 14:38:20,898{GMT}	INFO	[jepsen worker 2] jepsen.util: 2	:invoke	:generate	nil
2026-03-11 14:38:20,899{GMT}	INFO	[jepsen worker 0] jepsen.util: 0	:invoke	:generate	nil
2026-03-11 14:38:20,899{GMT}	INFO	[jepsen worker 0] jepsen.util: 0	:ok	:generate	"1513-null"
2026-03-11 14:38:20,899{GMT}	INFO	[jepsen worker 2] jepsen.util: 2	:ok	:generate	"986-null"
2026-03-11 14:38:20,900{GMT}	INFO	[jepsen worker 0] jepsen.util: 0	:invoke	:generate	nil
2026-03-11 14:38:20,901{GMT}	INFO	[jepsen worker 0] jepsen.util: 0	:ok	:generate	"1514-null"
2026-03-11 14:38:20,902{GMT}	INFO	[jepsen worker 1] jepsen.util: 1	:invoke	:generate	nil
2026-03-11 14:38:20,903{GMT}	INFO	[jepsen worker 2] jepsen.util: 2	:invoke	:generate	nil
2026-03-11 14:38:20,903{GMT}	INFO	[jepsen worker 1] jepsen.util: 1	:ok	:generate	"1122-null"
2026-03-11 14:38:20,903{GMT}	INFO	[jepsen worker 2] jepsen.util: 2	:ok	:generate	"987-null"
2026-03-11 14:38:20,904{GMT}	INFO	[jepsen worker 0] jepsen.util: 0	:invoke	:generate	nil
2026-03-11 14:38:20,904{GMT}	INFO	[jepsen worker 0] jepsen.util: 0	:ok	:generate	"1515-null"
2026-03-11 14:38:20,906{GMT}	INFO	[jepsen worker 0] jepsen.util: 0	:invoke	:generate	nil
2026-03-11 14:38:20,906{GMT}	INFO	[jepsen worker 0] jepsen.util: 0	:ok	:generate	"1516-null"
2026-03-11 14:38:20,907{GMT}	INFO	[jepsen worker 1] jepsen.util: 1	:invoke	:generate	nil
2026-03-11 14:38:20,907{GMT}	INFO	[jepsen worker 1] jepsen.util: 1	:ok	:generate	"1123-null"
2026-03-11 14:38:20,908{GMT}	INFO	[jepsen worker 2] jepsen.util: 2	:invoke	:generate	nil
2026-03-11 14:38:20,908{GMT}	INFO	[jepsen worker 2] jepsen.util: 2	:ok	:generate	"988-null"
2026-03-11 14:38:20,909{GMT}	INFO	[jepsen worker 0] jepsen.util: 0	:invoke	:generate	nil
2026-03-11 14:38:20,910{GMT}	INFO	[jepsen worker 0] jepsen.util: 0	:ok	:generate	"1517-null"
2026-03-11 14:38:20,910{GMT}	INFO	[jepsen worker 1] jepsen.util: 1	:invoke	:generate	nil
2026-03-11 14:38:20,910{GMT}	INFO	[jepsen worker 1] jepsen.util: 1	:ok	:generate	"1124-null"
2026-03-11 14:38:20,911{GMT}	INFO	[jepsen worker 1] jepsen.util: 1	:invoke	:generate	nil
2026-03-11 14:38:20,912{GMT}	INFO	[jepsen worker 1] jepsen.util: 1	:ok	:generate	"1125-null"
2026-03-11 14:38:20,912{GMT}	INFO	[jepsen worker 2] jepsen.util: 2	:invoke	:generate	nil
2026-03-11 14:38:20,913{GMT}	INFO	[jepsen worker 2] jepsen.util: 2	:ok	:generate	"989-null"
2026-03-11 14:38:20,913{GMT}	INFO	[jepsen worker 0] jepsen.util: 0	:invoke	:generate	nil
2026-03-11 14:38:20,914{GMT}	INFO	[jepsen worker 0] jepsen.util: 0	:ok	:generate	"1518-null"
2026-03-11 14:38:20,915{GMT}	INFO	[jepsen worker 0] jepsen.util: 0	:invoke	:generate	nil
2026-03-11 14:38:20,916{GMT}	INFO	[jepsen worker 0] jepsen.util: 0	:ok	:generate	"1519-null"
2026-03-11 14:38:20,916{GMT}	INFO	[jepsen worker 1] jepsen.util: 1	:invoke	:generate	nil
2026-03-11 14:38:20,917{GMT}	INFO	[jepsen worker 1] jepsen.util: 1	:ok	:generate	"1126-null"
2026-03-11 14:38:20,918{GMT}	INFO	[jepsen worker 2] jepsen.util: 2	:invoke	:generate	nil
2026-03-11 14:38:20,918{GMT}	INFO	[jepsen worker 2] jepsen.util: 2	:ok	:generate	"990-null"
2026-03-11 14:38:20,920{GMT}	INFO	[jepsen worker 0] jepsen.util: 0	:invoke	:generate	nil
2026-03-11 14:38:20,920{GMT}	INFO	[jepsen worker 0] jepsen.util: 0	:ok	:generate	"1520-null"
2026-03-11 14:38:20,921{GMT}	INFO	[jepsen worker 0] jepsen.util: 0	:invoke	:generate	nil
2026-03-11 14:38:20,921{GMT}	INFO	[jepsen worker 1] jepsen.util: 1	:invoke	:generate	nil
2026-03-11 14:38:20,922{GMT}	INFO	[jepsen worker 0] jepsen.util: 0	:ok	:generate	"1521-null"
2026-03-11 14:38:20,922{GMT}	INFO	[jepsen worker 1] jepsen.util: 1	:ok	:generate	"1127-null"
2026-03-11 14:38:20,922{GMT}	INFO	[jepsen worker 2] jepsen.util: 2	:invoke	:generate	nil
2026-03-11 14:38:20,923{GMT}	INFO	[jepsen worker 2] jepsen.util: 2	:ok	:generate	"991-null"
2026-03-11 14:38:20,924{GMT}	INFO	[jepsen worker 0] jepsen.util: 0	:invoke	:generate	nil
2026-03-11 14:38:20,924{GMT}	INFO	[jepsen worker 1] jepsen.util: 1	:invoke	:generate	nil
2026-03-11 14:38:20,924{GMT}	INFO	[jepsen worker 1] jepsen.util: 1	:ok	:generate	"1128-null"
2026-03-11 14:38:20,924{GMT}	INFO	[jepsen worker 0] jepsen.util: 0	:ok	:generate	"1522-null"
2026-03-11 14:38:20,925{GMT}	INFO	[jepsen worker 1] jepsen.util: 1	:invoke	:generate	nil
2026-03-11 14:38:20,926{GMT}	INFO	[jepsen worker 1] jepsen.util: 1	:ok	:generate	"1129-null"
2026-03-11 14:38:20,927{GMT}	INFO	[jepsen worker 2] jepsen.util: 2	:invoke	:generate	nil
2026-03-11 14:38:20,927{GMT}	INFO	[jepsen worker 2] jepsen.util: 2	:ok	:generate	"992-null"
2026-03-11 14:38:20,928{GMT}	INFO	[jepsen worker 0] jepsen.util: 0	:invoke	:generate	nil
2026-03-11 14:38:20,928{GMT}	INFO	[jepsen worker 0] jepsen.util: 0	:ok	:generate	"1523-null"
2026-03-11 14:38:20,930{GMT}	INFO	[jepsen worker 0] jepsen.util: 0	:invoke	:generate	nil
2026-03-11 14:38:20,930{GMT}	INFO	[jepsen worker 0] jepsen.util: 0	:ok	:generate	"1524-null"
2026-03-11 14:38:20,931{GMT}	INFO	[jepsen worker 1] jepsen.util: 1	:invoke	:generate	nil
2026-03-11 14:38:20,931{GMT}	INFO	[jepsen worker 1] jepsen.util: 1	:ok	:generate	"1130-null"
2026-03-11 14:38:20,932{GMT}	INFO	[jepsen worker 2] jepsen.util: 2	:invoke	:generate	nil
2026-03-11 14:38:20,932{GMT}	INFO	[jepsen worker 2] jepsen.util: 2	:ok	:generate	"993-null"
2026-03-11 14:38:20,933{GMT}	INFO	[jepsen worker 0] jepsen.util: 0	:invoke	:generate	nil
2026-03-11 14:38:20,934{GMT}	INFO	[jepsen worker 0] jepsen.util: 0	:ok	:generate	"1525-null"
2026-03-11 14:38:20,934{GMT}	INFO	[jepsen worker 0] jepsen.util: 0	:invoke	:generate	nil
2026-03-11 14:38:20,934{GMT}	INFO	[jepsen worker 1] jepsen.util: 1	:invoke	:generate	nil
2026-03-11 14:38:20,934{GMT}	INFO	[jepsen worker 0] jepsen.util: 0	:ok	:generate	"1526-null"
2026-03-11 14:38:20,935{GMT}	INFO	[jepsen worker 1] jepsen.util: 1	:ok	:generate	"1131-null"
2026-03-11 14:38:20,936{GMT}	INFO	[jepsen worker 2] jepsen.util: 2	:invoke	:generate	nil
2026-03-11 14:38:20,936{GMT}	INFO	[jepsen worker 2] jepsen.util: 2	:ok	:generate	"994-null"
2026-03-11 14:38:20,938{GMT}	INFO	[jepsen worker 0] jepsen.util: 0	:invoke	:generate	nil
2026-03-11 14:38:20,938{GMT}	INFO	[jepsen worker 0] jepsen.util: 0	:ok	:generate	"1527-null"
2026-03-11 14:38:20,939{GMT}	INFO	[jepsen worker 0] jepsen.util: 0	:invoke	:generate	nil
2026-03-11 14:38:20,940{GMT}	INFO	[jepsen worker 0] jepsen.util: 0	:ok	:generate	"1528-null"
2026-03-11 14:38:20,941{GMT}	INFO	[jepsen worker 1] jepsen.util: 1	:invoke	:generate	nil
2026-03-11 14:38:20,941{GMT}	INFO	[jepsen worker 1] jepsen.util: 1	:ok	:generate	"1132-null"
2026-03-11 14:38:20,942{GMT}	INFO	[jepsen worker 2] jepsen.util: 2	:invoke	:generate	nil
2026-03-11 14:38:20,942{GMT}	INFO	[jepsen worker 0] jepsen.util: 0	:invoke	:generate	nil
2026-03-11 14:38:20,943{GMT}	INFO	[jepsen worker 2] jepsen.util: 2	:ok	:generate	"995-null"
2026-03-11 14:38:20,943{GMT}	INFO	[jepsen worker 0] jepsen.util: 0	:ok	:generate	"1529-null"
2026-03-11 14:38:20,944{GMT}	INFO	[jepsen worker 0] jepsen.util: 0	:invoke	:generate	nil
2026-03-11 14:38:20,944{GMT}	INFO	[jepsen worker 0] jepsen.util: 0	:ok	:generate	"1530-null"
2026-03-11 14:38:20,944{GMT}	INFO	[jepsen worker 1] jepsen.util: 1	:invoke	:generate	nil
2026-03-11 14:38:20,945{GMT}	INFO	[jepsen worker 1] jepsen.util: 1	:ok	:generate	"1133-null"
2026-03-11 14:38:20,946{GMT}	INFO	[jepsen worker 2] jepsen.util: 2	:invoke	:generate	nil
2026-03-11 14:38:20,946{GMT}	INFO	[jepsen worker 2] jepsen.util: 2	:ok	:generate	"996-null"
2026-03-11 14:38:20,946{GMT}	INFO	[jepsen worker 0] jepsen.util: 0	:invoke	:generate	nil
2026-03-11 14:38:20,947{GMT}	INFO	[jepsen worker 0] jepsen.util: 0	:ok	:generate	"1531-null"
2026-03-11 14:38:20,947{GMT}	INFO	[jepsen worker 0] jepsen.util: 0	:invoke	:generate	nil
2026-03-11 14:38:20,948{GMT}	INFO	[jepsen worker 0] jepsen.util: 0	:ok	:generate	"1532-null"
2026-03-11 14:38:20,949{GMT}	INFO	[jepsen worker 1] jepsen.util: 1	:invoke	:generate	nil
2026-03-11 14:38:20,949{GMT}	INFO	[jepsen worker 1] jepsen.util: 1	:ok	:generate	"1134-null"
2026-03-11 14:38:20,951{GMT}	INFO	[jepsen worker 2] jepsen.util: 2	:invoke	:generate	nil
2026-03-11 14:38:20,951{GMT}	INFO	[jepsen worker 2] jepsen.util: 2	:ok	:generate	"997-null"
2026-03-11 14:38:20,953{GMT}	INFO	[jepsen worker 0] jepsen.util: 0	:invoke	:generate	nil
2026-03-11 14:38:20,953{GMT}	INFO	[jepsen worker 0] jepsen.util: 0	:ok	:generate	"1533-null"
2026-03-11 14:38:20,953{GMT}	INFO	[jepsen worker 0] jepsen.util: 0	:invoke	:generate	nil
2026-03-11 14:38:20,954{GMT}	INFO	[jepsen worker 1] jepsen.util: 1	:invoke	:generate	nil
2026-03-11 14:38:20,954{GMT}	INFO	[jepsen worker 0] jepsen.util: 0	:ok	:generate	"1534-null"
2026-03-11 14:38:20,954{GMT}	INFO	[jepsen worker 1] jepsen.util: 1	:ok	:generate	"1135-null"
2026-03-11 14:38:20,956{GMT}	INFO	[jepsen worker 2] jepsen.util: 2	:invoke	:generate	nil
2026-03-11 14:38:20,956{GMT}	INFO	[jepsen worker 2] jepsen.util: 2	:ok	:generate	"998-null"
2026-03-11 14:38:20,956{GMT}	INFO	[jepsen worker 0] jepsen.util: 0	:invoke	:generate	nil
2026-03-11 14:38:20,956{GMT}	INFO	[jepsen worker 0] jepsen.util: 0	:ok	:generate	"1535-null"
2026-03-11 14:38:20,957{GMT}	INFO	[jepsen worker 0] jepsen.util: 0	:invoke	:generate	nil
2026-03-11 14:38:20,957{GMT}	INFO	[jepsen worker 1] jepsen.util: 1	:invoke	:generate	nil
2026-03-11 14:38:20,957{GMT}	INFO	[jepsen worker 0] jepsen.util: 0	:ok	:generate	"1536-null"
2026-03-11 14:38:20,958{GMT}	INFO	[jepsen worker 1] jepsen.util: 1	:ok	:generate	"1136-null"
2026-03-11 14:38:20,959{GMT}	INFO	[jepsen worker 2] jepsen.util: 2	:invoke	:generate	nil
2026-03-11 14:38:20,959{GMT}	INFO	[jepsen worker 2] jepsen.util: 2	:ok	:generate	"999-null"
2026-03-11 14:38:20,960{GMT}	INFO	[jepsen worker 0] jepsen.util: 0	:invoke	:generate	nil
2026-03-11 14:38:20,960{GMT}	INFO	[jepsen worker 0] jepsen.util: 0	:ok	:generate	"1537-null"
2026-03-11 14:38:20,962{GMT}	INFO	[jepsen worker 0] jepsen.util: 0	:invoke	:generate	nil
2026-03-11 14:38:20,962{GMT}	INFO	[jepsen worker 1] jepsen.util: 1	:invoke	:generate	nil
2026-03-11 14:38:20,962{GMT}	INFO	[jepsen worker 0] jepsen.util: 0	:ok	:generate	"1538-null"
2026-03-11 14:38:20,962{GMT}	INFO	[jepsen worker 1] jepsen.util: 1	:ok	:generate	"1137-null"
2026-03-11 14:38:20,963{GMT}	INFO	[jepsen worker 2] jepsen.util: 2	:invoke	:generate	nil
2026-03-11 14:38:20,964{GMT}	INFO	[jepsen worker 2] jepsen.util: 2	:ok	:generate	"1000-null"
2026-03-11 14:38:20,965{GMT}	INFO	[jepsen worker 0] jepsen.util: 0	:invoke	:generate	nil
2026-03-11 14:38:20,965{GMT}	INFO	[jepsen worker 0] jepsen.util: 0	:ok	:generate	"1539-null"
2026-03-11 14:38:20,965{GMT}	INFO	[jepsen worker 0] jepsen.util: 0	:invoke	:generate	nil
2026-03-11 14:38:20,965{GMT}	INFO	[jepsen worker 0] jepsen.util: 0	:ok	:generate	"1540-null"
2026-03-11 14:38:20,966{GMT}	INFO	[jepsen worker 1] jepsen.util: 1	:invoke	:generate	nil
2026-03-11 14:38:20,966{GMT}	INFO	[jepsen worker 1] jepsen.util: 1	:ok	:generate	"1138-null"
2026-03-11 14:38:20,968{GMT}	INFO	[jepsen worker 2] jepsen.util: 2	:invoke	:generate	nil
2026-03-11 14:38:20,968{GMT}	INFO	[jepsen worker 2] jepsen.util: 2	:ok	:generate	"1001-null"
2026-03-11 14:38:20,970{GMT}	INFO	[jepsen worker 0] jepsen.util: 0	:invoke	:generate	nil
2026-03-11 14:38:20,970{GMT}	INFO	[jepsen worker 0] jepsen.util: 0	:ok	:generate	"1541-null"
2026-03-11 14:38:20,971{GMT}	INFO	[jepsen worker 0] jepsen.util: 0	:invoke	:generate	nil
2026-03-11 14:38:20,971{GMT}	INFO	[jepsen worker 0] jepsen.util: 0	:ok	:generate	"1542-null"
2026-03-11 14:38:20,972{GMT}	INFO	[jepsen worker 1] jepsen.util: 1	:invoke	:generate	nil
2026-03-11 14:38:20,972{GMT}	INFO	[jepsen worker 1] jepsen.util: 1	:ok	:generate	"1139-null"
2026-03-11 14:38:20,973{GMT}	INFO	[jepsen worker 2] jepsen.util: 2	:invoke	:generate	nil
2026-03-11 14:38:20,973{GMT}	INFO	[jepsen worker 2] jepsen.util: 2	:ok	:generate	"1002-null"
2026-03-11 14:38:20,975{GMT}	INFO	[jepsen worker 0] jepsen.util: 0	:invoke	:generate	nil
2026-03-11 14:38:20,975{GMT}	INFO	[jepsen worker 1] jepsen.util: 1	:invoke	:generate	nil
2026-03-11 14:38:20,975{GMT}	INFO	[jepsen worker 0] jepsen.util: 0	:ok	:generate	"1543-null"
2026-03-11 14:38:20,975{GMT}	INFO	[jepsen worker 1] jepsen.util: 1	:ok	:generate	"1140-null"
2026-03-11 14:38:20,976{GMT}	INFO	[jepsen worker 1] jepsen.util: 1	:invoke	:generate	nil
2026-03-11 14:38:20,976{GMT}	INFO	[jepsen worker 1] jepsen.util: 1	:ok	:generate	"1141-null"
2026-03-11 14:38:20,977{GMT}	INFO	[jepsen worker 2] jepsen.util: 2	:invoke	:generate	nil
2026-03-11 14:38:20,977{GMT}	INFO	[jepsen worker 2] jepsen.util: 2	:ok	:generate	"1003-null"
2026-03-11 14:38:20,979{GMT}	INFO	[jepsen worker 0] jepsen.util: 0	:invoke	:generate	nil
2026-03-11 14:38:20,979{GMT}	INFO	[jepsen worker 0] jepsen.util: 0	:ok	:generate	"1544-null"
2026-03-11 14:38:20,979{GMT}	INFO	[jepsen worker 0] jepsen.util: 0	:invoke	:generate	nil
2026-03-11 14:38:20,980{GMT}	INFO	[jepsen worker 0] jepsen.util: 0	:ok	:generate	"1545-null"
2026-03-11 14:38:20,980{GMT}	INFO	[jepsen worker 1] jepsen.util: 1	:invoke	:generate	nil
2026-03-11 14:38:20,981{GMT}	INFO	[jepsen worker 1] jepsen.util: 1	:ok	:generate	"1142-null"
2026-03-11 14:38:20,982{GMT}	INFO	[jepsen worker 2] jepsen.util: 2	:invoke	:generate	nil
2026-03-11 14:38:20,983{GMT}	INFO	[jepsen worker 2] jepsen.util: 2	:ok	:generate	"1004-null"
2026-03-11 14:38:20,983{GMT}	INFO	[jepsen worker 0] jepsen.util: 0	:invoke	:generate	nil
2026-03-11 14:38:20,983{GMT}	INFO	[jepsen worker 0] jepsen.util: 0	:ok	:generate	"1546-null"
2026-03-11 14:38:20,983{GMT}	INFO	[jepsen worker 1] jepsen.util: 1	:invoke	:generate	nil
2026-03-11 14:38:20,983{GMT}	INFO	[jepsen worker 1] jepsen.util: 1	:ok	:generate	"1143-null"
2026-03-11 14:38:20,984{GMT}	INFO	[jepsen worker 1] jepsen.util: 1	:invoke	:generate	nil
2026-03-11 14:38:20,985{GMT}	INFO	[jepsen worker 1] jepsen.util: 1	:ok	:generate	"1144-null"
2026-03-11 14:38:20,986{GMT}	INFO	[jepsen worker 2] jepsen.util: 2	:invoke	:generate	nil
2026-03-11 14:38:20,986{GMT}	INFO	[jepsen worker 2] jepsen.util: 2	:ok	:generate	"1005-null"
2026-03-11 14:38:20,987{GMT}	INFO	[jepsen worker 0] jepsen.util: 0	:invoke	:generate	nil
2026-03-11 14:38:20,987{GMT}	INFO	[jepsen worker 0] jepsen.util: 0	:ok	:generate	"1547-null"
2026-03-11 14:38:20,988{GMT}	INFO	[jepsen worker 0] jepsen.util: 0	:invoke	:generate	nil
2026-03-11 14:38:20,989{GMT}	INFO	[jepsen worker 0] jepsen.util: 0	:ok	:generate	"1548-null"
2026-03-11 14:38:20,989{GMT}	INFO	[jepsen worker 1] jepsen.util: 1	:invoke	:generate	nil
2026-03-11 14:38:20,990{GMT}	INFO	[jepsen worker 1] jepsen.util: 1	:ok	:generate	"1145-null"
2026-03-11 14:38:20,990{GMT}	INFO	[jepsen worker 2] jepsen.util: 2	:invoke	:generate	nil
2026-03-11 14:38:20,990{GMT}	INFO	[jepsen worker 2] jepsen.util: 2	:ok	:generate	"1006-null"
2026-03-11 14:38:20,992{GMT}	INFO	[jepsen worker 0] jepsen.util: 0	:invoke	:generate	nil
2026-03-11 14:38:20,993{GMT}	INFO	[jepsen worker 0] jepsen.util: 0	:ok	:generate	"1549-null"
2026-03-11 14:38:20,994{GMT}	INFO	[jepsen worker 0] jepsen.util: 0	:invoke	:generate	nil
2026-03-11 14:38:20,994{GMT}	INFO	[jepsen worker 0] jepsen.util: 0	:ok	:generate	"1550-null"
2026-03-11 14:38:20,994{GMT}	INFO	[jepsen worker 1] jepsen.util: 1	:invoke	:generate	nil
2026-03-11 14:38:20,994{GMT}	INFO	[jepsen worker 1] jepsen.util: 1	:ok	:generate	"1146-null"
2026-03-11 14:38:20,995{GMT}	INFO	[jepsen worker 2] jepsen.util: 2	:invoke	:generate	nil
2026-03-11 14:38:20,995{GMT}	INFO	[jepsen worker 2] jepsen.util: 2	:ok	:generate	"1007-null"
2026-03-11 14:38:20,996{GMT}	INFO	[jepsen worker 0] jepsen.util: 0	:invoke	:generate	nil
2026-03-11 14:38:20,996{GMT}	INFO	[jepsen worker 1] jepsen.util: 1	:invoke	:generate	nil
2026-03-11 14:38:20,996{GMT}	INFO	[jepsen worker 2] jepsen.util: 2	:invoke	:generate	nil
2026-03-11 14:38:20,996{GMT}	INFO	[jepsen worker 0] jepsen.util: 0	:ok	:generate	"1551-null"
2026-03-11 14:38:20,997{GMT}	INFO	[jepsen worker 2] jepsen.util: 2	:ok	:generate	"1008-null"
2026-03-11 14:38:20,997{GMT}	INFO	[jepsen worker 1] jepsen.util: 1	:ok	:generate	"1147-null"
2026-03-11 14:38:20,998{GMT}	INFO	[jepsen worker 2] jepsen.util: 2	:invoke	:generate	nil
2026-03-11 14:38:20,998{GMT}	INFO	[jepsen worker 2] jepsen.util: 2	:ok	:generate	"1009-null"
2026-03-11 14:38:20,999{GMT}	INFO	[jepsen worker 0] jepsen.util: 0	:invoke	:generate	nil
2026-03-11 14:38:20,999{GMT}	INFO	[jepsen worker 1] jepsen.util: 1	:invoke	:generate	nil
2026-03-11 14:38:21,000{GMT}	INFO	[jepsen worker 0] jepsen.util: 0	:ok	:generate	"1552-null"
2026-03-11 14:38:21,000{GMT}	INFO	[jepsen worker 1] jepsen.util: 1	:ok	:generate	"1148-null"
2026-03-11 14:38:21,000{GMT}	INFO	[jepsen worker 1] jepsen.util: 1	:invoke	:generate	nil
2026-03-11 14:38:21,001{GMT}	INFO	[jepsen worker 1] jepsen.util: 1	:ok	:generate	"1149-null"
2026-03-11 14:38:21,002{GMT}	INFO	[jepsen worker 2] jepsen.util: 2	:invoke	:generate	nil
2026-03-11 14:38:21,003{GMT}	INFO	[jepsen worker 2] jepsen.util: 2	:ok	:generate	"1010-null"
2026-03-11 14:38:21,004{GMT}	INFO	[jepsen worker 0] jepsen.util: 0	:invoke	:generate	nil
2026-03-11 14:38:21,004{GMT}	INFO	[jepsen worker 0] jepsen.util: 0	:ok	:generate	"1553-null"
2026-03-11 14:38:21,005{GMT}	INFO	[jepsen worker 0] jepsen.util: 0	:invoke	:generate	nil
2026-03-11 14:38:21,005{GMT}	INFO	[jepsen worker 0] jepsen.util: 0	:ok	:generate	"1554-null"
2026-03-11 14:38:21,006{GMT}	INFO	[jepsen worker 1] jepsen.util: 1	:invoke	:generate	nil
2026-03-11 14:38:21,007{GMT}	INFO	[jepsen worker 1] jepsen.util: 1	:ok	:generate	"1150-null"
2026-03-11 14:38:21,008{GMT}	INFO	[jepsen worker 2] jepsen.util: 2	:invoke	:generate	nil
2026-03-11 14:38:21,008{GMT}	INFO	[jepsen worker 2] jepsen.util: 2	:ok	:generate	"1011-null"
2026-03-11 14:38:21,010{GMT}	INFO	[jepsen worker 0] jepsen.util: 0	:invoke	:generate	nil
2026-03-11 14:38:21,010{GMT}	INFO	[jepsen worker 0] jepsen.util: 0	:ok	:generate	"1555-null"
2026-03-11 14:38:21,012{GMT}	INFO	[jepsen worker 0] jepsen.util: 0	:invoke	:generate	nil
2026-03-11 14:38:21,012{GMT}	INFO	[jepsen worker 0] jepsen.util: 0	:ok	:generate	"1556-null"
2026-03-11 14:38:21,013{GMT}	INFO	[jepsen worker 1] jepsen.util: 1	:invoke	:generate	nil
2026-03-11 14:38:21,013{GMT}	INFO	[jepsen worker 1] jepsen.util: 1	:ok	:generate	"1151-null"
2026-03-11 14:38:21,013{GMT}	INFO	[jepsen worker 2] jepsen.util: 2	:invoke	:generate	nil
2026-03-11 14:38:21,014{GMT}	INFO	[jepsen worker 2] jepsen.util: 2	:ok	:generate	"1012-null"
2026-03-11 14:38:21,014{GMT}	INFO	[jepsen worker 0] jepsen.util: 0	:invoke	:generate	nil
2026-03-11 14:38:21,015{GMT}	INFO	[jepsen worker 0] jepsen.util: 0	:ok	:generate	"1557-null"
2026-03-11 14:38:21,016{GMT}	INFO	[jepsen worker 0] jepsen.util: 0	:invoke	:generate	nil
2026-03-11 14:38:21,017{GMT}	INFO	[jepsen worker 0] jepsen.util: 0	:ok	:generate	"1558-null"
2026-03-11 14:38:21,017{GMT}	INFO	[jepsen worker 1] jepsen.util: 1	:invoke	:generate	nil
2026-03-11 14:38:21,017{GMT}	INFO	[jepsen worker 1] jepsen.util: 1	:ok	:generate	"1152-null"
2026-03-11 14:38:21,018{GMT}	INFO	[jepsen worker 2] jepsen.util: 2	:invoke	:generate	nil
2026-03-11 14:38:21,018{GMT}	INFO	[jepsen worker 2] jepsen.util: 2	:ok	:generate	"1013-null"
2026-03-11 14:38:21,019{GMT}	INFO	[jepsen worker 0] jepsen.util: 0	:invoke	:generate	nil
2026-03-11 14:38:21,020{GMT}	INFO	[jepsen worker 0] jepsen.util: 0	:ok	:generate	"1559-null"
2026-03-11 14:38:21,020{GMT}	INFO	[jepsen worker 0] jepsen.util: 0	:invoke	:generate	nil
2026-03-11 14:38:21,021{GMT}	INFO	[jepsen worker 0] jepsen.util: 0	:ok	:generate	"1560-null"
2026-03-11 14:38:21,022{GMT}	INFO	[jepsen worker 1] jepsen.util: 1	:invoke	:generate	nil
2026-03-11 14:38:21,023{GMT}	INFO	[jepsen worker 1] jepsen.util: 1	:ok	:generate	"1153-null"
2026-03-11 14:38:21,024{GMT}	INFO	[jepsen worker 2] jepsen.util: 2	:invoke	:generate	nil
2026-03-11 14:38:21,024{GMT}	INFO	[jepsen worker 2] jepsen.util: 2	:ok	:generate	"1014-null"
2026-03-11 14:38:21,025{GMT}	INFO	[jepsen worker 0] jepsen.util: 0	:invoke	:generate	nil
2026-03-11 14:38:21,026{GMT}	INFO	[jepsen worker 0] jepsen.util: 0	:ok	:generate	"1561-null"
2026-03-11 14:38:21,027{GMT}	INFO	[jepsen worker 0] jepsen.util: 0	:invoke	:generate	nil
2026-03-11 14:38:21,027{GMT}	INFO	[jepsen worker 0] jepsen.util: 0	:ok	:generate	"1562-null"
2026-03-11 14:38:21,029{GMT}	INFO	[jepsen worker 1] jepsen.util: 1	:invoke	:generate	nil
2026-03-11 14:38:21,029{GMT}	INFO	[jepsen worker 1] jepsen.util: 1	:ok	:generate	"1154-null"
2026-03-11 14:38:21,029{GMT}	INFO	[jepsen worker 2] jepsen.util: 2	:invoke	:generate	nil
2026-03-11 14:38:21,030{GMT}	INFO	[jepsen worker 0] jepsen.util: 0	:invoke	:generate	nil
2026-03-11 14:38:21,030{GMT}	INFO	[jepsen worker 2] jepsen.util: 2	:ok	:generate	"1015-null"
2026-03-11 14:38:21,030{GMT}	INFO	[jepsen worker 1] jepsen.util: 1	:invoke	:generate	nil
2026-03-11 14:38:21,030{GMT}	INFO	[jepsen worker 0] jepsen.util: 0	:ok	:generate	"1563-null"
2026-03-11 14:38:21,030{GMT}	INFO	[jepsen worker 1] jepsen.util: 1	:ok	:generate	"1155-null"
2026-03-11 14:38:21,031{GMT}	INFO	[jepsen worker 1] jepsen.util: 1	:invoke	:generate	nil
2026-03-11 14:38:21,032{GMT}	INFO	[jepsen worker 1] jepsen.util: 1	:ok	:generate	"1156-null"
2026-03-11 14:38:21,033{GMT}	INFO	[jepsen worker 2] jepsen.util: 2	:invoke	:generate	nil
2026-03-11 14:38:21,034{GMT}	INFO	[jepsen worker 2] jepsen.util: 2	:ok	:generate	"1016-null"
2026-03-11 14:38:21,035{GMT}	INFO	[jepsen worker 0] jepsen.util: 0	:invoke	:generate	nil
2026-03-11 14:38:21,036{GMT}	INFO	[jepsen worker 0] jepsen.util: 0	:ok	:generate	"1564-null"
2026-03-11 14:38:21,037{GMT}	INFO	[jepsen worker 0] jepsen.util: 0	:invoke	:generate	nil
2026-03-11 14:38:21,037{GMT}	INFO	[jepsen worker 0] jepsen.util: 0	:ok	:generate	"1565-null"
2026-03-11 14:38:21,037{GMT}	INFO	[jepsen worker 1] jepsen.util: 1	:invoke	:generate	nil
2026-03-11 14:38:21,038{GMT}	INFO	[jepsen worker 1] jepsen.util: 1	:ok	:generate	"1157-null"
2026-03-11 14:38:21,039{GMT}	INFO	[jepsen worker 2] jepsen.util: 2	:invoke	:generate	nil
2026-03-11 14:38:21,040{GMT}	INFO	[jepsen worker 2] jepsen.util: 2	:ok	:generate	"1017-null"
2026-03-11 14:38:21,040{GMT}	INFO	[jepsen worker 0] jepsen.util: 0	:invoke	:generate	nil
2026-03-11 14:38:21,041{GMT}	INFO	[jepsen worker 0] jepsen.util: 0	:ok	:generate	"1566-null"
2026-03-11 14:38:21,041{GMT}	INFO	[jepsen worker 1] jepsen.util: 1	:invoke	:generate	nil
2026-03-11 14:38:21,041{GMT}	INFO	[jepsen worker 2] jepsen.util: 2	:invoke	:generate	nil
2026-03-11 14:38:21,041{GMT}	INFO	[jepsen worker 1] jepsen.util: 1	:ok	:generate	"1158-null"
2026-03-11 14:38:21,041{GMT}	INFO	[jepsen worker 2] jepsen.util: 2	:ok	:generate	"1018-null"
2026-03-11 14:38:21,042{GMT}	INFO	[jepsen worker 2] jepsen.util: 2	:invoke	:generate	nil
2026-03-11 14:38:21,042{GMT}	INFO	[jepsen worker 0] jepsen.util: 0	:invoke	:generate	nil
2026-03-11 14:38:21,043{GMT}	INFO	[jepsen worker 2] jepsen.util: 2	:ok	:generate	"1019-null"
2026-03-11 14:38:21,043{GMT}	INFO	[jepsen worker 0] jepsen.util: 0	:ok	:generate	"1567-null"
2026-03-11 14:38:21,044{GMT}	INFO	[jepsen worker 0] jepsen.util: 0	:invoke	:generate	nil
2026-03-11 14:38:21,044{GMT}	INFO	[jepsen worker 0] jepsen.util: 0	:ok	:generate	"1568-null"
2026-03-11 14:38:21,045{GMT}	INFO	[jepsen worker 1] jepsen.util: 1	:invoke	:generate	nil
2026-03-11 14:38:21,046{GMT}	INFO	[jepsen worker 1] jepsen.util: 1	:ok	:generate	"1159-null"
2026-03-11 14:38:21,046{GMT}	INFO	[jepsen worker 2] jepsen.util: 2	:invoke	:generate	nil
2026-03-11 14:38:21,046{GMT}	INFO	[jepsen worker 2] jepsen.util: 2	:ok	:generate	"1020-null"
2026-03-11 14:38:21,046{GMT}	INFO	[jepsen worker 0] jepsen.util: 0	:invoke	:generate	nil
2026-03-11 14:38:21,047{GMT}	INFO	[jepsen worker 0] jepsen.util: 0	:ok	:generate	"1569-null"
2026-03-11 14:38:21,047{GMT}	INFO	[jepsen worker 0] jepsen.util: 0	:invoke	:generate	nil
2026-03-11 14:38:21,048{GMT}	INFO	[jepsen worker 0] jepsen.util: 0	:ok	:generate	"1570-null"
2026-03-11 14:38:21,049{GMT}	INFO	[jepsen worker 1] jepsen.util: 1	:invoke	:generate	nil
2026-03-11 14:38:21,050{GMT}	INFO	[jepsen worker 1] jepsen.util: 1	:ok	:generate	"1160-null"
2026-03-11 14:38:21,050{GMT}	INFO	[jepsen worker 2] jepsen.util: 2	:invoke	:generate	nil
2026-03-11 14:38:21,050{GMT}	INFO	[jepsen worker 2] jepsen.util: 2	:ok	:generate	"1021-null"
2026-03-11 14:38:21,050{GMT}	INFO	[jepsen worker 0] jepsen.util: 0	:invoke	:generate	nil
2026-03-11 14:38:21,050{GMT}	INFO	[jepsen worker 0] jepsen.util: 0	:ok	:generate	"1571-null"
2026-03-11 14:38:21,052{GMT}	INFO	[jepsen worker 0] jepsen.util: 0	:invoke	:generate	nil
2026-03-11 14:38:21,052{GMT}	INFO	[jepsen worker 0] jepsen.util: 0	:ok	:generate	"1572-null"
2026-03-11 14:38:21,053{GMT}	INFO	[jepsen worker 1] jepsen.util: 1	:invoke	:generate	nil
2026-03-11 14:38:21,053{GMT}	INFO	[jepsen worker 1] jepsen.util: 1	:ok	:generate	"1161-null"
2026-03-11 14:38:21,053{GMT}	INFO	[jepsen worker 2] jepsen.util: 2	:invoke	:generate	nil
2026-03-11 14:38:21,054{GMT}	INFO	[jepsen worker 2] jepsen.util: 2	:ok	:generate	"1022-null"
2026-03-11 14:38:21,054{GMT}	INFO	[jepsen worker 0] jepsen.util: 0	:invoke	:generate	nil
2026-03-11 14:38:21,055{GMT}	INFO	[jepsen worker 0] jepsen.util: 0	:ok	:generate	"1573-null"
2026-03-11 14:38:21,055{GMT}	INFO	[jepsen worker 0] jepsen.util: 0	:invoke	:generate	nil
2026-03-11 14:38:21,056{GMT}	INFO	[jepsen worker 0] jepsen.util: 0	:ok	:generate	"1574-null"
2026-03-11 14:38:21,056{GMT}	INFO	[jepsen worker 1] jepsen.util: 1	:invoke	:generate	nil
2026-03-11 14:38:21,056{GMT}	INFO	[jepsen worker 1] jepsen.util: 1	:ok	:generate	"1162-null"
2026-03-11 14:38:21,058{GMT}	INFO	[jepsen worker 2] jepsen.util: 2	:invoke	:generate	nil
2026-03-11 14:38:21,058{GMT}	INFO	[jepsen worker 2] jepsen.util: 2	:ok	:generate	"1023-null"
2026-03-11 14:38:21,059{GMT}	INFO	[jepsen worker 0] jepsen.util: 0	:invoke	:generate	nil
2026-03-11 14:38:21,060{GMT}	INFO	[jepsen worker 0] jepsen.util: 0	:ok	:generate	"1575-null"
2026-03-11 14:38:21,060{GMT}	INFO	[jepsen worker 0] jepsen.util: 0	:invoke	:generate	nil
2026-03-11 14:38:21,061{GMT}	INFO	[jepsen worker 0] jepsen.util: 0	:ok	:generate	"1576-null"
2026-03-11 14:38:21,061{GMT}	INFO	[jepsen worker 1] jepsen.util: 1	:invoke	:generate	nil
2026-03-11 14:38:21,061{GMT}	INFO	[jepsen worker 1] jepsen.util: 1	:ok	:generate	"1163-null"
2026-03-11 14:38:21,063{GMT}	INFO	[jepsen worker 2] jepsen.util: 2	:invoke	:generate	nil
2026-03-11 14:38:21,063{GMT}	INFO	[jepsen worker 2] jepsen.util: 2	:ok	:generate	"1024-null"
2026-03-11 14:38:21,064{GMT}	INFO	[jepsen worker 0] jepsen.util: 0	:invoke	:generate	nil
2026-03-11 14:38:21,064{GMT}	INFO	[jepsen worker 1] jepsen.util: 1	:invoke	:generate	nil
2026-03-11 14:38:21,065{GMT}	INFO	[jepsen worker 1] jepsen.util: 1	:ok	:generate	"1164-null"
2026-03-11 14:38:21,065{GMT}	INFO	[jepsen worker 0] jepsen.util: 0	:ok	:generate	"1577-null"
2026-03-11 14:38:21,066{GMT}	INFO	[jepsen worker 1] jepsen.util: 1	:invoke	:generate	nil
2026-03-11 14:38:21,066{GMT}	INFO	[jepsen worker 2] jepsen.util: 2	:invoke	:generate	nil
2026-03-11 14:38:21,066{GMT}	INFO	[jepsen worker 1] jepsen.util: 1	:ok	:generate	"1165-null"
2026-03-11 14:38:21,066{GMT}	INFO	[jepsen worker 2] jepsen.util: 2	:ok	:generate	"1025-null"
2026-03-11 14:38:21,067{GMT}	INFO	[jepsen worker 0] jepsen.util: 0	:invoke	:generate	nil
2026-03-11 14:38:21,067{GMT}	INFO	[jepsen worker 0] jepsen.util: 0	:ok	:generate	"1578-null"
2026-03-11 14:38:21,068{GMT}	INFO	[jepsen worker 0] jepsen.util: 0	:invoke	:generate	nil
2026-03-11 14:38:21,068{GMT}	INFO	[jepsen worker 0] jepsen.util: 0	:ok	:generate	"1579-null"
2026-03-11 14:38:21,069{GMT}	INFO	[jepsen worker 1] jepsen.util: 1	:invoke	:generate	nil
2026-03-11 14:38:21,070{GMT}	INFO	[jepsen worker 1] jepsen.util: 1	:ok	:generate	"1166-null"
2026-03-11 14:38:21,070{GMT}	INFO	[jepsen worker 2] jepsen.util: 2	:invoke	:generate	nil
2026-03-11 14:38:21,071{GMT}	INFO	[jepsen worker 2] jepsen.util: 2	:ok	:generate	"1026-null"
2026-03-11 14:38:21,072{GMT}	INFO	[jepsen worker 0] jepsen.util: 0	:invoke	:generate	nil
2026-03-11 14:38:21,072{GMT}	INFO	[jepsen worker 0] jepsen.util: 0	:ok	:generate	"1580-null"
2026-03-11 14:38:21,073{GMT}	INFO	[jepsen worker 0] jepsen.util: 0	:invoke	:generate	nil
2026-03-11 14:38:21,073{GMT}	INFO	[jepsen worker 0] jepsen.util: 0	:ok	:generate	"1581-null"
2026-03-11 14:38:21,074{GMT}	INFO	[jepsen worker 1] jepsen.util: 1	:invoke	:generate	nil
2026-03-11 14:38:21,074{GMT}	INFO	[jepsen worker 1] jepsen.util: 1	:ok	:generate	"1167-null"
2026-03-11 14:38:21,075{GMT}	INFO	[jepsen worker 2] jepsen.util: 2	:invoke	:generate	nil
2026-03-11 14:38:21,075{GMT}	INFO	[jepsen worker 2] jepsen.util: 2	:ok	:generate	"1027-null"
2026-03-11 14:38:21,075{GMT}	INFO	[jepsen worker 0] jepsen.util: 0	:invoke	:generate	nil
2026-03-11 14:38:21,076{GMT}	INFO	[jepsen worker 0] jepsen.util: 0	:ok	:generate	"1582-null"
2026-03-11 14:38:21,077{GMT}	INFO	[jepsen worker 0] jepsen.util: 0	:invoke	:generate	nil
2026-03-11 14:38:21,078{GMT}	INFO	[jepsen worker 0] jepsen.util: 0	:ok	:generate	"1583-null"
2026-03-11 14:38:21,078{GMT}	INFO	[jepsen worker 1] jepsen.util: 1	:invoke	:generate	nil
2026-03-11 14:38:21,078{GMT}	INFO	[jepsen worker 1] jepsen.util: 1	:ok	:generate	"1168-null"
2026-03-11 14:38:21,080{GMT}	INFO	[jepsen worker 2] jepsen.util: 2	:invoke	:generate	nil
2026-03-11 14:38:21,080{GMT}	INFO	[jepsen worker 2] jepsen.util: 2	:ok	:generate	"1028-null"
2026-03-11 14:38:21,082{GMT}	INFO	[jepsen worker 0] jepsen.util: 0	:invoke	:generate	nil
2026-03-11 14:38:21,082{GMT}	INFO	[jepsen worker 0] jepsen.util: 0	:ok	:generate	"1584-null"
2026-03-11 14:38:21,083{GMT}	INFO	[jepsen worker 0] jepsen.util: 0	:invoke	:generate	nil
2026-03-11 14:38:21,084{GMT}	INFO	[jepsen worker 1] jepsen.util: 1	:invoke	:generate	nil
2026-03-11 14:38:21,084{GMT}	INFO	[jepsen worker 0] jepsen.util: 0	:ok	:generate	"1585-null"
2026-03-11 14:38:21,084{GMT}	INFO	[jepsen worker 1] jepsen.util: 1	:ok	:generate	"1169-null"
2026-03-11 14:38:21,085{GMT}	INFO	[jepsen worker 2] jepsen.util: 2	:invoke	:generate	nil
2026-03-11 14:38:21,086{GMT}	INFO	[jepsen worker 2] jepsen.util: 2	:ok	:generate	"1029-null"
2026-03-11 14:38:21,086{GMT}	INFO	[jepsen worker 0] jepsen.util: 0	:invoke	:generate	nil
2026-03-11 14:38:21,086{GMT}	INFO	[jepsen worker 0] jepsen.util: 0	:ok	:generate	"1586-null"
2026-03-11 14:38:21,088{GMT}	INFO	[jepsen worker 0] jepsen.util: 0	:invoke	:generate	nil
2026-03-11 14:38:21,088{GMT}	INFO	[jepsen worker 0] jepsen.util: 0	:ok	:generate	"1587-null"
2026-03-11 14:38:21,089{GMT}	INFO	[jepsen worker 1] jepsen.util: 1	:invoke	:generate	nil
2026-03-11 14:38:21,089{GMT}	INFO	[jepsen worker 2] jepsen.util: 2	:invoke	:generate	nil
2026-03-11 14:38:21,090{GMT}	INFO	[jepsen worker 2] jepsen.util: 2	:ok	:generate	"1030-null"
2026-03-11 14:38:21,090{GMT}	INFO	[jepsen worker 1] jepsen.util: 1	:ok	:generate	"1170-null"
2026-03-11 14:38:21,091{GMT}	INFO	[jepsen worker 0] jepsen.util: 0	:invoke	:generate	nil
2026-03-11 14:38:21,091{GMT}	INFO	[jepsen worker 1] jepsen.util: 1	:invoke	:generate	nil
2026-03-11 14:38:21,091{GMT}	INFO	[jepsen worker 0] jepsen.util: 0	:ok	:generate	"1588-null"
2026-03-11 14:38:21,091{GMT}	INFO	[jepsen worker 1] jepsen.util: 1	:ok	:generate	"1171-null"
2026-03-11 14:38:21,092{GMT}	INFO	[jepsen worker 1] jepsen.util: 1	:invoke	:generate	nil
2026-03-11 14:38:21,092{GMT}	INFO	[jepsen worker 1] jepsen.util: 1	:ok	:generate	"1172-null"
2026-03-11 14:38:21,093{GMT}	INFO	[jepsen worker 2] jepsen.util: 2	:invoke	:generate	nil
2026-03-11 14:38:21,094{GMT}	INFO	[jepsen worker 2] jepsen.util: 2	:ok	:generate	"1031-null"
2026-03-11 14:38:21,094{GMT}	INFO	[jepsen worker 0] jepsen.util: 0	:invoke	:generate	nil
2026-03-11 14:38:21,094{GMT}	INFO	[jepsen worker 0] jepsen.util: 0	:ok	:generate	"1589-null"
2026-03-11 14:38:21,095{GMT}	INFO	[jepsen worker 0] jepsen.util: 0	:invoke	:generate	nil
2026-03-11 14:38:21,095{GMT}	INFO	[jepsen worker 0] jepsen.util: 0	:ok	:generate	"1590-null"
2026-03-11 14:38:21,096{GMT}	INFO	[jepsen worker 1] jepsen.util: 1	:invoke	:generate	nil
2026-03-11 14:38:21,096{GMT}	INFO	[jepsen worker 1] jepsen.util: 1	:ok	:generate	"1173-null"
2026-03-11 14:38:21,097{GMT}	INFO	[jepsen worker 2] jepsen.util: 2	:invoke	:generate	nil
2026-03-11 14:38:21,097{GMT}	INFO	[jepsen worker 2] jepsen.util: 2	:ok	:generate	"1032-null"
2026-03-11 14:38:21,099{GMT}	INFO	[jepsen worker 0] jepsen.util: 0	:invoke	:generate	nil
2026-03-11 14:38:21,099{GMT}	INFO	[jepsen worker 0] jepsen.util: 0	:ok	:generate	"1591-null"
2026-03-11 14:38:21,099{GMT}	INFO	[jepsen worker 0] jepsen.util: 0	:invoke	:generate	nil
2026-03-11 14:38:21,099{GMT}	INFO	[jepsen worker 1] jepsen.util: 1	:invoke	:generate	nil
2026-03-11 14:38:21,099{GMT}	INFO	[jepsen worker 0] jepsen.util: 0	:ok	:generate	"1592-null"
2026-03-11 14:38:21,100{GMT}	INFO	[jepsen worker 1] jepsen.util: 1	:ok	:generate	"1174-null"
2026-03-11 14:38:21,100{GMT}	INFO	[jepsen worker 2] jepsen.util: 2	:invoke	:generate	nil
2026-03-11 14:38:21,101{GMT}	INFO	[jepsen worker 0] jepsen.util: 0	:invoke	:generate	nil
2026-03-11 14:38:21,101{GMT}	INFO	[jepsen worker 0] jepsen.util: 0	:ok	:generate	"1593-null"
2026-03-11 14:38:21,101{GMT}	INFO	[jepsen worker 2] jepsen.util: 2	:ok	:generate	"1033-null"
2026-03-11 14:38:21,101{GMT}	INFO	[jepsen worker 0] jepsen.util: 0	:invoke	:generate	nil
2026-03-11 14:38:21,102{GMT}	INFO	[jepsen worker 0] jepsen.util: 0	:ok	:generate	"1594-null"
2026-03-11 14:38:21,103{GMT}	INFO	[jepsen worker 1] jepsen.util: 1	:invoke	:generate	nil
2026-03-11 14:38:21,104{GMT}	INFO	[jepsen worker 1] jepsen.util: 1	:ok	:generate	"1175-null"
2026-03-11 14:38:21,104{GMT}	INFO	[jepsen worker 0] jepsen.util: 0	:invoke	:generate	nil
2026-03-11 14:38:21,104{GMT}	INFO	[jepsen worker 2] jepsen.util: 2	:invoke	:generate	nil
2026-03-11 14:38:21,105{GMT}	INFO	[jepsen worker 2] jepsen.util: 2	:ok	:generate	"1034-null"
2026-03-11 14:38:21,105{GMT}	INFO	[jepsen worker 0] jepsen.util: 0	:ok	:generate	"1595-null"
2026-03-11 14:38:21,105{GMT}	INFO	[jepsen worker 0] jepsen.util: 0	:invoke	:generate	nil
2026-03-11 14:38:21,106{GMT}	INFO	[jepsen worker 0] jepsen.util: 0	:ok	:generate	"1596-null"
2026-03-11 14:38:21,106{GMT}	INFO	[jepsen worker 1] jepsen.util: 1	:invoke	:generate	nil
2026-03-11 14:38:21,106{GMT}	INFO	[jepsen worker 1] jepsen.util: 1	:ok	:generate	"1176-null"
2026-03-11 14:38:21,108{GMT}	INFO	[jepsen worker 2] jepsen.util: 2	:invoke	:generate	nil
2026-03-11 14:38:21,108{GMT}	INFO	[jepsen worker 2] jepsen.util: 2	:ok	:generate	"1035-null"
2026-03-11 14:38:21,109{GMT}	INFO	[jepsen worker 0] jepsen.util: 0	:invoke	:generate	nil
2026-03-11 14:38:21,109{GMT}	INFO	[jepsen worker 0] jepsen.util: 0	:ok	:generate	"1597-null"
2026-03-11 14:38:21,109{GMT}	INFO	[jepsen worker 0] jepsen.util: 0	:invoke	:generate	nil
2026-03-11 14:38:21,109{GMT}	INFO	[jepsen worker 0] jepsen.util: 0	:ok	:generate	"1598-null"
2026-03-11 14:38:21,109{GMT}	INFO	[jepsen worker 1] jepsen.util: 1	:invoke	:generate	nil
2026-03-11 14:38:21,110{GMT}	INFO	[jepsen worker 1] jepsen.util: 1	:ok	:generate	"1177-null"
2026-03-11 14:38:21,110{GMT}	INFO	[jepsen worker 2] jepsen.util: 2	:invoke	:generate	nil
2026-03-11 14:38:21,110{GMT}	INFO	[jepsen worker 2] jepsen.util: 2	:ok	:generate	"1036-null"
2026-03-11 14:38:21,111{GMT}	INFO	[jepsen worker 0] jepsen.util: 0	:invoke	:generate	nil
2026-03-11 14:38:21,111{GMT}	INFO	[jepsen worker 0] jepsen.util: 0	:ok	:generate	"1599-null"
2026-03-11 14:38:21,112{GMT}	INFO	[jepsen worker 0] jepsen.util: 0	:invoke	:generate	nil
2026-03-11 14:38:21,113{GMT}	INFO	[jepsen worker 0] jepsen.util: 0	:ok	:generate	"1600-null"
2026-03-11 14:38:21,113{GMT}	INFO	[jepsen worker 1] jepsen.util: 1	:invoke	:generate	nil
2026-03-11 14:38:21,114{GMT}	INFO	[jepsen worker 1] jepsen.util: 1	:ok	:generate	"1178-null"
2026-03-11 14:38:21,115{GMT}	INFO	[jepsen worker 2] jepsen.util: 2	:invoke	:generate	nil
2026-03-11 14:38:21,116{GMT}	INFO	[jepsen worker 2] jepsen.util: 2	:ok	:generate	"1037-null"
2026-03-11 14:38:21,117{GMT}	INFO	[jepsen worker 0] jepsen.util: 0	:invoke	:generate	nil
2026-03-11 14:38:21,117{GMT}	INFO	[jepsen worker 0] jepsen.util: 0	:ok	:generate	"1601-null"
2026-03-11 14:38:21,119{GMT}	INFO	[jepsen worker 0] jepsen.util: 0	:invoke	:generate	nil
2026-03-11 14:38:21,119{GMT}	INFO	[jepsen worker 0] jepsen.util: 0	:ok	:generate	"1602-null"
2026-03-11 14:38:21,121{GMT}	INFO	[jepsen worker 1] jepsen.util: 1	:invoke	:generate	nil
2026-03-11 14:38:21,121{GMT}	INFO	[jepsen worker 2] jepsen.util: 2	:invoke	:generate	nil
2026-03-11 14:38:21,121{GMT}	INFO	[jepsen worker 1] jepsen.util: 1	:ok	:generate	"1179-null"
2026-03-11 14:38:21,121{GMT}	INFO	[jepsen worker 2] jepsen.util: 2	:ok	:generate	"1038-null"
2026-03-11 14:38:21,122{GMT}	INFO	[jepsen worker 0] jepsen.util: 0	:invoke	:generate	nil
2026-03-11 14:38:21,123{GMT}	INFO	[jepsen worker 0] jepsen.util: 0	:ok	:generate	"1603-null"
2026-03-11 14:38:21,124{GMT}	INFO	[jepsen worker 0] jepsen.util: 0	:invoke	:generate	nil
2026-03-11 14:38:21,124{GMT}	INFO	[jepsen worker 0] jepsen.util: 0	:ok	:generate	"1604-null"
2026-03-11 14:38:21,126{GMT}	INFO	[jepsen worker 1] jepsen.util: 1	:invoke	:generate	nil
2026-03-11 14:38:21,126{GMT}	INFO	[jepsen worker 2] jepsen.util: 2	:invoke	:generate	nil
2026-03-11 14:38:21,126{GMT}	INFO	[jepsen worker 1] jepsen.util: 1	:ok	:generate	"1180-null"
2026-03-11 14:38:21,126{GMT}	INFO	[jepsen worker 0] jepsen.util: 0	:invoke	:generate	nil
2026-03-11 14:38:21,126{GMT}	INFO	[jepsen worker 2] jepsen.util: 2	:ok	:generate	"1039-null"
2026-03-11 14:38:21,127{GMT}	INFO	[jepsen worker 0] jepsen.util: 0	:ok	:generate	"1605-null"
2026-03-11 14:38:21,128{GMT}	INFO	[jepsen worker 0] jepsen.util: 0	:invoke	:generate	nil
2026-03-11 14:38:21,129{GMT}	INFO	[jepsen worker 1] jepsen.util: 1	:invoke	:generate	nil
2026-03-11 14:38:21,129{GMT}	INFO	[jepsen worker 0] jepsen.util: 0	:ok	:generate	"1606-null"
2026-03-11 14:38:21,129{GMT}	INFO	[jepsen worker 1] jepsen.util: 1	:ok	:generate	"1181-null"
2026-03-11 14:38:21,129{GMT}	INFO	[jepsen worker 2] jepsen.util: 2	:invoke	:generate	nil
2026-03-11 14:38:21,130{GMT}	INFO	[jepsen worker 2] jepsen.util: 2	:ok	:generate	"1040-null"
2026-03-11 14:38:21,131{GMT}	INFO	[jepsen worker 0] jepsen.util: 0	:invoke	:generate	nil
2026-03-11 14:38:21,131{GMT}	INFO	[jepsen worker 0] jepsen.util: 0	:ok	:generate	"1607-null"
2026-03-11 14:38:21,131{GMT}	INFO	[jepsen worker 1] jepsen.util: 1	:invoke	:generate	nil
2026-03-11 14:38:21,132{GMT}	INFO	[jepsen worker 1] jepsen.util: 1	:ok	:generate	"1182-null"
2026-03-11 14:38:21,133{GMT}	INFO	[jepsen worker 1] jepsen.util: 1	:invoke	:generate	nil
2026-03-11 14:38:21,134{GMT}	INFO	[jepsen worker 1] jepsen.util: 1	:ok	:generate	"1183-null"
2026-03-11 14:38:21,134{GMT}	INFO	[jepsen worker 2] jepsen.util: 2	:invoke	:generate	nil
2026-03-11 14:38:21,135{GMT}	INFO	[jepsen worker 2] jepsen.util: 2	:ok	:generate	"1041-null"
2026-03-11 14:38:21,135{GMT}	INFO	[jepsen worker 0] jepsen.util: 0	:invoke	:generate	nil
2026-03-11 14:38:21,136{GMT}	INFO	[jepsen worker 0] jepsen.util: 0	:ok	:generate	"1608-null"
2026-03-11 14:38:21,137{GMT}	INFO	[jepsen worker 0] jepsen.util: 0	:invoke	:generate	nil
2026-03-11 14:38:21,137{GMT}	INFO	[jepsen worker 0] jepsen.util: 0	:ok	:generate	"1609-null"
2026-03-11 14:38:21,138{GMT}	INFO	[jepsen worker 1] jepsen.util: 1	:invoke	:generate	nil
2026-03-11 14:38:21,139{GMT}	INFO	[jepsen worker 1] jepsen.util: 1	:ok	:generate	"1184-null"
2026-03-11 14:38:21,140{GMT}	INFO	[jepsen worker 2] jepsen.util: 2	:invoke	:generate	nil
2026-03-11 14:38:21,140{GMT}	INFO	[jepsen worker 0] jepsen.util: 0	:invoke	:generate	nil
2026-03-11 14:38:21,141{GMT}	INFO	[jepsen worker 2] jepsen.util: 2	:ok	:generate	"1042-null"
2026-03-11 14:38:21,141{GMT}	INFO	[jepsen worker 0] jepsen.util: 0	:ok	:generate	"1610-null"
2026-03-11 14:38:21,141{GMT}	INFO	[jepsen worker 0] jepsen.util: 0	:invoke	:generate	nil
2026-03-11 14:38:21,142{GMT}	INFO	[jepsen worker 1] jepsen.util: 1	:invoke	:generate	nil
2026-03-11 14:38:21,142{GMT}	INFO	[jepsen worker 2] jepsen.util: 2	:invoke	:generate	nil
2026-03-11 14:38:21,142{GMT}	INFO	[jepsen worker 0] jepsen.util: 0	:ok	:generate	"1611-null"
2026-03-11 14:38:21,142{GMT}	INFO	[jepsen worker 1] jepsen.util: 1	:ok	:generate	"1185-null"
2026-03-11 14:38:21,142{GMT}	INFO	[jepsen worker 2] jepsen.util: 2	:ok	:generate	"1043-null"
2026-03-11 14:38:21,144{GMT}	INFO	[jepsen worker 0] jepsen.util: 0	:invoke	:generate	nil
2026-03-11 14:38:21,144{GMT}	INFO	[jepsen worker 0] jepsen.util: 0	:ok	:generate	"1612-null"
2026-03-11 14:38:21,146{GMT}	INFO	[jepsen worker 0] jepsen.util: 0	:invoke	:generate	nil
2026-03-11 14:38:21,146{GMT}	INFO	[jepsen worker 0] jepsen.util: 0	:ok	:generate	"1613-null"
2026-03-11 14:38:21,146{GMT}	INFO	[jepsen worker 1] jepsen.util: 1	:invoke	:generate	nil
2026-03-11 14:38:21,147{GMT}	INFO	[jepsen worker 1] jepsen.util: 1	:ok	:generate	"1186-null"
2026-03-11 14:38:21,147{GMT}	INFO	[jepsen worker 2] jepsen.util: 2	:invoke	:generate	nil
2026-03-11 14:38:21,148{GMT}	INFO	[jepsen worker 2] jepsen.util: 2	:ok	:generate	"1044-null"
2026-03-11 14:38:21,148{GMT}	INFO	[jepsen worker 0] jepsen.util: 0	:invoke	:generate	nil
2026-03-11 14:38:21,148{GMT}	INFO	[jepsen worker 1] jepsen.util: 1	:invoke	:generate	nil
2026-03-11 14:38:21,149{GMT}	INFO	[jepsen worker 1] jepsen.util: 1	:ok	:generate	"1187-null"
2026-03-11 14:38:21,149{GMT}	INFO	[jepsen worker 0] jepsen.util: 0	:ok	:generate	"1614-null"
2026-03-11 14:38:21,149{GMT}	INFO	[jepsen worker 1] jepsen.util: 1	:invoke	:generate	nil
2026-03-11 14:38:21,150{GMT}	INFO	[jepsen worker 1] jepsen.util: 1	:ok	:generate	"1188-null"
2026-03-11 14:38:21,150{GMT}	INFO	[jepsen worker 2] jepsen.util: 2	:invoke	:generate	nil
2026-03-11 14:38:21,150{GMT}	INFO	[jepsen worker 0] jepsen.util: 0	:invoke	:generate	nil
2026-03-11 14:38:21,151{GMT}	INFO	[jepsen worker 2] jepsen.util: 2	:ok	:generate	"1045-null"
2026-03-11 14:38:21,151{GMT}	INFO	[jepsen worker 0] jepsen.util: 0	:ok	:generate	"1615-null"
2026-03-11 14:38:21,151{GMT}	INFO	[jepsen worker 0] jepsen.util: 0	:invoke	:generate	nil
2026-03-11 14:38:21,152{GMT}	INFO	[jepsen worker 0] jepsen.util: 0	:ok	:generate	"1616-null"
2026-03-11 14:38:21,152{GMT}	INFO	[jepsen worker 1] jepsen.util: 1	:invoke	:generate	nil
2026-03-11 14:38:21,152{GMT}	INFO	[jepsen worker 1] jepsen.util: 1	:ok	:generate	"1189-null"
2026-03-11 14:38:21,154{GMT}	INFO	[jepsen worker 2] jepsen.util: 2	:invoke	:generate	nil
2026-03-11 14:38:21,154{GMT}	INFO	[jepsen worker 2] jepsen.util: 2	:ok	:generate	"1046-null"
2026-03-11 14:38:21,155{GMT}	INFO	[jepsen worker 0] jepsen.util: 0	:invoke	:generate	nil
2026-03-11 14:38:21,156{GMT}	INFO	[jepsen worker 0] jepsen.util: 0	:ok	:generate	"1617-null"
2026-03-11 14:38:21,157{GMT}	INFO	[jepsen worker 0] jepsen.util: 0	:invoke	:generate	nil
2026-03-11 14:38:21,157{GMT}	INFO	[jepsen worker 0] jepsen.util: 0	:ok	:generate	"1618-null"
2026-03-11 14:38:21,158{GMT}	INFO	[jepsen worker 1] jepsen.util: 1	:invoke	:generate	nil
2026-03-11 14:38:21,159{GMT}	INFO	[jepsen worker 1] jepsen.util: 1	:ok	:generate	"1190-null"
2026-03-11 14:38:21,160{GMT}	INFO	[jepsen worker 2] jepsen.util: 2	:invoke	:generate	nil
2026-03-11 14:38:21,160{GMT}	INFO	[jepsen worker 0] jepsen.util: 0	:invoke	:generate	nil
2026-03-11 14:38:21,161{GMT}	INFO	[jepsen worker 2] jepsen.util: 2	:ok	:generate	"1047-null"
2026-03-11 14:38:21,161{GMT}	INFO	[jepsen worker 0] jepsen.util: 0	:ok	:generate	"1619-null"
2026-03-11 14:38:21,161{GMT}	INFO	[jepsen worker 0] jepsen.util: 0	:invoke	:generate	nil
2026-03-11 14:38:21,162{GMT}	INFO	[jepsen worker 0] jepsen.util: 0	:ok	:generate	"1620-null"
2026-03-11 14:38:21,163{GMT}	INFO	[jepsen worker 1] jepsen.util: 1	:invoke	:generate	nil
2026-03-11 14:38:21,164{GMT}	INFO	[jepsen worker 1] jepsen.util: 1	:ok	:generate	"1191-null"
2026-03-11 14:38:21,165{GMT}	INFO	[jepsen worker 2] jepsen.util: 2	:invoke	:generate	nil
2026-03-11 14:38:21,166{GMT}	INFO	[jepsen worker 0] jepsen.util: 0	:invoke	:generate	nil
2026-03-11 14:38:21,166{GMT}	INFO	[jepsen worker 2] jepsen.util: 2	:ok	:generate	"1048-null"
2026-03-11 14:38:21,166{GMT}	INFO	[jepsen worker 0] jepsen.util: 0	:ok	:generate	"1621-null"
2026-03-11 14:38:21,166{GMT}	INFO	[jepsen worker 0] jepsen.util: 0	:invoke	:generate	nil
2026-03-11 14:38:21,166{GMT}	INFO	[jepsen worker 0] jepsen.util: 0	:ok	:generate	"1622-null"
2026-03-11 14:38:21,168{GMT}	INFO	[jepsen worker 1] jepsen.util: 1	:invoke	:generate	nil
2026-03-11 14:38:21,168{GMT}	INFO	[jepsen worker 1] jepsen.util: 1	:ok	:generate	"1192-null"
2026-03-11 14:38:21,169{GMT}	INFO	[jepsen worker 2] jepsen.util: 2	:invoke	:generate	nil
2026-03-11 14:38:21,169{GMT}	INFO	[jepsen worker 2] jepsen.util: 2	:ok	:generate	"1049-null"
2026-03-11 14:38:21,169{GMT}	INFO	[jepsen worker 0] jepsen.util: 0	:invoke	:generate	nil
2026-03-11 14:38:21,169{GMT}	INFO	[jepsen worker 1] jepsen.util: 1	:invoke	:generate	nil
2026-03-11 14:38:21,170{GMT}	INFO	[jepsen worker 0] jepsen.util: 0	:ok	:generate	"1623-null"
2026-03-11 14:38:21,170{GMT}	INFO	[jepsen worker 1] jepsen.util: 1	:ok	:generate	"1193-null"
2026-03-11 14:38:21,171{GMT}	INFO	[jepsen worker 1] jepsen.util: 1	:invoke	:generate	nil
2026-03-11 14:38:21,172{GMT}	INFO	[jepsen worker 1] jepsen.util: 1	:ok	:generate	"1194-null"
2026-03-11 14:38:21,173{GMT}	INFO	[jepsen worker 2] jepsen.util: 2	:invoke	:generate	nil
2026-03-11 14:38:21,174{GMT}	INFO	[jepsen worker 2] jepsen.util: 2	:ok	:generate	"1050-null"
2026-03-11 14:38:21,175{GMT}	INFO	[jepsen worker 0] jepsen.util: 0	:invoke	:generate	nil
2026-03-11 14:38:21,175{GMT}	INFO	[jepsen worker 0] jepsen.util: 0	:ok	:generate	"1624-null"
2026-03-11 14:38:21,175{GMT}	INFO	[jepsen worker 0] jepsen.util: 0	:invoke	:generate	nil
2026-03-11 14:38:21,176{GMT}	INFO	[jepsen worker 0] jepsen.util: 0	:ok	:generate	"1625-null"
2026-03-11 14:38:21,176{GMT}	INFO	[jepsen worker 1] jepsen.util: 1	:invoke	:generate	nil
2026-03-11 14:38:21,176{GMT}	INFO	[jepsen worker 1] jepsen.util: 1	:ok	:generate	"1195-null"
2026-03-11 14:38:21,178{GMT}	INFO	[jepsen worker 2] jepsen.util: 2	:invoke	:generate	nil
2026-03-11 14:38:21,178{GMT}	INFO	[jepsen worker 0] jepsen.util: 0	:invoke	:generate	nil
2026-03-11 14:38:21,178{GMT}	INFO	[jepsen worker 2] jepsen.util: 2	:ok	:generate	"1051-null"
2026-03-11 14:38:21,179{GMT}	INFO	[jepsen worker 0] jepsen.util: 0	:ok	:generate	"1626-null"
2026-03-11 14:38:21,179{GMT}	INFO	[jepsen worker 0] jepsen.util: 0	:invoke	:generate	nil
2026-03-11 14:38:21,180{GMT}	INFO	[jepsen worker 0] jepsen.util: 0	:ok	:generate	"1627-null"
2026-03-11 14:38:21,180{GMT}	INFO	[jepsen worker 1] jepsen.util: 1	:invoke	:generate	nil
2026-03-11 14:38:21,180{GMT}	INFO	[jepsen worker 1] jepsen.util: 1	:ok	:generate	"1196-null"
2026-03-11 14:38:21,180{GMT}	INFO	[jepsen worker 2] jepsen.util: 2	:invoke	:generate	nil
2026-03-11 14:38:21,181{GMT}	INFO	[jepsen worker 2] jepsen.util: 2	:ok	:generate	"1052-null"
2026-03-11 14:38:21,182{GMT}	INFO	[jepsen worker 0] jepsen.util: 0	:invoke	:generate	nil
2026-03-11 14:38:21,183{GMT}	INFO	[jepsen worker 0] jepsen.util: 0	:ok	:generate	"1628-null"
2026-03-11 14:38:21,183{GMT}	INFO	[jepsen worker 0] jepsen.util: 0	:invoke	:generate	nil
2026-03-11 14:38:21,183{GMT}	INFO	[jepsen worker 0] jepsen.util: 0	:ok	:generate	"1629-null"
2026-03-11 14:38:21,183{GMT}	INFO	[jepsen worker 1] jepsen.util: 1	:invoke	:generate	nil
2026-03-11 14:38:21,184{GMT}	INFO	[jepsen worker 2] jepsen.util: 2	:invoke	:generate	nil
2026-03-11 14:38:21,184{GMT}	INFO	[jepsen worker 2] jepsen.util: 2	:ok	:generate	"1053-null"
2026-03-11 14:38:21,184{GMT}	INFO	[jepsen worker 1] jepsen.util: 1	:ok	:generate	"1197-null"
2026-03-11 14:38:21,184{GMT}	INFO	[jepsen worker 0] jepsen.util: 0	:invoke	:generate	nil
2026-03-11 14:38:21,184{GMT}	INFO	[jepsen worker 1] jepsen.util: 1	:invoke	:generate	nil
2026-03-11 14:38:21,184{GMT}	INFO	[jepsen worker 0] jepsen.util: 0	:ok	:generate	"1630-null"
2026-03-11 14:38:21,185{GMT}	INFO	[jepsen worker 1] jepsen.util: 1	:ok	:generate	"1198-null"
2026-03-11 14:38:21,185{GMT}	INFO	[jepsen worker 1] jepsen.util: 1	:invoke	:generate	nil
2026-03-11 14:38:21,186{GMT}	INFO	[jepsen worker 1] jepsen.util: 1	:ok	:generate	"1199-null"
2026-03-11 14:38:21,187{GMT}	INFO	[jepsen worker 2] jepsen.util: 2	:invoke	:generate	nil
2026-03-11 14:38:21,188{GMT}	INFO	[jepsen worker 2] jepsen.util: 2	:ok	:generate	"1054-null"
2026-03-11 14:38:21,189{GMT}	INFO	[jepsen worker 0] jepsen.util: 0	:invoke	:generate	nil
2026-03-11 14:38:21,189{GMT}	INFO	[jepsen worker 0] jepsen.util: 0	:ok	:generate	"1631-null"
2026-03-11 14:38:21,190{GMT}	INFO	[jepsen worker 0] jepsen.util: 0	:invoke	:generate	nil
2026-03-11 14:38:21,191{GMT}	INFO	[jepsen worker 0] jepsen.util: 0	:ok	:generate	"1632-null"
2026-03-11 14:38:21,192{GMT}	INFO	[jepsen worker 1] jepsen.util: 1	:invoke	:generate	nil
2026-03-11 14:38:21,192{GMT}	INFO	[jepsen worker 1] jepsen.util: 1	:ok	:generate	"1200-null"
2026-03-11 14:38:21,193{GMT}	INFO	[jepsen worker 2] jepsen.util: 2	:invoke	:generate	nil
2026-03-11 14:38:21,193{GMT}	INFO	[jepsen worker 2] jepsen.util: 2	:ok	:generate	"1055-null"
2026-03-11 14:38:21,194{GMT}	INFO	[jepsen worker 0] jepsen.util: 0	:invoke	:generate	nil
2026-03-11 14:38:21,194{GMT}	INFO	[jepsen worker 0] jepsen.util: 0	:ok	:generate	"1633-null"
2026-03-11 14:38:21,196{GMT}	INFO	[jepsen worker 0] jepsen.util: 0	:invoke	:generate	nil
2026-03-11 14:38:21,196{GMT}	INFO	[jepsen worker 0] jepsen.util: 0	:ok	:generate	"1634-null"
2026-03-11 14:38:21,197{GMT}	INFO	[jepsen worker 1] jepsen.util: 1	:invoke	:generate	nil
2026-03-11 14:38:21,197{GMT}	INFO	[jepsen worker 2] jepsen.util: 2	:invoke	:generate	nil
2026-03-11 14:38:21,198{GMT}	INFO	[jepsen worker 2] jepsen.util: 2	:ok	:generate	"1056-null"
2026-03-11 14:38:21,198{GMT}	INFO	[jepsen worker 1] jepsen.util: 1	:ok	:generate	"1201-null"
2026-03-11 14:38:21,198{GMT}	INFO	[jepsen worker 0] jepsen.util: 0	:invoke	:generate	nil
2026-03-11 14:38:21,199{GMT}	INFO	[jepsen worker 0] jepsen.util: 0	:ok	:generate	"1635-null"
2026-03-11 14:38:21,199{GMT}	INFO	[jepsen worker 0] jepsen.util: 0	:invoke	:generate	nil
2026-03-11 14:38:21,199{GMT}	INFO	[jepsen worker 0] jepsen.util: 0	:ok	:generate	"1636-null"
2026-03-11 14:38:21,200{GMT}	INFO	[jepsen worker 1] jepsen.util: 1	:invoke	:generate	nil
2026-03-11 14:38:21,200{GMT}	INFO	[jepsen worker 1] jepsen.util: 1	:ok	:generate	"1202-null"
2026-03-11 14:38:21,201{GMT}	INFO	[jepsen worker 2] jepsen.util: 2	:invoke	:generate	nil
2026-03-11 14:38:21,202{GMT}	INFO	[jepsen worker 2] jepsen.util: 2	:ok	:generate	"1057-null"
2026-03-11 14:38:21,202{GMT}	INFO	[jepsen worker 0] jepsen.util: 0	:invoke	:generate	nil
2026-03-11 14:38:21,202{GMT}	INFO	[jepsen worker 1] jepsen.util: 1	:invoke	:generate	nil
2026-03-11 14:38:21,203{GMT}	INFO	[jepsen worker 0] jepsen.util: 0	:ok	:generate	"1637-null"
2026-03-11 14:38:21,203{GMT}	INFO	[jepsen worker 1] jepsen.util: 1	:ok	:generate	"1203-null"
2026-03-11 14:38:21,204{GMT}	INFO	[jepsen worker 1] jepsen.util: 1	:invoke	:generate	nil
2026-03-11 14:38:21,204{GMT}	INFO	[jepsen worker 1] jepsen.util: 1	:ok	:generate	"1204-null"
2026-03-11 14:38:21,206{GMT}	INFO	[jepsen worker 2] jepsen.util: 2	:invoke	:generate	nil
2026-03-11 14:38:21,206{GMT}	INFO	[jepsen worker 2] jepsen.util: 2	:ok	:generate	"1058-null"
2026-03-11 14:38:21,207{GMT}	INFO	[jepsen worker 0] jepsen.util: 0	:invoke	:generate	nil
2026-03-11 14:38:21,208{GMT}	INFO	[jepsen worker 1] jepsen.util: 1	:invoke	:generate	nil
2026-03-11 14:38:21,208{GMT}	INFO	[jepsen worker 0] jepsen.util: 0	:ok	:generate	"1638-null"
2026-03-11 14:38:21,208{GMT}	INFO	[jepsen worker 1] jepsen.util: 1	:ok	:generate	"1205-null"
2026-03-11 14:38:21,209{GMT}	INFO	[jepsen worker 1] jepsen.util: 1	:invoke	:generate	nil
2026-03-11 14:38:21,210{GMT}	INFO	[jepsen worker 1] jepsen.util: 1	:ok	:generate	"1206-null"
2026-03-11 14:38:21,211{GMT}	INFO	[jepsen worker 2] jepsen.util: 2	:invoke	:generate	nil
2026-03-11 14:38:21,212{GMT}	INFO	[jepsen worker 2] jepsen.util: 2	:ok	:generate	"1059-null"
2026-03-11 14:38:21,213{GMT}	INFO	[jepsen worker 0] jepsen.util: 0	:invoke	:generate	nil
2026-03-11 14:38:21,213{GMT}	INFO	[jepsen worker 0] jepsen.util: 0	:ok	:generate	"1639-null"
2026-03-11 14:38:21,213{GMT}	INFO	[jepsen worker 0] jepsen.util: 0	:invoke	:generate	nil
2026-03-11 14:38:21,213{GMT}	INFO	[jepsen worker 0] jepsen.util: 0	:ok	:generate	"1640-null"
2026-03-11 14:38:21,215{GMT}	INFO	[jepsen worker 1] jepsen.util: 1	:invoke	:generate	nil
2026-03-11 14:38:21,216{GMT}	INFO	[jepsen worker 1] jepsen.util: 1	:ok	:generate	"1207-null"
2026-03-11 14:38:21,216{GMT}	INFO	[jepsen worker 2] jepsen.util: 2	:invoke	:generate	nil
2026-03-11 14:38:21,216{GMT}	INFO	[jepsen worker 0] jepsen.util: 0	:invoke	:generate	nil
2026-03-11 14:38:21,216{GMT}	INFO	[jepsen worker 2] jepsen.util: 2	:ok	:generate	"1060-null"
2026-03-11 14:38:21,216{GMT}	INFO	[jepsen worker 0] jepsen.util: 0	:ok	:generate	"1641-null"
2026-03-11 14:38:21,217{GMT}	INFO	[jepsen worker 0] jepsen.util: 0	:invoke	:generate	nil
2026-03-11 14:38:21,218{GMT}	INFO	[jepsen worker 0] jepsen.util: 0	:ok	:generate	"1642-null"
2026-03-11 14:38:21,219{GMT}	INFO	[jepsen worker 1] jepsen.util: 1	:invoke	:generate	nil
2026-03-11 14:38:21,219{GMT}	INFO	[jepsen worker 1] jepsen.util: 1	:ok	:generate	"1208-null"
2026-03-11 14:38:21,220{GMT}	INFO	[jepsen worker 2] jepsen.util: 2	:invoke	:generate	nil
2026-03-11 14:38:21,221{GMT}	INFO	[jepsen worker 2] jepsen.util: 2	:ok	:generate	"1061-null"
2026-03-11 14:38:21,222{GMT}	INFO	[jepsen worker 0] jepsen.util: 0	:invoke	:generate	nil
2026-03-11 14:38:21,222{GMT}	INFO	[jepsen worker 0] jepsen.util: 0	:ok	:generate	"1643-null"
2026-03-11 14:38:21,223{GMT}	INFO	[jepsen worker 0] jepsen.util: 0	:invoke	:generate	nil
2026-03-11 14:38:21,223{GMT}	INFO	[jepsen worker 0] jepsen.util: 0	:ok	:generate	"1644-null"
2026-03-11 14:38:21,224{GMT}	INFO	[jepsen worker 1] jepsen.util: 1	:invoke	:generate	nil
2026-03-11 14:38:21,224{GMT}	INFO	[jepsen worker 1] jepsen.util: 1	:ok	:generate	"1209-null"
2026-03-11 14:38:21,224{GMT}	INFO	[jepsen worker 2] jepsen.util: 2	:invoke	:generate	nil
2026-03-11 14:38:21,225{GMT}	INFO	[jepsen worker 2] jepsen.util: 2	:ok	:generate	"1062-null"
2026-03-11 14:38:21,226{GMT}	INFO	[jepsen worker 0] jepsen.util: 0	:invoke	:generate	nil
2026-03-11 14:38:21,226{GMT}	INFO	[jepsen worker 0] jepsen.util: 0	:ok	:generate	"1645-null"
2026-03-11 14:38:21,227{GMT}	INFO	[jepsen worker 0] jepsen.util: 0	:invoke	:generate	nil
2026-03-11 14:38:21,227{GMT}	INFO	[jepsen worker 0] jepsen.util: 0	:ok	:generate	"1646-null"
2026-03-11 14:38:21,228{GMT}	INFO	[jepsen worker 1] jepsen.util: 1	:invoke	:generate	nil
2026-03-11 14:38:21,228{GMT}	INFO	[jepsen worker 1] jepsen.util: 1	:ok	:generate	"1210-null"
2026-03-11 14:38:21,228{GMT}	INFO	[jepsen worker 2] jepsen.util: 2	:invoke	:generate	nil
2026-03-11 14:38:21,228{GMT}	INFO	[jepsen worker 2] jepsen.util: 2	:ok	:generate	"1063-null"
2026-03-11 14:38:21,229{GMT}	INFO	[jepsen worker 0] jepsen.util: 0	:invoke	:generate	nil
2026-03-11 14:38:21,229{GMT}	INFO	[jepsen worker 0] jepsen.util: 0	:ok	:generate	"1647-null"
2026-03-11 14:38:21,230{GMT}	INFO	[jepsen worker 0] jepsen.util: 0	:invoke	:generate	nil
2026-03-11 14:38:21,231{GMT}	INFO	[jepsen worker 0] jepsen.util: 0	:ok	:generate	"1648-null"
2026-03-11 14:38:21,231{GMT}	INFO	[jepsen worker 1] jepsen.util: 1	:invoke	:generate	nil
2026-03-11 14:38:21,232{GMT}	INFO	[jepsen worker 1] jepsen.util: 1	:ok	:generate	"1211-null"
2026-03-11 14:38:21,232{GMT}	INFO	[jepsen worker 2] jepsen.util: 2	:invoke	:generate	nil
2026-03-11 14:38:21,232{GMT}	INFO	[jepsen worker 2] jepsen.util: 2	:ok	:generate	"1064-null"
2026-03-11 14:38:21,233{GMT}	INFO	[jepsen worker 0] jepsen.util: 0	:invoke	:generate	nil
2026-03-11 14:38:21,234{GMT}	INFO	[jepsen worker 0] jepsen.util: 0	:ok	:generate	"1649-null"
2026-03-11 14:38:21,234{GMT}	INFO	[jepsen worker 0] jepsen.util: 0	:invoke	:generate	nil
2026-03-11 14:38:21,234{GMT}	INFO	[jepsen worker 0] jepsen.util: 0	:ok	:generate	"1650-null"
2026-03-11 14:38:21,235{GMT}	INFO	[jepsen worker 1] jepsen.util: 1	:invoke	:generate	nil
2026-03-11 14:38:21,235{GMT}	INFO	[jepsen worker 1] jepsen.util: 1	:ok	:generate	"1212-null"
2026-03-11 14:38:21,236{GMT}	INFO	[jepsen worker 2] jepsen.util: 2	:invoke	:generate	nil
2026-03-11 14:38:21,237{GMT}	INFO	[jepsen worker 2] jepsen.util: 2	:ok	:generate	"1065-null"
2026-03-11 14:38:21,238{GMT}	INFO	[jepsen worker 0] jepsen.util: 0	:invoke	:generate	nil
2026-03-11 14:38:21,239{GMT}	INFO	[jepsen worker 0] jepsen.util: 0	:ok	:generate	"1651-null"
2026-03-11 14:38:21,240{GMT}	INFO	[jepsen worker 0] jepsen.util: 0	:invoke	:generate	nil
2026-03-11 14:38:21,241{GMT}	INFO	[jepsen worker 0] jepsen.util: 0	:ok	:generate	"1652-null"
2026-03-11 14:38:21,242{GMT}	INFO	[jepsen worker 1] jepsen.util: 1	:invoke	:generate	nil
2026-03-11 14:38:21,243{GMT}	INFO	[jepsen worker 1] jepsen.util: 1	:ok	:generate	"1213-null"
2026-03-11 14:38:21,244{GMT}	INFO	[jepsen worker 2] jepsen.util: 2	:invoke	:generate	nil
2026-03-11 14:38:21,244{GMT}	INFO	[jepsen worker 2] jepsen.util: 2	:ok	:generate	"1066-null"
2026-03-11 14:38:21,246{GMT}	INFO	[jepsen worker 0] jepsen.util: 0	:invoke	:generate	nil
2026-03-11 14:38:21,246{GMT}	INFO	[jepsen worker 0] jepsen.util: 0	:ok	:generate	"1653-null"
2026-03-11 14:38:21,247{GMT}	INFO	[jepsen worker 0] jepsen.util: 0	:invoke	:generate	nil
2026-03-11 14:38:21,248{GMT}	INFO	[jepsen worker 0] jepsen.util: 0	:ok	:generate	"1654-null"
2026-03-11 14:38:21,249{GMT}	INFO	[jepsen worker 1] jepsen.util: 1	:invoke	:generate	nil
2026-03-11 14:38:21,249{GMT}	INFO	[jepsen worker 1] jepsen.util: 1	:ok	:generate	"1214-null"
2026-03-11 14:38:21,251{GMT}	INFO	[jepsen worker 2] jepsen.util: 2	:invoke	:generate	nil
2026-03-11 14:38:21,251{GMT}	INFO	[jepsen worker 2] jepsen.util: 2	:ok	:generate	"1067-null"
2026-03-11 14:38:21,253{GMT}	INFO	[jepsen worker 0] jepsen.util: 0	:invoke	:generate	nil
2026-03-11 14:38:21,253{GMT}	INFO	[jepsen worker 0] jepsen.util: 0	:ok	:generate	"1655-null"
2026-03-11 14:38:21,253{GMT}	INFO	[jepsen worker 0] jepsen.util: 0	:invoke	:generate	nil
2026-03-11 14:38:21,254{GMT}	INFO	[jepsen worker 0] jepsen.util: 0	:ok	:generate	"1656-null"
2026-03-11 14:38:21,254{GMT}	INFO	[jepsen worker 1] jepsen.util: 1	:invoke	:generate	nil
2026-03-11 14:38:21,255{GMT}	INFO	[jepsen worker 1] jepsen.util: 1	:ok	:generate	"1215-null"
2026-03-11 14:38:21,256{GMT}	INFO	[jepsen worker 2] jepsen.util: 2	:invoke	:generate	nil
2026-03-11 14:38:21,257{GMT}	INFO	[jepsen worker 2] jepsen.util: 2	:ok	:generate	"1068-null"
2026-03-11 14:38:21,258{GMT}	INFO	[jepsen worker 0] jepsen.util: 0	:invoke	:generate	nil
2026-03-11 14:38:21,258{GMT}	INFO	[jepsen worker 0] jepsen.util: 0	:ok	:generate	"1657-null"
2026-03-11 14:38:21,259{GMT}	INFO	[jepsen worker 0] jepsen.util: 0	:invoke	:generate	nil
2026-03-11 14:38:21,259{GMT}	INFO	[jepsen worker 0] jepsen.util: 0	:ok	:generate	"1658-null"
2026-03-11 14:38:21,260{GMT}	INFO	[jepsen worker 1] jepsen.util: 1	:invoke	:generate	nil
2026-03-11 14:38:21,261{GMT}	INFO	[jepsen worker 2] jepsen.util: 2	:invoke	:generate	nil
2026-03-11 14:38:21,261{GMT}	INFO	[jepsen worker 1] jepsen.util: 1	:ok	:generate	"1216-null"
2026-03-11 14:38:21,261{GMT}	INFO	[jepsen worker 2] jepsen.util: 2	:ok	:generate	"1069-null"
2026-03-11 14:38:21,261{GMT}	INFO	[jepsen worker 0] jepsen.util: 0	:invoke	:generate	nil
2026-03-11 14:38:21,262{GMT}	INFO	[jepsen worker 0] jepsen.util: 0	:ok	:generate	"1659-null"
2026-03-11 14:38:21,262{GMT}	INFO	[jepsen worker 0] jepsen.util: 0	:invoke	:generate	nil
2026-03-11 14:38:21,263{GMT}	INFO	[jepsen worker 0] jepsen.util: 0	:ok	:generate	"1660-null"
2026-03-11 14:38:21,263{GMT}	INFO	[jepsen worker 1] jepsen.util: 1	:invoke	:generate	nil
2026-03-11 14:38:21,263{GMT}	INFO	[jepsen worker 1] jepsen.util: 1	:ok	:generate	"1217-null"
2026-03-11 14:38:21,265{GMT}	INFO	[jepsen worker 2] jepsen.util: 2	:invoke	:generate	nil
2026-03-11 14:38:21,265{GMT}	INFO	[jepsen worker 2] jepsen.util: 2	:ok	:generate	"1070-null"
2026-03-11 14:38:21,266{GMT}	INFO	[jepsen worker 0] jepsen.util: 0	:invoke	:generate	nil
2026-03-11 14:38:21,267{GMT}	INFO	[jepsen worker 0] jepsen.util: 0	:ok	:generate	"1661-null"
2026-03-11 14:38:21,268{GMT}	INFO	[jepsen worker 0] jepsen.util: 0	:invoke	:generate	nil
2026-03-11 14:38:21,268{GMT}	INFO	[jepsen worker 0] jepsen.util: 0	:ok	:generate	"1662-null"
2026-03-11 14:38:21,270{GMT}	INFO	[jepsen worker 1] jepsen.util: 1	:invoke	:generate	nil
2026-03-11 14:38:21,270{GMT}	INFO	[jepsen worker 1] jepsen.util: 1	:ok	:generate	"1218-null"
2026-03-11 14:38:21,271{GMT}	INFO	[jepsen worker 2] jepsen.util: 2	:invoke	:generate	nil
2026-03-11 14:38:21,271{GMT}	INFO	[jepsen worker 0] jepsen.util: 0	:invoke	:generate	nil
2026-03-11 14:38:21,271{GMT}	INFO	[jepsen worker 1] jepsen.util: 1	:invoke	:generate	nil
2026-03-11 14:38:21,271{GMT}	INFO	[jepsen worker 2] jepsen.util: 2	:ok	:generate	"1071-null"
2026-03-11 14:38:21,271{GMT}	INFO	[jepsen worker 0] jepsen.util: 0	:ok	:generate	"1663-null"
2026-03-11 14:38:21,271{GMT}	INFO	[jepsen worker 1] jepsen.util: 1	:ok	:generate	"1219-null"
2026-03-11 14:38:21,272{GMT}	INFO	[jepsen worker 1] jepsen.util: 1	:invoke	:generate	nil
2026-03-11 14:38:21,272{GMT}	INFO	[jepsen worker 1] jepsen.util: 1	:ok	:generate	"1220-null"
2026-03-11 14:38:21,272{GMT}	INFO	[jepsen worker 2] jepsen.util: 2	:invoke	:generate	nil
2026-03-11 14:38:21,273{GMT}	INFO	[jepsen worker 2] jepsen.util: 2	:ok	:generate	"1072-null"
2026-03-11 14:38:21,273{GMT}	INFO	[jepsen worker 0] jepsen.util: 0	:invoke	:generate	nil
2026-03-11 14:38:21,273{GMT}	INFO	[jepsen worker 0] jepsen.util: 0	:ok	:generate	"1664-null"
2026-03-11 14:38:21,275{GMT}	INFO	[jepsen worker 0] jepsen.util: 0	:invoke	:generate	nil
2026-03-11 14:38:21,275{GMT}	INFO	[jepsen worker 0] jepsen.util: 0	:ok	:generate	"1665-null"
2026-03-11 14:38:21,276{GMT}	INFO	[jepsen worker 1] jepsen.util: 1	:invoke	:generate	nil
2026-03-11 14:38:21,276{GMT}	INFO	[jepsen worker 1] jepsen.util: 1	:ok	:generate	"1221-null"
2026-03-11 14:38:21,277{GMT}	INFO	[jepsen worker 2] jepsen.util: 2	:invoke	:generate	nil
2026-03-11 14:38:21,277{GMT}	INFO	[jepsen worker 2] jepsen.util: 2	:ok	:generate	"1073-null"
2026-03-11 14:38:21,279{GMT}	INFO	[jepsen worker 0] jepsen.util: 0	:invoke	:generate	nil
2026-03-11 14:38:21,279{GMT}	INFO	[jepsen worker 0] jepsen.util: 0	:ok	:generate	"1666-null"
2026-03-11 14:38:21,280{GMT}	INFO	[jepsen worker 0] jepsen.util: 0	:invoke	:generate	nil
2026-03-11 14:38:21,280{GMT}	INFO	[jepsen worker 1] jepsen.util: 1	:invoke	:generate	nil
2026-03-11 14:38:21,281{GMT}	INFO	[jepsen worker 0] jepsen.util: 0	:ok	:generate	"1667-null"
2026-03-11 14:38:21,281{GMT}	INFO	[jepsen worker 1] jepsen.util: 1	:ok	:generate	"1222-null"
2026-03-11 14:38:21,281{GMT}	INFO	[jepsen worker 2] jepsen.util: 2	:invoke	:generate	nil
2026-03-11 14:38:21,281{GMT}	INFO	[jepsen worker 0] jepsen.util: 0	:invoke	:generate	nil
2026-03-11 14:38:21,282{GMT}	INFO	[jepsen worker 0] jepsen.util: 0	:ok	:generate	"1668-null"
2026-03-11 14:38:21,282{GMT}	INFO	[jepsen worker 2] jepsen.util: 2	:ok	:generate	"1074-null"
2026-03-11 14:38:21,283{GMT}	INFO	[jepsen worker 0] jepsen.util: 0	:invoke	:generate	nil
2026-03-11 14:38:21,284{GMT}	INFO	[jepsen worker 0] jepsen.util: 0	:ok	:generate	"1669-null"
2026-03-11 14:38:21,284{GMT}	INFO	[jepsen worker 1] jepsen.util: 1	:invoke	:generate	nil
2026-03-11 14:38:21,285{GMT}	INFO	[jepsen worker 2] jepsen.util: 2	:invoke	:generate	nil
2026-03-11 14:38:21,285{GMT}	INFO	[jepsen worker 1] jepsen.util: 1	:ok	:generate	"1223-null"
2026-03-11 14:38:21,285{GMT}	INFO	[jepsen worker 2] jepsen.util: 2	:ok	:generate	"1075-null"
2026-03-11 14:38:21,286{GMT}	INFO	[jepsen worker 0] jepsen.util: 0	:invoke	:generate	nil
2026-03-11 14:38:21,287{GMT}	INFO	[jepsen worker 0] jepsen.util: 0	:ok	:generate	"1670-null"
2026-03-11 14:38:21,288{GMT}	INFO	[jepsen worker 0] jepsen.util: 0	:invoke	:generate	nil
2026-03-11 14:38:21,288{GMT}	INFO	[jepsen worker 0] jepsen.util: 0	:ok	:generate	"1671-null"
2026-03-11 14:38:21,288{GMT}	INFO	[jepsen worker 1] jepsen.util: 1	:invoke	:generate	nil
2026-03-11 14:38:21,289{GMT}	INFO	[jepsen worker 1] jepsen.util: 1	:ok	:generate	"1224-null"
2026-03-11 14:38:21,290{GMT}	INFO	[jepsen worker 2] jepsen.util: 2	:invoke	:generate	nil
2026-03-11 14:38:21,291{GMT}	INFO	[jepsen worker 2] jepsen.util: 2	:ok	:generate	"1076-null"
2026-03-11 14:38:21,291{GMT}	INFO	[jepsen worker 0] jepsen.util: 0	:invoke	:generate	nil
2026-03-11 14:38:21,291{GMT}	INFO	[jepsen worker 0] jepsen.util: 0	:ok	:generate	"1672-null"
2026-03-11 14:38:21,292{GMT}	INFO	[jepsen worker 0] jepsen.util: 0	:invoke	:generate	nil
2026-03-11 14:38:21,293{GMT}	INFO	[jepsen worker 0] jepsen.util: 0	:ok	:generate	"1673-null"
2026-03-11 14:38:21,294{GMT}	INFO	[jepsen worker 1] jepsen.util: 1	:invoke	:generate	nil
2026-03-11 14:38:21,295{GMT}	INFO	[jepsen worker 1] jepsen.util: 1	:ok	:generate	"1225-null"
2026-03-11 14:38:21,295{GMT}	INFO	[jepsen worker 2] jepsen.util: 2	:invoke	:generate	nil
2026-03-11 14:38:21,295{GMT}	INFO	[jepsen worker 2] jepsen.util: 2	:ok	:generate	"1077-null"
2026-03-11 14:38:21,296{GMT}	INFO	[jepsen worker 0] jepsen.util: 0	:invoke	:generate	nil
2026-03-11 14:38:21,297{GMT}	INFO	[jepsen worker 0] jepsen.util: 0	:ok	:generate	"1674-null"
2026-03-11 14:38:21,297{GMT}	INFO	[jepsen worker 0] jepsen.util: 0	:invoke	:generate	nil
2026-03-11 14:38:21,297{GMT}	INFO	[jepsen worker 0] jepsen.util: 0	:ok	:generate	"1675-null"
2026-03-11 14:38:21,297{GMT}	INFO	[jepsen worker 1] jepsen.util: 1	:invoke	:generate	nil
2026-03-11 14:38:21,298{GMT}	INFO	[jepsen worker 1] jepsen.util: 1	:ok	:generate	"1226-null"
2026-03-11 14:38:21,299{GMT}	INFO	[jepsen worker 2] jepsen.util: 2	:invoke	:generate	nil
2026-03-11 14:38:21,299{GMT}	INFO	[jepsen worker 2] jepsen.util: 2	:ok	:generate	"1078-null"
2026-03-11 14:38:21,300{GMT}	INFO	[jepsen worker 0] jepsen.util: 0	:invoke	:generate	nil
2026-03-11 14:38:21,300{GMT}	INFO	[jepsen worker 0] jepsen.util: 0	:ok	:generate	"1676-null"
2026-03-11 14:38:21,301{GMT}	INFO	[jepsen worker 0] jepsen.util: 0	:invoke	:generate	nil
2026-03-11 14:38:21,302{GMT}	INFO	[jepsen worker 0] jepsen.util: 0	:ok	:generate	"1677-null"
2026-03-11 14:38:21,302{GMT}	INFO	[jepsen worker 1] jepsen.util: 1	:invoke	:generate	nil
2026-03-11 14:38:21,303{GMT}	INFO	[jepsen worker 1] jepsen.util: 1	:ok	:generate	"1227-null"
2026-03-11 14:38:21,304{GMT}	INFO	[jepsen worker 2] jepsen.util: 2	:invoke	:generate	nil
2026-03-11 14:38:21,304{GMT}	INFO	[jepsen worker 2] jepsen.util: 2	:ok	:generate	"1079-null"
2026-03-11 14:38:21,305{GMT}	INFO	[jepsen worker 0] jepsen.util: 0	:invoke	:generate	nil
2026-03-11 14:38:21,305{GMT}	INFO	[jepsen worker 0] jepsen.util: 0	:ok	:generate	"1678-null"
2026-03-11 14:38:21,305{GMT}	INFO	[jepsen worker 0] jepsen.util: 0	:invoke	:generate	nil
2026-03-11 14:38:21,305{GMT}	INFO	[jepsen worker 0] jepsen.util: 0	:ok	:generate	"1679-null"
2026-03-11 14:38:21,306{GMT}	INFO	[jepsen worker 1] jepsen.util: 1	:invoke	:generate	nil
2026-03-11 14:38:21,307{GMT}	INFO	[jepsen worker 1] jepsen.util: 1	:ok	:generate	"1228-null"
2026-03-11 14:38:21,308{GMT}	INFO	[jepsen worker 2] jepsen.util: 2	:invoke	:generate	nil
2026-03-11 14:38:21,308{GMT}	INFO	[jepsen worker 2] jepsen.util: 2	:ok	:generate	"1080-null"
2026-03-11 14:38:21,309{GMT}	INFO	[jepsen worker 0] jepsen.util: 0	:invoke	:generate	nil
2026-03-11 14:38:21,309{GMT}	INFO	[jepsen worker 1] jepsen.util: 1	:invoke	:generate	nil
2026-03-11 14:38:21,309{GMT}	INFO	[jepsen worker 0] jepsen.util: 0	:ok	:generate	"1680-null"
2026-03-11 14:38:21,309{GMT}	INFO	[jepsen worker 2] jepsen.util: 2	:invoke	:generate	nil
2026-03-11 14:38:21,309{GMT}	INFO	[jepsen worker 1] jepsen.util: 1	:ok	:generate	"1229-null"
2026-03-11 14:38:21,310{GMT}	INFO	[jepsen worker 2] jepsen.util: 2	:ok	:generate	"1081-null"
2026-03-11 14:38:21,311{GMT}	INFO	[jepsen worker 2] jepsen.util: 2	:invoke	:generate	nil
2026-03-11 14:38:21,311{GMT}	INFO	[jepsen worker 2] jepsen.util: 2	:ok	:generate	"1082-null"
2026-03-11 14:38:21,311{GMT}	INFO	[jepsen worker 0] jepsen.util: 0	:invoke	:generate	nil
2026-03-11 14:38:21,312{GMT}	INFO	[jepsen worker 0] jepsen.util: 0	:ok	:generate	"1681-null"
2026-03-11 14:38:21,312{GMT}	INFO	[jepsen worker 0] jepsen.util: 0	:invoke	:generate	nil
2026-03-11 14:38:21,312{GMT}	INFO	[jepsen worker 1] jepsen.util: 1	:invoke	:generate	nil
2026-03-11 14:38:21,312{GMT}	INFO	[jepsen worker 0] jepsen.util: 0	:ok	:generate	"1682-null"
2026-03-11 14:38:21,313{GMT}	INFO	[jepsen worker 1] jepsen.util: 1	:ok	:generate	"1230-null"
2026-03-11 14:38:21,314{GMT}	INFO	[jepsen worker 2] jepsen.util: 2	:invoke	:generate	nil
2026-03-11 14:38:21,314{GMT}	INFO	[jepsen worker 0] jepsen.util: 0	:invoke	:generate	nil
2026-03-11 14:38:21,314{GMT}	INFO	[jepsen worker 2] jepsen.util: 2	:ok	:generate	"1083-null"
2026-03-11 14:38:21,314{GMT}	INFO	[jepsen worker 0] jepsen.util: 0	:ok	:generate	"1683-null"
2026-03-11 14:38:21,315{GMT}	INFO	[jepsen worker 0] jepsen.util: 0	:invoke	:generate	nil
2026-03-11 14:38:21,315{GMT}	INFO	[jepsen worker 1] jepsen.util: 1	:invoke	:generate	nil
2026-03-11 14:38:21,315{GMT}	INFO	[jepsen worker 0] jepsen.util: 0	:ok	:generate	"1684-null"
2026-03-11 14:38:21,316{GMT}	INFO	[jepsen worker 1] jepsen.util: 1	:ok	:generate	"1231-null"
2026-03-11 14:38:21,317{GMT}	INFO	[jepsen worker 2] jepsen.util: 2	:invoke	:generate	nil
2026-03-11 14:38:21,317{GMT}	INFO	[jepsen worker 2] jepsen.util: 2	:ok	:generate	"1084-null"
2026-03-11 14:38:21,318{GMT}	INFO	[jepsen worker 0] jepsen.util: 0	:invoke	:generate	nil
2026-03-11 14:38:21,318{GMT}	INFO	[jepsen worker 0] jepsen.util: 0	:ok	:generate	"1685-null"
2026-03-11 14:38:21,319{GMT}	INFO	[jepsen worker 0] jepsen.util: 0	:invoke	:generate	nil
2026-03-11 14:38:21,319{GMT}	INFO	[jepsen worker 0] jepsen.util: 0	:ok	:generate	"1686-null"
2026-03-11 14:38:21,321{GMT}	INFO	[jepsen worker 1] jepsen.util: 1	:invoke	:generate	nil
2026-03-11 14:38:21,321{GMT}	INFO	[jepsen worker 1] jepsen.util: 1	:ok	:generate	"1232-null"
2026-03-11 14:38:21,321{GMT}	INFO	[jepsen worker 2] jepsen.util: 2	:invoke	:generate	nil
2026-03-11 14:38:21,321{GMT}	INFO	[jepsen worker 2] jepsen.util: 2	:ok	:generate	"1085-null"
2026-03-11 14:38:21,323{GMT}	INFO	[jepsen worker 0] jepsen.util: 0	:invoke	:generate	nil
2026-03-11 14:38:21,323{GMT}	INFO	[jepsen worker 1] jepsen.util: 1	:invoke	:generate	nil
2026-03-11 14:38:21,323{GMT}	INFO	[jepsen worker 0] jepsen.util: 0	:ok	:generate	"1687-null"
2026-03-11 14:38:21,323{GMT}	INFO	[jepsen worker 1] jepsen.util: 1	:ok	:generate	"1233-null"
2026-03-11 14:38:21,325{GMT}	INFO	[jepsen worker 1] jepsen.util: 1	:invoke	:generate	nil
2026-03-11 14:38:21,325{GMT}	INFO	[jepsen worker 1] jepsen.util: 1	:ok	:generate	"1234-null"
2026-03-11 14:38:21,326{GMT}	INFO	[jepsen worker 2] jepsen.util: 2	:invoke	:generate	nil
2026-03-11 14:38:21,327{GMT}	INFO	[jepsen worker 2] jepsen.util: 2	:ok	:generate	"1086-null"
2026-03-11 14:38:21,328{GMT}	INFO	[jepsen worker 0] jepsen.util: 0	:invoke	:generate	nil
2026-03-11 14:38:21,328{GMT}	INFO	[jepsen worker 0] jepsen.util: 0	:ok	:generate	"1688-null"
2026-03-11 14:38:21,328{GMT}	INFO	[jepsen worker 0] jepsen.util: 0	:invoke	:generate	nil
2026-03-11 14:38:21,329{GMT}	INFO	[jepsen worker 0] jepsen.util: 0	:ok	:generate	"1689-null"
2026-03-11 14:38:21,330{GMT}	INFO	[jepsen worker 1] jepsen.util: 1	:invoke	:generate	nil
2026-03-11 14:38:21,330{GMT}	INFO	[jepsen worker 1] jepsen.util: 1	:ok	:generate	"1235-null"
2026-03-11 14:38:21,330{GMT}	INFO	[jepsen worker 2] jepsen.util: 2	:invoke	:generate	nil
2026-03-11 14:38:21,330{GMT}	INFO	[jepsen worker 2] jepsen.util: 2	:ok	:generate	"1087-null"
2026-03-11 14:38:21,332{GMT}	INFO	[jepsen worker 0] jepsen.util: 0	:invoke	:generate	nil
2026-03-11 14:38:21,332{GMT}	INFO	[jepsen worker 0] jepsen.util: 0	:ok	:generate	"1690-null"
2026-03-11 14:38:21,334{GMT}	INFO	[jepsen worker 0] jepsen.util: 0	:invoke	:generate	nil
2026-03-11 14:38:21,334{GMT}	INFO	[jepsen worker 0] jepsen.util: 0	:ok	:generate	"1691-null"
2026-03-11 14:38:21,336{GMT}	INFO	[jepsen worker 1] jepsen.util: 1	:invoke	:generate	nil
2026-03-11 14:38:21,336{GMT}	INFO	[jepsen worker 1] jepsen.util: 1	:ok	:generate	"1236-null"
2026-03-11 14:38:21,337{GMT}	INFO	[jepsen worker 2] jepsen.util: 2	:invoke	:generate	nil
2026-03-11 14:38:21,338{GMT}	INFO	[jepsen worker 2] jepsen.util: 2	:ok	:generate	"1088-null"
2026-03-11 14:38:21,339{GMT}	INFO	[jepsen worker 0] jepsen.util: 0	:invoke	:generate	nil
2026-03-11 14:38:21,340{GMT}	INFO	[jepsen worker 0] jepsen.util: 0	:ok	:generate	"1692-null"
2026-03-11 14:38:21,340{GMT}	INFO	[jepsen worker 0] jepsen.util: 0	:invoke	:generate	nil
2026-03-11 14:38:21,342{GMT}	INFO	[jepsen worker 0] jepsen.util: 0	:ok	:generate	"1693-null"
2026-03-11 14:38:21,342{GMT}	INFO	[jepsen worker 1] jepsen.util: 1	:invoke	:generate	nil
2026-03-11 14:38:21,342{GMT}	INFO	[jepsen worker 1] jepsen.util: 1	:ok	:generate	"1237-null"
2026-03-11 14:38:21,343{GMT}	INFO	[jepsen worker 2] jepsen.util: 2	:invoke	:generate	nil
2026-03-11 14:38:21,343{GMT}	INFO	[jepsen worker 2] jepsen.util: 2	:ok	:generate	"1089-null"
2026-03-11 14:38:21,344{GMT}	INFO	[jepsen worker 0] jepsen.util: 0	:invoke	:generate	nil
2026-03-11 14:38:21,344{GMT}	INFO	[jepsen worker 0] jepsen.util: 0	:ok	:generate	"1694-null"
2026-03-11 14:38:21,345{GMT}	INFO	[jepsen worker 0] jepsen.util: 0	:invoke	:generate	nil
2026-03-11 14:38:21,346{GMT}	INFO	[jepsen worker 1] jepsen.util: 1	:invoke	:generate	nil
2026-03-11 14:38:21,346{GMT}	INFO	[jepsen worker 0] jepsen.util: 0	:ok	:generate	"1695-null"
2026-03-11 14:38:21,346{GMT}	INFO	[jepsen worker 1] jepsen.util: 1	:ok	:generate	"1238-null"
2026-03-11 14:38:21,347{GMT}	INFO	[jepsen worker 2] jepsen.util: 2	:invoke	:generate	nil
2026-03-11 14:38:21,347{GMT}	INFO	[jepsen worker 2] jepsen.util: 2	:ok	:generate	"1090-null"
2026-03-11 14:38:21,348{GMT}	INFO	[jepsen worker 0] jepsen.util: 0	:invoke	:generate	nil
2026-03-11 14:38:21,348{GMT}	INFO	[jepsen worker 1] jepsen.util: 1	:invoke	:generate	nil
2026-03-11 14:38:21,348{GMT}	INFO	[jepsen worker 0] jepsen.util: 0	:ok	:generate	"1696-null"
2026-03-11 14:38:21,348{GMT}	INFO	[jepsen worker 1] jepsen.util: 1	:ok	:generate	"1239-null"
2026-03-11 14:38:21,349{GMT}	INFO	[jepsen worker 1] jepsen.util: 1	:invoke	:generate	nil
2026-03-11 14:38:21,349{GMT}	INFO	[jepsen worker 1] jepsen.util: 1	:ok	:generate	"1240-null"
2026-03-11 14:38:21,351{GMT}	INFO	[jepsen worker 2] jepsen.util: 2	:invoke	:generate	nil
2026-03-11 14:38:21,351{GMT}	INFO	[jepsen worker 2] jepsen.util: 2	:ok	:generate	"1091-null"
2026-03-11 14:38:21,352{GMT}	INFO	[jepsen worker 0] jepsen.util: 0	:invoke	:generate	nil
2026-03-11 14:38:21,352{GMT}	INFO	[jepsen worker 1] jepsen.util: 1	:invoke	:generate	nil
2026-03-11 14:38:21,352{GMT}	INFO	[jepsen worker 0] jepsen.util: 0	:ok	:generate	"1697-null"
2026-03-11 14:38:21,352{GMT}	INFO	[jepsen worker 1] jepsen.util: 1	:ok	:generate	"1241-null"
2026-03-11 14:38:21,354{GMT}	INFO	[jepsen worker 1] jepsen.util: 1	:invoke	:generate	nil
2026-03-11 14:38:21,354{GMT}	INFO	[jepsen worker 1] jepsen.util: 1	:ok	:generate	"1242-null"
2026-03-11 14:38:21,355{GMT}	INFO	[jepsen worker 2] jepsen.util: 2	:invoke	:generate	nil
2026-03-11 14:38:21,355{GMT}	INFO	[jepsen worker 2] jepsen.util: 2	:ok	:generate	"1092-null"
2026-03-11 14:38:21,356{GMT}	INFO	[jepsen worker 0] jepsen.util: 0	:invoke	:generate	nil
2026-03-11 14:38:21,357{GMT}	INFO	[jepsen worker 1] jepsen.util: 1	:invoke	:generate	nil
2026-03-11 14:38:21,357{GMT}	INFO	[jepsen worker 0] jepsen.util: 0	:ok	:generate	"1698-null"
2026-03-11 14:38:21,357{GMT}	INFO	[jepsen worker 1] jepsen.util: 1	:ok	:generate	"1243-null"
2026-03-11 14:38:21,358{GMT}	INFO	[jepsen worker 1] jepsen.util: 1	:invoke	:generate	nil
2026-03-11 14:38:21,358{GMT}	INFO	[jepsen worker 1] jepsen.util: 1	:ok	:generate	"1244-null"
2026-03-11 14:38:21,359{GMT}	INFO	[jepsen worker 2] jepsen.util: 2	:invoke	:generate	nil
2026-03-11 14:38:21,359{GMT}	INFO	[jepsen worker 0] jepsen.util: 0	:invoke	:generate	nil
2026-03-11 14:38:21,360{GMT}	INFO	[jepsen worker 2] jepsen.util: 2	:ok	:generate	"1093-null"
2026-03-11 14:38:21,360{GMT}	INFO	[jepsen worker 0] jepsen.util: 0	:ok	:generate	"1699-null"
2026-03-11 14:38:21,361{GMT}	INFO	[jepsen worker 0] jepsen.util: 0	:invoke	:generate	nil
2026-03-11 14:38:21,362{GMT}	INFO	[jepsen worker 0] jepsen.util: 0	:ok	:generate	"1700-null"
2026-03-11 14:38:21,363{GMT}	INFO	[jepsen worker 1] jepsen.util: 1	:invoke	:generate	nil
2026-03-11 14:38:21,364{GMT}	INFO	[jepsen worker 1] jepsen.util: 1	:ok	:generate	"1245-null"
2026-03-11 14:38:21,365{GMT}	INFO	[jepsen worker 2] jepsen.util: 2	:invoke	:generate	nil
2026-03-11 14:38:21,365{GMT}	INFO	[jepsen worker 2] jepsen.util: 2	:ok	:generate	"1094-null"
2026-03-11 14:38:21,366{GMT}	INFO	[jepsen worker 0] jepsen.util: 0	:invoke	:generate	nil
2026-03-11 14:38:21,367{GMT}	INFO	[jepsen worker 0] jepsen.util: 0	:ok	:generate	"1701-null"
2026-03-11 14:38:21,367{GMT}	INFO	[jepsen worker 0] jepsen.util: 0	:invoke	:generate	nil
2026-03-11 14:38:21,367{GMT}	INFO	[jepsen worker 0] jepsen.util: 0	:ok	:generate	"1702-null"
2026-03-11 14:38:21,369{GMT}	INFO	[jepsen worker 1] jepsen.util: 1	:invoke	:generate	nil
2026-03-11 14:38:21,369{GMT}	INFO	[jepsen worker 1] jepsen.util: 1	:ok	:generate	"1246-null"
2026-03-11 14:38:21,370{GMT}	INFO	[jepsen worker 2] jepsen.util: 2	:invoke	:generate	nil
2026-03-11 14:38:21,371{GMT}	INFO	[jepsen worker 2] jepsen.util: 2	:ok	:generate	"1095-null"
2026-03-11 14:38:21,371{GMT}	INFO	[jepsen worker 0] jepsen.util: 0	:invoke	:generate	nil
2026-03-11 14:38:21,371{GMT}	INFO	[jepsen worker 0] jepsen.util: 0	:ok	:generate	"1703-null"
2026-03-11 14:38:21,372{GMT}	INFO	[jepsen worker 0] jepsen.util: 0	:invoke	:generate	nil
2026-03-11 14:38:21,372{GMT}	INFO	[jepsen worker 0] jepsen.util: 0	:ok	:generate	"1704-null"
2026-03-11 14:38:21,372{GMT}	INFO	[jepsen worker 1] jepsen.util: 1	:invoke	:generate	nil
2026-03-11 14:38:21,372{GMT}	INFO	[jepsen worker 1] jepsen.util: 1	:ok	:generate	"1247-null"
2026-03-11 14:38:21,373{GMT}	INFO	[jepsen worker 2] jepsen.util: 2	:invoke	:generate	nil
2026-03-11 14:38:21,374{GMT}	INFO	[jepsen worker 2] jepsen.util: 2	:ok	:generate	"1096-null"
2026-03-11 14:38:21,375{GMT}	INFO	[jepsen worker 0] jepsen.util: 0	:invoke	:generate	nil
2026-03-11 14:38:21,376{GMT}	INFO	[jepsen worker 0] jepsen.util: 0	:ok	:generate	"1705-null"
2026-03-11 14:38:21,376{GMT}	INFO	[jepsen worker 0] jepsen.util: 0	:invoke	:generate	nil
2026-03-11 14:38:21,376{GMT}	INFO	[jepsen worker 0] jepsen.util: 0	:ok	:generate	"1706-null"
2026-03-11 14:38:21,378{GMT}	INFO	[jepsen worker 1] jepsen.util: 1	:invoke	:generate	nil
2026-03-11 14:38:21,378{GMT}	INFO	[jepsen worker 2] jepsen.util: 2	:invoke	:generate	nil
2026-03-11 14:38:21,378{GMT}	INFO	[jepsen worker 1] jepsen.util: 1	:ok	:generate	"1248-null"
2026-03-11 14:38:21,379{GMT}	INFO	[jepsen worker 2] jepsen.util: 2	:ok	:generate	"1097-null"
2026-03-11 14:38:21,380{GMT}	INFO	[jepsen worker 0] jepsen.util: 0	:invoke	:generate	nil
2026-03-11 14:38:21,380{GMT}	INFO	[jepsen worker 0] jepsen.util: 0	:ok	:generate	"1707-null"
2026-03-11 14:38:21,382{GMT}	INFO	[jepsen worker 0] jepsen.util: 0	:invoke	:generate	nil
2026-03-11 14:38:21,383{GMT}	INFO	[jepsen worker 1] jepsen.util: 1	:invoke	:generate	nil
2026-03-11 14:38:21,383{GMT}	INFO	[jepsen worker 0] jepsen.util: 0	:ok	:generate	"1708-null"
2026-03-11 14:38:21,383{GMT}	INFO	[jepsen worker 2] jepsen.util: 2	:invoke	:generate	nil
2026-03-11 14:38:21,383{GMT}	INFO	[jepsen worker 0] jepsen.util: 0	:invoke	:generate	nil
2026-03-11 14:38:21,383{GMT}	INFO	[jepsen worker 2] jepsen.util: 2	:ok	:generate	"1098-null"
2026-03-11 14:38:21,383{GMT}	INFO	[jepsen worker 1] jepsen.util: 1	:ok	:generate	"1249-null"
2026-03-11 14:38:21,383{GMT}	INFO	[jepsen worker 0] jepsen.util: 0	:ok	:generate	"1709-null"
2026-03-11 14:38:21,385{GMT}	INFO	[jepsen worker 0] jepsen.util: 0	:invoke	:generate	nil
2026-03-11 14:38:21,385{GMT}	INFO	[jepsen worker 0] jepsen.util: 0	:ok	:generate	"1710-null"
2026-03-11 14:38:21,386{GMT}	INFO	[jepsen worker 1] jepsen.util: 1	:invoke	:generate	nil
2026-03-11 14:38:21,386{GMT}	INFO	[jepsen worker 1] jepsen.util: 1	:ok	:generate	"1250-null"
2026-03-11 14:38:21,387{GMT}	INFO	[jepsen worker 2] jepsen.util: 2	:invoke	:generate	nil
2026-03-11 14:38:21,388{GMT}	INFO	[jepsen worker 2] jepsen.util: 2	:ok	:generate	"1099-null"
2026-03-11 14:38:21,388{GMT}	INFO	[jepsen worker 0] jepsen.util: 0	:invoke	:generate	nil
2026-03-11 14:38:21,389{GMT}	INFO	[jepsen worker 0] jepsen.util: 0	:ok	:generate	"1711-null"
2026-03-11 14:38:21,389{GMT}	INFO	[jepsen worker 0] jepsen.util: 0	:invoke	:generate	nil
2026-03-11 14:38:21,389{GMT}	INFO	[jepsen worker 0] jepsen.util: 0	:ok	:generate	"1712-null"
2026-03-11 14:38:21,389{GMT}	INFO	[jepsen worker 1] jepsen.util: 1	:invoke	:generate	nil
2026-03-11 14:38:21,389{GMT}	INFO	[jepsen worker 1] jepsen.util: 1	:ok	:generate	"1251-null"
2026-03-11 14:38:21,391{GMT}	INFO	[jepsen worker 2] jepsen.util: 2	:invoke	:generate	nil
2026-03-11 14:38:21,392{GMT}	INFO	[jepsen worker 2] jepsen.util: 2	:ok	:generate	"1100-null"
2026-03-11 14:38:21,392{GMT}	INFO	[jepsen worker 0] jepsen.util: 0	:invoke	:generate	nil
2026-03-11 14:38:21,393{GMT}	INFO	[jepsen worker 0] jepsen.util: 0	:ok	:generate	"1713-null"
2026-03-11 14:38:21,394{GMT}	INFO	[jepsen worker 0] jepsen.util: 0	:invoke	:generate	nil
2026-03-11 14:38:21,394{GMT}	INFO	[jepsen worker 0] jepsen.util: 0	:ok	:generate	"1714-null"
2026-03-11 14:38:21,396{GMT}	INFO	[jepsen worker 1] jepsen.util: 1	:invoke	:generate	nil
2026-03-11 14:38:21,396{GMT}	INFO	[jepsen worker 1] jepsen.util: 1	:ok	:generate	"1252-null"
2026-03-11 14:38:21,397{GMT}	INFO	[jepsen worker 2] jepsen.util: 2	:invoke	:generate	nil
2026-03-11 14:38:21,398{GMT}	INFO	[jepsen worker 2] jepsen.util: 2	:ok	:generate	"1101-null"
2026-03-11 14:38:21,399{GMT}	INFO	[jepsen worker 0] jepsen.util: 0	:invoke	:generate	nil
2026-03-11 14:38:21,399{GMT}	INFO	[jepsen worker 0] jepsen.util: 0	:ok	:generate	"1715-null"
2026-03-11 14:38:21,399{GMT}	INFO	[jepsen worker 0] jepsen.util: 0	:invoke	:generate	nil
2026-03-11 14:38:21,400{GMT}	INFO	[jepsen worker 0] jepsen.util: 0	:ok	:generate	"1716-null"
2026-03-11 14:38:21,401{GMT}	INFO	[jepsen worker 1] jepsen.util: 1	:invoke	:generate	nil
2026-03-11 14:38:21,401{GMT}	INFO	[jepsen worker 1] jepsen.util: 1	:ok	:generate	"1253-null"
2026-03-11 14:38:21,402{GMT}	INFO	[jepsen worker 2] jepsen.util: 2	:invoke	:generate	nil
2026-03-11 14:38:21,402{GMT}	INFO	[jepsen worker 2] jepsen.util: 2	:ok	:generate	"1102-null"
2026-03-11 14:38:21,403{GMT}	INFO	[jepsen worker 0] jepsen.util: 0	:invoke	:generate	nil
2026-03-11 14:38:21,403{GMT}	INFO	[jepsen worker 0] jepsen.util: 0	:ok	:generate	"1717-null"
2026-03-11 14:38:21,404{GMT}	INFO	[jepsen worker 0] jepsen.util: 0	:invoke	:generate	nil
2026-03-11 14:38:21,404{GMT}	INFO	[jepsen worker 0] jepsen.util: 0	:ok	:generate	"1718-null"
2026-03-11 14:38:21,404{GMT}	INFO	[jepsen worker 1] jepsen.util: 1	:invoke	:generate	nil
2026-03-11 14:38:21,405{GMT}	INFO	[jepsen worker 1] jepsen.util: 1	:ok	:generate	"1254-null"
2026-03-11 14:38:21,406{GMT}	INFO	[jepsen worker 2] jepsen.util: 2	:invoke	:generate	nil
2026-03-11 14:38:21,407{GMT}	INFO	[jepsen worker 2] jepsen.util: 2	:ok	:generate	"1103-null"
2026-03-11 14:38:21,408{GMT}	INFO	[jepsen worker 0] jepsen.util: 0	:invoke	:generate	nil
2026-03-11 14:38:21,408{GMT}	INFO	[jepsen worker 0] jepsen.util: 0	:ok	:generate	"1719-null"
2026-03-11 14:38:21,409{GMT}	INFO	[jepsen worker 0] jepsen.util: 0	:invoke	:generate	nil
2026-03-11 14:38:21,410{GMT}	INFO	[jepsen worker 0] jepsen.util: 0	:ok	:generate	"1720-null"
2026-03-11 14:38:21,411{GMT}	INFO	[jepsen worker 1] jepsen.util: 1	:invoke	:generate	nil
2026-03-11 14:38:21,411{GMT}	INFO	[jepsen worker 1] jepsen.util: 1	:ok	:generate	"1255-null"
2026-03-11 14:38:21,412{GMT}	INFO	[jepsen worker 2] jepsen.util: 2	:invoke	:generate	nil
2026-03-11 14:38:21,412{GMT}	INFO	[jepsen worker 2] jepsen.util: 2	:ok	:generate	"1104-null"
2026-03-11 14:38:21,413{GMT}	INFO	[jepsen worker 0] jepsen.util: 0	:invoke	:generate	nil
2026-03-11 14:38:21,414{GMT}	INFO	[jepsen worker 0] jepsen.util: 0	:ok	:generate	"1721-null"
2026-03-11 14:38:21,415{GMT}	INFO	[jepsen worker 0] jepsen.util: 0	:invoke	:generate	nil
2026-03-11 14:38:21,415{GMT}	INFO	[jepsen worker 0] jepsen.util: 0	:ok	:generate	"1722-null"
2026-03-11 14:38:21,417{GMT}	INFO	[jepsen worker 1] jepsen.util: 1	:invoke	:generate	nil
2026-03-11 14:38:21,417{GMT}	INFO	[jepsen worker 2] jepsen.util: 2	:invoke	:generate	nil
2026-03-11 14:38:21,417{GMT}	INFO	[jepsen worker 1] jepsen.util: 1	:ok	:generate	"1256-null"
2026-03-11 14:38:21,417{GMT}	INFO	[jepsen worker 2] jepsen.util: 2	:ok	:generate	"1105-null"
2026-03-11 14:38:21,419{GMT}	INFO	[jepsen worker 0] jepsen.util: 0	:invoke	:generate	nil
2026-03-11 14:38:21,419{GMT}	INFO	[jepsen worker 0] jepsen.util: 0	:ok	:generate	"1723-null"
2026-03-11 14:38:21,420{GMT}	INFO	[jepsen worker 0] jepsen.util: 0	:invoke	:generate	nil
2026-03-11 14:38:21,420{GMT}	INFO	[jepsen worker 0] jepsen.util: 0	:ok	:generate	"1724-null"
2026-03-11 14:38:21,421{GMT}	INFO	[jepsen worker 1] jepsen.util: 1	:invoke	:generate	nil
2026-03-11 14:38:21,422{GMT}	INFO	[jepsen worker 1] jepsen.util: 1	:ok	:generate	"1257-null"
2026-03-11 14:38:21,422{GMT}	INFO	[jepsen worker 2] jepsen.util: 2	:invoke	:generate	nil
2026-03-11 14:38:21,422{GMT}	INFO	[jepsen worker 2] jepsen.util: 2	:ok	:generate	"1106-null"
2026-03-11 14:38:21,422{GMT}	INFO	[jepsen worker 0] jepsen.util: 0	:invoke	:generate	nil
2026-03-11 14:38:21,423{GMT}	INFO	[jepsen worker 0] jepsen.util: 0	:ok	:generate	"1725-null"
2026-03-11 14:38:21,424{GMT}	INFO	[jepsen worker 0] jepsen.util: 0	:invoke	:generate	nil
2026-03-11 14:38:21,424{GMT}	INFO	[jepsen worker 1] jepsen.util: 1	:invoke	:generate	nil
2026-03-11 14:38:21,424{GMT}	INFO	[jepsen worker 1] jepsen.util: 1	:ok	:generate	"1258-null"
2026-03-11 14:38:21,424{GMT}	INFO	[jepsen worker 0] jepsen.util: 0	:ok	:generate	"1726-null"
2026-03-11 14:38:21,426{GMT}	INFO	[jepsen worker 2] jepsen.util: 2	:invoke	:generate	nil
2026-03-11 14:38:21,426{GMT}	INFO	[jepsen worker 2] jepsen.util: 2	:ok	:generate	"1107-null"
2026-03-11 14:38:21,427{GMT}	INFO	[jepsen worker 0] jepsen.util: 0	:invoke	:generate	nil
2026-03-11 14:38:21,428{GMT}	INFO	[jepsen worker 0] jepsen.util: 0	:ok	:generate	"1727-null"
2026-03-11 14:38:21,429{GMT}	INFO	[jepsen worker 0] jepsen.util: 0	:invoke	:generate	nil
2026-03-11 14:38:21,430{GMT}	INFO	[jepsen worker 0] jepsen.util: 0	:ok	:generate	"1728-null"
2026-03-11 14:38:21,431{GMT}	INFO	[jepsen worker 1] jepsen.util: 1	:invoke	:generate	nil
2026-03-11 14:38:21,431{GMT}	INFO	[jepsen worker 1] jepsen.util: 1	:ok	:generate	"1259-null"
2026-03-11 14:38:21,431{GMT}	INFO	[jepsen worker 2] jepsen.util: 2	:invoke	:generate	nil
2026-03-11 14:38:21,432{GMT}	INFO	[jepsen worker 2] jepsen.util: 2	:ok	:generate	"1108-null"
2026-03-11 14:38:21,432{GMT}	INFO	[jepsen worker 0] jepsen.util: 0	:invoke	:generate	nil
2026-03-11 14:38:21,433{GMT}	INFO	[jepsen worker 0] jepsen.util: 0	:ok	:generate	"1729-null"
2026-03-11 14:38:21,433{GMT}	INFO	[jepsen worker 0] jepsen.util: 0	:invoke	:generate	nil
2026-03-11 14:38:21,433{GMT}	INFO	[jepsen worker 0] jepsen.util: 0	:ok	:generate	"1730-null"
2026-03-11 14:38:21,435{GMT}	INFO	[jepsen worker 1] jepsen.util: 1	:invoke	:generate	nil
2026-03-11 14:38:21,435{GMT}	INFO	[jepsen worker 2] jepsen.util: 2	:invoke	:generate	nil
2026-03-11 14:38:21,435{GMT}	INFO	[jepsen worker 1] jepsen.util: 1	:ok	:generate	"1260-null"
2026-03-11 14:38:21,436{GMT}	INFO	[jepsen worker 0] jepsen.util: 0	:invoke	:generate	nil
2026-03-11 14:38:21,436{GMT}	INFO	[jepsen worker 2] jepsen.util: 2	:ok	:generate	"1109-null"
2026-03-11 14:38:21,436{GMT}	INFO	[jepsen worker 0] jepsen.util: 0	:ok	:generate	"1731-null"
2026-03-11 14:38:21,437{GMT}	INFO	[jepsen worker 0] jepsen.util: 0	:invoke	:generate	nil
2026-03-11 14:38:21,437{GMT}	INFO	[jepsen worker 1] jepsen.util: 1	:invoke	:generate	nil
2026-03-11 14:38:21,437{GMT}	INFO	[jepsen worker 0] jepsen.util: 0	:ok	:generate	"1732-null"
2026-03-11 14:38:21,438{GMT}	INFO	[jepsen worker 1] jepsen.util: 1	:ok	:generate	"1261-null"
2026-03-11 14:38:21,439{GMT}	INFO	[jepsen worker 2] jepsen.util: 2	:invoke	:generate	nil
2026-03-11 14:38:21,439{GMT}	INFO	[jepsen worker 2] jepsen.util: 2	:ok	:generate	"1110-null"
2026-03-11 14:38:21,441{GMT}	INFO	[jepsen worker 0] jepsen.util: 0	:invoke	:generate	nil
2026-03-11 14:38:21,441{GMT}	INFO	[jepsen worker 0] jepsen.util: 0	:ok	:generate	"1733-null"
2026-03-11 14:38:21,441{GMT}	INFO	[jepsen worker 0] jepsen.util: 0	:invoke	:generate	nil
2026-03-11 14:38:21,442{GMT}	INFO	[jepsen worker 1] jepsen.util: 1	:invoke	:generate	nil
2026-03-11 14:38:21,442{GMT}	INFO	[jepsen worker 0] jepsen.util: 0	:ok	:generate	"1734-null"
2026-03-11 14:38:21,442{GMT}	INFO	[jepsen worker 1] jepsen.util: 1	:ok	:generate	"1262-null"
2026-03-11 14:38:21,443{GMT}	INFO	[jepsen worker 2] jepsen.util: 2	:invoke	:generate	nil
2026-03-11 14:38:21,444{GMT}	INFO	[jepsen worker 2] jepsen.util: 2	:ok	:generate	"1111-null"
2026-03-11 14:38:21,445{GMT}	INFO	[jepsen worker 0] jepsen.util: 0	:invoke	:generate	nil
2026-03-11 14:38:21,445{GMT}	INFO	[jepsen worker 0] jepsen.util: 0	:ok	:generate	"1735-null"
2026-03-11 14:38:21,446{GMT}	INFO	[jepsen worker 0] jepsen.util: 0	:invoke	:generate	nil
2026-03-11 14:38:21,446{GMT}	INFO	[jepsen worker 0] jepsen.util: 0	:ok	:generate	"1736-null"
2026-03-11 14:38:21,447{GMT}	INFO	[jepsen worker 1] jepsen.util: 1	:invoke	:generate	nil
2026-03-11 14:38:21,448{GMT}	INFO	[jepsen worker 1] jepsen.util: 1	:ok	:generate	"1263-null"
2026-03-11 14:38:21,448{GMT}	INFO	[jepsen worker 2] jepsen.util: 2	:invoke	:generate	nil
2026-03-11 14:38:21,449{GMT}	INFO	[jepsen worker 2] jepsen.util: 2	:ok	:generate	"1112-null"
2026-03-11 14:38:21,450{GMT}	INFO	[jepsen worker 0] jepsen.util: 0	:invoke	:generate	nil
2026-03-11 14:38:21,451{GMT}	INFO	[jepsen worker 1] jepsen.util: 1	:invoke	:generate	nil
2026-03-11 14:38:21,451{GMT}	INFO	[jepsen worker 0] jepsen.util: 0	:ok	:generate	"1737-null"
2026-03-11 14:38:21,451{GMT}	INFO	[jepsen worker 1] jepsen.util: 1	:ok	:generate	"1264-null"
2026-03-11 14:38:21,452{GMT}	INFO	[jepsen worker 1] jepsen.util: 1	:invoke	:generate	nil
2026-03-11 14:38:21,452{GMT}	INFO	[jepsen worker 1] jepsen.util: 1	:ok	:generate	"1265-null"
2026-03-11 14:38:21,454{GMT}	INFO	[jepsen worker 2] jepsen.util: 2	:invoke	:generate	nil
2026-03-11 14:38:21,454{GMT}	INFO	[jepsen worker 2] jepsen.util: 2	:ok	:generate	"1113-null"
2026-03-11 14:38:21,455{GMT}	INFO	[jepsen worker 0] jepsen.util: 0	:invoke	:generate	nil
2026-03-11 14:38:21,455{GMT}	INFO	[jepsen worker 1] jepsen.util: 1	:invoke	:generate	nil
2026-03-11 14:38:21,455{GMT}	INFO	[jepsen worker 0] jepsen.util: 0	:ok	:generate	"1738-null"
2026-03-11 14:38:21,455{GMT}	INFO	[jepsen worker 1] jepsen.util: 1	:ok	:generate	"1266-null"
2026-03-11 14:38:21,456{GMT}	INFO	[jepsen worker 1] jepsen.util: 1	:invoke	:generate	nil
2026-03-11 14:38:21,457{GMT}	INFO	[jepsen worker 1] jepsen.util: 1	:ok	:generate	"1267-null"
2026-03-11 14:38:21,457{GMT}	INFO	[jepsen worker 2] jepsen.util: 2	:invoke	:generate	nil
2026-03-11 14:38:21,457{GMT}	INFO	[jepsen worker 2] jepsen.util: 2	:ok	:generate	"1114-null"
2026-03-11 14:38:21,458{GMT}	INFO	[jepsen worker 0] jepsen.util: 0	:invoke	:generate	nil
2026-03-11 14:38:21,459{GMT}	INFO	[jepsen worker 0] jepsen.util: 0	:ok	:generate	"1739-null"
2026-03-11 14:38:21,459{GMT}	INFO	[jepsen worker 0] jepsen.util: 0	:invoke	:generate	nil
2026-03-11 14:38:21,460{GMT}	INFO	[jepsen worker 0] jepsen.util: 0	:ok	:generate	"1740-null"
2026-03-11 14:38:21,461{GMT}	INFO	[jepsen worker 1] jepsen.util: 1	:invoke	:generate	nil
2026-03-11 14:38:21,461{GMT}	INFO	[jepsen worker 1] jepsen.util: 1	:ok	:generate	"1268-null"
2026-03-11 14:38:21,462{GMT}	INFO	[jepsen worker 2] jepsen.util: 2	:invoke	:generate	nil
2026-03-11 14:38:21,463{GMT}	INFO	[jepsen worker 2] jepsen.util: 2	:ok	:generate	"1115-null"
2026-03-11 14:38:21,463{GMT}	INFO	[jepsen worker 0] jepsen.util: 0	:invoke	:generate	nil
2026-03-11 14:38:21,464{GMT}	INFO	[jepsen worker 0] jepsen.util: 0	:ok	:generate	"1741-null"
2026-03-11 14:38:21,465{GMT}	INFO	[jepsen worker 0] jepsen.util: 0	:invoke	:generate	nil
2026-03-11 14:38:21,466{GMT}	INFO	[jepsen worker 0] jepsen.util: 0	:ok	:generate	"1742-null"
2026-03-11 14:38:21,466{GMT}	INFO	[jepsen worker 1] jepsen.util: 1	:invoke	:generate	nil
2026-03-11 14:38:21,467{GMT}	INFO	[jepsen worker 1] jepsen.util: 1	:ok	:generate	"1269-null"
2026-03-11 14:38:21,468{GMT}	INFO	[jepsen worker 2] jepsen.util: 2	:invoke	:generate	nil
2026-03-11 14:38:21,468{GMT}	INFO	[jepsen worker 0] jepsen.util: 0	:invoke	:generate	nil
2026-03-11 14:38:21,468{GMT}	INFO	[jepsen worker 2] jepsen.util: 2	:ok	:generate	"1116-null"
2026-03-11 14:38:21,469{GMT}	INFO	[jepsen worker 0] jepsen.util: 0	:ok	:generate	"1743-null"
2026-03-11 14:38:21,469{GMT}	INFO	[jepsen worker 0] jepsen.util: 0	:invoke	:generate	nil
2026-03-11 14:38:21,470{GMT}	INFO	[jepsen worker 0] jepsen.util: 0	:ok	:generate	"1744-null"
2026-03-11 14:38:21,470{GMT}	INFO	[jepsen worker 1] jepsen.util: 1	:invoke	:generate	nil
2026-03-11 14:38:21,470{GMT}	INFO	[jepsen worker 1] jepsen.util: 1	:ok	:generate	"1270-null"
2026-03-11 14:38:21,471{GMT}	INFO	[jepsen worker 2] jepsen.util: 2	:invoke	:generate	nil
2026-03-11 14:38:21,471{GMT}	INFO	[jepsen worker 0] jepsen.util: 0	:invoke	:generate	nil
2026-03-11 14:38:21,472{GMT}	INFO	[jepsen worker 2] jepsen.util: 2	:ok	:generate	"1117-null"
2026-03-11 14:38:21,472{GMT}	INFO	[jepsen worker 0] jepsen.util: 0	:ok	:generate	"1745-null"
2026-03-11 14:38:21,473{GMT}	INFO	[jepsen worker 0] jepsen.util: 0	:invoke	:generate	nil
2026-03-11 14:38:21,473{GMT}	INFO	[jepsen worker 0] jepsen.util: 0	:ok	:generate	"1746-null"
2026-03-11 14:38:21,474{GMT}	INFO	[jepsen worker 1] jepsen.util: 1	:invoke	:generate	nil
2026-03-11 14:38:21,474{GMT}	INFO	[jepsen worker 2] jepsen.util: 2	:invoke	:generate	nil
2026-03-11 14:38:21,474{GMT}	INFO	[jepsen worker 1] jepsen.util: 1	:ok	:generate	"1271-null"
2026-03-11 14:38:21,475{GMT}	INFO	[jepsen worker 2] jepsen.util: 2	:ok	:generate	"1118-null"
2026-03-11 14:38:21,475{GMT}	INFO	[jepsen worker 0] jepsen.util: 0	:invoke	:generate	nil
2026-03-11 14:38:21,475{GMT}	INFO	[jepsen worker 1] jepsen.util: 1	:invoke	:generate	nil
2026-03-11 14:38:21,475{GMT}	INFO	[jepsen worker 0] jepsen.util: 0	:ok	:generate	"1747-null"
2026-03-11 14:38:21,476{GMT}	INFO	[jepsen worker 1] jepsen.util: 1	:ok	:generate	"1272-null"
2026-03-11 14:38:21,476{GMT}	INFO	[jepsen worker 1] jepsen.util: 1	:invoke	:generate	nil
2026-03-11 14:38:21,476{GMT}	INFO	[jepsen worker 1] jepsen.util: 1	:ok	:generate	"1273-null"
2026-03-11 14:38:21,477{GMT}	INFO	[jepsen worker 2] jepsen.util: 2	:invoke	:generate	nil
2026-03-11 14:38:21,478{GMT}	INFO	[jepsen worker 2] jepsen.util: 2	:ok	:generate	"1119-null"
2026-03-11 14:38:21,479{GMT}	INFO	[jepsen worker 0] jepsen.util: 0	:invoke	:generate	nil
2026-03-11 14:38:21,479{GMT}	INFO	[jepsen worker 0] jepsen.util: 0	:ok	:generate	"1748-null"
2026-03-11 14:38:21,480{GMT}	INFO	[jepsen worker 0] jepsen.util: 0	:invoke	:generate	nil
2026-03-11 14:38:21,480{GMT}	INFO	[jepsen worker 0] jepsen.util: 0	:ok	:generate	"1749-null"
2026-03-11 14:38:21,481{GMT}	INFO	[jepsen worker 1] jepsen.util: 1	:invoke	:generate	nil
2026-03-11 14:38:21,481{GMT}	INFO	[jepsen worker 1] jepsen.util: 1	:ok	:generate	"1274-null"
2026-03-11 14:38:21,483{GMT}	INFO	[jepsen worker 2] jepsen.util: 2	:invoke	:generate	nil
2026-03-11 14:38:21,483{GMT}	INFO	[jepsen worker 2] jepsen.util: 2	:ok	:generate	"1120-null"
2026-03-11 14:38:21,484{GMT}	INFO	[jepsen worker 0] jepsen.util: 0	:invoke	:generate	nil
2026-03-11 14:38:21,484{GMT}	INFO	[jepsen worker 0] jepsen.util: 0	:ok	:generate	"1750-null"
2026-03-11 14:38:21,485{GMT}	INFO	[jepsen worker 0] jepsen.util: 0	:invoke	:generate	nil
2026-03-11 14:38:21,485{GMT}	INFO	[jepsen worker 0] jepsen.util: 0	:ok	:generate	"1751-null"
2026-03-11 14:38:21,486{GMT}	INFO	[jepsen worker 1] jepsen.util: 1	:invoke	:generate	nil
2026-03-11 14:38:21,486{GMT}	INFO	[jepsen worker 1] jepsen.util: 1	:ok	:generate	"1275-null"
2026-03-11 14:38:21,487{GMT}	INFO	[jepsen worker 2] jepsen.util: 2	:invoke	:generate	nil
2026-03-11 14:38:21,487{GMT}	INFO	[jepsen worker 2] jepsen.util: 2	:ok	:generate	"1121-null"
2026-03-11 14:38:21,489{GMT}	INFO	[jepsen worker 0] jepsen.util: 0	:invoke	:generate	nil
2026-03-11 14:38:21,489{GMT}	INFO	[jepsen worker 0] jepsen.util: 0	:ok	:generate	"1752-null"
2026-03-11 14:38:21,490{GMT}	INFO	[jepsen worker 0] jepsen.util: 0	:invoke	:generate	nil
2026-03-11 14:38:21,490{GMT}	INFO	[jepsen worker 0] jepsen.util: 0	:ok	:generate	"1753-null"
2026-03-11 14:38:21,491{GMT}	INFO	[jepsen worker 1] jepsen.util: 1	:invoke	:generate	nil
2026-03-11 14:38:21,492{GMT}	INFO	[jepsen worker 2] jepsen.util: 2	:invoke	:generate	nil
2026-03-11 14:38:21,492{GMT}	INFO	[jepsen worker 1] jepsen.util: 1	:ok	:generate	"1276-null"
2026-03-11 14:38:21,492{GMT}	INFO	[jepsen worker 2] jepsen.util: 2	:ok	:generate	"1122-null"
2026-03-11 14:38:21,493{GMT}	INFO	[jepsen worker 0] jepsen.util: 0	:invoke	:generate	nil
2026-03-11 14:38:21,494{GMT}	INFO	[jepsen worker 0] jepsen.util: 0	:ok	:generate	"1754-null"
2026-03-11 14:38:21,495{GMT}	INFO	[jepsen worker 0] jepsen.util: 0	:invoke	:generate	nil
2026-03-11 14:38:21,496{GMT}	INFO	[jepsen worker 1] jepsen.util: 1	:invoke	:generate	nil
2026-03-11 14:38:21,496{GMT}	INFO	[jepsen worker 0] jepsen.util: 0	:ok	:generate	"1755-null"
2026-03-11 14:38:21,496{GMT}	INFO	[jepsen worker 1] jepsen.util: 1	:ok	:generate	"1277-null"
2026-03-11 14:38:21,497{GMT}	INFO	[jepsen worker 2] jepsen.util: 2	:invoke	:generate	nil
2026-03-11 14:38:21,497{GMT}	INFO	[jepsen worker 2] jepsen.util: 2	:ok	:generate	"1123-null"
2026-03-11 14:38:21,499{GMT}	INFO	[jepsen worker 0] jepsen.util: 0	:invoke	:generate	nil
2026-03-11 14:38:21,499{GMT}	INFO	[jepsen worker 0] jepsen.util: 0	:ok	:generate	"1756-null"
2026-03-11 14:38:21,501{GMT}	INFO	[jepsen worker 0] jepsen.util: 0	:invoke	:generate	nil
2026-03-11 14:38:21,502{GMT}	INFO	[jepsen worker 0] jepsen.util: 0	:ok	:generate	"1757-null"
2026-03-11 14:38:21,502{GMT}	INFO	[jepsen worker 1] jepsen.util: 1	:invoke	:generate	nil
2026-03-11 14:38:21,502{GMT}	INFO	[jepsen worker 1] jepsen.util: 1	:ok	:generate	"1278-null"
2026-03-11 14:38:21,503{GMT}	INFO	[jepsen worker 2] jepsen.util: 2	:invoke	:generate	nil
2026-03-11 14:38:21,503{GMT}	INFO	[jepsen worker 2] jepsen.util: 2	:ok	:generate	"1124-null"
2026-03-11 14:38:21,504{GMT}	INFO	[jepsen worker 0] jepsen.util: 0	:invoke	:generate	nil
2026-03-11 14:38:21,505{GMT}	INFO	[jepsen worker 0] jepsen.util: 0	:ok	:generate	"1758-null"
2026-03-11 14:38:21,505{GMT}	INFO	[jepsen worker 0] jepsen.util: 0	:invoke	:generate	nil
2026-03-11 14:38:21,505{GMT}	INFO	[jepsen worker 0] jepsen.util: 0	:ok	:generate	"1759-null"
2026-03-11 14:38:21,507{GMT}	INFO	[jepsen worker 1] jepsen.util: 1	:invoke	:generate	nil
2026-03-11 14:38:21,508{GMT}	INFO	[jepsen worker 1] jepsen.util: 1	:ok	:generate	"1279-null"
2026-03-11 14:38:21,508{GMT}	INFO	[jepsen worker 2] jepsen.util: 2	:invoke	:generate	nil
2026-03-11 14:38:21,508{GMT}	INFO	[jepsen worker 2] jepsen.util: 2	:ok	:generate	"1125-null"
2026-03-11 14:38:21,509{GMT}	INFO	[jepsen worker 0] jepsen.util: 0	:invoke	:generate	nil
2026-03-11 14:38:21,509{GMT}	INFO	[jepsen worker 0] jepsen.util: 0	:ok	:generate	"1760-null"
2026-03-11 14:38:21,511{GMT}	INFO	[jepsen worker 0] jepsen.util: 0	:invoke	:generate	nil
2026-03-11 14:38:21,511{GMT}	INFO	[jepsen worker 0] jepsen.util: 0	:ok	:generate	"1761-null"
2026-03-11 14:38:21,512{GMT}	INFO	[jepsen worker 1] jepsen.util: 1	:invoke	:generate	nil
2026-03-11 14:38:21,512{GMT}	INFO	[jepsen worker 1] jepsen.util: 1	:ok	:generate	"1280-null"
2026-03-11 14:38:21,512{GMT}	INFO	[jepsen worker 2] jepsen.util: 2	:invoke	:generate	nil
2026-03-11 14:38:21,512{GMT}	INFO	[jepsen worker 2] jepsen.util: 2	:ok	:generate	"1126-null"
2026-03-11 14:38:21,514{GMT}	INFO	[jepsen worker 0] jepsen.util: 0	:invoke	:generate	nil
2026-03-11 14:38:21,514{GMT}	INFO	[jepsen worker 1] jepsen.util: 1	:invoke	:generate	nil
2026-03-11 14:38:21,515{GMT}	INFO	[jepsen worker 0] jepsen.util: 0	:ok	:generate	"1762-null"
2026-03-11 14:38:21,515{GMT}	INFO	[jepsen worker 1] jepsen.util: 1	:ok	:generate	"1281-null"
2026-03-11 14:38:21,516{GMT}	INFO	[jepsen worker 1] jepsen.util: 1	:invoke	:generate	nil
2026-03-11 14:38:21,516{GMT}	INFO	[jepsen worker 1] jepsen.util: 1	:ok	:generate	"1282-null"
2026-03-11 14:38:21,516{GMT}	INFO	[jepsen worker 2] jepsen.util: 2	:invoke	:generate	nil
2026-03-11 14:38:21,517{GMT}	INFO	[jepsen worker 2] jepsen.util: 2	:ok	:generate	"1127-null"
2026-03-11 14:38:21,518{GMT}	INFO	[jepsen worker 0] jepsen.util: 0	:invoke	:generate	nil
2026-03-11 14:38:21,519{GMT}	INFO	[jepsen worker 0] jepsen.util: 0	:ok	:generate	"1763-null"
2026-03-11 14:38:21,520{GMT}	INFO	[jepsen worker 0] jepsen.util: 0	:invoke	:generate	nil
2026-03-11 14:38:21,521{GMT}	INFO	[jepsen worker 0] jepsen.util: 0	:ok	:generate	"1764-null"
2026-03-11 14:38:21,521{GMT}	INFO	[jepsen worker 1] jepsen.util: 1	:invoke	:generate	nil
2026-03-11 14:38:21,522{GMT}	INFO	[jepsen worker 1] jepsen.util: 1	:ok	:generate	"1283-null"
2026-03-11 14:38:21,523{GMT}	INFO	[jepsen worker 2] jepsen.util: 2	:invoke	:generate	nil
2026-03-11 14:38:21,523{GMT}	INFO	[jepsen worker 2] jepsen.util: 2	:ok	:generate	"1128-null"
2026-03-11 14:38:21,525{GMT}	INFO	[jepsen worker 0] jepsen.util: 0	:invoke	:generate	nil
2026-03-11 14:38:21,525{GMT}	INFO	[jepsen worker 1] jepsen.util: 1	:invoke	:generate	nil
2026-03-11 14:38:21,525{GMT}	INFO	[jepsen worker 0] jepsen.util: 0	:ok	:generate	"1765-null"
2026-03-11 14:38:21,526{GMT}	INFO	[jepsen worker 1] jepsen.util: 1	:ok	:generate	"1284-null"
2026-03-11 14:38:21,526{GMT}	INFO	[jepsen worker 1] jepsen.util: 1	:invoke	:generate	nil
2026-03-11 14:38:21,526{GMT}	INFO	[jepsen worker 1] jepsen.util: 1	:ok	:generate	"1285-null"
2026-03-11 14:38:21,528{GMT}	INFO	[jepsen worker 2] jepsen.util: 2	:invoke	:generate	nil
2026-03-11 14:38:21,528{GMT}	INFO	[jepsen worker 2] jepsen.util: 2	:ok	:generate	"1129-null"
2026-03-11 14:38:21,530{GMT}	INFO	[jepsen worker 0] jepsen.util: 0	:invoke	:generate	nil
2026-03-11 14:38:21,530{GMT}	INFO	[jepsen worker 0] jepsen.util: 0	:ok	:generate	"1766-null"
2026-03-11 14:38:21,530{GMT}	INFO	[jepsen worker 0] jepsen.util: 0	:invoke	:generate	nil
2026-03-11 14:38:21,530{GMT}	INFO	[jepsen worker 0] jepsen.util: 0	:ok	:generate	"1767-null"
2026-03-11 14:38:21,532{GMT}	INFO	[jepsen worker 1] jepsen.util: 1	:invoke	:generate	nil
2026-03-11 14:38:21,532{GMT}	INFO	[jepsen worker 2] jepsen.util: 2	:invoke	:generate	nil
2026-03-11 14:38:21,532{GMT}	INFO	[jepsen worker 0] jepsen.util: 0	:invoke	:generate	nil
2026-03-11 14:38:21,532{GMT}	INFO	[jepsen worker 1] jepsen.util: 1	:ok	:generate	"1286-null"
2026-03-11 14:38:21,533{GMT}	INFO	[jepsen worker 2] jepsen.util: 2	:ok	:generate	"1130-null"
2026-03-11 14:38:21,533{GMT}	INFO	[jepsen worker 1] jepsen.util: 1	:invoke	:generate	nil
2026-03-11 14:38:21,533{GMT}	INFO	[jepsen worker 1] jepsen.util: 1	:ok	:generate	"1287-null"
2026-03-11 14:38:21,533{GMT}	INFO	[jepsen worker 0] jepsen.util: 0	:ok	:generate	"1768-null"
2026-03-11 14:38:21,533{GMT}	INFO	[jepsen worker 1] jepsen.util: 1	:invoke	:generate	nil
2026-03-11 14:38:21,533{GMT}	INFO	[jepsen worker 2] jepsen.util: 2	:invoke	:generate	nil
2026-03-11 14:38:21,534{GMT}	INFO	[jepsen worker 2] jepsen.util: 2	:ok	:generate	"1131-null"
2026-03-11 14:38:21,534{GMT}	INFO	[jepsen worker 1] jepsen.util: 1	:ok	:generate	"1288-null"
2026-03-11 14:38:21,534{GMT}	INFO	[jepsen worker 0] jepsen.util: 0	:invoke	:generate	nil
2026-03-11 14:38:21,535{GMT}	INFO	[jepsen worker 0] jepsen.util: 0	:ok	:generate	"1769-null"
2026-03-11 14:38:21,536{GMT}	INFO	[jepsen worker 0] jepsen.util: 0	:invoke	:generate	nil
2026-03-11 14:38:21,536{GMT}	INFO	[jepsen worker 0] jepsen.util: 0	:ok	:generate	"1770-null"
2026-03-11 14:38:21,536{GMT}	INFO	[jepsen worker 1] jepsen.util: 1	:invoke	:generate	nil
2026-03-11 14:38:21,537{GMT}	INFO	[jepsen worker 1] jepsen.util: 1	:ok	:generate	"1289-null"
2026-03-11 14:38:21,538{GMT}	INFO	[jepsen worker 2] jepsen.util: 2	:invoke	:generate	nil
2026-03-11 14:38:21,538{GMT}	INFO	[jepsen worker 2] jepsen.util: 2	:ok	:generate	"1132-null"
2026-03-11 14:38:21,540{GMT}	INFO	[jepsen worker 0] jepsen.util: 0	:invoke	:generate	nil
2026-03-11 14:38:21,540{GMT}	INFO	[jepsen worker 1] jepsen.util: 1	:invoke	:generate	nil
2026-03-11 14:38:21,541{GMT}	INFO	[jepsen worker 2] jepsen.util: 2	:invoke	:generate	nil
2026-03-11 14:38:21,541{GMT}	INFO	[jepsen worker 0] jepsen.util: 0	:ok	:generate	"1771-null"
2026-03-11 14:38:21,541{GMT}	INFO	[jepsen worker 1] jepsen.util: 1	:ok	:generate	"1290-null"
2026-03-11 14:38:21,541{GMT}	INFO	[jepsen worker 2] jepsen.util: 2	:ok	:generate	"1133-null"
2026-03-11 14:38:21,543{GMT}	INFO	[jepsen worker 2] jepsen.util: 2	:invoke	:generate	nil
2026-03-11 14:38:21,543{GMT}	INFO	[jepsen worker 2] jepsen.util: 2	:ok	:generate	"1134-null"
2026-03-11 14:38:21,545{GMT}	INFO	[jepsen worker 0] jepsen.util: 0	:invoke	:generate	nil
2026-03-11 14:38:21,545{GMT}	INFO	[jepsen worker 0] jepsen.util: 0	:ok	:generate	"1772-null"
2026-03-11 14:38:21,545{GMT}	INFO	[jepsen worker 0] jepsen.util: 0	:invoke	:generate	nil
2026-03-11 14:38:21,545{GMT}	INFO	[jepsen worker 0] jepsen.util: 0	:ok	:generate	"1773-null"
2026-03-11 14:38:21,546{GMT}	INFO	[jepsen worker 1] jepsen.util: 1	:invoke	:generate	nil
2026-03-11 14:38:21,546{GMT}	INFO	[jepsen worker 1] jepsen.util: 1	:ok	:generate	"1291-null"
2026-03-11 14:38:21,548{GMT}	INFO	[jepsen worker 2] jepsen.util: 2	:invoke	:generate	nil
2026-03-11 14:38:21,548{GMT}	INFO	[jepsen worker 2] jepsen.util: 2	:ok	:generate	"1135-null"
2026-03-11 14:38:21,550{GMT}	INFO	[jepsen worker 0] jepsen.util: 0	:invoke	:generate	nil
2026-03-11 14:38:21,550{GMT}	INFO	[jepsen worker 0] jepsen.util: 0	:ok	:generate	"1774-null"
2026-03-11 14:38:21,551{GMT}	INFO	[jepsen worker 0] jepsen.util: 0	:invoke	:generate	nil
2026-03-11 14:38:21,551{GMT}	INFO	[jepsen worker 0] jepsen.util: 0	:ok	:generate	"1775-null"
2026-03-11 14:38:21,552{GMT}	INFO	[jepsen worker 1] jepsen.util: 1	:invoke	:generate	nil
2026-03-11 14:38:21,553{GMT}	INFO	[jepsen worker 1] jepsen.util: 1	:ok	:generate	"1292-null"
2026-03-11 14:38:21,554{GMT}	INFO	[jepsen worker 2] jepsen.util: 2	:invoke	:generate	nil
2026-03-11 14:38:21,554{GMT}	INFO	[jepsen worker 2] jepsen.util: 2	:ok	:generate	"1136-null"
2026-03-11 14:38:21,556{GMT}	INFO	[jepsen worker 0] jepsen.util: 0	:invoke	:generate	nil
2026-03-11 14:38:21,556{GMT}	INFO	[jepsen worker 0] jepsen.util: 0	:ok	:generate	"1776-null"
2026-03-11 14:38:21,558{GMT}	INFO	[jepsen worker 0] jepsen.util: 0	:invoke	:generate	nil
2026-03-11 14:38:21,558{GMT}	INFO	[jepsen worker 0] jepsen.util: 0	:ok	:generate	"1777-null"
2026-03-11 14:38:21,558{GMT}	INFO	[jepsen worker 1] jepsen.util: 1	:invoke	:generate	nil
2026-03-11 14:38:21,559{GMT}	INFO	[jepsen worker 1] jepsen.util: 1	:ok	:generate	"1293-null"
2026-03-11 14:38:21,559{GMT}	INFO	[jepsen worker 2] jepsen.util: 2	:invoke	:generate	nil
2026-03-11 14:38:21,560{GMT}	INFO	[jepsen worker 2] jepsen.util: 2	:ok	:generate	"1137-null"
2026-03-11 14:38:21,561{GMT}	INFO	[jepsen worker 0] jepsen.util: 0	:invoke	:generate	nil
2026-03-11 14:38:21,561{GMT}	INFO	[jepsen worker 0] jepsen.util: 0	:ok	:generate	"1778-null"
2026-03-11 14:38:21,562{GMT}	INFO	[jepsen worker 0] jepsen.util: 0	:invoke	:generate	nil
2026-03-11 14:38:21,562{GMT}	INFO	[jepsen worker 0] jepsen.util: 0	:ok	:generate	"1779-null"
2026-03-11 14:38:21,563{GMT}	INFO	[jepsen worker 1] jepsen.util: 1	:invoke	:generate	nil
2026-03-11 14:38:21,564{GMT}	INFO	[jepsen worker 1] jepsen.util: 1	:ok	:generate	"1294-null"
2026-03-11 14:38:21,565{GMT}	INFO	[jepsen worker 2] jepsen.util: 2	:invoke	:generate	nil
2026-03-11 14:38:21,566{GMT}	INFO	[jepsen worker 2] jepsen.util: 2	:ok	:generate	"1138-null"
2026-03-11 14:38:21,567{GMT}	INFO	[jepsen worker 0] jepsen.util: 0	:invoke	:generate	nil
2026-03-11 14:38:21,567{GMT}	INFO	[jepsen worker 0] jepsen.util: 0	:ok	:generate	"1780-null"
2026-03-11 14:38:21,567{GMT}	INFO	[jepsen worker 0] jepsen.util: 0	:invoke	:generate	nil
2026-03-11 14:38:21,567{GMT}	INFO	[jepsen worker 0] jepsen.util: 0	:ok	:generate	"1781-null"
2026-03-11 14:38:21,569{GMT}	INFO	[jepsen worker 1] jepsen.util: 1	:invoke	:generate	nil
2026-03-11 14:38:21,569{GMT}	INFO	[jepsen worker 2] jepsen.util: 2	:invoke	:generate	nil
2026-03-11 14:38:21,569{GMT}	INFO	[jepsen worker 1] jepsen.util: 1	:ok	:generate	"1295-null"
2026-03-11 14:38:21,569{GMT}	INFO	[jepsen worker 2] jepsen.util: 2	:ok	:generate	"1139-null"
2026-03-11 14:38:21,570{GMT}	INFO	[jepsen worker 0] jepsen.util: 0	:invoke	:generate	nil
2026-03-11 14:38:21,570{GMT}	INFO	[jepsen worker 0] jepsen.util: 0	:ok	:generate	"1782-null"
2026-03-11 14:38:21,571{GMT}	INFO	[jepsen worker 0] jepsen.util: 0	:invoke	:generate	nil
2026-03-11 14:38:21,572{GMT}	INFO	[jepsen worker 0] jepsen.util: 0	:ok	:generate	"1783-null"
2026-03-11 14:38:21,574{GMT}	INFO	[jepsen worker 1] jepsen.util: 1	:invoke	:generate	nil
2026-03-11 14:38:21,574{GMT}	INFO	[jepsen worker 1] jepsen.util: 1	:ok	:generate	"1296-null"
2026-03-11 14:38:21,575{GMT}	INFO	[jepsen worker 2] jepsen.util: 2	:invoke	:generate	nil
2026-03-11 14:38:21,576{GMT}	INFO	[jepsen worker 2] jepsen.util: 2	:ok	:generate	"1140-null"
2026-03-11 14:38:21,576{GMT}	INFO	[jepsen worker 0] jepsen.util: 0	:invoke	:generate	nil
2026-03-11 14:38:21,576{GMT}	INFO	[jepsen worker 0] jepsen.util: 0	:ok	:generate	"1784-null"
2026-03-11 14:38:21,577{GMT}	INFO	[jepsen worker 0] jepsen.util: 0	:invoke	:generate	nil
2026-03-11 14:38:21,577{GMT}	INFO	[jepsen worker 0] jepsen.util: 0	:ok	:generate	"1785-null"
2026-03-11 14:38:21,577{GMT}	INFO	[jepsen worker 1] jepsen.util: 1	:invoke	:generate	nil
2026-03-11 14:38:21,577{GMT}	INFO	[jepsen worker 1] jepsen.util: 1	:ok	:generate	"1297-null"
2026-03-11 14:38:21,579{GMT}	INFO	[jepsen worker 2] jepsen.util: 2	:invoke	:generate	nil
2026-03-11 14:38:21,579{GMT}	INFO	[jepsen worker 2] jepsen.util: 2	:ok	:generate	"1141-null"
2026-03-11 14:38:21,579{GMT}	INFO	[jepsen worker 0] jepsen.util: 0	:invoke	:generate	nil
2026-03-11 14:38:21,579{GMT}	INFO	[jepsen worker 1] jepsen.util: 1	:invoke	:generate	nil
2026-03-11 14:38:21,580{GMT}	INFO	[jepsen worker 0] jepsen.util: 0	:ok	:generate	"1786-null"
2026-03-11 14:38:21,580{GMT}	INFO	[jepsen worker 1] jepsen.util: 1	:ok	:generate	"1298-null"
2026-03-11 14:38:21,580{GMT}	INFO	[jepsen worker 1] jepsen.util: 1	:invoke	:generate	nil
2026-03-11 14:38:21,580{GMT}	INFO	[jepsen worker 1] jepsen.util: 1	:ok	:generate	"1299-null"
2026-03-11 14:38:21,581{GMT}	INFO	[jepsen worker 2] jepsen.util: 2	:invoke	:generate	nil
2026-03-11 14:38:21,581{GMT}	INFO	[jepsen worker 2] jepsen.util: 2	:ok	:generate	"1142-null"
2026-03-11 14:38:21,582{GMT}	INFO	[jepsen worker 0] jepsen.util: 0	:invoke	:generate	nil
2026-03-11 14:38:21,583{GMT}	INFO	[jepsen worker 0] jepsen.util: 0	:ok	:generate	"1787-null"
2026-03-11 14:38:21,584{GMT}	INFO	[jepsen worker 0] jepsen.util: 0	:invoke	:generate	nil
2026-03-11 14:38:21,584{GMT}	INFO	[jepsen worker 0] jepsen.util: 0	:ok	:generate	"1788-null"
2026-03-11 14:38:21,584{GMT}	INFO	[jepsen worker 1] jepsen.util: 1	:invoke	:generate	nil
2026-03-11 14:38:21,585{GMT}	INFO	[jepsen worker 1] jepsen.util: 1	:ok	:generate	"1300-null"
2026-03-11 14:38:21,586{GMT}	INFO	[jepsen worker 2] jepsen.util: 2	:invoke	:generate	nil
2026-03-11 14:38:21,587{GMT}	INFO	[jepsen worker 2] jepsen.util: 2	:ok	:generate	"1143-null"
2026-03-11 14:38:21,587{GMT}	INFO	[jepsen worker 0] jepsen.util: 0	:invoke	:generate	nil
2026-03-11 14:38:21,587{GMT}	INFO	[jepsen worker 0] jepsen.util: 0	:ok	:generate	"1789-null"
2026-03-11 14:38:21,588{GMT}	INFO	[jepsen worker 0] jepsen.util: 0	:invoke	:generate	nil
2026-03-11 14:38:21,589{GMT}	INFO	[jepsen worker 0] jepsen.util: 0	:ok	:generate	"1790-null"
2026-03-11 14:38:21,589{GMT}	INFO	[jepsen worker 1] jepsen.util: 1	:invoke	:generate	nil
2026-03-11 14:38:21,589{GMT}	INFO	[jepsen worker 1] jepsen.util: 1	:ok	:generate	"1301-null"
2026-03-11 14:38:21,591{GMT}	INFO	[jepsen worker 2] jepsen.util: 2	:invoke	:generate	nil
2026-03-11 14:38:21,592{GMT}	INFO	[jepsen worker 2] jepsen.util: 2	:ok	:generate	"1144-null"
2026-03-11 14:38:21,592{GMT}	INFO	[jepsen worker 0] jepsen.util: 0	:invoke	:generate	nil
2026-03-11 14:38:21,593{GMT}	INFO	[jepsen worker 0] jepsen.util: 0	:ok	:generate	"1791-null"
2026-03-11 14:38:21,593{GMT}	INFO	[jepsen worker 0] jepsen.util: 0	:invoke	:generate	nil
2026-03-11 14:38:21,594{GMT}	INFO	[jepsen worker 0] jepsen.util: 0	:ok	:generate	"1792-null"
2026-03-11 14:38:21,595{GMT}	INFO	[jepsen worker 1] jepsen.util: 1	:invoke	:generate	nil
2026-03-11 14:38:21,595{GMT}	INFO	[jepsen worker 1] jepsen.util: 1	:ok	:generate	"1302-null"
2026-03-11 14:38:21,596{GMT}	INFO	[jepsen worker 2] jepsen.util: 2	:invoke	:generate	nil
2026-03-11 14:38:21,597{GMT}	INFO	[jepsen worker 2] jepsen.util: 2	:ok	:generate	"1145-null"
2026-03-11 14:38:21,598{GMT}	INFO	[jepsen worker 0] jepsen.util: 0	:invoke	:generate	nil
2026-03-11 14:38:21,598{GMT}	INFO	[jepsen worker 0] jepsen.util: 0	:ok	:generate	"1793-null"
2026-03-11 14:38:21,599{GMT}	INFO	[jepsen worker 0] jepsen.util: 0	:invoke	:generate	nil
2026-03-11 14:38:21,599{GMT}	INFO	[jepsen worker 0] jepsen.util: 0	:ok	:generate	"1794-null"
2026-03-11 14:38:21,601{GMT}	INFO	[jepsen worker 1] jepsen.util: 1	:invoke	:generate	nil
2026-03-11 14:38:21,602{GMT}	INFO	[jepsen worker 1] jepsen.util: 1	:ok	:generate	"1303-null"
2026-03-11 14:38:21,603{GMT}	INFO	[jepsen worker 2] jepsen.util: 2	:invoke	:generate	nil
2026-03-11 14:38:21,603{GMT}	INFO	[jepsen worker 0] jepsen.util: 0	:invoke	:generate	nil
2026-03-11 14:38:21,603{GMT}	INFO	[jepsen worker 2] jepsen.util: 2	:ok	:generate	"1146-null"
2026-03-11 14:38:21,603{GMT}	INFO	[jepsen worker 0] jepsen.util: 0	:ok	:generate	"1795-null"
2026-03-11 14:38:21,604{GMT}	INFO	[jepsen worker 0] jepsen.util: 0	:invoke	:generate	nil
2026-03-11 14:38:21,605{GMT}	INFO	[jepsen worker 0] jepsen.util: 0	:ok	:generate	"1796-null"
2026-03-11 14:38:21,605{GMT}	INFO	[jepsen worker 1] jepsen.util: 1	:invoke	:generate	nil
2026-03-11 14:38:21,605{GMT}	INFO	[jepsen worker 1] jepsen.util: 1	:ok	:generate	"1304-null"
2026-03-11 14:38:21,606{GMT}	INFO	[jepsen worker 2] jepsen.util: 2	:invoke	:generate	nil
2026-03-11 14:38:21,606{GMT}	INFO	[jepsen worker 0] jepsen.util: 0	:invoke	:generate	nil
2026-03-11 14:38:21,607{GMT}	INFO	[jepsen worker 2] jepsen.util: 2	:ok	:generate	"1147-null"
2026-03-11 14:38:21,607{GMT}	INFO	[jepsen worker 0] jepsen.util: 0	:ok	:generate	"1797-null"
2026-03-11 14:38:21,607{GMT}	INFO	[jepsen worker 0] jepsen.util: 0	:invoke	:generate	nil
2026-03-11 14:38:21,608{GMT}	INFO	[jepsen worker 0] jepsen.util: 0	:ok	:generate	"1798-null"
2026-03-11 14:38:21,609{GMT}	INFO	[jepsen worker 1] jepsen.util: 1	:invoke	:generate	nil
2026-03-11 14:38:21,610{GMT}	INFO	[jepsen worker 1] jepsen.util: 1	:ok	:generate	"1305-null"
2026-03-11 14:38:21,611{GMT}	INFO	[jepsen worker 2] jepsen.util: 2	:invoke	:generate	nil
2026-03-11 14:38:21,611{GMT}	INFO	[jepsen worker 2] jepsen.util: 2	:ok	:generate	"1148-null"
2026-03-11 14:38:21,612{GMT}	INFO	[jepsen worker 0] jepsen.util: 0	:invoke	:generate	nil
2026-03-11 14:38:21,612{GMT}	INFO	[jepsen worker 0] jepsen.util: 0	:ok	:generate	"1799-null"
2026-03-11 14:38:21,612{GMT}	INFO	[jepsen worker 0] jepsen.util: 0	:invoke	:generate	nil
2026-03-11 14:38:21,612{GMT}	INFO	[jepsen worker 0] jepsen.util: 0	:ok	:generate	"1800-null"
2026-03-11 14:38:21,613{GMT}	INFO	[jepsen worker 1] jepsen.util: 1	:invoke	:generate	nil
2026-03-11 14:38:21,613{GMT}	INFO	[jepsen worker 1] jepsen.util: 1	:ok	:generate	"1306-null"
2026-03-11 14:38:21,615{GMT}	INFO	[jepsen worker 2] jepsen.util: 2	:invoke	:generate	nil
2026-03-11 14:38:21,615{GMT}	INFO	[jepsen worker 2] jepsen.util: 2	:ok	:generate	"1149-null"
2026-03-11 14:38:21,616{GMT}	INFO	[jepsen worker 0] jepsen.util: 0	:invoke	:generate	nil
2026-03-11 14:38:21,617{GMT}	INFO	[jepsen worker 0] jepsen.util: 0	:ok	:generate	"1801-null"
2026-03-11 14:38:21,618{GMT}	INFO	[jepsen worker 0] jepsen.util: 0	:invoke	:generate	nil
2026-03-11 14:38:21,619{GMT}	INFO	[jepsen worker 0] jepsen.util: 0	:ok	:generate	"1802-null"
2026-03-11 14:38:21,620{GMT}	INFO	[jepsen worker 1] jepsen.util: 1	:invoke	:generate	nil
2026-03-11 14:38:21,620{GMT}	INFO	[jepsen worker 1] jepsen.util: 1	:ok	:generate	"1307-null"
2026-03-11 14:38:21,621{GMT}	INFO	[jepsen worker 2] jepsen.util: 2	:invoke	:generate	nil
2026-03-11 14:38:21,621{GMT}	INFO	[jepsen worker 0] jepsen.util: 0	:invoke	:generate	nil
2026-03-11 14:38:21,622{GMT}	INFO	[jepsen worker 2] jepsen.util: 2	:ok	:generate	"1150-null"
2026-03-11 14:38:21,622{GMT}	INFO	[jepsen worker 0] jepsen.util: 0	:ok	:generate	"1803-null"
2026-03-11 14:38:21,623{GMT}	INFO	[jepsen worker 0] jepsen.util: 0	:invoke	:generate	nil
2026-03-11 14:38:21,623{GMT}	INFO	[jepsen worker 1] jepsen.util: 1	:invoke	:generate	nil
2026-03-11 14:38:21,623{GMT}	INFO	[jepsen worker 0] jepsen.util: 0	:ok	:generate	"1804-null"
2026-03-11 14:38:21,623{GMT}	INFO	[jepsen worker 1] jepsen.util: 1	:ok	:generate	"1308-null"
2026-03-11 14:38:21,624{GMT}	INFO	[jepsen worker 2] jepsen.util: 2	:invoke	:generate	nil
2026-03-11 14:38:21,625{GMT}	INFO	[jepsen worker 2] jepsen.util: 2	:ok	:generate	"1151-null"
2026-03-11 14:38:21,625{GMT}	INFO	[jepsen worker 0] jepsen.util: 0	:invoke	:generate	nil
2026-03-11 14:38:21,625{GMT}	INFO	[jepsen worker 1] jepsen.util: 1	:invoke	:generate	nil
2026-03-11 14:38:21,626{GMT}	INFO	[jepsen worker 0] jepsen.util: 0	:ok	:generate	"1805-null"
2026-03-11 14:38:21,626{GMT}	INFO	[jepsen worker 1] jepsen.util: 1	:ok	:generate	"1309-null"
2026-03-11 14:38:21,627{GMT}	INFO	[jepsen worker 1] jepsen.util: 1	:invoke	:generate	nil
2026-03-11 14:38:21,627{GMT}	INFO	[jepsen worker 1] jepsen.util: 1	:ok	:generate	"1310-null"
2026-03-11 14:38:21,627{GMT}	INFO	[jepsen worker 2] jepsen.util: 2	:invoke	:generate	nil
2026-03-11 14:38:21,628{GMT}	INFO	[jepsen worker 2] jepsen.util: 2	:ok	:generate	"1152-null"
2026-03-11 14:38:21,628{GMT}	INFO	[jepsen worker 0] jepsen.util: 0	:invoke	:generate	nil
2026-03-11 14:38:21,629{GMT}	INFO	[jepsen worker 0] jepsen.util: 0	:ok	:generate	"1806-null"
2026-03-11 14:38:21,630{GMT}	INFO	[jepsen worker 0] jepsen.util: 0	:invoke	:generate	nil
2026-03-11 14:38:21,630{GMT}	INFO	[jepsen worker 0] jepsen.util: 0	:ok	:generate	"1807-null"
2026-03-11 14:38:21,632{GMT}	INFO	[jepsen worker 1] jepsen.util: 1	:invoke	:generate	nil
2026-03-11 14:38:21,632{GMT}	INFO	[jepsen worker 1] jepsen.util: 1	:ok	:generate	"1311-null"
2026-03-11 14:38:21,633{GMT}	INFO	[jepsen worker 2] jepsen.util: 2	:invoke	:generate	nil
2026-03-11 14:38:21,633{GMT}	INFO	[jepsen worker 2] jepsen.util: 2	:ok	:generate	"1153-null"
2026-03-11 14:38:21,634{GMT}	INFO	[jepsen worker 0] jepsen.util: 0	:invoke	:generate	nil
2026-03-11 14:38:21,634{GMT}	INFO	[jepsen worker 0] jepsen.util: 0	:ok	:generate	"1808-null"
2026-03-11 14:38:21,636{GMT}	INFO	[jepsen worker 0] jepsen.util: 0	:invoke	:generate	nil
2026-03-11 14:38:21,636{GMT}	INFO	[jepsen worker 0] jepsen.util: 0	:ok	:generate	"1809-null"
2026-03-11 14:38:21,637{GMT}	INFO	[jepsen worker 1] jepsen.util: 1	:invoke	:generate	nil
2026-03-11 14:38:21,637{GMT}	INFO	[jepsen worker 1] jepsen.util: 1	:ok	:generate	"1312-null"
2026-03-11 14:38:21,637{GMT}	INFO	[jepsen worker 2] jepsen.util: 2	:invoke	:generate	nil
2026-03-11 14:38:21,638{GMT}	INFO	[jepsen worker 2] jepsen.util: 2	:ok	:generate	"1154-null"
2026-03-11 14:38:21,638{GMT}	INFO	[jepsen worker 0] jepsen.util: 0	:invoke	:generate	nil
2026-03-11 14:38:21,638{GMT}	INFO	[jepsen worker 0] jepsen.util: 0	:ok	:generate	"1810-null"
2026-03-11 14:38:21,640{GMT}	INFO	[jepsen worker 0] jepsen.util: 0	:invoke	:generate	nil
2026-03-11 14:38:21,640{GMT}	INFO	[jepsen worker 0] jepsen.util: 0	:ok	:generate	"1811-null"
2026-03-11 14:38:21,642{GMT}	INFO	[jepsen worker 1] jepsen.util: 1	:invoke	:generate	nil
2026-03-11 14:38:21,642{GMT}	INFO	[jepsen worker 2] jepsen.util: 2	:invoke	:generate	nil
2026-03-11 14:38:21,642{GMT}	INFO	[jepsen worker 1] jepsen.util: 1	:ok	:generate	"1313-null"
2026-03-11 14:38:21,642{GMT}	INFO	[jepsen worker 2] jepsen.util: 2	:ok	:generate	"1155-null"
2026-03-11 14:38:21,643{GMT}	INFO	[jepsen worker 0] jepsen.util: 0	:invoke	:generate	nil
2026-03-11 14:38:21,644{GMT}	INFO	[jepsen worker 0] jepsen.util: 0	:ok	:generate	"1812-null"
2026-03-11 14:38:21,645{GMT}	INFO	[jepsen worker 0] jepsen.util: 0	:invoke	:generate	nil
2026-03-11 14:38:21,645{GMT}	INFO	[jepsen worker 0] jepsen.util: 0	:ok	:generate	"1813-null"
2026-03-11 14:38:21,645{GMT}	INFO	[jepsen worker 1] jepsen.util: 1	:invoke	:generate	nil
2026-03-11 14:38:21,646{GMT}	INFO	[jepsen worker 1] jepsen.util: 1	:ok	:generate	"1314-null"
2026-03-11 14:38:21,647{GMT}	INFO	[jepsen worker 2] jepsen.util: 2	:invoke	:generate	nil
2026-03-11 14:38:21,647{GMT}	INFO	[jepsen worker 2] jepsen.util: 2	:ok	:generate	"1156-null"
2026-03-11 14:38:21,648{GMT}	INFO	[jepsen worker 0] jepsen.util: 0	:invoke	:generate	nil
2026-03-11 14:38:21,648{GMT}	INFO	[jepsen worker 1] jepsen.util: 1	:invoke	:generate	nil
2026-03-11 14:38:21,648{GMT}	INFO	[jepsen worker 0] jepsen.util: 0	:ok	:generate	"1814-null"
2026-03-11 14:38:21,649{GMT}	INFO	[jepsen worker 1] jepsen.util: 1	:ok	:generate	"1315-null"
2026-03-11 14:38:21,649{GMT}	INFO	[jepsen worker 1] jepsen.util: 1	:invoke	:generate	nil
2026-03-11 14:38:21,649{GMT}	INFO	[jepsen worker 1] jepsen.util: 1	:ok	:generate	"1316-null"
2026-03-11 14:38:21,649{GMT}	INFO	[jepsen worker 2] jepsen.util: 2	:invoke	:generate	nil
2026-03-11 14:38:21,649{GMT}	INFO	[jepsen worker 2] jepsen.util: 2	:ok	:generate	"1157-null"
2026-03-11 14:38:21,651{GMT}	INFO	[jepsen worker 0] jepsen.util: 0	:invoke	:generate	nil
2026-03-11 14:38:21,651{GMT}	INFO	[jepsen worker 0] jepsen.util: 0	:ok	:generate	"1815-null"
2026-03-11 14:38:21,653{GMT}	INFO	[jepsen worker 0] jepsen.util: 0	:invoke	:generate	nil
2026-03-11 14:38:21,653{GMT}	INFO	[jepsen worker 0] jepsen.util: 0	:ok	:generate	"1816-null"
2026-03-11 14:38:21,653{GMT}	INFO	[jepsen worker 1] jepsen.util: 1	:invoke	:generate	nil
2026-03-11 14:38:21,654{GMT}	INFO	[jepsen worker 1] jepsen.util: 1	:ok	:generate	"1317-null"
2026-03-11 14:38:21,655{GMT}	INFO	[jepsen worker 2] jepsen.util: 2	:invoke	:generate	nil
2026-03-11 14:38:21,656{GMT}	INFO	[jepsen worker 2] jepsen.util: 2	:ok	:generate	"1158-null"
2026-03-11 14:38:21,656{GMT}	INFO	[jepsen worker 0] jepsen.util: 0	:invoke	:generate	nil
2026-03-11 14:38:21,656{GMT}	INFO	[jepsen worker 0] jepsen.util: 0	:ok	:generate	"1817-null"
2026-03-11 14:38:21,658{GMT}	INFO	[jepsen worker 0] jepsen.util: 0	:invoke	:generate	nil
2026-03-11 14:38:21,658{GMT}	INFO	[jepsen worker 0] jepsen.util: 0	:ok	:generate	"1818-null"
2026-03-11 14:38:21,658{GMT}	INFO	[jepsen worker 1] jepsen.util: 1	:invoke	:generate	nil
2026-03-11 14:38:21,659{GMT}	INFO	[jepsen worker 1] jepsen.util: 1	:ok	:generate	"1318-null"
2026-03-11 14:38:21,660{GMT}	INFO	[jepsen worker 2] jepsen.util: 2	:invoke	:generate	nil
2026-03-11 14:38:21,660{GMT}	INFO	[jepsen worker 2] jepsen.util: 2	:ok	:generate	"1159-null"
2026-03-11 14:38:21,661{GMT}	INFO	[jepsen worker 0] jepsen.util: 0	:invoke	:generate	nil
2026-03-11 14:38:21,661{GMT}	INFO	[jepsen worker 0] jepsen.util: 0	:ok	:generate	"1819-null"
2026-03-11 14:38:21,662{GMT}	INFO	[jepsen worker 0] jepsen.util: 0	:invoke	:generate	nil
2026-03-11 14:38:21,662{GMT}	INFO	[jepsen worker 0] jepsen.util: 0	:ok	:generate	"1820-null"
2026-03-11 14:38:21,662{GMT}	INFO	[jepsen worker 1] jepsen.util: 1	:invoke	:generate	nil
2026-03-11 14:38:21,663{GMT}	INFO	[jepsen worker 1] jepsen.util: 1	:ok	:generate	"1319-null"
2026-03-11 14:38:21,664{GMT}	INFO	[jepsen worker 2] jepsen.util: 2	:invoke	:generate	nil
2026-03-11 14:38:21,664{GMT}	INFO	[jepsen worker 2] jepsen.util: 2	:ok	:generate	"1160-null"
2026-03-11 14:38:21,665{GMT}	INFO	[jepsen worker 0] jepsen.util: 0	:invoke	:generate	nil
2026-03-11 14:38:21,665{GMT}	INFO	[jepsen worker 0] jepsen.util: 0	:ok	:generate	"1821-null"
2026-03-11 14:38:21,666{GMT}	INFO	[jepsen worker 0] jepsen.util: 0	:invoke	:generate	nil
2026-03-11 14:38:21,666{GMT}	INFO	[jepsen worker 0] jepsen.util: 0	:ok	:generate	"1822-null"
2026-03-11 14:38:21,667{GMT}	INFO	[jepsen worker 1] jepsen.util: 1	:invoke	:generate	nil
2026-03-11 14:38:21,667{GMT}	INFO	[jepsen worker 2] jepsen.util: 2	:invoke	:generate	nil
2026-03-11 14:38:21,667{GMT}	INFO	[jepsen worker 1] jepsen.util: 1	:ok	:generate	"1320-null"
2026-03-11 14:38:21,667{GMT}	INFO	[jepsen worker 2] jepsen.util: 2	:ok	:generate	"1161-null"
2026-03-11 14:38:21,668{GMT}	INFO	[jepsen worker 0] jepsen.util: 0	:invoke	:generate	nil
2026-03-11 14:38:21,668{GMT}	INFO	[jepsen worker 0] jepsen.util: 0	:ok	:generate	"1823-null"
2026-03-11 14:38:21,669{GMT}	INFO	[jepsen worker 0] jepsen.util: 0	:invoke	:generate	nil
2026-03-11 14:38:21,670{GMT}	INFO	[jepsen worker 0] jepsen.util: 0	:ok	:generate	"1824-null"
2026-03-11 14:38:21,670{GMT}	INFO	[jepsen worker 1] jepsen.util: 1	:invoke	:generate	nil
2026-03-11 14:38:21,671{GMT}	INFO	[jepsen worker 1] jepsen.util: 1	:ok	:generate	"1321-null"
2026-03-11 14:38:21,672{GMT}	INFO	[jepsen worker 2] jepsen.util: 2	:invoke	:generate	nil
2026-03-11 14:38:21,672{GMT}	INFO	[jepsen worker 2] jepsen.util: 2	:ok	:generate	"1162-null"
2026-03-11 14:38:21,673{GMT}	INFO	[jepsen worker 0] jepsen.util: 0	:invoke	:generate	nil
2026-03-11 14:38:21,673{GMT}	INFO	[jepsen worker 0] jepsen.util: 0	:ok	:generate	"1825-null"
2026-03-11 14:38:21,674{GMT}	INFO	[jepsen worker 0] jepsen.util: 0	:invoke	:generate	nil
2026-03-11 14:38:21,674{GMT}	INFO	[jepsen worker 0] jepsen.util: 0	:ok	:generate	"1826-null"
2026-03-11 14:38:21,675{GMT}	INFO	[jepsen worker 1] jepsen.util: 1	:invoke	:generate	nil
2026-03-11 14:38:21,675{GMT}	INFO	[jepsen worker 1] jepsen.util: 1	:ok	:generate	"1322-null"
2026-03-11 14:38:21,676{GMT}	INFO	[jepsen worker 2] jepsen.util: 2	:invoke	:generate	nil
2026-03-11 14:38:21,676{GMT}	INFO	[jepsen worker 2] jepsen.util: 2	:ok	:generate	"1163-null"
2026-03-11 14:38:21,678{GMT}	INFO	[jepsen worker 0] jepsen.util: 0	:invoke	:generate	nil
2026-03-11 14:38:21,678{GMT}	INFO	[jepsen worker 0] jepsen.util: 0	:ok	:generate	"1827-null"
2026-03-11 14:38:21,679{GMT}	INFO	[jepsen worker 0] jepsen.util: 0	:invoke	:generate	nil
2026-03-11 14:38:21,679{GMT}	INFO	[jepsen worker 0] jepsen.util: 0	:ok	:generate	"1828-null"
2026-03-11 14:38:21,680{GMT}	INFO	[jepsen worker 1] jepsen.util: 1	:invoke	:generate	nil
2026-03-11 14:38:21,680{GMT}	INFO	[jepsen worker 2] jepsen.util: 2	:invoke	:generate	nil
2026-03-11 14:38:21,681{GMT}	INFO	[jepsen worker 1] jepsen.util: 1	:ok	:generate	"1323-null"
2026-03-11 14:38:21,681{GMT}	INFO	[jepsen worker 2] jepsen.util: 2	:ok	:generate	"1164-null"
2026-03-11 14:38:21,681{GMT}	INFO	[jepsen worker 0] jepsen.util: 0	:invoke	:generate	nil
2026-03-11 14:38:21,681{GMT}	INFO	[jepsen worker 0] jepsen.util: 0	:ok	:generate	"1829-null"
2026-03-11 14:38:21,682{GMT}	INFO	[jepsen worker 0] jepsen.util: 0	:invoke	:generate	nil
2026-03-11 14:38:21,682{GMT}	INFO	[jepsen worker 1] jepsen.util: 1	:invoke	:generate	nil
2026-03-11 14:38:21,682{GMT}	INFO	[jepsen worker 0] jepsen.util: 0	:ok	:generate	"1830-null"
2026-03-11 14:38:21,683{GMT}	INFO	[jepsen worker 1] jepsen.util: 1	:ok	:generate	"1324-null"
2026-03-11 14:38:21,683{GMT}	INFO	[jepsen worker 2] jepsen.util: 2	:invoke	:generate	nil
2026-03-11 14:38:21,683{GMT}	INFO	[jepsen worker 0] jepsen.util: 0	:invoke	:generate	nil
2026-03-11 14:38:21,684{GMT}	INFO	[jepsen worker 2] jepsen.util: 2	:ok	:generate	"1165-null"
2026-03-11 14:38:21,684{GMT}	INFO	[jepsen worker 1] jepsen.util: 1	:invoke	:generate	nil
2026-03-11 14:38:21,684{GMT}	INFO	[jepsen worker 0] jepsen.util: 0	:ok	:generate	"1831-null"
2026-03-11 14:38:21,684{GMT}	INFO	[jepsen worker 1] jepsen.util: 1	:ok	:generate	"1325-null"
2026-03-11 14:38:21,684{GMT}	INFO	[jepsen worker 1] jepsen.util: 1	:invoke	:generate	nil
2026-03-11 14:38:21,684{GMT}	INFO	[jepsen worker 1] jepsen.util: 1	:ok	:generate	"1326-null"
2026-03-11 14:38:21,685{GMT}	INFO	[jepsen worker 2] jepsen.util: 2	:invoke	:generate	nil
2026-03-11 14:38:21,685{GMT}	INFO	[jepsen worker 0] jepsen.util: 0	:invoke	:generate	nil
2026-03-11 14:38:21,685{GMT}	INFO	[jepsen worker 2] jepsen.util: 2	:ok	:generate	"1166-null"
2026-03-11 14:38:21,685{GMT}	INFO	[jepsen worker 0] jepsen.util: 0	:ok	:generate	"1832-null"
2026-03-11 14:38:21,686{GMT}	INFO	[jepsen worker 0] jepsen.util: 0	:invoke	:generate	nil
2026-03-11 14:38:21,686{GMT}	INFO	[jepsen worker 0] jepsen.util: 0	:ok	:generate	"1833-null"
2026-03-11 14:38:21,687{GMT}	INFO	[jepsen worker 1] jepsen.util: 1	:invoke	:generate	nil
2026-03-11 14:38:21,687{GMT}	INFO	[jepsen worker 1] jepsen.util: 1	:ok	:generate	"1327-null"
2026-03-11 14:38:21,688{GMT}	INFO	[jepsen worker 2] jepsen.util: 2	:invoke	:generate	nil
2026-03-11 14:38:21,688{GMT}	INFO	[jepsen worker 2] jepsen.util: 2	:ok	:generate	"1167-null"
2026-03-11 14:38:21,688{GMT}	INFO	[jepsen worker 0] jepsen.util: 0	:invoke	:generate	nil
2026-03-11 14:38:21,689{GMT}	INFO	[jepsen worker 1] jepsen.util: 1	:invoke	:generate	nil
2026-03-11 14:38:21,689{GMT}	INFO	[jepsen worker 0] jepsen.util: 0	:ok	:generate	"1834-null"
2026-03-11 14:38:21,689{GMT}	INFO	[jepsen worker 2] jepsen.util: 2	:invoke	:generate	nil
2026-03-11 14:38:21,689{GMT}	INFO	[jepsen worker 1] jepsen.util: 1	:ok	:generate	"1328-null"
2026-03-11 14:38:21,689{GMT}	INFO	[jepsen worker 2] jepsen.util: 2	:ok	:generate	"1168-null"
2026-03-11 14:38:21,690{GMT}	INFO	[jepsen worker 2] jepsen.util: 2	:invoke	:generate	nil
2026-03-11 14:38:21,691{GMT}	INFO	[jepsen worker 2] jepsen.util: 2	:ok	:generate	"1169-null"
2026-03-11 14:38:21,691{GMT}	INFO	[jepsen worker 0] jepsen.util: 0	:invoke	:generate	nil
2026-03-11 14:38:21,692{GMT}	INFO	[jepsen worker 0] jepsen.util: 0	:ok	:generate	"1835-null"
2026-03-11 14:38:21,693{GMT}	INFO	[jepsen worker 0] jepsen.util: 0	:invoke	:generate	nil
2026-03-11 14:38:21,694{GMT}	INFO	[jepsen worker 0] jepsen.util: 0	:ok	:generate	"1836-null"
2026-03-11 14:38:21,695{GMT}	INFO	[jepsen worker 1] jepsen.util: 1	:invoke	:generate	nil
2026-03-11 14:38:21,695{GMT}	INFO	[jepsen worker 2] jepsen.util: 2	:invoke	:generate	nil
2026-03-11 14:38:21,695{GMT}	INFO	[jepsen worker 1] jepsen.util: 1	:ok	:generate	"1329-null"
2026-03-11 14:38:21,695{GMT}	INFO	[jepsen worker 2] jepsen.util: 2	:ok	:generate	"1170-null"
2026-03-11 14:38:21,696{GMT}	INFO	[jepsen worker 0] jepsen.util: 0	:invoke	:generate	nil
2026-03-11 14:38:21,696{GMT}	INFO	[jepsen worker 0] jepsen.util: 0	:ok	:generate	"1837-null"
2026-03-11 14:38:21,698{GMT}	INFO	[jepsen worker 0] jepsen.util: 0	:invoke	:generate	nil
2026-03-11 14:38:21,698{GMT}	INFO	[jepsen worker 0] jepsen.util: 0	:ok	:generate	"1838-null"
2026-03-11 14:38:21,698{GMT}	INFO	[jepsen worker 1] jepsen.util: 1	:invoke	:generate	nil
2026-03-11 14:38:21,698{GMT}	INFO	[jepsen worker 1] jepsen.util: 1	:ok	:generate	"1330-null"
2026-03-11 14:38:21,700{GMT}	INFO	[jepsen worker 2] jepsen.util: 2	:invoke	:generate	nil
2026-03-11 14:38:21,700{GMT}	INFO	[jepsen worker 0] jepsen.util: 0	:invoke	:generate	nil
2026-03-11 14:38:21,700{GMT}	INFO	[jepsen worker 2] jepsen.util: 2	:ok	:generate	"1171-null"
2026-03-11 14:38:21,700{GMT}	INFO	[jepsen worker 0] jepsen.util: 0	:ok	:generate	"1839-null"
2026-03-11 14:38:21,702{GMT}	INFO	[jepsen worker 0] jepsen.util: 0	:invoke	:generate	nil
2026-03-11 14:38:21,702{GMT}	INFO	[jepsen worker 0] jepsen.util: 0	:ok	:generate	"1840-null"
2026-03-11 14:38:21,703{GMT}	INFO	[jepsen worker 1] jepsen.util: 1	:invoke	:generate	nil
2026-03-11 14:38:21,704{GMT}	INFO	[jepsen worker 1] jepsen.util: 1	:ok	:generate	"1331-null"
2026-03-11 14:38:21,705{GMT}	INFO	[jepsen worker 2] jepsen.util: 2	:invoke	:generate	nil
2026-03-11 14:38:21,706{GMT}	INFO	[jepsen worker 2] jepsen.util: 2	:ok	:generate	"1172-null"
2026-03-11 14:38:21,707{GMT}	INFO	[jepsen worker 0] jepsen.util: 0	:invoke	:generate	nil
2026-03-11 14:38:21,707{GMT}	INFO	[jepsen worker 0] jepsen.util: 0	:ok	:generate	"1841-null"
2026-03-11 14:38:21,708{GMT}	INFO	[jepsen worker 0] jepsen.util: 0	:invoke	:generate	nil
2026-03-11 14:38:21,708{GMT}	INFO	[jepsen worker 0] jepsen.util: 0	:ok	:generate	"1842-null"
2026-03-11 14:38:21,710{GMT}	INFO	[jepsen worker 1] jepsen.util: 1	:invoke	:generate	nil
2026-03-11 14:38:21,710{GMT}	INFO	[jepsen worker 1] jepsen.util: 1	:ok	:generate	"1332-null"
2026-03-11 14:38:21,710{GMT}	INFO	[jepsen worker 2] jepsen.util: 2	:invoke	:generate	nil
2026-03-11 14:38:21,711{GMT}	INFO	[jepsen worker 2] jepsen.util: 2	:ok	:generate	"1173-null"
2026-03-11 14:38:21,711{GMT}	INFO	[jepsen worker 0] jepsen.util: 0	:invoke	:generate	nil
2026-03-11 14:38:21,712{GMT}	INFO	[jepsen worker 0] jepsen.util: 0	:ok	:generate	"1843-null"
2026-03-11 14:38:21,713{GMT}	INFO	[jepsen worker 0] jepsen.util: 0	:invoke	:generate	nil
2026-03-11 14:38:21,713{GMT}	INFO	[jepsen worker 0] jepsen.util: 0	:ok	:generate	"1844-null"
2026-03-11 14:38:21,715{GMT}	INFO	[jepsen worker 1] jepsen.util: 1	:invoke	:generate	nil
2026-03-11 14:38:21,715{GMT}	INFO	[jepsen worker 1] jepsen.util: 1	:ok	:generate	"1333-null"
2026-03-11 14:38:21,716{GMT}	INFO	[jepsen worker 2] jepsen.util: 2	:invoke	:generate	nil
2026-03-11 14:38:21,716{GMT}	INFO	[jepsen worker 2] jepsen.util: 2	:ok	:generate	"1174-null"
2026-03-11 14:38:21,717{GMT}	INFO	[jepsen worker 0] jepsen.util: 0	:invoke	:generate	nil
2026-03-11 14:38:21,717{GMT}	INFO	[jepsen worker 1] jepsen.util: 1	:invoke	:generate	nil
2026-03-11 14:38:21,717{GMT}	INFO	[jepsen worker 0] jepsen.util: 0	:ok	:generate	"1845-null"
2026-03-11 14:38:21,718{GMT}	INFO	[jepsen worker 1] jepsen.util: 1	:ok	:generate	"1334-null"
2026-03-11 14:38:21,719{GMT}	INFO	[jepsen worker 1] jepsen.util: 1	:invoke	:generate	nil
2026-03-11 14:38:21,719{GMT}	INFO	[jepsen worker 1] jepsen.util: 1	:ok	:generate	"1335-null"
2026-03-11 14:38:21,719{GMT}	INFO	[jepsen worker 2] jepsen.util: 2	:invoke	:generate	nil
2026-03-11 14:38:21,719{GMT}	INFO	[jepsen worker 2] jepsen.util: 2	:ok	:generate	"1175-null"
2026-03-11 14:38:21,721{GMT}	INFO	[jepsen worker 0] jepsen.util: 0	:invoke	:generate	nil
2026-03-11 14:38:21,721{GMT}	INFO	[jepsen worker 0] jepsen.util: 0	:ok	:generate	"1846-null"
2026-03-11 14:38:21,723{GMT}	INFO	[jepsen worker 0] jepsen.util: 0	:invoke	:generate	nil
2026-03-11 14:38:21,723{GMT}	INFO	[jepsen worker 1] jepsen.util: 1	:invoke	:generate	nil
2026-03-11 14:38:21,723{GMT}	INFO	[jepsen worker 0] jepsen.util: 0	:ok	:generate	"1847-null"
2026-03-11 14:38:21,723{GMT}	INFO	[jepsen worker 1] jepsen.util: 1	:ok	:generate	"1336-null"
2026-03-11 14:38:21,724{GMT}	INFO	[jepsen worker 2] jepsen.util: 2	:invoke	:generate	nil
2026-03-11 14:38:21,725{GMT}	INFO	[jepsen worker 2] jepsen.util: 2	:ok	:generate	"1176-null"
2026-03-11 14:38:21,725{GMT}	INFO	[jepsen worker 0] jepsen.util: 0	:invoke	:generate	nil
2026-03-11 14:38:21,725{GMT}	INFO	[jepsen worker 0] jepsen.util: 0	:ok	:generate	"1848-null"
2026-03-11 14:38:21,726{GMT}	INFO	[jepsen worker 0] jepsen.util: 0	:invoke	:generate	nil
2026-03-11 14:38:21,727{GMT}	INFO	[jepsen worker 0] jepsen.util: 0	:ok	:generate	"1849-null"
2026-03-11 14:38:21,727{GMT}	INFO	[jepsen worker 1] jepsen.util: 1	:invoke	:generate	nil
2026-03-11 14:38:21,728{GMT}	INFO	[jepsen worker 1] jepsen.util: 1	:ok	:generate	"1337-null"
2026-03-11 14:38:21,728{GMT}	INFO	[jepsen worker 2] jepsen.util: 2	:invoke	:generate	nil
2026-03-11 14:38:21,728{GMT}	INFO	[jepsen worker 2] jepsen.util: 2	:ok	:generate	"1177-null"
2026-03-11 14:38:21,729{GMT}	INFO	[jepsen worker 0] jepsen.util: 0	:invoke	:generate	nil
2026-03-11 14:38:21,729{GMT}	INFO	[jepsen worker 1] jepsen.util: 1	:invoke	:generate	nil
2026-03-11 14:38:21,729{GMT}	INFO	[jepsen worker 0] jepsen.util: 0	:ok	:generate	"1850-null"
2026-03-11 14:38:21,730{GMT}	INFO	[jepsen worker 1] jepsen.util: 1	:ok	:generate	"1338-null"
2026-03-11 14:38:21,731{GMT}	INFO	[jepsen worker 1] jepsen.util: 1	:invoke	:generate	nil
2026-03-11 14:38:21,731{GMT}	INFO	[jepsen worker 1] jepsen.util: 1	:ok	:generate	"1339-null"
2026-03-11 14:38:21,732{GMT}	INFO	[jepsen worker 2] jepsen.util: 2	:invoke	:generate	nil
2026-03-11 14:38:21,733{GMT}	INFO	[jepsen worker 2] jepsen.util: 2	:ok	:generate	"1178-null"
2026-03-11 14:38:21,733{GMT}	INFO	[jepsen worker 0] jepsen.util: 0	:invoke	:generate	nil
2026-03-11 14:38:21,734{GMT}	INFO	[jepsen worker 1] jepsen.util: 1	:invoke	:generate	nil
2026-03-11 14:38:21,734{GMT}	INFO	[jepsen worker 0] jepsen.util: 0	:ok	:generate	"1851-null"
2026-03-11 14:38:21,734{GMT}	INFO	[jepsen worker 1] jepsen.util: 1	:ok	:generate	"1340-null"
2026-03-11 14:38:21,735{GMT}	INFO	[jepsen worker 1] jepsen.util: 1	:invoke	:generate	nil
2026-03-11 14:38:21,735{GMT}	INFO	[jepsen worker 1] jepsen.util: 1	:ok	:generate	"1341-null"
2026-03-11 14:38:21,737{GMT}	INFO	[jepsen worker 2] jepsen.util: 2	:invoke	:generate	nil
2026-03-11 14:38:21,737{GMT}	INFO	[jepsen worker 2] jepsen.util: 2	:ok	:generate	"1179-null"
2026-03-11 14:38:21,739{GMT}	INFO	[jepsen worker 0] jepsen.util: 0	:invoke	:generate	nil
2026-03-11 14:38:21,739{GMT}	INFO	[jepsen worker 0] jepsen.util: 0	:ok	:generate	"1852-null"
2026-03-11 14:38:21,741{GMT}	INFO	[jepsen worker 0] jepsen.util: 0	:invoke	:generate	nil
2026-03-11 14:38:21,741{GMT}	INFO	[jepsen worker 0] jepsen.util: 0	:ok	:generate	"1853-null"
2026-03-11 14:38:21,743{GMT}	INFO	[jepsen worker 1] jepsen.util: 1	:invoke	:generate	nil
2026-03-11 14:38:21,743{GMT}	INFO	[jepsen worker 1] jepsen.util: 1	:ok	:generate	"1342-null"
2026-03-11 14:38:21,745{GMT}	INFO	[jepsen worker 2] jepsen.util: 2	:invoke	:generate	nil
2026-03-11 14:38:21,745{GMT}	INFO	[jepsen worker 2] jepsen.util: 2	:ok	:generate	"1180-null"
2026-03-11 14:38:21,747{GMT}	INFO	[jepsen worker 0] jepsen.util: 0	:invoke	:generate	nil
2026-03-11 14:38:21,747{GMT}	INFO	[jepsen worker 0] jepsen.util: 0	:ok	:generate	"1854-null"
2026-03-11 14:38:21,748{GMT}	INFO	[jepsen worker 0] jepsen.util: 0	:invoke	:generate	nil
2026-03-11 14:38:21,748{GMT}	INFO	[jepsen worker 0] jepsen.util: 0	:ok	:generate	"1855-null"
2026-03-11 14:38:21,748{GMT}	INFO	[jepsen worker 1] jepsen.util: 1	:invoke	:generate	nil
2026-03-11 14:38:21,748{GMT}	INFO	[jepsen worker 1] jepsen.util: 1	:ok	:generate	"1343-null"
2026-03-11 14:38:21,749{GMT}	INFO	[jepsen worker 2] jepsen.util: 2	:invoke	:generate	nil
2026-03-11 14:38:21,750{GMT}	INFO	[jepsen worker 2] jepsen.util: 2	:ok	:generate	"1181-null"
2026-03-11 14:38:21,751{GMT}	INFO	[jepsen worker 0] jepsen.util: 0	:invoke	:generate	nil
2026-03-11 14:38:21,751{GMT}	INFO	[jepsen worker 1] jepsen.util: 1	:invoke	:generate	nil
2026-03-11 14:38:21,752{GMT}	INFO	[jepsen worker 0] jepsen.util: 0	:ok	:generate	"1856-null"
2026-03-11 14:38:21,752{GMT}	INFO	[jepsen worker 1] jepsen.util: 1	:ok	:generate	"1344-null"
2026-03-11 14:38:21,753{GMT}	INFO	[jepsen worker 1] jepsen.util: 1	:invoke	:generate	nil
2026-03-11 14:38:21,753{GMT}	INFO	[jepsen worker 1] jepsen.util: 1	:ok	:generate	"1345-null"
2026-03-11 14:38:21,755{GMT}	INFO	[jepsen worker 2] jepsen.util: 2	:invoke	:generate	nil
2026-03-11 14:38:21,755{GMT}	INFO	[jepsen worker 0] jepsen.util: 0	:invoke	:generate	nil
2026-03-11 14:38:21,755{GMT}	INFO	[jepsen worker 2] jepsen.util: 2	:ok	:generate	"1182-null"
2026-03-11 14:38:21,755{GMT}	INFO	[jepsen worker 0] jepsen.util: 0	:ok	:generate	"1857-null"
2026-03-11 14:38:21,755{GMT}	INFO	[jepsen worker 0] jepsen.util: 0	:invoke	:generate	nil
2026-03-11 14:38:21,755{GMT}	INFO	[jepsen worker 0] jepsen.util: 0	:ok	:generate	"1858-null"
2026-03-11 14:38:21,756{GMT}	INFO	[jepsen worker 1] jepsen.util: 1	:invoke	:generate	nil
2026-03-11 14:38:21,756{GMT}	INFO	[jepsen worker 1] jepsen.util: 1	:ok	:generate	"1346-null"
2026-03-11 14:38:21,757{GMT}	INFO	[jepsen worker 2] jepsen.util: 2	:invoke	:generate	nil
2026-03-11 14:38:21,758{GMT}	INFO	[jepsen worker 2] jepsen.util: 2	:ok	:generate	"1183-null"
2026-03-11 14:38:21,759{GMT}	INFO	[jepsen worker 0] jepsen.util: 0	:invoke	:generate	nil
2026-03-11 14:38:21,759{GMT}	INFO	[jepsen worker 0] jepsen.util: 0	:ok	:generate	"1859-null"
2026-03-11 14:38:21,760{GMT}	INFO	[jepsen worker 0] jepsen.util: 0	:invoke	:generate	nil
2026-03-11 14:38:21,760{GMT}	INFO	[jepsen worker 0] jepsen.util: 0	:ok	:generate	"1860-null"
2026-03-11 14:38:21,761{GMT}	INFO	[jepsen worker 1] jepsen.util: 1	:invoke	:generate	nil
2026-03-11 14:38:21,762{GMT}	INFO	[jepsen worker 1] jepsen.util: 1	:ok	:generate	"1347-null"
2026-03-11 14:38:21,762{GMT}	INFO	[jepsen worker 2] jepsen.util: 2	:invoke	:generate	nil
2026-03-11 14:38:21,762{GMT}	INFO	[jepsen worker 0] jepsen.util: 0	:invoke	:generate	nil
2026-03-11 14:38:21,762{GMT}	INFO	[jepsen worker 2] jepsen.util: 2	:ok	:generate	"1184-null"
2026-03-11 14:38:21,763{GMT}	INFO	[jepsen worker 0] jepsen.util: 0	:ok	:generate	"1861-null"
2026-03-11 14:38:21,763{GMT}	INFO	[jepsen worker 0] jepsen.util: 0	:invoke	:generate	nil
2026-03-11 14:38:21,764{GMT}	INFO	[jepsen worker 0] jepsen.util: 0	:ok	:generate	"1862-null"
2026-03-11 14:38:21,764{GMT}	INFO	[jepsen worker 1] jepsen.util: 1	:invoke	:generate	nil
2026-03-11 14:38:21,764{GMT}	INFO	[jepsen worker 1] jepsen.util: 1	:ok	:generate	"1348-null"
2026-03-11 14:38:21,764{GMT}	INFO	[jepsen worker 0] jepsen.util: 0	:invoke	:generate	nil
2026-03-11 14:38:21,764{GMT}	INFO	[jepsen worker 2] jepsen.util: 2	:invoke	:generate	nil
2026-03-11 14:38:21,765{GMT}	INFO	[jepsen worker 0] jepsen.util: 0	:ok	:generate	"1863-null"
2026-03-11 14:38:21,765{GMT}	INFO	[jepsen worker 2] jepsen.util: 2	:ok	:generate	"1185-null"
2026-03-11 14:38:21,765{GMT}	INFO	[jepsen worker 0] jepsen.util: 0	:invoke	:generate	nil
2026-03-11 14:38:21,765{GMT}	INFO	[jepsen worker 0] jepsen.util: 0	:ok	:generate	"1864-null"
2026-03-11 14:38:21,766{GMT}	INFO	[jepsen worker 1] jepsen.util: 1	:invoke	:generate	nil
2026-03-11 14:38:21,767{GMT}	INFO	[jepsen worker 1] jepsen.util: 1	:ok	:generate	"1349-null"
2026-03-11 14:38:21,767{GMT}	INFO	[jepsen worker 2] jepsen.util: 2	:invoke	:generate	nil
2026-03-11 14:38:21,767{GMT}	INFO	[jepsen worker 2] jepsen.util: 2	:ok	:generate	"1186-null"
2026-03-11 14:38:21,767{GMT}	INFO	[jepsen worker 0] jepsen.util: 0	:invoke	:generate	nil
2026-03-11 14:38:21,768{GMT}	INFO	[jepsen worker 0] jepsen.util: 0	:ok	:generate	"1865-null"
2026-03-11 14:38:21,768{GMT}	INFO	[jepsen worker 0] jepsen.util: 0	:invoke	:generate	nil
2026-03-11 14:38:21,768{GMT}	INFO	[jepsen worker 1] jepsen.util: 1	:invoke	:generate	nil
2026-03-11 14:38:21,768{GMT}	INFO	[jepsen worker 0] jepsen.util: 0	:ok	:generate	"1866-null"
2026-03-11 14:38:21,769{GMT}	INFO	[jepsen worker 1] jepsen.util: 1	:ok	:generate	"1350-null"
2026-03-11 14:38:21,770{GMT}	INFO	[jepsen worker 2] jepsen.util: 2	:invoke	:generate	nil
2026-03-11 14:38:21,770{GMT}	INFO	[jepsen worker 0] jepsen.util: 0	:invoke	:generate	nil
2026-03-11 14:38:21,770{GMT}	INFO	[jepsen worker 2] jepsen.util: 2	:ok	:generate	"1187-null"
2026-03-11 14:38:21,770{GMT}	INFO	[jepsen worker 0] jepsen.util: 0	:ok	:generate	"1867-null"
2026-03-11 14:38:21,771{GMT}	INFO	[jepsen worker 0] jepsen.util: 0	:invoke	:generate	nil
2026-03-11 14:38:21,771{GMT}	INFO	[jepsen worker 0] jepsen.util: 0	:ok	:generate	"1868-null"
2026-03-11 14:38:21,773{GMT}	INFO	[jepsen worker 1] jepsen.util: 1	:invoke	:generate	nil
2026-03-11 14:38:21,773{GMT}	INFO	[jepsen worker 1] jepsen.util: 1	:ok	:generate	"1351-null"
2026-03-11 14:38:21,774{GMT}	INFO	[jepsen worker 2] jepsen.util: 2	:invoke	:generate	nil
2026-03-11 14:38:21,774{GMT}	INFO	[jepsen worker 0] jepsen.util: 0	:invoke	:generate	nil
2026-03-11 14:38:21,774{GMT}	INFO	[jepsen worker 2] jepsen.util: 2	:ok	:generate	"1188-null"
2026-03-11 14:38:21,774{GMT}	INFO	[jepsen worker 0] jepsen.util: 0	:ok	:generate	"1869-null"
2026-03-11 14:38:21,775{GMT}	INFO	[jepsen worker 0] jepsen.util: 0	:invoke	:generate	nil
2026-03-11 14:38:21,776{GMT}	INFO	[jepsen worker 0] jepsen.util: 0	:ok	:generate	"1870-null"
2026-03-11 14:38:21,778{GMT}	INFO	[jepsen worker 1] jepsen.util: 1	:invoke	:generate	nil
2026-03-11 14:38:21,778{GMT}	INFO	[jepsen worker 1] jepsen.util: 1	:ok	:generate	"1352-null"
2026-03-11 14:38:21,779{GMT}	INFO	[jepsen worker 2] jepsen.util: 2	:invoke	:generate	nil
2026-03-11 14:38:21,779{GMT}	INFO	[jepsen worker 2] jepsen.util: 2	:ok	:generate	"1189-null"
2026-03-11 14:38:21,780{GMT}	INFO	[jepsen worker 0] jepsen.util: 0	:invoke	:generate	nil
2026-03-11 14:38:21,780{GMT}	INFO	[jepsen worker 0] jepsen.util: 0	:ok	:generate	"1871-null"
2026-03-11 14:38:21,781{GMT}	INFO	[jepsen worker 0] jepsen.util: 0	:invoke	:generate	nil
2026-03-11 14:38:21,781{GMT}	INFO	[jepsen worker 0] jepsen.util: 0	:ok	:generate	"1872-null"
2026-03-11 14:38:21,783{GMT}	INFO	[jepsen worker 1] jepsen.util: 1	:invoke	:generate	nil
2026-03-11 14:38:21,783{GMT}	INFO	[jepsen worker 1] jepsen.util: 1	:ok	:generate	"1353-null"
2026-03-11 14:38:21,785{GMT}	INFO	[jepsen worker 2] jepsen.util: 2	:invoke	:generate	nil
2026-03-11 14:38:21,785{GMT}	INFO	[jepsen worker 2] jepsen.util: 2	:ok	:generate	"1190-null"
2026-03-11 14:38:21,787{GMT}	INFO	[jepsen worker 0] jepsen.util: 0	:invoke	:generate	nil
2026-03-11 14:38:21,787{GMT}	INFO	[jepsen worker 0] jepsen.util: 0	:ok	:generate	"1873-null"
2026-03-11 14:38:21,788{GMT}	INFO	[jepsen worker 0] jepsen.util: 0	:invoke	:generate	nil
2026-03-11 14:38:21,788{GMT}	INFO	[jepsen worker 0] jepsen.util: 0	:ok	:generate	"1874-null"
2026-03-11 14:38:21,790{GMT}	INFO	[jepsen worker 1] jepsen.util: 1	:invoke	:generate	nil
2026-03-11 14:38:21,790{GMT}	INFO	[jepsen worker 1] jepsen.util: 1	:ok	:generate	"1354-null"
2026-03-11 14:38:21,791{GMT}	INFO	[jepsen worker 2] jepsen.util: 2	:invoke	:generate	nil
2026-03-11 14:38:21,792{GMT}	INFO	[jepsen worker 2] jepsen.util: 2	:ok	:generate	"1191-null"
2026-03-11 14:38:21,793{GMT}	INFO	[jepsen worker 0] jepsen.util: 0	:invoke	:generate	nil
2026-03-11 14:38:21,793{GMT}	INFO	[jepsen worker 0] jepsen.util: 0	:ok	:generate	"1875-null"
2026-03-11 14:38:21,795{GMT}	INFO	[jepsen worker 0] jepsen.util: 0	:invoke	:generate	nil
2026-03-11 14:38:21,795{GMT}	INFO	[jepsen worker 0] jepsen.util: 0	:ok	:generate	"1876-null"
2026-03-11 14:38:21,797{GMT}	INFO	[jepsen worker 1] jepsen.util: 1	:invoke	:generate	nil
2026-03-11 14:38:21,797{GMT}	INFO	[jepsen worker 1] jepsen.util: 1	:ok	:generate	"1355-null"
2026-03-11 14:38:21,798{GMT}	INFO	[jepsen worker 2] jepsen.util: 2	:invoke	:generate	nil
2026-03-11 14:38:21,799{GMT}	INFO	[jepsen worker 2] jepsen.util: 2	:ok	:generate	"1192-null"
2026-03-11 14:38:21,799{GMT}	INFO	[jepsen worker 0] jepsen.util: 0	:invoke	:generate	nil
2026-03-11 14:38:21,799{GMT}	INFO	[jepsen worker 0] jepsen.util: 0	:ok	:generate	"1877-null"
2026-03-11 14:38:21,801{GMT}	INFO	[jepsen worker 0] jepsen.util: 0	:invoke	:generate	nil
2026-03-11 14:38:21,801{GMT}	INFO	[jepsen worker 0] jepsen.util: 0	:ok	:generate	"1878-null"
2026-03-11 14:38:21,802{GMT}	INFO	[jepsen worker 1] jepsen.util: 1	:invoke	:generate	nil
2026-03-11 14:38:21,802{GMT}	INFO	[jepsen worker 1] jepsen.util: 1	:ok	:generate	"1356-null"
2026-03-11 14:38:21,803{GMT}	INFO	[jepsen worker 2] jepsen.util: 2	:invoke	:generate	nil
2026-03-11 14:38:21,804{GMT}	INFO	[jepsen worker 2] jepsen.util: 2	:ok	:generate	"1193-null"
2026-03-11 14:38:21,804{GMT}	INFO	[jepsen worker 0] jepsen.util: 0	:invoke	:generate	nil
2026-03-11 14:38:21,804{GMT}	INFO	[jepsen worker 0] jepsen.util: 0	:ok	:generate	"1879-null"
2026-03-11 14:38:21,805{GMT}	INFO	[jepsen worker 0] jepsen.util: 0	:invoke	:generate	nil
2026-03-11 14:38:21,806{GMT}	INFO	[jepsen worker 0] jepsen.util: 0	:ok	:generate	"1880-null"
2026-03-11 14:38:21,807{GMT}	INFO	[jepsen worker 1] jepsen.util: 1	:invoke	:generate	nil
2026-03-11 14:38:21,807{GMT}	INFO	[jepsen worker 1] jepsen.util: 1	:ok	:generate	"1357-null"
2026-03-11 14:38:21,807{GMT}	INFO	[jepsen worker 2] jepsen.util: 2	:invoke	:generate	nil
2026-03-11 14:38:21,808{GMT}	INFO	[jepsen worker 2] jepsen.util: 2	:ok	:generate	"1194-null"
2026-03-11 14:38:21,809{GMT}	INFO	[jepsen worker 0] jepsen.util: 0	:invoke	:generate	nil
2026-03-11 14:38:21,810{GMT}	INFO	[jepsen worker 0] jepsen.util: 0	:ok	:generate	"1881-null"
2026-03-11 14:38:21,810{GMT}	INFO	[jepsen worker 0] jepsen.util: 0	:invoke	:generate	nil
2026-03-11 14:38:21,811{GMT}	INFO	[jepsen worker 0] jepsen.util: 0	:ok	:generate	"1882-null"
2026-03-11 14:38:21,811{GMT}	INFO	[jepsen worker 1] jepsen.util: 1	:invoke	:generate	nil
2026-03-11 14:38:21,812{GMT}	INFO	[jepsen worker 1] jepsen.util: 1	:ok	:generate	"1358-null"
2026-03-11 14:38:21,812{GMT}	INFO	[jepsen worker 2] jepsen.util: 2	:invoke	:generate	nil
2026-03-11 14:38:21,812{GMT}	INFO	[jepsen worker 2] jepsen.util: 2	:ok	:generate	"1195-null"
2026-03-11 14:38:21,814{GMT}	INFO	[jepsen worker 0] jepsen.util: 0	:invoke	:generate	nil
2026-03-11 14:38:21,814{GMT}	INFO	[jepsen worker 0] jepsen.util: 0	:ok	:generate	"1883-null"
2026-03-11 14:38:21,815{GMT}	INFO	[jepsen worker 0] jepsen.util: 0	:invoke	:generate	nil
2026-03-11 14:38:21,815{GMT}	INFO	[jepsen worker 0] jepsen.util: 0	:ok	:generate	"1884-null"
2026-03-11 14:38:21,815{GMT}	INFO	[jepsen worker 1] jepsen.util: 1	:invoke	:generate	nil
2026-03-11 14:38:21,815{GMT}	INFO	[jepsen worker 1] jepsen.util: 1	:ok	:generate	"1359-null"
2026-03-11 14:38:21,816{GMT}	INFO	[jepsen worker 2] jepsen.util: 2	:invoke	:generate	nil
2026-03-11 14:38:21,816{GMT}	INFO	[jepsen worker 2] jepsen.util: 2	:ok	:generate	"1196-null"
2026-03-11 14:38:21,816{GMT}	INFO	[jepsen worker 0] jepsen.util: 0	:invoke	:generate	nil
2026-03-11 14:38:21,817{GMT}	INFO	[jepsen worker 0] jepsen.util: 0	:ok	:generate	"1885-null"
2026-03-11 14:38:21,818{GMT}	INFO	[jepsen worker 0] jepsen.util: 0	:invoke	:generate	nil
2026-03-11 14:38:21,818{GMT}	INFO	[jepsen worker 0] jepsen.util: 0	:ok	:generate	"1886-null"
2026-03-11 14:38:21,820{GMT}	INFO	[jepsen worker 1] jepsen.util: 1	:invoke	:generate	nil
2026-03-11 14:38:21,820{GMT}	INFO	[jepsen worker 1] jepsen.util: 1	:ok	:generate	"1360-null"
2026-03-11 14:38:21,821{GMT}	INFO	[jepsen worker 2] jepsen.util: 2	:invoke	:generate	nil
2026-03-11 14:38:21,821{GMT}	INFO	[jepsen worker 2] jepsen.util: 2	:ok	:generate	"1197-null"
2026-03-11 14:38:21,822{GMT}	INFO	[jepsen worker 0] jepsen.util: 0	:invoke	:generate	nil
2026-03-11 14:38:21,822{GMT}	INFO	[jepsen worker 0] jepsen.util: 0	:ok	:generate	"1887-null"
2026-03-11 14:38:21,824{GMT}	INFO	[jepsen worker 0] jepsen.util: 0	:invoke	:generate	nil
2026-03-11 14:38:21,824{GMT}	INFO	[jepsen worker 0] jepsen.util: 0	:ok	:generate	"1888-null"
2026-03-11 14:38:21,825{GMT}	INFO	[jepsen worker 1] jepsen.util: 1	:invoke	:generate	nil
2026-03-11 14:38:21,825{GMT}	INFO	[jepsen worker 1] jepsen.util: 1	:ok	:generate	"1361-null"
2026-03-11 14:38:21,825{GMT}	INFO	[jepsen worker 2] jepsen.util: 2	:invoke	:generate	nil
2026-03-11 14:38:21,826{GMT}	INFO	[jepsen worker 2] jepsen.util: 2	:ok	:generate	"1198-null"
2026-03-11 14:38:21,827{GMT}	INFO	[jepsen worker 0] jepsen.util: 0	:invoke	:generate	nil
2026-03-11 14:38:21,827{GMT}	INFO	[jepsen worker 1] jepsen.util: 1	:invoke	:generate	nil
2026-03-11 14:38:21,828{GMT}	INFO	[jepsen worker 0] jepsen.util: 0	:ok	:generate	"1889-null"
2026-03-11 14:38:21,828{GMT}	INFO	[jepsen worker 1] jepsen.util: 1	:ok	:generate	"1362-null"
2026-03-11 14:38:21,830{GMT}	INFO	[jepsen worker 1] jepsen.util: 1	:invoke	:generate	nil
2026-03-11 14:38:21,830{GMT}	INFO	[jepsen worker 2] jepsen.util: 2	:invoke	:generate	nil
2026-03-11 14:38:21,830{GMT}	INFO	[jepsen worker 1] jepsen.util: 1	:ok	:generate	"1363-null"
2026-03-11 14:38:21,830{GMT}	INFO	[jepsen worker 0] jepsen.util: 0	:invoke	:generate	nil
2026-03-11 14:38:21,830{GMT}	INFO	[jepsen worker 2] jepsen.util: 2	:ok	:generate	"1199-null"
2026-03-11 14:38:21,831{GMT}	INFO	[jepsen worker 0] jepsen.util: 0	:ok	:generate	"1890-null"
2026-03-11 14:38:21,832{GMT}	INFO	[jepsen worker 0] jepsen.util: 0	:invoke	:generate	nil
2026-03-11 14:38:21,832{GMT}	INFO	[jepsen worker 0] jepsen.util: 0	:ok	:generate	"1891-null"
2026-03-11 14:38:21,833{GMT}	INFO	[jepsen worker 1] jepsen.util: 1	:invoke	:generate	nil
2026-03-11 14:38:21,834{GMT}	INFO	[jepsen worker 1] jepsen.util: 1	:ok	:generate	"1364-null"
2026-03-11 14:38:21,834{GMT}	INFO	[jepsen worker 2] jepsen.util: 2	:invoke	:generate	nil
2026-03-11 14:38:21,834{GMT}	INFO	[jepsen worker 2] jepsen.util: 2	:ok	:generate	"1200-null"
2026-03-11 14:38:21,835{GMT}	INFO	[jepsen worker 0] jepsen.util: 0	:invoke	:generate	nil
2026-03-11 14:38:21,836{GMT}	INFO	[jepsen worker 0] jepsen.util: 0	:ok	:generate	"1892-null"
2026-03-11 14:38:21,837{GMT}	INFO	[jepsen worker 0] jepsen.util: 0	:invoke	:generate	nil
2026-03-11 14:38:21,837{GMT}	INFO	[jepsen worker 1] jepsen.util: 1	:invoke	:generate	nil
2026-03-11 14:38:21,837{GMT}	INFO	[jepsen worker 0] jepsen.util: 0	:ok	:generate	"1893-null"
2026-03-11 14:38:21,837{GMT}	INFO	[jepsen worker 1] jepsen.util: 1	:ok	:generate	"1365-null"
2026-03-11 14:38:21,838{GMT}	INFO	[jepsen worker 2] jepsen.util: 2	:invoke	:generate	nil
2026-03-11 14:38:21,838{GMT}	INFO	[jepsen worker 0] jepsen.util: 0	:invoke	:generate	nil
2026-03-11 14:38:21,838{GMT}	INFO	[jepsen worker 2] jepsen.util: 2	:ok	:generate	"1201-null"
2026-03-11 14:38:21,838{GMT}	INFO	[jepsen worker 0] jepsen.util: 0	:ok	:generate	"1894-null"
2026-03-11 14:38:21,840{GMT}	INFO	[jepsen worker 0] jepsen.util: 0	:invoke	:generate	nil
2026-03-11 14:38:21,840{GMT}	INFO	[jepsen worker 0] jepsen.util: 0	:ok	:generate	"1895-null"
2026-03-11 14:38:21,842{GMT}	INFO	[jepsen worker 1] jepsen.util: 1	:invoke	:generate	nil
2026-03-11 14:38:21,842{GMT}	INFO	[jepsen worker 1] jepsen.util: 1	:ok	:generate	"1366-null"
2026-03-11 14:38:21,843{GMT}	INFO	[jepsen worker 2] jepsen.util: 2	:invoke	:generate	nil
2026-03-11 14:38:21,844{GMT}	INFO	[jepsen worker 2] jepsen.util: 2	:ok	:generate	"1202-null"
2026-03-11 14:38:21,844{GMT}	INFO	[jepsen worker 0] jepsen.util: 0	:invoke	:generate	nil
2026-03-11 14:38:21,845{GMT}	INFO	[jepsen worker 0] jepsen.util: 0	:ok	:generate	"1896-null"
2026-03-11 14:38:21,846{GMT}	INFO	[jepsen worker 0] jepsen.util: 0	:invoke	:generate	nil
2026-03-11 14:38:21,847{GMT}	INFO	[jepsen worker 0] jepsen.util: 0	:ok	:generate	"1897-null"
2026-03-11 14:38:21,848{GMT}	INFO	[jepsen worker 1] jepsen.util: 1	:invoke	:generate	nil
2026-03-11 14:38:21,848{GMT}	INFO	[jepsen worker 1] jepsen.util: 1	:ok	:generate	"1367-null"
2026-03-11 14:38:21,849{GMT}	INFO	[jepsen worker 2] jepsen.util: 2	:invoke	:generate	nil
2026-03-11 14:38:21,850{GMT}	INFO	[jepsen worker 2] jepsen.util: 2	:ok	:generate	"1203-null"
2026-03-11 14:38:21,851{GMT}	INFO	[jepsen worker 0] jepsen.util: 0	:invoke	:generate	nil
2026-03-11 14:38:21,851{GMT}	INFO	[jepsen worker 0] jepsen.util: 0	:ok	:generate	"1898-null"
2026-03-11 14:38:21,853{GMT}	INFO	[jepsen worker 0] jepsen.util: 0	:invoke	:generate	nil
2026-03-11 14:38:21,853{GMT}	INFO	[jepsen worker 0] jepsen.util: 0	:ok	:generate	"1899-null"
2026-03-11 14:38:21,855{GMT}	INFO	[jepsen worker 1] jepsen.util: 1	:invoke	:generate	nil
2026-03-11 14:38:21,855{GMT}	INFO	[jepsen worker 1] jepsen.util: 1	:ok	:generate	"1368-null"
2026-03-11 14:38:21,856{GMT}	INFO	[jepsen worker 2] jepsen.util: 2	:invoke	:generate	nil
2026-03-11 14:38:21,857{GMT}	INFO	[jepsen worker 2] jepsen.util: 2	:ok	:generate	"1204-null"
2026-03-11 14:38:21,857{GMT}	INFO	[jepsen worker 0] jepsen.util: 0	:invoke	:generate	nil
2026-03-11 14:38:21,857{GMT}	INFO	[jepsen worker 1] jepsen.util: 1	:invoke	:generate	nil
2026-03-11 14:38:21,857{GMT}	INFO	[jepsen worker 0] jepsen.util: 0	:ok	:generate	"1900-null"
2026-03-11 14:38:21,857{GMT}	INFO	[jepsen worker 1] jepsen.util: 1	:ok	:generate	"1369-null"
2026-03-11 14:38:21,859{GMT}	INFO	[jepsen worker 1] jepsen.util: 1	:invoke	:generate	nil
2026-03-11 14:38:21,859{GMT}	INFO	[jepsen worker 1] jepsen.util: 1	:ok	:generate	"1370-null"
2026-03-11 14:38:21,860{GMT}	INFO	[jepsen worker 2] jepsen.util: 2	:invoke	:generate	nil
2026-03-11 14:38:21,860{GMT}	INFO	[jepsen worker 0] jepsen.util: 0	:invoke	:generate	nil
2026-03-11 14:38:21,860{GMT}	INFO	[jepsen worker 2] jepsen.util: 2	:ok	:generate	"1205-null"
2026-03-11 14:38:21,860{GMT}	INFO	[jepsen worker 0] jepsen.util: 0	:ok	:generate	"1901-null"
2026-03-11 14:38:21,860{GMT}	INFO	[jepsen worker 0] jepsen.util: 0	:invoke	:generate	nil
2026-03-11 14:38:21,861{GMT}	INFO	[jepsen worker 0] jepsen.util: 0	:ok	:generate	"1902-null"
2026-03-11 14:38:21,862{GMT}	INFO	[jepsen worker 1] jepsen.util: 1	:invoke	:generate	nil
2026-03-11 14:38:21,862{GMT}	INFO	[jepsen worker 1] jepsen.util: 1	:ok	:generate	"1371-null"
2026-03-11 14:38:21,864{GMT}	INFO	[jepsen worker 2] jepsen.util: 2	:invoke	:generate	nil
2026-03-11 14:38:21,864{GMT}	INFO	[jepsen worker 2] jepsen.util: 2	:ok	:generate	"1206-null"
2026-03-11 14:38:21,865{GMT}	INFO	[jepsen worker 0] jepsen.util: 0	:invoke	:generate	nil
2026-03-11 14:38:21,865{GMT}	INFO	[jepsen worker 1] jepsen.util: 1	:invoke	:generate	nil
2026-03-11 14:38:21,865{GMT}	INFO	[jepsen worker 0] jepsen.util: 0	:ok	:generate	"1903-null"
2026-03-11 14:38:21,865{GMT}	INFO	[jepsen worker 2] jepsen.util: 2	:invoke	:generate	nil
2026-03-11 14:38:21,865{GMT}	INFO	[jepsen worker 1] jepsen.util: 1	:ok	:generate	"1372-null"
2026-03-11 14:38:21,866{GMT}	INFO	[jepsen worker 2] jepsen.util: 2	:ok	:generate	"1207-null"
2026-03-11 14:38:21,867{GMT}	INFO	[jepsen worker 2] jepsen.util: 2	:invoke	:generate	nil
2026-03-11 14:38:21,868{GMT}	INFO	[jepsen worker 2] jepsen.util: 2	:ok	:generate	"1208-null"
2026-03-11 14:38:21,868{GMT}	INFO	[jepsen worker 0] jepsen.util: 0	:invoke	:generate	nil
2026-03-11 14:38:21,868{GMT}	INFO	[jepsen worker 0] jepsen.util: 0	:ok	:generate	"1904-null"
2026-03-11 14:38:21,870{GMT}	INFO	[jepsen worker 0] jepsen.util: 0	:invoke	:generate	nil
2026-03-11 14:38:21,870{GMT}	INFO	[jepsen worker 0] jepsen.util: 0	:ok	:generate	"1905-null"
2026-03-11 14:38:21,871{GMT}	INFO	[jepsen worker 1] jepsen.util: 1	:invoke	:generate	nil
2026-03-11 14:38:21,872{GMT}	INFO	[jepsen worker 1] jepsen.util: 1	:ok	:generate	"1373-null"
2026-03-11 14:38:21,872{GMT}	INFO	[jepsen worker 2] jepsen.util: 2	:invoke	:generate	nil
2026-03-11 14:38:21,872{GMT}	INFO	[jepsen worker 2] jepsen.util: 2	:ok	:generate	"1209-null"
2026-03-11 14:38:21,873{GMT}	INFO	[jepsen worker 0] jepsen.util: 0	:invoke	:generate	nil
2026-03-11 14:38:21,874{GMT}	INFO	[jepsen worker 1] jepsen.util: 1	:invoke	:generate	nil
2026-03-11 14:38:21,874{GMT}	INFO	[jepsen worker 0] jepsen.util: 0	:ok	:generate	"1906-null"
2026-03-11 14:38:21,874{GMT}	INFO	[jepsen worker 1] jepsen.util: 1	:ok	:generate	"1374-null"
2026-03-11 14:38:21,874{GMT}	INFO	[jepsen worker 1] jepsen.util: 1	:invoke	:generate	nil
2026-03-11 14:38:21,875{GMT}	INFO	[jepsen worker 1] jepsen.util: 1	:ok	:generate	"1375-null"
2026-03-11 14:38:21,875{GMT}	INFO	[jepsen worker 2] jepsen.util: 2	:invoke	:generate	nil
2026-03-11 14:38:21,875{GMT}	INFO	[jepsen worker 2] jepsen.util: 2	:ok	:generate	"1210-null"
2026-03-11 14:38:21,876{GMT}	INFO	[jepsen worker 0] jepsen.util: 0	:invoke	:generate	nil
2026-03-11 14:38:21,876{GMT}	INFO	[jepsen worker 0] jepsen.util: 0	:ok	:generate	"1907-null"
2026-03-11 14:38:21,878{GMT}	INFO	[jepsen worker 0] jepsen.util: 0	:invoke	:generate	nil
2026-03-11 14:38:21,878{GMT}	INFO	[jepsen worker 0] jepsen.util: 0	:ok	:generate	"1908-null"
2026-03-11 14:38:21,879{GMT}	INFO	[jepsen worker 1] jepsen.util: 1	:invoke	:generate	nil
2026-03-11 14:38:21,879{GMT}	INFO	[jepsen worker 1] jepsen.util: 1	:ok	:generate	"1376-null"
2026-03-11 14:38:21,880{GMT}	INFO	[jepsen worker 2] jepsen.util: 2	:invoke	:generate	nil
2026-03-11 14:38:21,880{GMT}	INFO	[jepsen worker 2] jepsen.util: 2	:ok	:generate	"1211-null"
2026-03-11 14:38:21,881{GMT}	INFO	[jepsen worker 0] jepsen.util: 0	:invoke	:generate	nil
2026-03-11 14:38:21,881{GMT}	INFO	[jepsen worker 1] jepsen.util: 1	:invoke	:generate	nil
2026-03-11 14:38:21,881{GMT}	INFO	[jepsen worker 0] jepsen.util: 0	:ok	:generate	"1909-null"
2026-03-11 14:38:21,882{GMT}	INFO	[jepsen worker 1] jepsen.util: 1	:ok	:generate	"1377-null"
2026-03-11 14:38:21,882{GMT}	INFO	[jepsen worker 1] jepsen.util: 1	:invoke	:generate	nil
2026-03-11 14:38:21,882{GMT}	INFO	[jepsen worker 1] jepsen.util: 1	:ok	:generate	"1378-null"
2026-03-11 14:38:21,883{GMT}	INFO	[jepsen worker 2] jepsen.util: 2	:invoke	:generate	nil
2026-03-11 14:38:21,883{GMT}	INFO	[jepsen worker 0] jepsen.util: 0	:invoke	:generate	nil
2026-03-11 14:38:21,884{GMT}	INFO	[jepsen worker 0] jepsen.util: 0	:ok	:generate	"1910-null"
2026-03-11 14:38:21,884{GMT}	INFO	[jepsen worker 2] jepsen.util: 2	:ok	:generate	"1212-null"
2026-03-11 14:38:21,885{GMT}	INFO	[jepsen worker 0] jepsen.util: 0	:invoke	:generate	nil
2026-03-11 14:38:21,885{GMT}	INFO	[jepsen worker 0] jepsen.util: 0	:ok	:generate	"1911-null"
2026-03-11 14:38:21,887{GMT}	INFO	[jepsen worker 1] jepsen.util: 1	:invoke	:generate	nil
2026-03-11 14:38:21,887{GMT}	INFO	[jepsen worker 1] jepsen.util: 1	:ok	:generate	"1379-null"
2026-03-11 14:38:21,887{GMT}	INFO	[jepsen worker 2] jepsen.util: 2	:invoke	:generate	nil
2026-03-11 14:38:21,888{GMT}	INFO	[jepsen worker 2] jepsen.util: 2	:ok	:generate	"1213-null"
2026-03-11 14:38:21,888{GMT}	INFO	[jepsen worker 0] jepsen.util: 0	:invoke	:generate	nil
2026-03-11 14:38:21,889{GMT}	INFO	[jepsen worker 0] jepsen.util: 0	:ok	:generate	"1912-null"
2026-03-11 14:38:21,889{GMT}	INFO	[jepsen worker 1] jepsen.util: 1	:invoke	:generate	nil
2026-03-11 14:38:21,889{GMT}	INFO	[jepsen worker 0] jepsen.util: 0	:invoke	:generate	nil
2026-03-11 14:38:21,890{GMT}	INFO	[jepsen worker 0] jepsen.util: 0	:ok	:generate	"1913-null"
2026-03-11 14:38:21,890{GMT}	INFO	[jepsen worker 1] jepsen.util: 1	:ok	:generate	"1380-null"
2026-03-11 14:38:21,890{GMT}	INFO	[jepsen worker 2] jepsen.util: 2	:invoke	:generate	nil
2026-03-11 14:38:21,891{GMT}	INFO	[jepsen worker 2] jepsen.util: 2	:ok	:generate	"1214-null"
2026-03-11 14:38:21,891{GMT}	INFO	[jepsen worker 0] jepsen.util: 0	:invoke	:generate	nil
2026-03-11 14:38:21,892{GMT}	INFO	[jepsen worker 0] jepsen.util: 0	:ok	:generate	"1914-null"
2026-03-11 14:38:21,893{GMT}	INFO	[jepsen worker 0] jepsen.util: 0	:invoke	:generate	nil
2026-03-11 14:38:21,894{GMT}	INFO	[jepsen worker 0] jepsen.util: 0	:ok	:generate	"1915-null"
2026-03-11 14:38:21,895{GMT}	INFO	[jepsen worker 2] jepsen.util: 2	:invoke	:generate	nil
2026-03-11 14:38:21,895{GMT}	INFO	[jepsen worker 1] jepsen.util: 1	:invoke	:generate	nil
2026-03-11 14:38:21,895{GMT}	INFO	[jepsen worker 2] jepsen.util: 2	:ok	:generate	"1215-null"
2026-03-11 14:38:21,895{GMT}	INFO	[jepsen worker 1] jepsen.util: 1	:ok	:generate	"1381-null"
2026-03-11 14:38:21,897{GMT}	INFO	[jepsen worker 0] jepsen.util: 0	:invoke	:generate	nil
2026-03-11 14:38:21,897{GMT}	INFO	[jepsen worker 0] jepsen.util: 0	:ok	:generate	"1916-null"
2026-03-11 14:38:21,898{GMT}	INFO	[jepsen worker 0] jepsen.util: 0	:invoke	:generate	nil
2026-03-11 14:38:21,899{GMT}	INFO	[jepsen worker 0] jepsen.util: 0	:ok	:generate	"1917-null"
2026-03-11 14:38:21,900{GMT}	INFO	[jepsen worker 1] jepsen.util: 1	:invoke	:generate	nil
2026-03-11 14:38:21,900{GMT}	INFO	[jepsen worker 1] jepsen.util: 1	:ok	:generate	"1382-null"
2026-03-11 14:38:21,901{GMT}	INFO	[jepsen worker 2] jepsen.util: 2	:invoke	:generate	nil
2026-03-11 14:38:21,902{GMT}	INFO	[jepsen worker 2] jepsen.util: 2	:ok	:generate	"1216-null"
2026-03-11 14:38:21,902{GMT}	INFO	[jepsen worker 0] jepsen.util: 0	:invoke	:generate	nil
2026-03-11 14:38:21,903{GMT}	INFO	[jepsen worker 0] jepsen.util: 0	:ok	:generate	"1918-null"
2026-03-11 14:38:21,904{GMT}	INFO	[jepsen worker 0] jepsen.util: 0	:invoke	:generate	nil
2026-03-11 14:38:21,905{GMT}	INFO	[jepsen worker 0] jepsen.util: 0	:ok	:generate	"1919-null"
2026-03-11 14:38:21,906{GMT}	INFO	[jepsen worker 1] jepsen.util: 1	:invoke	:generate	nil
2026-03-11 14:38:21,907{GMT}	INFO	[jepsen worker 1] jepsen.util: 1	:ok	:generate	"1383-null"
2026-03-11 14:38:21,907{GMT}	INFO	[jepsen worker 2] jepsen.util: 2	:invoke	:generate	nil
2026-03-11 14:38:21,908{GMT}	INFO	[jepsen worker 2] jepsen.util: 2	:ok	:generate	"1217-null"
2026-03-11 14:38:21,909{GMT}	INFO	[jepsen worker 0] jepsen.util: 0	:invoke	:generate	nil
2026-03-11 14:38:21,910{GMT}	INFO	[jepsen worker 0] jepsen.util: 0	:ok	:generate	"1920-null"
2026-03-11 14:38:21,911{GMT}	INFO	[jepsen worker 0] jepsen.util: 0	:invoke	:generate	nil
2026-03-11 14:38:21,911{GMT}	INFO	[jepsen worker 0] jepsen.util: 0	:ok	:generate	"1921-null"
2026-03-11 14:38:21,911{GMT}	INFO	[jepsen worker 1] jepsen.util: 1	:invoke	:generate	nil
2026-03-11 14:38:21,911{GMT}	INFO	[jepsen worker 2] jepsen.util: 2	:invoke	:generate	nil
2026-03-11 14:38:21,911{GMT}	INFO	[jepsen worker 1] jepsen.util: 1	:ok	:generate	"1384-null"
2026-03-11 14:38:21,912{GMT}	INFO	[jepsen worker 2] jepsen.util: 2	:ok	:generate	"1218-null"
2026-03-11 14:38:21,913{GMT}	INFO	[jepsen worker 0] jepsen.util: 0	:invoke	:generate	nil
2026-03-11 14:38:21,913{GMT}	INFO	[jepsen worker 0] jepsen.util: 0	:ok	:generate	"1922-null"
2026-03-11 14:38:21,915{GMT}	INFO	[jepsen worker 0] jepsen.util: 0	:invoke	:generate	nil
2026-03-11 14:38:21,915{GMT}	INFO	[jepsen worker 0] jepsen.util: 0	:ok	:generate	"1923-null"
2026-03-11 14:38:21,916{GMT}	INFO	[jepsen worker 1] jepsen.util: 1	:invoke	:generate	nil
2026-03-11 14:38:21,917{GMT}	INFO	[jepsen worker 1] jepsen.util: 1	:ok	:generate	"1385-null"
2026-03-11 14:38:21,918{GMT}	INFO	[jepsen worker 2] jepsen.util: 2	:invoke	:generate	nil
2026-03-11 14:38:21,918{GMT}	INFO	[jepsen worker 2] jepsen.util: 2	:ok	:generate	"1219-null"
2026-03-11 14:38:21,919{GMT}	INFO	[jepsen worker 0] jepsen.util: 0	:invoke	:generate	nil
2026-03-11 14:38:21,919{GMT}	INFO	[jepsen worker 1] jepsen.util: 1	:invoke	:generate	nil
2026-03-11 14:38:21,919{GMT}	INFO	[jepsen worker 0] jepsen.util: 0	:ok	:generate	"1924-null"
2026-03-11 14:38:21,919{GMT}	INFO	[jepsen worker 2] jepsen.util: 2	:invoke	:generate	nil
2026-03-11 14:38:21,919{GMT}	INFO	[jepsen worker 1] jepsen.util: 1	:ok	:generate	"1386-null"
2026-03-11 14:38:21,920{GMT}	INFO	[jepsen worker 2] jepsen.util: 2	:ok	:generate	"1220-null"
2026-03-11 14:38:21,921{GMT}	INFO	[jepsen worker 2] jepsen.util: 2	:invoke	:generate	nil
2026-03-11 14:38:21,922{GMT}	INFO	[jepsen worker 2] jepsen.util: 2	:ok	:generate	"1221-null"
2026-03-11 14:38:21,922{GMT}	INFO	[jepsen worker 0] jepsen.util: 0	:invoke	:generate	nil
2026-03-11 14:38:21,923{GMT}	INFO	[jepsen worker 0] jepsen.util: 0	:ok	:generate	"1925-null"
2026-03-11 14:38:21,924{GMT}	INFO	[jepsen worker 0] jepsen.util: 0	:invoke	:generate	nil
2026-03-11 14:38:21,924{GMT}	INFO	[jepsen worker 1] jepsen.util: 1	:invoke	:generate	nil
2026-03-11 14:38:21,925{GMT}	INFO	[jepsen worker 1] jepsen.util: 1	:ok	:generate	"1387-null"
2026-03-11 14:38:21,925{GMT}	INFO	[jepsen worker 0] jepsen.util: 0	:ok	:generate	"1926-null"
2026-03-11 14:38:21,926{GMT}	INFO	[jepsen worker 2] jepsen.util: 2	:invoke	:generate	nil
2026-03-11 14:38:21,926{GMT}	INFO	[jepsen worker 2] jepsen.util: 2	:ok	:generate	"1222-null"
2026-03-11 14:38:21,928{GMT}	INFO	[jepsen worker 0] jepsen.util: 0	:invoke	:generate	nil
2026-03-11 14:38:21,929{GMT}	INFO	[jepsen worker 0] jepsen.util: 0	:ok	:generate	"1927-null"
2026-03-11 14:38:21,929{GMT}	INFO	[jepsen worker 0] jepsen.util: 0	:invoke	:generate	nil
2026-03-11 14:38:21,929{GMT}	INFO	[jepsen worker 0] jepsen.util: 0	:ok	:generate	"1928-null"
2026-03-11 14:38:21,931{GMT}	INFO	[jepsen worker 1] jepsen.util: 1	:invoke	:generate	nil
2026-03-11 14:38:21,931{GMT}	INFO	[jepsen worker 1] jepsen.util: 1	:ok	:generate	"1388-null"
2026-03-11 14:38:21,931{GMT}	INFO	[jepsen worker 2] jepsen.util: 2	:invoke	:generate	nil
2026-03-11 14:38:21,932{GMT}	INFO	[jepsen worker 2] jepsen.util: 2	:ok	:generate	"1223-null"
2026-03-11 14:38:21,932{GMT}	INFO	[jepsen worker 0] jepsen.util: 0	:invoke	:generate	nil
2026-03-11 14:38:21,932{GMT}	INFO	[jepsen worker 0] jepsen.util: 0	:ok	:generate	"1929-null"
2026-03-11 14:38:21,932{GMT}	INFO	[jepsen worker 1] jepsen.util: 1	:invoke	:generate	nil
2026-03-11 14:38:21,932{GMT}	INFO	[jepsen worker 1] jepsen.util: 1	:ok	:generate	"1389-null"
2026-03-11 14:38:21,934{GMT}	INFO	[jepsen worker 1] jepsen.util: 1	:invoke	:generate	nil
2026-03-11 14:38:21,934{GMT}	INFO	[jepsen worker 1] jepsen.util: 1	:ok	:generate	"1390-null"
2026-03-11 14:38:21,935{GMT}	INFO	[jepsen worker 2] jepsen.util: 2	:invoke	:generate	nil
2026-03-11 14:38:21,935{GMT}	INFO	[jepsen worker 2] jepsen.util: 2	:ok	:generate	"1224-null"
2026-03-11 14:38:21,936{GMT}	INFO	[jepsen worker 0] jepsen.util: 0	:invoke	:generate	nil
2026-03-11 14:38:21,936{GMT}	INFO	[jepsen worker 0] jepsen.util: 0	:ok	:generate	"1930-null"
2026-03-11 14:38:21,937{GMT}	INFO	[jepsen worker 0] jepsen.util: 0	:invoke	:generate	nil
2026-03-11 14:38:21,937{GMT}	INFO	[jepsen worker 0] jepsen.util: 0	:ok	:generate	"1931-null"
2026-03-11 14:38:21,939{GMT}	INFO	[jepsen worker 1] jepsen.util: 1	:invoke	:generate	nil
2026-03-11 14:38:21,939{GMT}	INFO	[jepsen worker 1] jepsen.util: 1	:ok	:generate	"1391-null"
2026-03-11 14:38:21,940{GMT}	INFO	[jepsen worker 2] jepsen.util: 2	:invoke	:generate	nil
2026-03-11 14:38:21,940{GMT}	INFO	[jepsen worker 2] jepsen.util: 2	:ok	:generate	"1225-null"
2026-03-11 14:38:21,941{GMT}	INFO	[jepsen worker 0] jepsen.util: 0	:invoke	:generate	nil
2026-03-11 14:38:21,941{GMT}	INFO	[jepsen worker 0] jepsen.util: 0	:ok	:generate	"1932-null"
2026-03-11 14:38:21,943{GMT}	INFO	[jepsen worker 0] jepsen.util: 0	:invoke	:generate	nil
2026-03-11 14:38:21,943{GMT}	INFO	[jepsen worker 0] jepsen.util: 0	:ok	:generate	"1933-null"
2026-03-11 14:38:21,943{GMT}	INFO	[jepsen worker 1] jepsen.util: 1	:invoke	:generate	nil
2026-03-11 14:38:21,943{GMT}	INFO	[jepsen worker 1] jepsen.util: 1	:ok	:generate	"1392-null"
2026-03-11 14:38:21,945{GMT}	INFO	[jepsen worker 2] jepsen.util: 2	:invoke	:generate	nil
2026-03-11 14:38:21,945{GMT}	INFO	[jepsen worker 2] jepsen.util: 2	:ok	:generate	"1226-null"
2026-03-11 14:38:21,945{GMT}	INFO	[jepsen worker 0] jepsen.util: 0	:invoke	:generate	nil
2026-03-11 14:38:21,946{GMT}	INFO	[jepsen worker 0] jepsen.util: 0	:ok	:generate	"1934-null"
2026-03-11 14:38:21,946{GMT}	INFO	[jepsen worker 0] jepsen.util: 0	:invoke	:generate	nil
2026-03-11 14:38:21,947{GMT}	INFO	[jepsen worker 0] jepsen.util: 0	:ok	:generate	"1935-null"
2026-03-11 14:38:21,947{GMT}	INFO	[jepsen worker 1] jepsen.util: 1	:invoke	:generate	nil
2026-03-11 14:38:21,947{GMT}	INFO	[jepsen worker 1] jepsen.util: 1	:ok	:generate	"1393-null"
2026-03-11 14:38:21,948{GMT}	INFO	[jepsen worker 2] jepsen.util: 2	:invoke	:generate	nil
2026-03-11 14:38:21,949{GMT}	INFO	[jepsen worker 2] jepsen.util: 2	:ok	:generate	"1227-null"
2026-03-11 14:38:21,949{GMT}	INFO	[jepsen worker 0] jepsen.util: 0	:invoke	:generate	nil
2026-03-11 14:38:21,949{GMT}	INFO	[jepsen worker 0] jepsen.util: 0	:ok	:generate	"1936-null"
2026-03-11 14:38:21,951{GMT}	INFO	[jepsen worker 0] jepsen.util: 0	:invoke	:generate	nil
2026-03-11 14:38:21,951{GMT}	INFO	[jepsen worker 0] jepsen.util: 0	:ok	:generate	"1937-null"
2026-03-11 14:38:21,951{GMT}	INFO	[jepsen worker 1] jepsen.util: 1	:invoke	:generate	nil
2026-03-11 14:38:21,951{GMT}	INFO	[jepsen worker 1] jepsen.util: 1	:ok	:generate	"1394-null"
2026-03-11 14:38:21,952{GMT}	INFO	[jepsen worker 2] jepsen.util: 2	:invoke	:generate	nil
2026-03-11 14:38:21,952{GMT}	INFO	[jepsen worker 2] jepsen.util: 2	:ok	:generate	"1228-null"
2026-03-11 14:38:21,953{GMT}	INFO	[jepsen worker 0] jepsen.util: 0	:invoke	:generate	nil
2026-03-11 14:38:21,954{GMT}	INFO	[jepsen worker 0] jepsen.util: 0	:ok	:generate	"1938-null"
2026-03-11 14:38:21,954{GMT}	INFO	[jepsen worker 0] jepsen.util: 0	:invoke	:generate	nil
2026-03-11 14:38:21,954{GMT}	INFO	[jepsen worker 0] jepsen.util: 0	:ok	:generate	"1939-null"
2026-03-11 14:38:21,955{GMT}	INFO	[jepsen worker 1] jepsen.util: 1	:invoke	:generate	nil
2026-03-11 14:38:21,955{GMT}	INFO	[jepsen worker 1] jepsen.util: 1	:ok	:generate	"1395-null"
2026-03-11 14:38:21,955{GMT}	INFO	[jepsen worker 2] jepsen.util: 2	:invoke	:generate	nil
2026-03-11 14:38:21,956{GMT}	INFO	[jepsen worker 2] jepsen.util: 2	:ok	:generate	"1229-null"
2026-03-11 14:38:21,957{GMT}	INFO	[jepsen worker 0] jepsen.util: 0	:invoke	:generate	nil
2026-03-11 14:38:21,957{GMT}	INFO	[jepsen worker 1] jepsen.util: 1	:invoke	:generate	nil
2026-03-11 14:38:21,957{GMT}	INFO	[jepsen worker 0] jepsen.util: 0	:ok	:generate	"1940-null"
2026-03-11 14:38:21,957{GMT}	INFO	[jepsen worker 1] jepsen.util: 1	:ok	:generate	"1396-null"
2026-03-11 14:38:21,958{GMT}	INFO	[jepsen worker 1] jepsen.util: 1	:invoke	:generate	nil
2026-03-11 14:38:21,959{GMT}	INFO	[jepsen worker 1] jepsen.util: 1	:ok	:generate	"1397-null"
2026-03-11 14:38:21,959{GMT}	INFO	[jepsen worker 2] jepsen.util: 2	:invoke	:generate	nil
2026-03-11 14:38:21,959{GMT}	INFO	[jepsen worker 0] jepsen.util: 0	:invoke	:generate	nil
2026-03-11 14:38:21,959{GMT}	INFO	[jepsen worker 2] jepsen.util: 2	:ok	:generate	"1230-null"
2026-03-11 14:38:21,959{GMT}	INFO	[jepsen worker 0] jepsen.util: 0	:ok	:generate	"1941-null"
2026-03-11 14:38:21,960{GMT}	INFO	[jepsen worker 0] jepsen.util: 0	:invoke	:generate	nil
2026-03-11 14:38:21,960{GMT}	INFO	[jepsen worker 0] jepsen.util: 0	:ok	:generate	"1942-null"
2026-03-11 14:38:21,961{GMT}	INFO	[jepsen worker 1] jepsen.util: 1	:invoke	:generate	nil
2026-03-11 14:38:21,962{GMT}	INFO	[jepsen worker 1] jepsen.util: 1	:ok	:generate	"1398-null"
2026-03-11 14:38:21,963{GMT}	INFO	[jepsen worker 2] jepsen.util: 2	:invoke	:generate	nil
2026-03-11 14:38:21,963{GMT}	INFO	[jepsen worker 2] jepsen.util: 2	:ok	:generate	"1231-null"
2026-03-11 14:38:21,964{GMT}	INFO	[jepsen worker 0] jepsen.util: 0	:invoke	:generate	nil
2026-03-11 14:38:21,965{GMT}	INFO	[jepsen worker 0] jepsen.util: 0	:ok	:generate	"1943-null"
2026-03-11 14:38:21,966{GMT}	INFO	[jepsen worker 0] jepsen.util: 0	:invoke	:generate	nil
2026-03-11 14:38:21,967{GMT}	INFO	[jepsen worker 0] jepsen.util: 0	:ok	:generate	"1944-null"
2026-03-11 14:38:21,967{GMT}	INFO	[jepsen worker 1] jepsen.util: 1	:invoke	:generate	nil
2026-03-11 14:38:21,967{GMT}	INFO	[jepsen worker 2] jepsen.util: 2	:invoke	:generate	nil
2026-03-11 14:38:21,967{GMT}	INFO	[jepsen worker 2] jepsen.util: 2	:ok	:generate	"1232-null"
2026-03-11 14:38:21,967{GMT}	INFO	[jepsen worker 1] jepsen.util: 1	:ok	:generate	"1399-null"
2026-03-11 14:38:21,967{GMT}	INFO	[jepsen worker 0] jepsen.util: 0	:invoke	:generate	nil
2026-03-11 14:38:21,967{GMT}	INFO	[jepsen worker 0] jepsen.util: 0	:ok	:generate	"1945-null"
2026-03-11 14:38:21,968{GMT}	INFO	[jepsen worker 0] jepsen.util: 0	:invoke	:generate	nil
2026-03-11 14:38:21,968{GMT}	INFO	[jepsen worker 0] jepsen.util: 0	:ok	:generate	"1946-null"
2026-03-11 14:38:21,970{GMT}	INFO	[jepsen worker 1] jepsen.util: 1	:invoke	:generate	nil
2026-03-11 14:38:21,970{GMT}	INFO	[jepsen worker 1] jepsen.util: 1	:ok	:generate	"1400-null"
2026-03-11 14:38:21,972{GMT}	INFO	[jepsen worker 2] jepsen.util: 2	:invoke	:generate	nil
2026-03-11 14:38:21,972{GMT}	INFO	[jepsen worker 2] jepsen.util: 2	:ok	:generate	"1233-null"
2026-03-11 14:38:21,973{GMT}	INFO	[jepsen worker 0] jepsen.util: 0	:invoke	:generate	nil
2026-03-11 14:38:21,974{GMT}	INFO	[jepsen worker 0] jepsen.util: 0	:ok	:generate	"1947-null"
2026-03-11 14:38:21,974{GMT}	INFO	[jepsen worker 0] jepsen.util: 0	:invoke	:generate	nil
2026-03-11 14:38:21,974{GMT}	INFO	[jepsen worker 0] jepsen.util: 0	:ok	:generate	"1948-null"
2026-03-11 14:38:21,974{GMT}	INFO	[jepsen worker 1] jepsen.util: 1	:invoke	:generate	nil
2026-03-11 14:38:21,975{GMT}	INFO	[jepsen worker 1] jepsen.util: 1	:ok	:generate	"1401-null"
2026-03-11 14:38:21,976{GMT}	INFO	[jepsen worker 2] jepsen.util: 2	:invoke	:generate	nil
2026-03-11 14:38:21,977{GMT}	INFO	[jepsen worker 2] jepsen.util: 2	:ok	:generate	"1234-null"
2026-03-11 14:38:21,977{GMT}	INFO	[jepsen worker 0] jepsen.util: 0	:invoke	:generate	nil
2026-03-11 14:38:21,978{GMT}	INFO	[jepsen worker 0] jepsen.util: 0	:ok	:generate	"1949-null"
2026-03-11 14:38:21,978{GMT}	INFO	[jepsen worker 0] jepsen.util: 0	:invoke	:generate	nil
2026-03-11 14:38:21,979{GMT}	INFO	[jepsen worker 0] jepsen.util: 0	:ok	:generate	"1950-null"
2026-03-11 14:38:21,979{GMT}	INFO	[jepsen worker 1] jepsen.util: 1	:invoke	:generate	nil
2026-03-11 14:38:21,980{GMT}	INFO	[jepsen worker 1] jepsen.util: 1	:ok	:generate	"1402-null"
2026-03-11 14:38:21,980{GMT}	INFO	[jepsen worker 2] jepsen.util: 2	:invoke	:generate	nil
2026-03-11 14:38:21,981{GMT}	INFO	[jepsen worker 2] jepsen.util: 2	:ok	:generate	"1235-null"
2026-03-11 14:38:21,981{GMT}	INFO	[jepsen worker 0] jepsen.util: 0	:invoke	:generate	nil
2026-03-11 14:38:21,983{GMT}	INFO	[jepsen worker 1] jepsen.util: 1	:invoke	:generate	nil
2026-03-11 14:38:21,987{GMT}	INFO	[jepsen worker 2] jepsen.util: 2	:invoke	:generate	nil
2026-03-11 14:38:21,987{GMT}	INFO	[jepsen worker 0] jepsen.util: 0	:ok	:generate	"1951-null"
2026-03-11 14:38:21,987{GMT}	INFO	[jepsen worker 1] jepsen.util: 1	:ok	:generate	"1403-null"
2026-03-11 14:38:21,987{GMT}	INFO	[jepsen worker 2] jepsen.util: 2	:ok	:generate	"1236-null"
2026-03-11 14:38:21,987{GMT}	INFO	[jepsen worker 2] jepsen.util: 2	:invoke	:generate	nil
2026-03-11 14:38:21,988{GMT}	INFO	[jepsen worker 2] jepsen.util: 2	:ok	:generate	"1237-null"
2026-03-11 14:38:21,989{GMT}	INFO	[jepsen worker 1] jepsen.util: 1	:invoke	:generate	nil
2026-03-11 14:38:21,989{GMT}	INFO	[jepsen worker 0] jepsen.util: 0	:invoke	:generate	nil
2026-03-11 14:38:21,990{GMT}	INFO	[jepsen worker 1] jepsen.util: 1	:ok	:generate	"1404-null"
2026-03-11 14:38:21,990{GMT}	INFO	[jepsen worker 0] jepsen.util: 0	:ok	:generate	"1952-null"
2026-03-11 14:38:21,990{GMT}	INFO	[jepsen worker 1] jepsen.util: 1	:invoke	:generate	nil
2026-03-11 14:38:21,990{GMT}	INFO	[jepsen worker 1] jepsen.util: 1	:ok	:generate	"1405-null"
2026-03-11 14:38:21,992{GMT}	INFO	[jepsen worker 2] jepsen.util: 2	:invoke	:generate	nil
2026-03-11 14:38:21,992{GMT}	INFO	[jepsen worker 2] jepsen.util: 2	:ok	:generate	"1238-null"
2026-03-11 14:38:21,993{GMT}	INFO	[jepsen worker 0] jepsen.util: 0	:invoke	:generate	nil
2026-03-11 14:38:21,994{GMT}	INFO	[jepsen worker 0] jepsen.util: 0	:ok	:generate	"1953-null"
2026-03-11 14:38:21,995{GMT}	INFO	[jepsen worker 0] jepsen.util: 0	:invoke	:generate	nil
2026-03-11 14:38:21,996{GMT}	INFO	[jepsen worker 0] jepsen.util: 0	:ok	:generate	"1954-null"
2026-03-11 14:38:21,996{GMT}	INFO	[jepsen worker 1] jepsen.util: 1	:invoke	:generate	nil
2026-03-11 14:38:21,996{GMT}	INFO	[jepsen worker 1] jepsen.util: 1	:ok	:generate	"1406-null"
2026-03-11 14:38:21,997{GMT}	INFO	[jepsen worker 2] jepsen.util: 2	:invoke	:generate	nil
2026-03-11 14:38:21,998{GMT}	INFO	[jepsen worker 2] jepsen.util: 2	:ok	:generate	"1239-null"
2026-03-11 14:38:21,998{GMT}	INFO	[jepsen worker 0] jepsen.util: 0	:invoke	:generate	nil
2026-03-11 14:38:21,998{GMT}	INFO	[jepsen worker 0] jepsen.util: 0	:ok	:generate	"1955-null"
2026-03-11 14:38:21,998{GMT}	INFO	[jepsen worker 0] jepsen.util: 0	:invoke	:generate	nil
2026-03-11 14:38:21,998{GMT}	INFO	[jepsen worker 0] jepsen.util: 0	:ok	:generate	"1956-null"
2026-03-11 14:38:22,000{GMT}	INFO	[jepsen worker 1] jepsen.util: 1	:invoke	:generate	nil
2026-03-11 14:38:22,000{GMT}	INFO	[jepsen worker 1] jepsen.util: 1	:ok	:generate	"1407-null"
2026-03-11 14:38:22,001{GMT}	INFO	[jepsen worker 2] jepsen.util: 2	:invoke	:generate	nil
2026-03-11 14:38:22,001{GMT}	INFO	[jepsen worker 2] jepsen.util: 2	:ok	:generate	"1240-null"
2026-03-11 14:38:22,003{GMT}	INFO	[jepsen worker 0] jepsen.util: 0	:invoke	:generate	nil
2026-03-11 14:38:22,003{GMT}	INFO	[jepsen worker 0] jepsen.util: 0	:ok	:generate	"1957-null"
2026-03-11 14:38:22,003{GMT}	INFO	[jepsen worker 0] jepsen.util: 0	:invoke	:generate	nil
2026-03-11 14:38:22,003{GMT}	INFO	[jepsen worker 0] jepsen.util: 0	:ok	:generate	"1958-null"
2026-03-11 14:38:22,004{GMT}	INFO	[jepsen worker 1] jepsen.util: 1	:invoke	:generate	nil
2026-03-11 14:38:22,004{GMT}	INFO	[jepsen worker 1] jepsen.util: 1	:ok	:generate	"1408-null"
2026-03-11 14:38:22,005{GMT}	INFO	[jepsen worker 2] jepsen.util: 2	:invoke	:generate	nil
2026-03-11 14:38:22,005{GMT}	INFO	[jepsen worker 2] jepsen.util: 2	:ok	:generate	"1241-null"
2026-03-11 14:38:22,007{GMT}	INFO	[jepsen worker 0] jepsen.util: 0	:invoke	:generate	nil
2026-03-11 14:38:22,007{GMT}	INFO	[jepsen worker 0] jepsen.util: 0	:ok	:generate	"1959-null"
2026-03-11 14:38:22,008{GMT}	INFO	[jepsen worker 0] jepsen.util: 0	:invoke	:generate	nil
2026-03-11 14:38:22,008{GMT}	INFO	[jepsen worker 1] jepsen.util: 1	:invoke	:generate	nil
2026-03-11 14:38:22,008{GMT}	INFO	[jepsen worker 0] jepsen.util: 0	:ok	:generate	"1960-null"
2026-03-11 14:38:22,009{GMT}	INFO	[jepsen worker 2] jepsen.util: 2	:invoke	:generate	nil
2026-03-11 14:38:22,009{GMT}	INFO	[jepsen worker 1] jepsen.util: 1	:ok	:generate	"1409-null"
2026-03-11 14:38:22,009{GMT}	INFO	[jepsen worker 2] jepsen.util: 2	:ok	:generate	"1242-null"
2026-03-11 14:38:22,011{GMT}	INFO	[jepsen worker 0] jepsen.util: 0	:invoke	:generate	nil
2026-03-11 14:38:22,011{GMT}	INFO	[jepsen worker 0] jepsen.util: 0	:ok	:generate	"1961-null"
2026-03-11 14:38:22,012{GMT}	INFO	[jepsen worker 0] jepsen.util: 0	:invoke	:generate	nil
2026-03-11 14:38:22,012{GMT}	INFO	[jepsen worker 1] jepsen.util: 1	:invoke	:generate	nil
2026-03-11 14:38:22,012{GMT}	INFO	[jepsen worker 0] jepsen.util: 0	:ok	:generate	"1962-null"
2026-03-11 14:38:22,012{GMT}	INFO	[jepsen worker 1] jepsen.util: 1	:ok	:generate	"1410-null"
2026-03-11 14:38:22,013{GMT}	INFO	[jepsen worker 2] jepsen.util: 2	:invoke	:generate	nil
2026-03-11 14:38:22,014{GMT}	INFO	[jepsen worker 0] jepsen.util: 0	:invoke	:generate	nil
2026-03-11 14:38:22,014{GMT}	INFO	[jepsen worker 2] jepsen.util: 2	:ok	:generate	"1243-null"
2026-03-11 14:38:22,014{GMT}	INFO	[jepsen worker 0] jepsen.util: 0	:ok	:generate	"1963-null"
2026-03-11 14:38:22,015{GMT}	INFO	[jepsen worker 0] jepsen.util: 0	:invoke	:generate	nil
2026-03-11 14:38:22,016{GMT}	INFO	[jepsen worker 0] jepsen.util: 0	:ok	:generate	"1964-null"
2026-03-11 14:38:22,017{GMT}	INFO	[jepsen worker 1] jepsen.util: 1	:invoke	:generate	nil
2026-03-11 14:38:22,017{GMT}	INFO	[jepsen worker 1] jepsen.util: 1	:ok	:generate	"1411-null"
2026-03-11 14:38:22,018{GMT}	INFO	[jepsen worker 2] jepsen.util: 2	:invoke	:generate	nil
2026-03-11 14:38:22,019{GMT}	INFO	[jepsen worker 2] jepsen.util: 2	:ok	:generate	"1244-null"
2026-03-11 14:38:22,020{GMT}	INFO	[jepsen worker 0] jepsen.util: 0	:invoke	:generate	nil
2026-03-11 14:38:22,020{GMT}	INFO	[jepsen worker 0] jepsen.util: 0	:ok	:generate	"1965-null"
2026-03-11 14:38:22,021{GMT}	INFO	[jepsen worker 0] jepsen.util: 0	:invoke	:generate	nil
2026-03-11 14:38:22,022{GMT}	INFO	[jepsen worker 1] jepsen.util: 1	:invoke	:generate	nil
2026-03-11 14:38:22,022{GMT}	INFO	[jepsen worker 0] jepsen.util: 0	:ok	:generate	"1966-null"
2026-03-11 14:38:22,022{GMT}	INFO	[jepsen worker 1] jepsen.util: 1	:ok	:generate	"1412-null"
2026-03-11 14:38:22,023{GMT}	INFO	[jepsen worker 2] jepsen.util: 2	:invoke	:generate	nil
2026-03-11 14:38:22,024{GMT}	INFO	[jepsen worker 0] jepsen.util: 0	:invoke	:generate	nil
2026-03-11 14:38:22,024{GMT}	INFO	[jepsen worker 0] jepsen.util: 0	:ok	:generate	"1967-null"
2026-03-11 14:38:22,024{GMT}	INFO	[jepsen worker 2] jepsen.util: 2	:ok	:generate	"1245-null"
2026-03-11 14:38:22,025{GMT}	INFO	[jepsen worker 0] jepsen.util: 0	:invoke	:generate	nil
2026-03-11 14:38:22,026{GMT}	INFO	[jepsen worker 0] jepsen.util: 0	:ok	:generate	"1968-null"
2026-03-11 14:38:22,026{GMT}	INFO	[jepsen worker 1] jepsen.util: 1	:invoke	:generate	nil
2026-03-11 14:38:22,027{GMT}	INFO	[jepsen worker 1] jepsen.util: 1	:ok	:generate	"1413-null"
2026-03-11 14:38:22,028{GMT}	INFO	[jepsen worker 2] jepsen.util: 2	:invoke	:generate	nil
2026-03-11 14:38:22,028{GMT}	INFO	[jepsen worker 0] jepsen.util: 0	:invoke	:generate	nil
2026-03-11 14:38:22,028{GMT}	INFO	[jepsen worker 2] jepsen.util: 2	:ok	:generate	"1246-null"
2026-03-11 14:38:22,029{GMT}	INFO	[jepsen worker 0] jepsen.util: 0	:ok	:generate	"1969-null"
2026-03-11 14:38:22,029{GMT}	INFO	[jepsen worker 0] jepsen.util: 0	:invoke	:generate	nil
2026-03-11 14:38:22,029{GMT}	INFO	[jepsen worker 0] jepsen.util: 0	:ok	:generate	"1970-null"
2026-03-11 14:38:22,030{GMT}	INFO	[jepsen worker 1] jepsen.util: 1	:invoke	:generate	nil
2026-03-11 14:38:22,031{GMT}	INFO	[jepsen worker 1] jepsen.util: 1	:ok	:generate	"1414-null"
2026-03-11 14:38:22,032{GMT}	INFO	[jepsen worker 2] jepsen.util: 2	:invoke	:generate	nil
2026-03-11 14:38:22,032{GMT}	INFO	[jepsen worker 2] jepsen.util: 2	:ok	:generate	"1247-null"
2026-03-11 14:38:22,032{GMT}	INFO	[jepsen worker 0] jepsen.util: 0	:invoke	:generate	nil
2026-03-11 14:38:22,033{GMT}	INFO	[jepsen worker 0] jepsen.util: 0	:ok	:generate	"1971-null"
2026-03-11 14:38:22,033{GMT}	INFO	[jepsen worker 1] jepsen.util: 1	:invoke	:generate	nil
2026-03-11 14:38:22,033{GMT}	INFO	[jepsen worker 1] jepsen.util: 1	:ok	:generate	"1415-null"
2026-03-11 14:38:22,033{GMT}	INFO	[jepsen worker 1] jepsen.util: 1	:invoke	:generate	nil
2026-03-11 14:38:22,034{GMT}	INFO	[jepsen worker 1] jepsen.util: 1	:ok	:generate	"1416-null"
2026-03-11 14:38:22,035{GMT}	INFO	[jepsen worker 2] jepsen.util: 2	:invoke	:generate	nil
2026-03-11 14:38:22,036{GMT}	INFO	[jepsen worker 2] jepsen.util: 2	:ok	:generate	"1248-null"
2026-03-11 14:38:22,037{GMT}	INFO	[jepsen worker 0] jepsen.util: 0	:invoke	:generate	nil
2026-03-11 14:38:22,037{GMT}	INFO	[jepsen worker 0] jepsen.util: 0	:ok	:generate	"1972-null"
2026-03-11 14:38:22,037{GMT}	INFO	[jepsen worker 0] jepsen.util: 0	:invoke	:generate	nil
2026-03-11 14:38:22,037{GMT}	INFO	[jepsen worker 0] jepsen.util: 0	:ok	:generate	"1973-null"
2026-03-11 14:38:22,039{GMT}	INFO	[jepsen worker 1] jepsen.util: 1	:invoke	:generate	nil
2026-03-11 14:38:22,039{GMT}	INFO	[jepsen worker 1] jepsen.util: 1	:ok	:generate	"1417-null"
2026-03-11 14:38:22,040{GMT}	INFO	[jepsen worker 2] jepsen.util: 2	:invoke	:generate	nil
2026-03-11 14:38:22,041{GMT}	INFO	[jepsen worker 2] jepsen.util: 2	:ok	:generate	"1249-null"
2026-03-11 14:38:22,042{GMT}	INFO	[jepsen worker 0] jepsen.util: 0	:invoke	:generate	nil
2026-03-11 14:38:22,042{GMT}	INFO	[jepsen worker 0] jepsen.util: 0	:ok	:generate	"1974-null"
2026-03-11 14:38:22,043{GMT}	INFO	[jepsen worker 0] jepsen.util: 0	:invoke	:generate	nil
2026-03-11 14:38:22,044{GMT}	INFO	[jepsen worker 0] jepsen.util: 0	:ok	:generate	"1975-null"
2026-03-11 14:38:22,044{GMT}	INFO	[jepsen worker 1] jepsen.util: 1	:invoke	:generate	nil
2026-03-11 14:38:22,045{GMT}	INFO	[jepsen worker 1] jepsen.util: 1	:ok	:generate	"1418-null"
2026-03-11 14:38:22,045{GMT}	INFO	[jepsen worker 2] jepsen.util: 2	:invoke	:generate	nil
2026-03-11 14:38:22,045{GMT}	INFO	[jepsen worker 2] jepsen.util: 2	:ok	:generate	"1250-null"
2026-03-11 14:38:22,046{GMT}	INFO	[jepsen worker 0] jepsen.util: 0	:invoke	:generate	nil
2026-03-11 14:38:22,046{GMT}	INFO	[jepsen worker 1] jepsen.util: 1	:invoke	:generate	nil
2026-03-11 14:38:22,047{GMT}	INFO	[jepsen worker 0] jepsen.util: 0	:ok	:generate	"1976-null"
2026-03-11 14:38:22,047{GMT}	INFO	[jepsen worker 1] jepsen.util: 1	:ok	:generate	"1419-null"
2026-03-11 14:38:22,048{GMT}	INFO	[jepsen worker 1] jepsen.util: 1	:invoke	:generate	nil
2026-03-11 14:38:22,049{GMT}	INFO	[jepsen worker 1] jepsen.util: 1	:ok	:generate	"1420-null"
2026-03-11 14:38:22,049{GMT}	INFO	[jepsen worker 2] jepsen.util: 2	:invoke	:generate	nil
2026-03-11 14:38:22,050{GMT}	INFO	[jepsen worker 2] jepsen.util: 2	:ok	:generate	"1251-null"
2026-03-11 14:38:22,051{GMT}	INFO	[jepsen worker 0] jepsen.util: 0	:invoke	:generate	nil
2026-03-11 14:38:22,052{GMT}	INFO	[jepsen worker 0] jepsen.util: 0	:ok	:generate	"1977-null"
2026-03-11 14:38:22,052{GMT}	INFO	[jepsen worker 1] jepsen.util: 1	:invoke	:generate	nil
2026-03-11 14:38:22,052{GMT}	INFO	[jepsen worker 1] jepsen.util: 1	:ok	:generate	"1421-null"
2026-03-11 14:38:22,052{GMT}	INFO	[jepsen worker 1] jepsen.util: 1	:invoke	:generate	nil
2026-03-11 14:38:22,053{GMT}	INFO	[jepsen worker 2] jepsen.util: 2	:invoke	:generate	nil
2026-03-11 14:38:22,053{GMT}	INFO	[jepsen worker 1] jepsen.util: 1	:ok	:generate	"1422-null"
2026-03-11 14:38:22,053{GMT}	INFO	[jepsen worker 2] jepsen.util: 2	:ok	:generate	"1252-null"
2026-03-11 14:38:22,054{GMT}	INFO	[jepsen worker 0] jepsen.util: 0	:invoke	:generate	nil
2026-03-11 14:38:22,055{GMT}	INFO	[jepsen worker 0] jepsen.util: 0	:ok	:generate	"1978-null"
2026-03-11 14:38:22,056{GMT}	INFO	[jepsen worker 0] jepsen.util: 0	:invoke	:generate	nil
2026-03-11 14:38:22,057{GMT}	INFO	[jepsen worker 0] jepsen.util: 0	:ok	:generate	"1979-null"
2026-03-11 14:38:22,058{GMT}	INFO	[jepsen worker 1] jepsen.util: 1	:invoke	:generate	nil
2026-03-11 14:38:22,059{GMT}	INFO	[jepsen worker 1] jepsen.util: 1	:ok	:generate	"1423-null"
2026-03-11 14:38:22,060{GMT}	INFO	[jepsen worker 2] jepsen.util: 2	:invoke	:generate	nil
2026-03-11 14:38:22,060{GMT}	INFO	[jepsen worker 2] jepsen.util: 2	:ok	:generate	"1253-null"
2026-03-11 14:38:22,062{GMT}	INFO	[jepsen worker 0] jepsen.util: 0	:invoke	:generate	nil
2026-03-11 14:38:22,062{GMT}	INFO	[jepsen worker 1] jepsen.util: 1	:invoke	:generate	nil
2026-03-11 14:38:22,062{GMT}	INFO	[jepsen worker 0] jepsen.util: 0	:ok	:generate	"1980-null"
2026-03-11 14:38:22,062{GMT}	INFO	[jepsen worker 1] jepsen.util: 1	:ok	:generate	"1424-null"
2026-03-11 14:38:22,063{GMT}	INFO	[jepsen worker 1] jepsen.util: 1	:invoke	:generate	nil
2026-03-11 14:38:22,063{GMT}	INFO	[jepsen worker 2] jepsen.util: 2	:invoke	:generate	nil
2026-03-11 14:38:22,063{GMT}	INFO	[jepsen worker 1] jepsen.util: 1	:ok	:generate	"1425-null"
2026-03-11 14:38:22,063{GMT}	INFO	[jepsen worker 2] jepsen.util: 2	:ok	:generate	"1254-null"
2026-03-11 14:38:22,065{GMT}	INFO	[jepsen worker 0] jepsen.util: 0	:invoke	:generate	nil
2026-03-11 14:38:22,065{GMT}	INFO	[jepsen worker 0] jepsen.util: 0	:ok	:generate	"1981-null"
2026-03-11 14:38:22,066{GMT}	INFO	[jepsen worker 0] jepsen.util: 0	:invoke	:generate	nil
2026-03-11 14:38:22,066{GMT}	INFO	[jepsen worker 0] jepsen.util: 0	:ok	:generate	"1982-null"
2026-03-11 14:38:22,066{GMT}	INFO	[jepsen worker 1] jepsen.util: 1	:invoke	:generate	nil
2026-03-11 14:38:22,067{GMT}	INFO	[jepsen worker 2] jepsen.util: 2	:invoke	:generate	nil
2026-03-11 14:38:22,067{GMT}	INFO	[jepsen worker 1] jepsen.util: 1	:ok	:generate	"1426-null"
2026-03-11 14:38:22,067{GMT}	INFO	[jepsen worker 2] jepsen.util: 2	:ok	:generate	"1255-null"
2026-03-11 14:38:22,068{GMT}	INFO	[jepsen worker 0] jepsen.util: 0	:invoke	:generate	nil
2026-03-11 14:38:22,069{GMT}	INFO	[jepsen worker 0] jepsen.util: 0	:ok	:generate	"1983-null"
2026-03-11 14:38:22,070{GMT}	INFO	[jepsen worker 0] jepsen.util: 0	:invoke	:generate	nil
2026-03-11 14:38:22,070{GMT}	INFO	[jepsen worker 0] jepsen.util: 0	:ok	:generate	"1984-null"
2026-03-11 14:38:22,071{GMT}	INFO	[jepsen worker 1] jepsen.util: 1	:invoke	:generate	nil
2026-03-11 14:38:22,072{GMT}	INFO	[jepsen worker 1] jepsen.util: 1	:ok	:generate	"1427-null"
2026-03-11 14:38:22,072{GMT}	INFO	[jepsen worker 2] jepsen.util: 2	:invoke	:generate	nil
2026-03-11 14:38:22,073{GMT}	INFO	[jepsen worker 2] jepsen.util: 2	:ok	:generate	"1256-null"
2026-03-11 14:38:22,073{GMT}	INFO	[jepsen worker 0] jepsen.util: 0	:invoke	:generate	nil
2026-03-11 14:38:22,074{GMT}	INFO	[jepsen worker 0] jepsen.util: 0	:ok	:generate	"1985-null"
2026-03-11 14:38:22,075{GMT}	INFO	[jepsen worker 0] jepsen.util: 0	:invoke	:generate	nil
2026-03-11 14:38:22,075{GMT}	INFO	[jepsen worker 0] jepsen.util: 0	:ok	:generate	"1986-null"
2026-03-11 14:38:22,076{GMT}	INFO	[jepsen worker 1] jepsen.util: 1	:invoke	:generate	nil
2026-03-11 14:38:22,077{GMT}	INFO	[jepsen worker 1] jepsen.util: 1	:ok	:generate	"1428-null"
2026-03-11 14:38:22,078{GMT}	INFO	[jepsen worker 2] jepsen.util: 2	:invoke	:generate	nil
2026-03-11 14:38:22,078{GMT}	INFO	[jepsen worker 0] jepsen.util: 0	:invoke	:generate	nil
2026-03-11 14:38:22,079{GMT}	INFO	[jepsen worker 2] jepsen.util: 2	:ok	:generate	"1257-null"
2026-03-11 14:38:22,079{GMT}	INFO	[jepsen worker 0] jepsen.util: 0	:ok	:generate	"1987-null"
2026-03-11 14:38:22,080{GMT}	INFO	[jepsen worker 0] jepsen.util: 0	:invoke	:generate	nil
2026-03-11 14:38:22,080{GMT}	INFO	[jepsen worker 0] jepsen.util: 0	:ok	:generate	"1988-null"
2026-03-11 14:38:22,082{GMT}	INFO	[jepsen worker 1] jepsen.util: 1	:invoke	:generate	nil
2026-03-11 14:38:22,082{GMT}	INFO	[jepsen worker 1] jepsen.util: 1	:ok	:generate	"1429-null"
2026-03-11 14:38:22,082{GMT}	INFO	[jepsen worker 2] jepsen.util: 2	:invoke	:generate	nil
2026-03-11 14:38:22,083{GMT}	INFO	[jepsen worker 2] jepsen.util: 2	:ok	:generate	"1258-null"
2026-03-11 14:38:22,083{GMT}	INFO	[jepsen worker 0] jepsen.util: 0	:invoke	:generate	nil
2026-03-11 14:38:22,084{GMT}	INFO	[jepsen worker 0] jepsen.util: 0	:ok	:generate	"1989-null"
2026-03-11 14:38:22,085{GMT}	INFO	[jepsen worker 0] jepsen.util: 0	:invoke	:generate	nil
2026-03-11 14:38:22,086{GMT}	INFO	[jepsen worker 0] jepsen.util: 0	:ok	:generate	"1990-null"
2026-03-11 14:38:22,087{GMT}	INFO	[jepsen worker 1] jepsen.util: 1	:invoke	:generate	nil
2026-03-11 14:38:22,087{GMT}	INFO	[jepsen worker 1] jepsen.util: 1	:ok	:generate	"1430-null"
2026-03-11 14:38:22,089{GMT}	INFO	[jepsen worker 2] jepsen.util: 2	:invoke	:generate	nil
2026-03-11 14:38:22,089{GMT}	INFO	[jepsen worker 0] jepsen.util: 0	:invoke	:generate	nil
2026-03-11 14:38:22,089{GMT}	INFO	[jepsen worker 0] jepsen.util: 0	:ok	:generate	"1991-null"
2026-03-11 14:38:22,089{GMT}	INFO	[jepsen worker 1] jepsen.util: 1	:invoke	:generate	nil
2026-03-11 14:38:22,089{GMT}	INFO	[jepsen worker 2] jepsen.util: 2	:ok	:generate	"1259-null"
2026-03-11 14:38:22,090{GMT}	INFO	[jepsen worker 1] jepsen.util: 1	:ok	:generate	"1431-null"
2026-03-11 14:38:22,091{GMT}	INFO	[jepsen worker 1] jepsen.util: 1	:invoke	:generate	nil
2026-03-11 14:38:22,091{GMT}	INFO	[jepsen worker 2] jepsen.util: 2	:invoke	:generate	nil
2026-03-11 14:38:22,091{GMT}	INFO	[jepsen worker 1] jepsen.util: 1	:ok	:generate	"1432-null"
2026-03-11 14:38:22,091{GMT}	INFO	[jepsen worker 0] jepsen.util: 0	:invoke	:generate	nil
2026-03-11 14:38:22,092{GMT}	INFO	[jepsen worker 2] jepsen.util: 2	:ok	:generate	"1260-null"
2026-03-11 14:38:22,092{GMT}	INFO	[jepsen worker 0] jepsen.util: 0	:ok	:generate	"1992-null"
2026-03-11 14:38:22,093{GMT}	INFO	[jepsen worker 0] jepsen.util: 0	:invoke	:generate	nil
2026-03-11 14:38:22,094{GMT}	INFO	[jepsen worker 0] jepsen.util: 0	:ok	:generate	"1993-null"
2026-03-11 14:38:22,094{GMT}	INFO	[jepsen worker 1] jepsen.util: 1	:invoke	:generate	nil
2026-03-11 14:38:22,094{GMT}	INFO	[jepsen worker 1] jepsen.util: 1	:ok	:generate	"1433-null"
2026-03-11 14:38:22,095{GMT}	INFO	[jepsen worker 2] jepsen.util: 2	:invoke	:generate	nil
2026-03-11 14:38:22,095{GMT}	INFO	[jepsen worker 2] jepsen.util: 2	:ok	:generate	"1261-null"
2026-03-11 14:38:22,096{GMT}	INFO	[jepsen worker 0] jepsen.util: 0	:invoke	:generate	nil
2026-03-11 14:38:22,096{GMT}	INFO	[jepsen worker 0] jepsen.util: 0	:ok	:generate	"1994-null"
2026-03-11 14:38:22,097{GMT}	INFO	[jepsen worker 0] jepsen.util: 0	:invoke	:generate	nil
2026-03-11 14:38:22,098{GMT}	INFO	[jepsen worker 0] jepsen.util: 0	:ok	:generate	"1995-null"
2026-03-11 14:38:22,098{GMT}	INFO	[jepsen worker 1] jepsen.util: 1	:invoke	:generate	nil
2026-03-11 14:38:22,098{GMT}	INFO	[jepsen worker 1] jepsen.util: 1	:ok	:generate	"1434-null"
2026-03-11 14:38:22,100{GMT}	INFO	[jepsen worker 2] jepsen.util: 2	:invoke	:generate	nil
2026-03-11 14:38:22,100{GMT}	INFO	[jepsen worker 2] jepsen.util: 2	:ok	:generate	"1262-null"
2026-03-11 14:38:22,101{GMT}	INFO	[jepsen worker 0] jepsen.util: 0	:invoke	:generate	nil
2026-03-11 14:38:22,101{GMT}	INFO	[jepsen worker 1] jepsen.util: 1	:invoke	:generate	nil
2026-03-11 14:38:22,101{GMT}	INFO	[jepsen worker 0] jepsen.util: 0	:ok	:generate	"1996-null"
2026-03-11 14:38:22,101{GMT}	INFO	[jepsen worker 1] jepsen.util: 1	:ok	:generate	"1435-null"
2026-03-11 14:38:22,103{GMT}	INFO	[jepsen worker 1] jepsen.util: 1	:invoke	:generate	nil
2026-03-11 14:38:22,103{GMT}	INFO	[jepsen worker 2] jepsen.util: 2	:invoke	:generate	nil
2026-03-11 14:38:22,103{GMT}	INFO	[jepsen worker 1] jepsen.util: 1	:ok	:generate	"1436-null"
2026-03-11 14:38:22,103{GMT}	INFO	[jepsen worker 2] jepsen.util: 2	:ok	:generate	"1263-null"
2026-03-11 14:38:22,104{GMT}	INFO	[jepsen worker 0] jepsen.util: 0	:invoke	:generate	nil
2026-03-11 14:38:22,104{GMT}	INFO	[jepsen worker 0] jepsen.util: 0	:ok	:generate	"1997-null"
2026-03-11 14:38:22,104{GMT}	INFO	[jepsen worker 0] jepsen.util: 0	:invoke	:generate	nil
2026-03-11 14:38:22,104{GMT}	INFO	[jepsen worker 0] jepsen.util: 0	:ok	:generate	"1998-null"
2026-03-11 14:38:22,105{GMT}	INFO	[jepsen worker 1] jepsen.util: 1	:invoke	:generate	nil
2026-03-11 14:38:22,106{GMT}	INFO	[jepsen worker 1] jepsen.util: 1	:ok	:generate	"1437-null"
2026-03-11 14:38:22,107{GMT}	INFO	[jepsen worker 2] jepsen.util: 2	:invoke	:generate	nil
2026-03-11 14:38:22,107{GMT}	INFO	[jepsen worker 2] jepsen.util: 2	:ok	:generate	"1264-null"
2026-03-11 14:38:22,108{GMT}	INFO	[jepsen worker 0] jepsen.util: 0	:invoke	:generate	nil
2026-03-11 14:38:22,109{GMT}	INFO	[jepsen worker 0] jepsen.util: 0	:ok	:generate	"1999-null"
2026-03-11 14:38:22,109{GMT}	INFO	[jepsen worker 0] jepsen.util: 0	:invoke	:generate	nil
2026-03-11 14:38:22,110{GMT}	INFO	[jepsen worker 0] jepsen.util: 0	:ok	:generate	"2000-null"
2026-03-11 14:38:22,111{GMT}	INFO	[jepsen worker 1] jepsen.util: 1	:invoke	:generate	nil
2026-03-11 14:38:22,111{GMT}	INFO	[jepsen worker 2] jepsen.util: 2	:invoke	:generate	nil
2026-03-11 14:38:22,112{GMT}	INFO	[jepsen worker 1] jepsen.util: 1	:ok	:generate	"1438-null"
2026-03-11 14:38:22,112{GMT}	INFO	[jepsen worker 2] jepsen.util: 2	:ok	:generate	"1265-null"
2026-03-11 14:38:22,112{GMT}	INFO	[jepsen worker 0] jepsen.util: 0	:invoke	:generate	nil
2026-03-11 14:38:22,112{GMT}	INFO	[jepsen worker 0] jepsen.util: 0	:ok	:generate	"2001-null"
2026-03-11 14:38:22,112{GMT}	INFO	[jepsen worker 0] jepsen.util: 0	:invoke	:generate	nil
2026-03-11 14:38:22,113{GMT}	INFO	[jepsen worker 0] jepsen.util: 0	:ok	:generate	"2002-null"
2026-03-11 14:38:22,113{GMT}	INFO	[jepsen worker 1] jepsen.util: 1	:invoke	:generate	nil
2026-03-11 14:38:22,114{GMT}	INFO	[jepsen worker 1] jepsen.util: 1	:ok	:generate	"1439-null"
2026-03-11 14:38:22,114{GMT}	INFO	[jepsen worker 2] jepsen.util: 2	:invoke	:generate	nil
2026-03-11 14:38:22,114{GMT}	INFO	[jepsen worker 2] jepsen.util: 2	:ok	:generate	"1266-null"
2026-03-11 14:38:22,115{GMT}	INFO	[jepsen worker 0] jepsen.util: 0	:invoke	:generate	nil
2026-03-11 14:38:22,116{GMT}	INFO	[jepsen worker 0] jepsen.util: 0	:ok	:generate	"2003-null"
2026-03-11 14:38:22,117{GMT}	INFO	[jepsen worker 0] jepsen.util: 0	:invoke	:generate	nil
2026-03-11 14:38:22,117{GMT}	INFO	[jepsen worker 1] jepsen.util: 1	:invoke	:generate	nil
2026-03-11 14:38:22,117{GMT}	INFO	[jepsen worker 0] jepsen.util: 0	:ok	:generate	"2004-null"
2026-03-11 14:38:22,118{GMT}	INFO	[jepsen worker 1] jepsen.util: 1	:ok	:generate	"1440-null"
2026-03-11 14:38:22,119{GMT}	INFO	[jepsen worker 2] jepsen.util: 2	:invoke	:generate	nil
2026-03-11 14:38:22,119{GMT}	INFO	[jepsen worker 2] jepsen.util: 2	:ok	:generate	"1267-null"
2026-03-11 14:38:22,120{GMT}	INFO	[jepsen worker 0] jepsen.util: 0	:invoke	:generate	nil
2026-03-11 14:38:22,120{GMT}	INFO	[jepsen worker 1] jepsen.util: 1	:invoke	:generate	nil
2026-03-11 14:38:22,121{GMT}	INFO	[jepsen worker 0] jepsen.util: 0	:ok	:generate	"2005-null"
2026-03-11 14:38:22,122{GMT}	INFO	[jepsen worker 1] jepsen.util: 1	:ok	:generate	"1441-null"
2026-03-11 14:38:22,122{GMT}	INFO	[jepsen worker 1] jepsen.util: 1	:invoke	:generate	nil
2026-03-11 14:38:22,123{GMT}	INFO	[jepsen worker 1] jepsen.util: 1	:ok	:generate	"1442-null"
2026-03-11 14:38:22,124{GMT}	INFO	[jepsen worker 2] jepsen.util: 2	:invoke	:generate	nil
2026-03-11 14:38:22,125{GMT}	INFO	[jepsen worker 2] jepsen.util: 2	:ok	:generate	"1268-null"
2026-03-11 14:38:22,126{GMT}	INFO	[jepsen worker 0] jepsen.util: 0	:invoke	:generate	nil
2026-03-11 14:38:22,126{GMT}	INFO	[jepsen worker 0] jepsen.util: 0	:ok	:generate	"2006-null"
2026-03-11 14:38:22,126{GMT}	INFO	[jepsen worker 0] jepsen.util: 0	:invoke	:generate	nil
2026-03-11 14:38:22,127{GMT}	INFO	[jepsen worker 0] jepsen.util: 0	:ok	:generate	"2007-null"
2026-03-11 14:38:22,127{GMT}	INFO	[jepsen worker 1] jepsen.util: 1	:invoke	:generate	nil
2026-03-11 14:38:22,128{GMT}	INFO	[jepsen worker 1] jepsen.util: 1	:ok	:generate	"1443-null"
2026-03-11 14:38:22,129{GMT}	INFO	[jepsen worker 2] jepsen.util: 2	:invoke	:generate	nil
2026-03-11 14:38:22,130{GMT}	INFO	[jepsen worker 2] jepsen.util: 2	:ok	:generate	"1269-null"
2026-03-11 14:38:22,130{GMT}	INFO	[jepsen worker 0] jepsen.util: 0	:invoke	:generate	nil
2026-03-11 14:38:22,130{GMT}	INFO	[jepsen worker 0] jepsen.util: 0	:ok	:generate	"2008-null"
2026-03-11 14:38:22,131{GMT}	INFO	[jepsen worker 0] jepsen.util: 0	:invoke	:generate	nil
2026-03-11 14:38:22,132{GMT}	INFO	[jepsen worker 0] jepsen.util: 0	:ok	:generate	"2009-null"
2026-03-11 14:38:22,133{GMT}	INFO	[jepsen worker 1] jepsen.util: 1	:invoke	:generate	nil
2026-03-11 14:38:22,133{GMT}	INFO	[jepsen worker 1] jepsen.util: 1	:ok	:generate	"1444-null"
2026-03-11 14:38:22,133{GMT}	INFO	[jepsen worker 2] jepsen.util: 2	:invoke	:generate	nil
2026-03-11 14:38:22,134{GMT}	INFO	[jepsen worker 2] jepsen.util: 2	:ok	:generate	"1270-null"
2026-03-11 14:38:22,134{GMT}	INFO	[jepsen worker 0] jepsen.util: 0	:invoke	:generate	nil
2026-03-11 14:38:22,134{GMT}	INFO	[jepsen worker 0] jepsen.util: 0	:ok	:generate	"2010-null"
2026-03-11 14:38:22,134{GMT}	INFO	[jepsen worker 0] jepsen.util: 0	:invoke	:generate	nil
2026-03-11 14:38:22,135{GMT}	INFO	[jepsen worker 0] jepsen.util: 0	:ok	:generate	"2011-null"
2026-03-11 14:38:22,136{GMT}	INFO	[jepsen worker 1] jepsen.util: 1	:invoke	:generate	nil
2026-03-11 14:38:22,136{GMT}	INFO	[jepsen worker 1] jepsen.util: 1	:ok	:generate	"1445-null"
2026-03-11 14:38:22,137{GMT}	INFO	[jepsen worker 2] jepsen.util: 2	:invoke	:generate	nil
2026-03-11 14:38:22,137{GMT}	INFO	[jepsen worker 2] jepsen.util: 2	:ok	:generate	"1271-null"
2026-03-11 14:38:22,139{GMT}	INFO	[jepsen worker 0] jepsen.util: 0	:invoke	:generate	nil
2026-03-11 14:38:22,139{GMT}	INFO	[jepsen worker 1] jepsen.util: 1	:invoke	:generate	nil
2026-03-11 14:38:22,140{GMT}	INFO	[jepsen worker 0] jepsen.util: 0	:ok	:generate	"2012-null"
2026-03-11 14:38:22,140{GMT}	INFO	[jepsen worker 1] jepsen.util: 1	:ok	:generate	"1446-null"
2026-03-11 14:38:22,141{GMT}	INFO	[jepsen worker 1] jepsen.util: 1	:invoke	:generate	nil
2026-03-11 14:38:22,141{GMT}	INFO	[jepsen worker 1] jepsen.util: 1	:ok	:generate	"1447-null"
2026-03-11 14:38:22,142{GMT}	INFO	[jepsen worker 2] jepsen.util: 2	:invoke	:generate	nil
2026-03-11 14:38:22,142{GMT}	INFO	[jepsen worker 2] jepsen.util: 2	:ok	:generate	"1272-null"
2026-03-11 14:38:22,144{GMT}	INFO	[jepsen worker 0] jepsen.util: 0	:invoke	:generate	nil
2026-03-11 14:38:22,144{GMT}	INFO	[jepsen worker 0] jepsen.util: 0	:ok	:generate	"2013-null"
2026-03-11 14:38:22,145{GMT}	INFO	[jepsen worker 0] jepsen.util: 0	:invoke	:generate	nil
2026-03-11 14:38:22,145{GMT}	INFO	[jepsen worker 0] jepsen.util: 0	:ok	:generate	"2014-null"
2026-03-11 14:38:22,146{GMT}	INFO	[jepsen worker 1] jepsen.util: 1	:invoke	:generate	nil
2026-03-11 14:38:22,146{GMT}	INFO	[jepsen worker 1] jepsen.util: 1	:ok	:generate	"1448-null"
2026-03-11 14:38:22,147{GMT}	INFO	[jepsen worker 2] jepsen.util: 2	:invoke	:generate	nil
2026-03-11 14:38:22,147{GMT}	INFO	[jepsen worker 2] jepsen.util: 2	:ok	:generate	"1273-null"
2026-03-11 14:38:22,149{GMT}	INFO	[jepsen worker 0] jepsen.util: 0	:invoke	:generate	nil
2026-03-11 14:38:22,150{GMT}	INFO	[jepsen worker 0] jepsen.util: 0	:ok	:generate	"2015-null"
2026-03-11 14:38:22,150{GMT}	INFO	[jepsen worker 0] jepsen.util: 0	:invoke	:generate	nil
2026-03-11 14:38:22,150{GMT}	INFO	[jepsen worker 0] jepsen.util: 0	:ok	:generate	"2016-null"
2026-03-11 14:38:22,151{GMT}	INFO	[jepsen worker 1] jepsen.util: 1	:invoke	:generate	nil
2026-03-11 14:38:22,151{GMT}	INFO	[jepsen worker 2] jepsen.util: 2	:invoke	:generate	nil
2026-03-11 14:38:22,151{GMT}	INFO	[jepsen worker 1] jepsen.util: 1	:ok	:generate	"1449-null"
2026-03-11 14:38:22,152{GMT}	INFO	[jepsen worker 2] jepsen.util: 2	:ok	:generate	"1274-null"
2026-03-11 14:38:22,152{GMT}	INFO	[jepsen worker 0] jepsen.util: 0	:invoke	:generate	nil
2026-03-11 14:38:22,152{GMT}	INFO	[jepsen worker 0] jepsen.util: 0	:ok	:generate	"2017-null"
2026-03-11 14:38:22,154{GMT}	INFO	[jepsen worker 0] jepsen.util: 0	:invoke	:generate	nil
2026-03-11 14:38:22,154{GMT}	INFO	[jepsen worker 0] jepsen.util: 0	:ok	:generate	"2018-null"
2026-03-11 14:38:22,156{GMT}	INFO	[jepsen worker 1] jepsen.util: 1	:invoke	:generate	nil
2026-03-11 14:38:22,156{GMT}	INFO	[jepsen worker 1] jepsen.util: 1	:ok	:generate	"1450-null"
2026-03-11 14:38:22,157{GMT}	INFO	[jepsen worker 2] jepsen.util: 2	:invoke	:generate	nil
2026-03-11 14:38:22,157{GMT}	INFO	[jepsen worker 2] jepsen.util: 2	:ok	:generate	"1275-null"
2026-03-11 14:38:22,158{GMT}	INFO	[jepsen worker 0] jepsen.util: 0	:invoke	:generate	nil
2026-03-11 14:38:22,158{GMT}	INFO	[jepsen worker 1] jepsen.util: 1	:invoke	:generate	nil
2026-03-11 14:38:22,158{GMT}	INFO	[jepsen worker 0] jepsen.util: 0	:ok	:generate	"2019-null"
2026-03-11 14:38:22,158{GMT}	INFO	[jepsen worker 1] jepsen.util: 1	:ok	:generate	"1451-null"
2026-03-11 14:38:22,159{GMT}	INFO	[jepsen worker 1] jepsen.util: 1	:invoke	:generate	nil
2026-03-11 14:38:22,159{GMT}	INFO	[jepsen worker 1] jepsen.util: 1	:ok	:generate	"1452-null"
2026-03-11 14:38:22,160{GMT}	INFO	[jepsen worker 2] jepsen.util: 2	:invoke	:generate	nil
2026-03-11 14:38:22,160{GMT}	INFO	[jepsen worker 2] jepsen.util: 2	:ok	:generate	"1276-null"
2026-03-11 14:38:22,161{GMT}	INFO	[jepsen worker 0] jepsen.util: 0	:invoke	:generate	nil
2026-03-11 14:38:22,162{GMT}	INFO	[jepsen worker 0] jepsen.util: 0	:ok	:generate	"2020-null"
2026-03-11 14:38:22,162{GMT}	INFO	[jepsen worker 0] jepsen.util: 0	:invoke	:generate	nil
2026-03-11 14:38:22,163{GMT}	INFO	[jepsen worker 0] jepsen.util: 0	:ok	:generate	"2021-null"
2026-03-11 14:38:22,164{GMT}	INFO	[jepsen worker 1] jepsen.util: 1	:invoke	:generate	nil
2026-03-11 14:38:22,164{GMT}	INFO	[jepsen worker 1] jepsen.util: 1	:ok	:generate	"1453-null"
2026-03-11 14:38:22,165{GMT}	INFO	[jepsen worker 2] jepsen.util: 2	:invoke	:generate	nil
2026-03-11 14:38:22,165{GMT}	INFO	[jepsen worker 2] jepsen.util: 2	:ok	:generate	"1277-null"
2026-03-11 14:38:22,165{GMT}	INFO	[jepsen worker 0] jepsen.util: 0	:invoke	:generate	nil
2026-03-11 14:38:22,166{GMT}	INFO	[jepsen worker 0] jepsen.util: 0	:ok	:generate	"2022-null"
2026-03-11 14:38:22,166{GMT}	INFO	[jepsen worker 0] jepsen.util: 0	:invoke	:generate	nil
2026-03-11 14:38:22,166{GMT}	INFO	[jepsen worker 0] jepsen.util: 0	:ok	:generate	"2023-null"
2026-03-11 14:38:22,167{GMT}	INFO	[jepsen worker 1] jepsen.util: 1	:invoke	:generate	nil
2026-03-11 14:38:22,168{GMT}	INFO	[jepsen worker 1] jepsen.util: 1	:ok	:generate	"1454-null"
2026-03-11 14:38:22,169{GMT}	INFO	[jepsen worker 2] jepsen.util: 2	:invoke	:generate	nil
2026-03-11 14:38:22,169{GMT}	INFO	[jepsen worker 2] jepsen.util: 2	:ok	:generate	"1278-null"
2026-03-11 14:38:22,169{GMT}	INFO	[jepsen worker 0] jepsen.util: 0	:invoke	:generate	nil
2026-03-11 14:38:22,169{GMT}	INFO	[jepsen worker 1] jepsen.util: 1	:invoke	:generate	nil
2026-03-11 14:38:22,170{GMT}	INFO	[jepsen worker 1] jepsen.util: 1	:ok	:generate	"1455-null"
2026-03-11 14:38:22,170{GMT}	INFO	[jepsen worker 0] jepsen.util: 0	:ok	:generate	"2024-null"
2026-03-11 14:38:22,170{GMT}	INFO	[jepsen worker 1] jepsen.util: 1	:invoke	:generate	nil
2026-03-11 14:38:22,171{GMT}	INFO	[jepsen worker 1] jepsen.util: 1	:ok	:generate	"1456-null"
2026-03-11 14:38:22,171{GMT}	INFO	[jepsen worker 2] jepsen.util: 2	:invoke	:generate	nil
2026-03-11 14:38:22,171{GMT}	INFO	[jepsen worker 2] jepsen.util: 2	:ok	:generate	"1279-null"
2026-03-11 14:38:22,173{GMT}	INFO	[jepsen worker 0] jepsen.util: 0	:invoke	:generate	nil
2026-03-11 14:38:22,173{GMT}	INFO	[jepsen worker 1] jepsen.util: 1	:invoke	:generate	nil
2026-03-11 14:38:22,173{GMT}	INFO	[jepsen worker 0] jepsen.util: 0	:ok	:generate	"2025-null"
2026-03-11 14:38:22,174{GMT}	INFO	[jepsen worker 1] jepsen.util: 1	:ok	:generate	"1457-null"
2026-03-11 14:38:22,175{GMT}	INFO	[jepsen worker 1] jepsen.util: 1	:invoke	:generate	nil
2026-03-11 14:38:22,175{GMT}	INFO	[jepsen worker 1] jepsen.util: 1	:ok	:generate	"1458-null"
2026-03-11 14:38:22,177{GMT}	INFO	[jepsen worker 2] jepsen.util: 2	:invoke	:generate	nil
2026-03-11 14:38:22,177{GMT}	INFO	[jepsen worker 0] jepsen.util: 0	:invoke	:generate	nil
2026-03-11 14:38:22,177{GMT}	INFO	[jepsen worker 2] jepsen.util: 2	:ok	:generate	"1280-null"
2026-03-11 14:38:22,177{GMT}	INFO	[jepsen worker 0] jepsen.util: 0	:ok	:generate	"2026-null"
2026-03-11 14:38:22,179{GMT}	INFO	[jepsen worker 0] jepsen.util: 0	:invoke	:generate	nil
2026-03-11 14:38:22,179{GMT}	INFO	[jepsen worker 0] jepsen.util: 0	:ok	:generate	"2027-null"
2026-03-11 14:38:22,179{GMT}	INFO	[jepsen worker 1] jepsen.util: 1	:invoke	:generate	nil
2026-03-11 14:38:22,180{GMT}	INFO	[jepsen worker 1] jepsen.util: 1	:ok	:generate	"1459-null"
2026-03-11 14:38:22,181{GMT}	INFO	[jepsen worker 2] jepsen.util: 2	:invoke	:generate	nil
2026-03-11 14:38:22,181{GMT}	INFO	[jepsen worker 0] jepsen.util: 0	:invoke	:generate	nil
2026-03-11 14:38:22,181{GMT}	INFO	[jepsen worker 2] jepsen.util: 2	:ok	:generate	"1281-null"
2026-03-11 14:38:22,181{GMT}	INFO	[jepsen worker 0] jepsen.util: 0	:ok	:generate	"2028-null"
2026-03-11 14:38:22,182{GMT}	INFO	[jepsen worker 0] jepsen.util: 0	:invoke	:generate	nil
2026-03-11 14:38:22,182{GMT}	INFO	[jepsen worker 0] jepsen.util: 0	:ok	:generate	"2029-null"
2026-03-11 14:38:22,183{GMT}	INFO	[jepsen worker 1] jepsen.util: 1	:invoke	:generate	nil
2026-03-11 14:38:22,184{GMT}	INFO	[jepsen worker 1] jepsen.util: 1	:ok	:generate	"1460-null"
2026-03-11 14:38:22,185{GMT}	INFO	[jepsen worker 0] jepsen.util: 0	:invoke	:generate	nil
2026-03-11 14:38:22,185{GMT}	INFO	[jepsen worker 2] jepsen.util: 2	:invoke	:generate	nil
2026-03-11 14:38:22,186{GMT}	INFO	[jepsen worker 2] jepsen.util: 2	:ok	:generate	"1282-null"
2026-03-11 14:38:22,186{GMT}	INFO	[jepsen worker 0] jepsen.util: 0	:ok	:generate	"2030-null"
2026-03-11 14:38:22,187{GMT}	INFO	[jepsen worker 0] jepsen.util: 0	:invoke	:generate	nil
2026-03-11 14:38:22,188{GMT}	INFO	[jepsen worker 0] jepsen.util: 0	:ok	:generate	"2031-null"
2026-03-11 14:38:22,188{GMT}	INFO	[jepsen worker 1] jepsen.util: 1	:invoke	:generate	nil
2026-03-11 14:38:22,188{GMT}	INFO	[jepsen worker 1] jepsen.util: 1	:ok	:generate	"1461-null"
2026-03-11 14:38:22,189{GMT}	INFO	[jepsen worker 2] jepsen.util: 2	:invoke	:generate	nil
2026-03-11 14:38:22,189{GMT}	INFO	[jepsen worker 2] jepsen.util: 2	:ok	:generate	"1283-null"
2026-03-11 14:38:22,190{GMT}	INFO	[jepsen worker 0] jepsen.util: 0	:invoke	:generate	nil
2026-03-11 14:38:22,190{GMT}	INFO	[jepsen worker 0] jepsen.util: 0	:ok	:generate	"2032-null"
2026-03-11 14:38:22,191{GMT}	INFO	[jepsen worker 0] jepsen.util: 0	:invoke	:generate	nil
2026-03-11 14:38:22,191{GMT}	INFO	[jepsen worker 0] jepsen.util: 0	:ok	:generate	"2033-null"
2026-03-11 14:38:22,192{GMT}	INFO	[jepsen worker 1] jepsen.util: 1	:invoke	:generate	nil
2026-03-11 14:38:22,193{GMT}	INFO	[jepsen worker 1] jepsen.util: 1	:ok	:generate	"1462-null"
2026-03-11 14:38:22,194{GMT}	INFO	[jepsen worker 2] jepsen.util: 2	:invoke	:generate	nil
2026-03-11 14:38:22,195{GMT}	INFO	[jepsen worker 2] jepsen.util: 2	:ok	:generate	"1284-null"
2026-03-11 14:38:22,196{GMT}	INFO	[jepsen worker 0] jepsen.util: 0	:invoke	:generate	nil
2026-03-11 14:38:22,196{GMT}	INFO	[jepsen worker 0] jepsen.util: 0	:ok	:generate	"2034-null"
2026-03-11 14:38:22,198{GMT}	INFO	[jepsen worker 0] jepsen.util: 0	:invoke	:generate	nil
2026-03-11 14:38:22,198{GMT}	INFO	[jepsen worker 0] jepsen.util: 0	:ok	:generate	"2035-null"
2026-03-11 14:38:22,198{GMT}	INFO	[jepsen worker 1] jepsen.util: 1	:invoke	:generate	nil
2026-03-11 14:38:22,198{GMT}	INFO	[jepsen worker 1] jepsen.util: 1	:ok	:generate	"1463-null"
2026-03-11 14:38:22,199{GMT}	INFO	[jepsen worker 2] jepsen.util: 2	:invoke	:generate	nil
2026-03-11 14:38:22,199{GMT}	INFO	[jepsen worker 2] jepsen.util: 2	:ok	:generate	"1285-null"
2026-03-11 14:38:22,199{GMT}	INFO	[jepsen worker 0] jepsen.util: 0	:invoke	:generate	nil
2026-03-11 14:38:22,200{GMT}	INFO	[jepsen worker 0] jepsen.util: 0	:ok	:generate	"2036-null"
2026-03-11 14:38:22,201{GMT}	INFO	[jepsen worker 0] jepsen.util: 0	:invoke	:generate	nil
2026-03-11 14:38:22,202{GMT}	INFO	[jepsen worker 0] jepsen.util: 0	:ok	:generate	"2037-null"
2026-03-11 14:38:22,202{GMT}	INFO	[jepsen worker 1] jepsen.util: 1	:invoke	:generate	nil
2026-03-11 14:38:22,203{GMT}	INFO	[jepsen worker 1] jepsen.util: 1	:ok	:generate	"1464-null"
2026-03-11 14:38:22,204{GMT}	INFO	[jepsen worker 2] jepsen.util: 2	:invoke	:generate	nil
2026-03-11 14:38:22,204{GMT}	INFO	[jepsen worker 0] jepsen.util: 0	:invoke	:generate	nil
2026-03-11 14:38:22,204{GMT}	INFO	[jepsen worker 2] jepsen.util: 2	:ok	:generate	"1286-null"
2026-03-11 14:38:22,204{GMT}	INFO	[jepsen worker 0] jepsen.util: 0	:ok	:generate	"2038-null"
2026-03-11 14:38:22,205{GMT}	INFO	[jepsen worker 0] jepsen.util: 0	:invoke	:generate	nil
2026-03-11 14:38:22,205{GMT}	INFO	[jepsen worker 0] jepsen.util: 0	:ok	:generate	"2039-null"
2026-03-11 14:38:22,206{GMT}	INFO	[jepsen worker 1] jepsen.util: 1	:invoke	:generate	nil
2026-03-11 14:38:22,206{GMT}	INFO	[jepsen worker 1] jepsen.util: 1	:ok	:generate	"1465-null"
2026-03-11 14:38:22,206{GMT}	INFO	[jepsen worker 2] jepsen.util: 2	:invoke	:generate	nil
2026-03-11 14:38:22,206{GMT}	INFO	[jepsen worker 0] jepsen.util: 0	:invoke	:generate	nil
2026-03-11 14:38:22,207{GMT}	INFO	[jepsen worker 2] jepsen.util: 2	:ok	:generate	"1287-null"
2026-03-11 14:38:22,207{GMT}	INFO	[jepsen worker 0] jepsen.util: 0	:ok	:generate	"2040-null"
2026-03-11 14:38:22,208{GMT}	INFO	[jepsen worker 0] jepsen.util: 0	:invoke	:generate	nil
2026-03-11 14:38:22,209{GMT}	INFO	[jepsen worker 0] jepsen.util: 0	:ok	:generate	"2041-null"
2026-03-11 14:38:22,210{GMT}	INFO	[jepsen worker 1] jepsen.util: 1	:invoke	:generate	nil
2026-03-11 14:38:22,211{GMT}	INFO	[jepsen worker 1] jepsen.util: 1	:ok	:generate	"1466-null"
2026-03-11 14:38:22,211{GMT}	INFO	[jepsen worker 2] jepsen.util: 2	:invoke	:generate	nil
2026-03-11 14:38:22,212{GMT}	INFO	[jepsen worker 2] jepsen.util: 2	:ok	:generate	"1288-null"
2026-03-11 14:38:22,212{GMT}	INFO	[jepsen worker 0] jepsen.util: 0	:invoke	:generate	nil
2026-03-11 14:38:22,212{GMT}	INFO	[jepsen worker 0] jepsen.util: 0	:ok	:generate	"2042-null"
2026-03-11 14:38:22,214{GMT}	INFO	[jepsen worker 0] jepsen.util: 0	:invoke	:generate	nil
2026-03-11 14:38:22,214{GMT}	INFO	[jepsen worker 0] jepsen.util: 0	:ok	:generate	"2043-null"
2026-03-11 14:38:22,216{GMT}	INFO	[jepsen worker 1] jepsen.util: 1	:invoke	:generate	nil
2026-03-11 14:38:22,216{GMT}	INFO	[jepsen worker 1] jepsen.util: 1	:ok	:generate	"1467-null"
2026-03-11 14:38:22,217{GMT}	INFO	[jepsen worker 2] jepsen.util: 2	:invoke	:generate	nil
2026-03-11 14:38:22,217{GMT}	INFO	[jepsen worker 2] jepsen.util: 2	:ok	:generate	"1289-null"
2026-03-11 14:38:22,217{GMT}	INFO	[jepsen worker 0] jepsen.util: 0	:invoke	:generate	nil
2026-03-11 14:38:22,217{GMT}	INFO	[jepsen worker 0] jepsen.util: 0	:ok	:generate	"2044-null"
2026-03-11 14:38:22,218{GMT}	INFO	[jepsen worker 0] jepsen.util: 0	:invoke	:generate	nil
2026-03-11 14:38:22,218{GMT}	INFO	[jepsen worker 0] jepsen.util: 0	:ok	:generate	"2045-null"
2026-03-11 14:38:22,220{GMT}	INFO	[jepsen worker 1] jepsen.util: 1	:invoke	:generate	nil
2026-03-11 14:38:22,221{GMT}	INFO	[jepsen worker 1] jepsen.util: 1	:ok	:generate	"1468-null"
2026-03-11 14:38:22,221{GMT}	INFO	[jepsen worker 2] jepsen.util: 2	:invoke	:generate	nil
2026-03-11 14:38:22,221{GMT}	INFO	[jepsen worker 2] jepsen.util: 2	:ok	:generate	"1290-null"
2026-03-11 14:38:22,222{GMT}	INFO	[Jepsen shutdown hook] jepsen.core: Downloading DB logs before JVM shutdown...
2026-03-11 14:38:22,222{GMT}	INFO	[jepsen worker 0] jepsen.util: 0	:invoke	:generate	nil
2026-03-11 14:38:22,223{GMT}	INFO	[jepsen worker 0] jepsen.util: 0	:ok	:generate	"2046-null"
2026-03-11 14:38:22,224{GMT}	INFO	[jepsen worker 0] jepsen.util: 0	:invoke	:generate	nil
2026-03-11 14:38:22,227{GMT}	INFO	[jepsen worker 0] jepsen.util: 0	:ok	:generate	"2047-null"
2026-03-11 14:38:22,227{GMT}	INFO	[jepsen worker 1] jepsen.util: 1	:invoke	:generate	nil
