2026-03-12 16:05:15,107{GMT}	INFO	[jepsen test runner] jepsen.core: Command line:
lein run test -w broadcast --bin run.sh broadcast --node-count 1 --time-limit 20 --rate 10
2026-03-12 16:05:15,184{GMT}	INFO	[jepsen test runner] jepsen.core: Running test:
{:args ["broadcast"]
 :remote
 #jepsen.control.retry.Remote{:remote #jepsen.control.scp.Remote{:cmd-remote #jepsen.control.sshj.SSHJRemote{:concurrency-limit 6,
                                                                                                             :conn-spec nil,
                                                                                                             :client nil,
                                                                                                             :semaphore nil},
                                                                 :conn-spec nil},
                              :conn nil}
 :log-net-send false
 :node-count 1
 :availability nil
 :max-txn-length 4
 :concurrency 1
 :db
 #object[maelstrom.db$db$reify__16142
         "0x65dac812"
         "maelstrom.db$db$reify__16142@65dac812"]
 :max-writes-per-key 16
 :leave-db-running? false
 :name "broadcast"
 :logging-json? false
 :start-time
 #object[org.joda.time.DateTime "0x3619ecd" "2026-03-12T16:05:15.083Z"]
 :nemesis-interval 10
 :net
 #object[maelstrom.net$jepsen_net$reify__15251
         "0x7de4bd8f"
         "maelstrom.net$jepsen_net$reify__15251@7de4bd8f"]
 :client
 #object[maelstrom.workload.broadcast$client$reify__16644
         "0x193e65d5"
         "maelstrom.workload.broadcast$client$reify__16644@193e65d5"]
 :barrier
 #object[java.util.concurrent.CyclicBarrier
         "0x2a97b4b8"
         "java.util.concurrent.CyclicBarrier@2a97b4b8"]
 :log-stderr false
 :pure-generators true
 :ssh {:dummy? true}
 :rate 10.0
 :checker
 #object[jepsen.checker$compose$reify__11881
         "0x250fc0d1"
         "jepsen.checker$compose$reify__11881@250fc0d1"]
 :argv
 ("test"
  "-w"
  "broadcast"
  "--bin"
  "run.sh"
  "broadcast"
  "--node-count"
  "1"
  "--time-limit"
  "20"
  "--rate"
  "10")
 :nemesis
 (jepsen.nemesis.ReflCompose
  {:fm {:start-partition 0,
        :stop-partition 0,
        :kill 1,
        :start 1,
        :pause 1,
        :resume 1},
   :nemeses [#unprintable "jepsen.nemesis.combined$partition_nemesis$reify__16416@7ddf193a"
             #unprintable "jepsen.nemesis.combined$db_nemesis$reify__16397@17a5cb99"]})
 :nodes ["n0"]
 :test-count 1
 :latency {:mean 0, :dist :constant}
 :bin "run.sh"
 :generator
 ((jepsen.generator.Synchronize
   {:gen (jepsen.generator.TimeLimit
          {:limit 20000000000,
           :cutoff nil,
           :gen (jepsen.generator.Any
                 {:gens [(jepsen.generator.OnThreads
                          {:f #{:nemesis},
                           :context-filter #object[jepsen.generator.context$make_thread_filter$lazy_filter__9167
                                                   "0x71cf6e8c"
                                                   "jepsen.generator.context$make_thread_filter$lazy_filter__9167@71cf6e8c"],
                           :gen nil})
                         (jepsen.generator.OnThreads
                          {:f #jepsen.generator.context.AllBut{:element :nemesis},
                           :context-filter #object[jepsen.generator.context$make_thread_filter$lazy_filter__9167
                                                   "0x7545cb17"
                                                   "jepsen.generator.context$make_thread_filter$lazy_filter__9167@7545cb17"],
                           :gen (jepsen.generator.Stagger
                                 {:dt 200000000,
                                  :next-time nil,
                                  :gen (jepsen.generator.Mix
                                        {:i 1,
                                         :gens [({:f :broadcast, :value 0}
                                                 {:f :broadcast, :value 1}
                                                 {:f :broadcast, :value 2}
                                                 {:f :broadcast, :value 3}
                                                 {:f :broadcast, :value 4}
                                                 {:f :broadcast, :value 5}
                                                 {:f :broadcast, :value 6}
                                                 {:f :broadcast, :value 7}
                                                 ...)
                                                ({:f :read}
                                                 {:f :read}
                                                 {:f :read}
                                                 {:f :read}
                                                 {:f :read}
                                                 {:f :read}
                                                 {:f :read}
                                                 {:f :read}
                                                 ...)]})})})]})})})
  (jepsen.generator.Synchronize
   {:gen (jepsen.generator.OnThreads
          {:f #{:nemesis},
           :context-filter #object[jepsen.generator.context$make_thread_filter$lazy_filter__9167
                                   "0x1f9b86f5"
                                   "jepsen.generator.context$make_thread_filter$lazy_filter__9167@1f9b86f5"],
           :gen ()})})
  (jepsen.generator.Synchronize
   {:gen {:type :log, :value "Waiting for recovery..."}})
  (jepsen.generator.Synchronize {:gen {:type :sleep, :value 10}})
  (jepsen.generator.Synchronize
   {:gen (jepsen.generator.OnThreads
          {:f #jepsen.generator.context.AllBut{:element :nemesis},
           :context-filter #object[jepsen.generator.context$make_thread_filter$lazy_filter__9167
                                   "0x15aa3084"
                                   "jepsen.generator.context$make_thread_filter$lazy_filter__9167@15aa3084"],
           :gen (jepsen.generator.EachThread
                 {:fresh-gen {:f :read, :final? true},
                  :context-filters #object[clojure.core$promise$reify__8591
                                           "0x4e6c4c55"
                                           {:status :pending, :val nil}],
                  :gens {}})})}))
 :log-net-recv false
 :os
 #object[maelstrom.net$jepsen_os$reify__15254
         "0x74fbee59"
         "maelstrom.net$jepsen_os$reify__15254@74fbee59"]
 :time-limit 20
 :workload :broadcast
 :consistency-models [:strict-serializable]
 :topology :grid}

2026-03-12 16:05:16,617{GMT}	INFO	[jepsen node n0] maelstrom.net: Starting Maelstrom network
2026-03-12 16:05:16,619{GMT}	INFO	[jepsen test runner] jepsen.db: Tearing down DB
2026-03-12 16:05:16,621{GMT}	INFO	[jepsen test runner] jepsen.db: Setting up DB
2026-03-12 16:05:16,624{GMT}	INFO	[jepsen node n0] maelstrom.service: Starting services: (lin-kv lin-tso lww-kv seq-kv)
2026-03-12 16:05:16,625{GMT}	INFO	[jepsen node n0] maelstrom.db: Setting up n0
2026-03-12 16:05:16,626{GMT}	INFO	[jepsen node n0] maelstrom.process: launching run.sh ["broadcast"]
2026-03-12 16:05:16,745{GMT}	INFO	[jepsen test runner] jepsen.core: Relative time begins now
2026-03-12 16:05:16,771{GMT}	INFO	[jepsen worker 0] jepsen.util: 0	:invoke	:read	nil
2026-03-12 16:05:21,775{GMT}	INFO	[jepsen worker 0] jepsen.util: 0	:fail	:read	nil	:net-timeout
2026-03-12 16:05:21,776{GMT}	INFO	[jepsen worker 0] jepsen.util: 0	:invoke	:broadcast	0
2026-03-12 16:05:21,781{GMT}	INFO	[jepsen worker 0] jepsen.util: 0	:ok	:broadcast	0
2026-03-12 16:05:21,868{GMT}	INFO	[jepsen worker 0] jepsen.util: 0	:invoke	:read	nil
2026-03-12 16:05:21,903{GMT}	WARN	[jepsen worker 0] jepsen.generator.interpreter: Process 0 crashed
clojure.lang.ExceptionInfo: Malformed RPC response. Maelstrom sent node n0 the following request:

{:type "read", :msg_id 3}

And expected a response of the form:

{:type (eq "read_ok"),
 :messages [Any],
 {:k :msg_id} Int,
 :in_reply_to Int}

... but instead received

{:type "read_ok", :messages 0, :in_reply_to 3, :msg_id 3}

This is malformed because:

{:messages (not (sequential? 0))}

See doc/protocol.md for more guidance.
	at slingshot.support$stack_trace.invoke(support.clj:201)
	at maelstrom.client$check_body.invokeStatic(client.clj:188)
	at maelstrom.client$check_body.invoke(client.clj:181)
	at maelstrom.workload.broadcast$fn__16576$read__16577.invoke(broadcast.clj:34)
	at maelstrom.workload.broadcast$fn__16576$read__16577.invoke(broadcast.clj:34)
	at maelstrom.workload.broadcast$client$reify__16644.invoke_BANG_(broadcast.clj:207)
	at jepsen.client.Validate.invoke_BANG_(client.clj:83)
	at jepsen.generator.interpreter.ClientWorker.invoke_BANG_(interpreter.clj:65)
	at jepsen.generator.interpreter$spawn_worker$fn__12908$fn__12909.invoke(interpreter.clj:140)
	at jepsen.generator.interpreter$spawn_worker$fn__12908.invoke(interpreter.clj:123)
	at clojure.core$binding_conveyor_fn$fn__5823.invoke(core.clj:2047)
	at clojure.lang.AFn.call(AFn.java:18)
	at java.base/java.util.concurrent.FutureTask.run(FutureTask.java:317)
	at java.base/java.util.concurrent.ThreadPoolExecutor.runWorker(ThreadPoolExecutor.java:1144)
	at java.base/java.util.concurrent.ThreadPoolExecutor$Worker.run(ThreadPoolExecutor.java:642)
	at java.base/java.lang.Thread.run(Thread.java:1583)
2026-03-12 16:05:22,032{GMT}	INFO	[jepsen worker 0] jepsen.util: 1	:invoke	:read	nil
2026-03-12 16:05:22,043{GMT}	WARN	[jepsen worker 0] jepsen.generator.interpreter: Process 1 crashed
clojure.lang.ExceptionInfo: Malformed RPC response. Maelstrom sent node n0 the following request:

{:type "read", :msg_id 1}

And expected a response of the form:

{:type (eq "read_ok"),
 :messages [Any],
 {:k :msg_id} Int,
 :in_reply_to Int}

... but instead received

{:type "read_ok", :messages 0, :in_reply_to 1, :msg_id 4}

This is malformed because:

{:messages (not (sequential? 0))}

See doc/protocol.md for more guidance.
	at slingshot.support$stack_trace.invoke(support.clj:201)
	at maelstrom.client$check_body.invokeStatic(client.clj:188)
	at maelstrom.client$check_body.invoke(client.clj:181)
	at maelstrom.workload.broadcast$fn__16576$read__16577.invoke(broadcast.clj:34)
	at maelstrom.workload.broadcast$fn__16576$read__16577.invoke(broadcast.clj:34)
	at maelstrom.workload.broadcast$client$reify__16644.invoke_BANG_(broadcast.clj:207)
	at jepsen.client.Validate.invoke_BANG_(client.clj:83)
	at jepsen.generator.interpreter.ClientWorker.invoke_BANG_(interpreter.clj:65)
	at jepsen.generator.interpreter$spawn_worker$fn__12908$fn__12909.invoke(interpreter.clj:140)
	at jepsen.generator.interpreter$spawn_worker$fn__12908.invoke(interpreter.clj:123)
	at clojure.core$binding_conveyor_fn$fn__5823.invoke(core.clj:2047)
	at clojure.lang.AFn.call(AFn.java:18)
	at java.base/java.util.concurrent.FutureTask.run(FutureTask.java:317)
	at java.base/java.util.concurrent.ThreadPoolExecutor.runWorker(ThreadPoolExecutor.java:1144)
	at java.base/java.util.concurrent.ThreadPoolExecutor$Worker.run(ThreadPoolExecutor.java:642)
	at java.base/java.lang.Thread.run(Thread.java:1583)
2026-03-12 16:05:22,114{GMT}	INFO	[jepsen worker 0] jepsen.util: 2	:invoke	:read	nil
2026-03-12 16:05:22,126{GMT}	WARN	[jepsen worker 0] jepsen.generator.interpreter: Process 2 crashed
clojure.lang.ExceptionInfo: Malformed RPC response. Maelstrom sent node n0 the following request:

{:type "read", :msg_id 1}

And expected a response of the form:

{:type (eq "read_ok"),
 :messages [Any],
 {:k :msg_id} Int,
 :in_reply_to Int}

... but instead received

{:type "read_ok", :messages 0, :in_reply_to 1, :msg_id 5}

This is malformed because:

{:messages (not (sequential? 0))}

See doc/protocol.md for more guidance.
	at slingshot.support$stack_trace.invoke(support.clj:201)
	at maelstrom.client$check_body.invokeStatic(client.clj:188)
	at maelstrom.client$check_body.invoke(client.clj:181)
	at maelstrom.workload.broadcast$fn__16576$read__16577.invoke(broadcast.clj:34)
	at maelstrom.workload.broadcast$fn__16576$read__16577.invoke(broadcast.clj:34)
	at maelstrom.workload.broadcast$client$reify__16644.invoke_BANG_(broadcast.clj:207)
	at jepsen.client.Validate.invoke_BANG_(client.clj:83)
	at jepsen.generator.interpreter.ClientWorker.invoke_BANG_(interpreter.clj:65)
	at jepsen.generator.interpreter$spawn_worker$fn__12908$fn__12909.invoke(interpreter.clj:140)
	at jepsen.generator.interpreter$spawn_worker$fn__12908.invoke(interpreter.clj:123)
	at clojure.core$binding_conveyor_fn$fn__5823.invoke(core.clj:2047)
	at clojure.lang.AFn.call(AFn.java:18)
	at java.base/java.util.concurrent.FutureTask.run(FutureTask.java:317)
	at java.base/java.util.concurrent.ThreadPoolExecutor.runWorker(ThreadPoolExecutor.java:1144)
	at java.base/java.util.concurrent.ThreadPoolExecutor$Worker.run(ThreadPoolExecutor.java:642)
	at java.base/java.lang.Thread.run(Thread.java:1583)
2026-03-12 16:05:22,158{GMT}	INFO	[jepsen worker 0] jepsen.util: 3	:invoke	:broadcast	1
2026-03-12 16:05:22,161{GMT}	INFO	[jepsen worker 0] jepsen.util: 3	:ok	:broadcast	1
2026-03-12 16:05:22,293{GMT}	INFO	[jepsen worker 0] jepsen.util: 3	:invoke	:broadcast	2
2026-03-12 16:05:22,297{GMT}	INFO	[jepsen worker 0] jepsen.util: 3	:ok	:broadcast	2
2026-03-12 16:05:22,350{GMT}	INFO	[jepsen worker 0] jepsen.util: 3	:invoke	:broadcast	3
2026-03-12 16:05:22,353{GMT}	INFO	[jepsen worker 0] jepsen.util: 3	:ok	:broadcast	3
2026-03-12 16:05:22,428{GMT}	INFO	[jepsen worker 0] jepsen.util: 3	:invoke	:broadcast	4
2026-03-12 16:05:22,431{GMT}	INFO	[jepsen worker 0] jepsen.util: 3	:ok	:broadcast	4
2026-03-12 16:05:22,435{GMT}	INFO	[jepsen worker 0] jepsen.util: 3	:invoke	:read	nil
2026-03-12 16:05:22,455{GMT}	WARN	[jepsen worker 0] jepsen.generator.interpreter: Process 3 crashed
clojure.lang.ExceptionInfo: Malformed RPC response. Maelstrom sent node n0 the following request:

{:type "read", :msg_id 5}

And expected a response of the form:

{:type (eq "read_ok"),
 :messages [Any],
 {:k :msg_id} Int,
 :in_reply_to Int}

... but instead received

{:type "read_ok", :messages 0, :in_reply_to 5, :msg_id 10}

This is malformed because:

{:messages (not (sequential? 0))}

See doc/protocol.md for more guidance.
	at slingshot.support$stack_trace.invoke(support.clj:201)
	at maelstrom.client$check_body.invokeStatic(client.clj:188)
	at maelstrom.client$check_body.invoke(client.clj:181)
	at maelstrom.workload.broadcast$fn__16576$read__16577.invoke(broadcast.clj:34)
	at maelstrom.workload.broadcast$fn__16576$read__16577.invoke(broadcast.clj:34)
	at maelstrom.workload.broadcast$client$reify__16644.invoke_BANG_(broadcast.clj:207)
	at jepsen.client.Validate.invoke_BANG_(client.clj:83)
	at jepsen.generator.interpreter.ClientWorker.invoke_BANG_(interpreter.clj:65)
	at jepsen.generator.interpreter$spawn_worker$fn__12908$fn__12909.invoke(interpreter.clj:140)
	at jepsen.generator.interpreter$spawn_worker$fn__12908.invoke(interpreter.clj:123)
	at clojure.core$binding_conveyor_fn$fn__5823.invoke(core.clj:2047)
	at clojure.lang.AFn.call(AFn.java:18)
	at java.base/java.util.concurrent.FutureTask.run(FutureTask.java:317)
	at java.base/java.util.concurrent.ThreadPoolExecutor.runWorker(ThreadPoolExecutor.java:1144)
	at java.base/java.util.concurrent.ThreadPoolExecutor$Worker.run(ThreadPoolExecutor.java:642)
	at java.base/java.lang.Thread.run(Thread.java:1583)
2026-03-12 16:05:22,457{GMT}	INFO	[jepsen worker 0] jepsen.util: 4	:invoke	:read	nil
2026-03-12 16:05:22,476{GMT}	WARN	[jepsen worker 0] jepsen.generator.interpreter: Process 4 crashed
clojure.lang.ExceptionInfo: Malformed RPC response. Maelstrom sent node n0 the following request:

{:type "read", :msg_id 1}

And expected a response of the form:

{:type (eq "read_ok"),
 :messages [Any],
 {:k :msg_id} Int,
 :in_reply_to Int}

... but instead received

{:type "read_ok", :messages 0, :in_reply_to 1, :msg_id 15}

This is malformed because:

{:messages (not (sequential? 0))}

See doc/protocol.md for more guidance.
	at slingshot.support$stack_trace.invoke(support.clj:201)
	at maelstrom.client$check_body.invokeStatic(client.clj:188)
	at maelstrom.client$check_body.invoke(client.clj:181)
	at maelstrom.workload.broadcast$fn__16576$read__16577.invoke(broadcast.clj:34)
	at maelstrom.workload.broadcast$fn__16576$read__16577.invoke(broadcast.clj:34)
	at maelstrom.workload.broadcast$client$reify__16644.invoke_BANG_(broadcast.clj:207)
	at jepsen.client.Validate.invoke_BANG_(client.clj:83)
	at jepsen.generator.interpreter.ClientWorker.invoke_BANG_(interpreter.clj:65)
	at jepsen.generator.interpreter$spawn_worker$fn__12908$fn__12909.invoke(interpreter.clj:140)
	at jepsen.generator.interpreter$spawn_worker$fn__12908.invoke(interpreter.clj:123)
	at clojure.core$binding_conveyor_fn$fn__5823.invoke(core.clj:2047)
	at clojure.lang.AFn.call(AFn.java:18)
	at java.base/java.util.concurrent.FutureTask.run(FutureTask.java:317)
	at java.base/java.util.concurrent.ThreadPoolExecutor.runWorker(ThreadPoolExecutor.java:1144)
	at java.base/java.util.concurrent.ThreadPoolExecutor$Worker.run(ThreadPoolExecutor.java:642)
	at java.base/java.lang.Thread.run(Thread.java:1583)
2026-03-12 16:05:22,488{GMT}	INFO	[jepsen worker 0] jepsen.util: 5	:invoke	:read	nil
2026-03-12 16:05:22,511{GMT}	WARN	[jepsen worker 0] jepsen.generator.interpreter: Process 5 crashed
clojure.lang.ExceptionInfo: Malformed RPC response. Maelstrom sent node n0 the following request:

{:type "read", :msg_id 1}

And expected a response of the form:

{:type (eq "read_ok"),
 :messages [Any],
 {:k :msg_id} Int,
 :in_reply_to Int}

... but instead received

{:type "read_ok", :messages 0, :in_reply_to 1, :msg_id 20}

This is malformed because:

{:messages (not (sequential? 0))}

See doc/protocol.md for more guidance.
	at slingshot.support$stack_trace.invoke(support.clj:201)
	at maelstrom.client$check_body.invokeStatic(client.clj:188)
	at maelstrom.client$check_body.invoke(client.clj:181)
	at maelstrom.workload.broadcast$fn__16576$read__16577.invoke(broadcast.clj:34)
	at maelstrom.workload.broadcast$fn__16576$read__16577.invoke(broadcast.clj:34)
	at maelstrom.workload.broadcast$client$reify__16644.invoke_BANG_(broadcast.clj:207)
	at jepsen.client.Validate.invoke_BANG_(client.clj:83)
	at jepsen.generator.interpreter.ClientWorker.invoke_BANG_(interpreter.clj:65)
	at jepsen.generator.interpreter$spawn_worker$fn__12908$fn__12909.invoke(interpreter.clj:140)
	at jepsen.generator.interpreter$spawn_worker$fn__12908.invoke(interpreter.clj:123)
	at clojure.core$binding_conveyor_fn$fn__5823.invoke(core.clj:2047)
	at clojure.lang.AFn.call(AFn.java:18)
	at java.base/java.util.concurrent.FutureTask.run(FutureTask.java:317)
	at java.base/java.util.concurrent.ThreadPoolExecutor.runWorker(ThreadPoolExecutor.java:1144)
	at java.base/java.util.concurrent.ThreadPoolExecutor$Worker.run(ThreadPoolExecutor.java:642)
	at java.base/java.lang.Thread.run(Thread.java:1583)
2026-03-12 16:05:22,534{GMT}	INFO	[jepsen worker 0] jepsen.util: 6	:invoke	:read	nil
2026-03-12 16:05:22,554{GMT}	WARN	[jepsen worker 0] jepsen.generator.interpreter: Process 6 crashed
clojure.lang.ExceptionInfo: Malformed RPC response. Maelstrom sent node n0 the following request:

{:type "read", :msg_id 1}

And expected a response of the form:

{:type (eq "read_ok"),
 :messages [Any],
 {:k :msg_id} Int,
 :in_reply_to Int}

... but instead received

{:type "read_ok", :messages 0, :in_reply_to 1, :msg_id 25}

This is malformed because:

{:messages (not (sequential? 0))}

See doc/protocol.md for more guidance.
	at slingshot.support$stack_trace.invoke(support.clj:201)
	at maelstrom.client$check_body.invokeStatic(client.clj:188)
	at maelstrom.client$check_body.invoke(client.clj:181)
	at maelstrom.workload.broadcast$fn__16576$read__16577.invoke(broadcast.clj:34)
	at maelstrom.workload.broadcast$fn__16576$read__16577.invoke(broadcast.clj:34)
	at maelstrom.workload.broadcast$client$reify__16644.invoke_BANG_(broadcast.clj:207)
	at jepsen.client.Validate.invoke_BANG_(client.clj:83)
	at jepsen.generator.interpreter.ClientWorker.invoke_BANG_(interpreter.clj:65)
	at jepsen.generator.interpreter$spawn_worker$fn__12908$fn__12909.invoke(interpreter.clj:140)
	at jepsen.generator.interpreter$spawn_worker$fn__12908.invoke(interpreter.clj:123)
	at clojure.core$binding_conveyor_fn$fn__5823.invoke(core.clj:2047)
	at clojure.lang.AFn.call(AFn.java:18)
	at java.base/java.util.concurrent.FutureTask.run(FutureTask.java:317)
	at java.base/java.util.concurrent.ThreadPoolExecutor.runWorker(ThreadPoolExecutor.java:1144)
	at java.base/java.util.concurrent.ThreadPoolExecutor$Worker.run(ThreadPoolExecutor.java:642)
	at java.base/java.lang.Thread.run(Thread.java:1583)
2026-03-12 16:05:22,661{GMT}	INFO	[jepsen worker 0] jepsen.util: 7	:invoke	:read	nil
2026-03-12 16:05:22,672{GMT}	WARN	[jepsen worker 0] jepsen.generator.interpreter: Process 7 crashed
clojure.lang.ExceptionInfo: Malformed RPC response. Maelstrom sent node n0 the following request:

{:type "read", :msg_id 1}

And expected a response of the form:

{:type (eq "read_ok"),
 :messages [Any],
 {:k :msg_id} Int,
 :in_reply_to Int}

... but instead received

{:type "read_ok", :messages 0, :in_reply_to 1, :msg_id 30}

This is malformed because:

{:messages (not (sequential? 0))}

See doc/protocol.md for more guidance.
	at slingshot.support$stack_trace.invoke(support.clj:201)
	at maelstrom.client$check_body.invokeStatic(client.clj:188)
	at maelstrom.client$check_body.invoke(client.clj:181)
	at maelstrom.workload.broadcast$fn__16576$read__16577.invoke(broadcast.clj:34)
	at maelstrom.workload.broadcast$fn__16576$read__16577.invoke(broadcast.clj:34)
	at maelstrom.workload.broadcast$client$reify__16644.invoke_BANG_(broadcast.clj:207)
	at jepsen.client.Validate.invoke_BANG_(client.clj:83)
	at jepsen.generator.interpreter.ClientWorker.invoke_BANG_(interpreter.clj:65)
	at jepsen.generator.interpreter$spawn_worker$fn__12908$fn__12909.invoke(interpreter.clj:140)
	at jepsen.generator.interpreter$spawn_worker$fn__12908.invoke(interpreter.clj:123)
	at clojure.core$binding_conveyor_fn$fn__5823.invoke(core.clj:2047)
	at clojure.lang.AFn.call(AFn.java:18)
	at java.base/java.util.concurrent.FutureTask.run(FutureTask.java:317)
	at java.base/java.util.concurrent.ThreadPoolExecutor.runWorker(ThreadPoolExecutor.java:1144)
	at java.base/java.util.concurrent.ThreadPoolExecutor$Worker.run(ThreadPoolExecutor.java:642)
	at java.base/java.lang.Thread.run(Thread.java:1583)
2026-03-12 16:05:22,723{GMT}	INFO	[jepsen worker 0] jepsen.util: 8	:invoke	:read	nil
2026-03-12 16:05:22,739{GMT}	WARN	[jepsen worker 0] jepsen.generator.interpreter: Process 8 crashed
clojure.lang.ExceptionInfo: Malformed RPC response. Maelstrom sent node n0 the following request:

{:type "read", :msg_id 1}

And expected a response of the form:

{:type (eq "read_ok"),
 :messages [Any],
 {:k :msg_id} Int,
 :in_reply_to Int}

... but instead received

{:type "read_ok", :messages 0, :in_reply_to 1, :msg_id 35}

This is malformed because:

{:messages (not (sequential? 0))}

See doc/protocol.md for more guidance.
	at slingshot.support$stack_trace.invoke(support.clj:201)
	at maelstrom.client$check_body.invokeStatic(client.clj:188)
	at maelstrom.client$check_body.invoke(client.clj:181)
	at maelstrom.workload.broadcast$fn__16576$read__16577.invoke(broadcast.clj:34)
	at maelstrom.workload.broadcast$fn__16576$read__16577.invoke(broadcast.clj:34)
	at maelstrom.workload.broadcast$client$reify__16644.invoke_BANG_(broadcast.clj:207)
	at jepsen.client.Validate.invoke_BANG_(client.clj:83)
	at jepsen.generator.interpreter.ClientWorker.invoke_BANG_(interpreter.clj:65)
	at jepsen.generator.interpreter$spawn_worker$fn__12908$fn__12909.invoke(interpreter.clj:140)
	at jepsen.generator.interpreter$spawn_worker$fn__12908.invoke(interpreter.clj:123)
	at clojure.core$binding_conveyor_fn$fn__5823.invoke(core.clj:2047)
	at clojure.lang.AFn.call(AFn.java:18)
	at java.base/java.util.concurrent.FutureTask.run(FutureTask.java:317)
	at java.base/java.util.concurrent.ThreadPoolExecutor.runWorker(ThreadPoolExecutor.java:1144)
	at java.base/java.util.concurrent.ThreadPoolExecutor$Worker.run(ThreadPoolExecutor.java:642)
	at java.base/java.lang.Thread.run(Thread.java:1583)
2026-03-12 16:05:22,821{GMT}	INFO	[jepsen worker 0] jepsen.util: 9	:invoke	:broadcast	5
2026-03-12 16:05:22,825{GMT}	INFO	[jepsen worker 0] jepsen.util: 9	:ok	:broadcast	5
2026-03-12 16:05:22,882{GMT}	INFO	[jepsen worker 0] jepsen.util: 9	:invoke	:read	nil
2026-03-12 16:05:22,897{GMT}	WARN	[jepsen worker 0] jepsen.generator.interpreter: Process 9 crashed
clojure.lang.ExceptionInfo: Malformed RPC response. Maelstrom sent node n0 the following request:

{:type "read", :msg_id 2}

And expected a response of the form:

{:type (eq "read_ok"),
 :messages [Any],
 {:k :msg_id} Int,
 :in_reply_to Int}

... but instead received

{:type "read_ok", :messages 0, :in_reply_to 2, :msg_id 41}

This is malformed because:

{:messages (not (sequential? 0))}

See doc/protocol.md for more guidance.
	at slingshot.support$stack_trace.invoke(support.clj:201)
	at maelstrom.client$check_body.invokeStatic(client.clj:188)
	at maelstrom.client$check_body.invoke(client.clj:181)
	at maelstrom.workload.broadcast$fn__16576$read__16577.invoke(broadcast.clj:34)
	at maelstrom.workload.broadcast$fn__16576$read__16577.invoke(broadcast.clj:34)
	at maelstrom.workload.broadcast$client$reify__16644.invoke_BANG_(broadcast.clj:207)
	at jepsen.client.Validate.invoke_BANG_(client.clj:83)
	at jepsen.generator.interpreter.ClientWorker.invoke_BANG_(interpreter.clj:65)
	at jepsen.generator.interpreter$spawn_worker$fn__12908$fn__12909.invoke(interpreter.clj:140)
	at jepsen.generator.interpreter$spawn_worker$fn__12908.invoke(interpreter.clj:123)
	at clojure.core$binding_conveyor_fn$fn__5823.invoke(core.clj:2047)
	at clojure.lang.AFn.call(AFn.java:18)
	at java.base/java.util.concurrent.FutureTask.run(FutureTask.java:317)
	at java.base/java.util.concurrent.ThreadPoolExecutor.runWorker(ThreadPoolExecutor.java:1144)
	at java.base/java.util.concurrent.ThreadPoolExecutor$Worker.run(ThreadPoolExecutor.java:642)
	at java.base/java.lang.Thread.run(Thread.java:1583)
2026-03-12 16:05:22,944{GMT}	INFO	[jepsen worker 0] jepsen.util: 10	:invoke	:broadcast	6
2026-03-12 16:05:22,948{GMT}	INFO	[jepsen worker 0] jepsen.util: 10	:ok	:broadcast	6
2026-03-12 16:05:23,116{GMT}	INFO	[jepsen worker 0] jepsen.util: 10	:invoke	:broadcast	7
2026-03-12 16:05:23,120{GMT}	INFO	[jepsen worker 0] jepsen.util: 10	:ok	:broadcast	7
2026-03-12 16:05:23,149{GMT}	INFO	[jepsen worker 0] jepsen.util: 10	:invoke	:broadcast	8
2026-03-12 16:05:23,152{GMT}	INFO	[jepsen worker 0] jepsen.util: 10	:ok	:broadcast	8
2026-03-12 16:05:23,230{GMT}	INFO	[jepsen worker 0] jepsen.util: 10	:invoke	:read	nil
2026-03-12 16:05:23,248{GMT}	WARN	[jepsen worker 0] jepsen.generator.interpreter: Process 10 crashed
clojure.lang.ExceptionInfo: Malformed RPC response. Maelstrom sent node n0 the following request:

{:type "read", :msg_id 4}

And expected a response of the form:

{:type (eq "read_ok"),
 :messages [Any],
 {:k :msg_id} Int,
 :in_reply_to Int}

... but instead received

{:type "read_ok", :messages 0, :in_reply_to 4, :msg_id 50}

This is malformed because:

{:messages (not (sequential? 0))}

See doc/protocol.md for more guidance.
	at slingshot.support$stack_trace.invoke(support.clj:201)
	at maelstrom.client$check_body.invokeStatic(client.clj:188)
	at maelstrom.client$check_body.invoke(client.clj:181)
	at maelstrom.workload.broadcast$fn__16576$read__16577.invoke(broadcast.clj:34)
	at maelstrom.workload.broadcast$fn__16576$read__16577.invoke(broadcast.clj:34)
	at maelstrom.workload.broadcast$client$reify__16644.invoke_BANG_(broadcast.clj:207)
	at jepsen.client.Validate.invoke_BANG_(client.clj:83)
	at jepsen.generator.interpreter.ClientWorker.invoke_BANG_(interpreter.clj:65)
	at jepsen.generator.interpreter$spawn_worker$fn__12908$fn__12909.invoke(interpreter.clj:140)
	at jepsen.generator.interpreter$spawn_worker$fn__12908.invoke(interpreter.clj:123)
	at clojure.core$binding_conveyor_fn$fn__5823.invoke(core.clj:2047)
	at clojure.lang.AFn.call(AFn.java:18)
	at java.base/java.util.concurrent.FutureTask.run(FutureTask.java:317)
	at java.base/java.util.concurrent.ThreadPoolExecutor.runWorker(ThreadPoolExecutor.java:1144)
	at java.base/java.util.concurrent.ThreadPoolExecutor$Worker.run(ThreadPoolExecutor.java:642)
	at java.base/java.lang.Thread.run(Thread.java:1583)
2026-03-12 16:05:23,250{GMT}	INFO	[jepsen worker 0] jepsen.util: 11	:invoke	:broadcast	9
2026-03-12 16:05:23,253{GMT}	INFO	[jepsen worker 0] jepsen.util: 11	:ok	:broadcast	9
2026-03-12 16:05:23,405{GMT}	INFO	[jepsen worker 0] jepsen.util: 11	:invoke	:broadcast	10
2026-03-12 16:05:23,408{GMT}	INFO	[jepsen worker 0] jepsen.util: 11	:ok	:broadcast	10
2026-03-12 16:05:23,550{GMT}	INFO	[jepsen worker 0] jepsen.util: 11	:invoke	:read	nil
2026-03-12 16:05:23,565{GMT}	WARN	[jepsen worker 0] jepsen.generator.interpreter: Process 11 crashed
clojure.lang.ExceptionInfo: Malformed RPC response. Maelstrom sent node n0 the following request:

{:type "read", :msg_id 3}

And expected a response of the form:

{:type (eq "read_ok"),
 :messages [Any],
 {:k :msg_id} Int,
 :in_reply_to Int}

... but instead received

{:type "read_ok", :messages 0, :in_reply_to 3, :msg_id 61}

This is malformed because:

{:messages (not (sequential? 0))}

See doc/protocol.md for more guidance.
	at slingshot.support$stack_trace.invoke(support.clj:201)
	at maelstrom.client$check_body.invokeStatic(client.clj:188)
	at maelstrom.client$check_body.invoke(client.clj:181)
	at maelstrom.workload.broadcast$fn__16576$read__16577.invoke(broadcast.clj:34)
	at maelstrom.workload.broadcast$fn__16576$read__16577.invoke(broadcast.clj:34)
	at maelstrom.workload.broadcast$client$reify__16644.invoke_BANG_(broadcast.clj:207)
	at jepsen.client.Validate.invoke_BANG_(client.clj:83)
	at jepsen.generator.interpreter.ClientWorker.invoke_BANG_(interpreter.clj:65)
	at jepsen.generator.interpreter$spawn_worker$fn__12908$fn__12909.invoke(interpreter.clj:140)
	at jepsen.generator.interpreter$spawn_worker$fn__12908.invoke(interpreter.clj:123)
	at clojure.core$binding_conveyor_fn$fn__5823.invoke(core.clj:2047)
	at clojure.lang.AFn.call(AFn.java:18)
	at java.base/java.util.concurrent.FutureTask.run(FutureTask.java:317)
	at java.base/java.util.concurrent.ThreadPoolExecutor.runWorker(ThreadPoolExecutor.java:1144)
	at java.base/java.util.concurrent.ThreadPoolExecutor$Worker.run(ThreadPoolExecutor.java:642)
	at java.base/java.lang.Thread.run(Thread.java:1583)
2026-03-12 16:05:23,630{GMT}	INFO	[jepsen worker 0] jepsen.util: 12	:invoke	:broadcast	11
2026-03-12 16:05:23,633{GMT}	INFO	[jepsen worker 0] jepsen.util: 12	:ok	:broadcast	11
2026-03-12 16:05:23,807{GMT}	INFO	[jepsen worker 0] jepsen.util: 12	:invoke	:read	nil
2026-03-12 16:05:23,813{GMT}	WARN	[jepsen worker 0] jepsen.generator.interpreter: Process 12 crashed
clojure.lang.ExceptionInfo: Malformed RPC response. Maelstrom sent node n0 the following request:

{:type "read", :msg_id 2}

And expected a response of the form:

{:type (eq "read_ok"),
 :messages [Any],
 {:k :msg_id} Int,
 :in_reply_to Int}

... but instead received

{:type "read_ok", :messages 0, :in_reply_to 2, :msg_id 73}

This is malformed because:

{:messages (not (sequential? 0))}

See doc/protocol.md for more guidance.
	at slingshot.support$stack_trace.invoke(support.clj:201)
	at maelstrom.client$check_body.invokeStatic(client.clj:188)
	at maelstrom.client$check_body.invoke(client.clj:181)
	at maelstrom.workload.broadcast$fn__16576$read__16577.invoke(broadcast.clj:34)
	at maelstrom.workload.broadcast$fn__16576$read__16577.invoke(broadcast.clj:34)
	at maelstrom.workload.broadcast$client$reify__16644.invoke_BANG_(broadcast.clj:207)
	at jepsen.client.Validate.invoke_BANG_(client.clj:83)
	at jepsen.generator.interpreter.ClientWorker.invoke_BANG_(interpreter.clj:65)
	at jepsen.generator.interpreter$spawn_worker$fn__12908$fn__12909.invoke(interpreter.clj:140)
	at jepsen.generator.interpreter$spawn_worker$fn__12908.invoke(interpreter.clj:123)
	at clojure.core$binding_conveyor_fn$fn__5823.invoke(core.clj:2047)
	at clojure.lang.AFn.call(AFn.java:18)
	at java.base/java.util.concurrent.FutureTask.run(FutureTask.java:317)
	at java.base/java.util.concurrent.ThreadPoolExecutor.runWorker(ThreadPoolExecutor.java:1144)
	at java.base/java.util.concurrent.ThreadPoolExecutor$Worker.run(ThreadPoolExecutor.java:642)
	at java.base/java.lang.Thread.run(Thread.java:1583)
2026-03-12 16:05:23,886{GMT}	INFO	[jepsen worker 0] jepsen.util: 13	:invoke	:broadcast	12
2026-03-12 16:05:23,888{GMT}	INFO	[jepsen worker 0] jepsen.util: 13	:ok	:broadcast	12
2026-03-12 16:05:24,003{GMT}	INFO	[jepsen worker 0] jepsen.util: 13	:invoke	:read	nil
2026-03-12 16:05:24,016{GMT}	WARN	[jepsen worker 0] jepsen.generator.interpreter: Process 13 crashed
clojure.lang.ExceptionInfo: Malformed RPC response. Maelstrom sent node n0 the following request:

{:type "read", :msg_id 2}

And expected a response of the form:

{:type (eq "read_ok"),
 :messages [Any],
 {:k :msg_id} Int,
 :in_reply_to Int}

... but instead received

{:type "read_ok", :messages 0, :in_reply_to 2, :msg_id 86}

This is malformed because:

{:messages (not (sequential? 0))}

See doc/protocol.md for more guidance.
	at slingshot.support$stack_trace.invoke(support.clj:201)
	at maelstrom.client$check_body.invokeStatic(client.clj:188)
	at maelstrom.client$check_body.invoke(client.clj:181)
	at maelstrom.workload.broadcast$fn__16576$read__16577.invoke(broadcast.clj:34)
	at maelstrom.workload.broadcast$fn__16576$read__16577.invoke(broadcast.clj:34)
	at maelstrom.workload.broadcast$client$reify__16644.invoke_BANG_(broadcast.clj:207)
	at jepsen.client.Validate.invoke_BANG_(client.clj:83)
	at jepsen.generator.interpreter.ClientWorker.invoke_BANG_(interpreter.clj:65)
	at jepsen.generator.interpreter$spawn_worker$fn__12908$fn__12909.invoke(interpreter.clj:140)
	at jepsen.generator.interpreter$spawn_worker$fn__12908.invoke(interpreter.clj:123)
	at clojure.core$binding_conveyor_fn$fn__5823.invoke(core.clj:2047)
	at clojure.lang.AFn.call(AFn.java:18)
	at java.base/java.util.concurrent.FutureTask.run(FutureTask.java:317)
	at java.base/java.util.concurrent.ThreadPoolExecutor.runWorker(ThreadPoolExecutor.java:1144)
	at java.base/java.util.concurrent.ThreadPoolExecutor$Worker.run(ThreadPoolExecutor.java:642)
	at java.base/java.lang.Thread.run(Thread.java:1583)
2026-03-12 16:05:24,018{GMT}	INFO	[jepsen worker 0] jepsen.util: 14	:invoke	:read	nil
2026-03-12 16:05:24,041{GMT}	WARN	[jepsen worker 0] jepsen.generator.interpreter: Process 14 crashed
clojure.lang.ExceptionInfo: Malformed RPC response. Maelstrom sent node n0 the following request:

{:type "read", :msg_id 1}

And expected a response of the form:

{:type (eq "read_ok"),
 :messages [Any],
 {:k :msg_id} Int,
 :in_reply_to Int}

... but instead received

{:type "read_ok", :messages 0, :in_reply_to 1, :msg_id 99}

This is malformed because:

{:messages (not (sequential? 0))}

See doc/protocol.md for more guidance.
	at slingshot.support$stack_trace.invoke(support.clj:201)
	at maelstrom.client$check_body.invokeStatic(client.clj:188)
	at maelstrom.client$check_body.invoke(client.clj:181)
	at maelstrom.workload.broadcast$fn__16576$read__16577.invoke(broadcast.clj:34)
	at maelstrom.workload.broadcast$fn__16576$read__16577.invoke(broadcast.clj:34)
	at maelstrom.workload.broadcast$client$reify__16644.invoke_BANG_(broadcast.clj:207)
	at jepsen.client.Validate.invoke_BANG_(client.clj:83)
	at jepsen.generator.interpreter.ClientWorker.invoke_BANG_(interpreter.clj:65)
	at jepsen.generator.interpreter$spawn_worker$fn__12908$fn__12909.invoke(interpreter.clj:140)
	at jepsen.generator.interpreter$spawn_worker$fn__12908.invoke(interpreter.clj:123)
	at clojure.core$binding_conveyor_fn$fn__5823.invoke(core.clj:2047)
	at clojure.lang.AFn.call(AFn.java:18)
	at java.base/java.util.concurrent.FutureTask.run(FutureTask.java:317)
	at java.base/java.util.concurrent.ThreadPoolExecutor.runWorker(ThreadPoolExecutor.java:1144)
	at java.base/java.util.concurrent.ThreadPoolExecutor$Worker.run(ThreadPoolExecutor.java:642)
	at java.base/java.lang.Thread.run(Thread.java:1583)
2026-03-12 16:05:24,042{GMT}	INFO	[jepsen worker 0] jepsen.util: 15	:invoke	:broadcast	13
2026-03-12 16:05:24,046{GMT}	INFO	[jepsen worker 0] jepsen.util: 15	:ok	:broadcast	13
2026-03-12 16:05:24,086{GMT}	INFO	[jepsen worker 0] jepsen.util: 15	:invoke	:broadcast	14
2026-03-12 16:05:24,087{GMT}	INFO	[jepsen worker 0] jepsen.util: 15	:ok	:broadcast	14
2026-03-12 16:05:24,214{GMT}	INFO	[jepsen worker 0] jepsen.util: 15	:invoke	:read	nil
2026-03-12 16:05:24,224{GMT}	WARN	[jepsen worker 0] jepsen.generator.interpreter: Process 15 crashed
clojure.lang.ExceptionInfo: Malformed RPC response. Maelstrom sent node n0 the following request:

{:type "read", :msg_id 3}

And expected a response of the form:

{:type (eq "read_ok"),
 :messages [Any],
 {:k :msg_id} Int,
 :in_reply_to Int}

... but instead received

{:type "read_ok", :messages 0, :in_reply_to 3, :msg_id 114}

This is malformed because:

{:messages (not (sequential? 0))}

See doc/protocol.md for more guidance.
	at slingshot.support$stack_trace.invoke(support.clj:201)
	at maelstrom.client$check_body.invokeStatic(client.clj:188)
	at maelstrom.client$check_body.invoke(client.clj:181)
	at maelstrom.workload.broadcast$fn__16576$read__16577.invoke(broadcast.clj:34)
	at maelstrom.workload.broadcast$fn__16576$read__16577.invoke(broadcast.clj:34)
	at maelstrom.workload.broadcast$client$reify__16644.invoke_BANG_(broadcast.clj:207)
	at jepsen.client.Validate.invoke_BANG_(client.clj:83)
	at jepsen.generator.interpreter.ClientWorker.invoke_BANG_(interpreter.clj:65)
	at jepsen.generator.interpreter$spawn_worker$fn__12908$fn__12909.invoke(interpreter.clj:140)
	at jepsen.generator.interpreter$spawn_worker$fn__12908.invoke(interpreter.clj:123)
	at clojure.core$binding_conveyor_fn$fn__5823.invoke(core.clj:2047)
	at clojure.lang.AFn.call(AFn.java:18)
	at java.base/java.util.concurrent.FutureTask.run(FutureTask.java:317)
	at java.base/java.util.concurrent.ThreadPoolExecutor.runWorker(ThreadPoolExecutor.java:1144)
	at java.base/java.util.concurrent.ThreadPoolExecutor$Worker.run(ThreadPoolExecutor.java:642)
	at java.base/java.lang.Thread.run(Thread.java:1583)
2026-03-12 16:05:24,407{GMT}	INFO	[jepsen worker 0] jepsen.util: 16	:invoke	:broadcast	15
2026-03-12 16:05:24,411{GMT}	INFO	[jepsen worker 0] jepsen.util: 16	:ok	:broadcast	15
2026-03-12 16:05:24,464{GMT}	INFO	[jepsen worker 0] jepsen.util: 16	:invoke	:broadcast	16
2026-03-12 16:05:24,466{GMT}	INFO	[jepsen worker 0] jepsen.util: 16	:ok	:broadcast	16
2026-03-12 16:05:24,471{GMT}	INFO	[jepsen worker 0] jepsen.util: 16	:invoke	:broadcast	17
2026-03-12 16:05:24,474{GMT}	INFO	[jepsen worker 0] jepsen.util: 16	:ok	:broadcast	17
2026-03-12 16:05:24,624{GMT}	INFO	[jepsen worker 0] jepsen.util: 16	:invoke	:broadcast	18
2026-03-12 16:05:24,627{GMT}	INFO	[jepsen worker 0] jepsen.util: 16	:ok	:broadcast	18
2026-03-12 16:05:24,697{GMT}	INFO	[jepsen worker 0] jepsen.util: 16	:invoke	:broadcast	19
2026-03-12 16:05:24,701{GMT}	INFO	[jepsen worker 0] jepsen.util: 16	:ok	:broadcast	19
2026-03-12 16:05:24,867{GMT}	INFO	[jepsen worker 0] jepsen.util: 16	:invoke	:read	nil
2026-03-12 16:05:24,877{GMT}	WARN	[jepsen worker 0] jepsen.generator.interpreter: Process 16 crashed
clojure.lang.ExceptionInfo: Malformed RPC response. Maelstrom sent node n0 the following request:

{:type "read", :msg_id 6}

And expected a response of the form:

{:type (eq "read_ok"),
 :messages [Any],
 {:k :msg_id} Int,
 :in_reply_to Int}

... but instead received

{:type "read_ok", :messages 0, :in_reply_to 6, :msg_id 134}

This is malformed because:

{:messages (not (sequential? 0))}

See doc/protocol.md for more guidance.
	at slingshot.support$stack_trace.invoke(support.clj:201)
	at maelstrom.client$check_body.invokeStatic(client.clj:188)
	at maelstrom.client$check_body.invoke(client.clj:181)
	at maelstrom.workload.broadcast$fn__16576$read__16577.invoke(broadcast.clj:34)
	at maelstrom.workload.broadcast$fn__16576$read__16577.invoke(broadcast.clj:34)
	at maelstrom.workload.broadcast$client$reify__16644.invoke_BANG_(broadcast.clj:207)
	at jepsen.client.Validate.invoke_BANG_(client.clj:83)
	at jepsen.generator.interpreter.ClientWorker.invoke_BANG_(interpreter.clj:65)
	at jepsen.generator.interpreter$spawn_worker$fn__12908$fn__12909.invoke(interpreter.clj:140)
	at jepsen.generator.interpreter$spawn_worker$fn__12908.invoke(interpreter.clj:123)
	at clojure.core$binding_conveyor_fn$fn__5823.invoke(core.clj:2047)
	at clojure.lang.AFn.call(AFn.java:18)
	at java.base/java.util.concurrent.FutureTask.run(FutureTask.java:317)
	at java.base/java.util.concurrent.ThreadPoolExecutor.runWorker(ThreadPoolExecutor.java:1144)
	at java.base/java.util.concurrent.ThreadPoolExecutor$Worker.run(ThreadPoolExecutor.java:642)
	at java.base/java.lang.Thread.run(Thread.java:1583)
2026-03-12 16:05:24,878{GMT}	INFO	[jepsen worker 0] jepsen.util: 17	:invoke	:broadcast	20
2026-03-12 16:05:24,882{GMT}	INFO	[jepsen worker 0] jepsen.util: 17	:ok	:broadcast	20
2026-03-12 16:05:25,057{GMT}	INFO	[jepsen worker 0] jepsen.util: 17	:invoke	:broadcast	21
2026-03-12 16:05:25,060{GMT}	INFO	[jepsen worker 0] jepsen.util: 17	:ok	:broadcast	21
2026-03-12 16:05:25,196{GMT}	INFO	[jepsen worker 0] jepsen.util: 17	:invoke	:broadcast	22
2026-03-12 16:05:25,199{GMT}	INFO	[jepsen worker 0] jepsen.util: 17	:ok	:broadcast	22
2026-03-12 16:05:25,341{GMT}	INFO	[jepsen worker 0] jepsen.util: 17	:invoke	:read	nil
2026-03-12 16:05:25,356{GMT}	WARN	[jepsen worker 0] jepsen.generator.interpreter: Process 17 crashed
clojure.lang.ExceptionInfo: Malformed RPC response. Maelstrom sent node n0 the following request:

{:type "read", :msg_id 4}

And expected a response of the form:

{:type (eq "read_ok"),
 :messages [Any],
 {:k :msg_id} Int,
 :in_reply_to Int}

... but instead received

{:type "read_ok", :messages 0, :in_reply_to 4, :msg_id 157}

This is malformed because:

{:messages (not (sequential? 0))}

See doc/protocol.md for more guidance.
	at slingshot.support$stack_trace.invoke(support.clj:201)
	at maelstrom.client$check_body.invokeStatic(client.clj:188)
	at maelstrom.client$check_body.invoke(client.clj:181)
	at maelstrom.workload.broadcast$fn__16576$read__16577.invoke(broadcast.clj:34)
	at maelstrom.workload.broadcast$fn__16576$read__16577.invoke(broadcast.clj:34)
	at maelstrom.workload.broadcast$client$reify__16644.invoke_BANG_(broadcast.clj:207)
	at jepsen.client.Validate.invoke_BANG_(client.clj:83)
	at jepsen.generator.interpreter.ClientWorker.invoke_BANG_(interpreter.clj:65)
	at jepsen.generator.interpreter$spawn_worker$fn__12908$fn__12909.invoke(interpreter.clj:140)
	at jepsen.generator.interpreter$spawn_worker$fn__12908.invoke(interpreter.clj:123)
	at clojure.core$binding_conveyor_fn$fn__5823.invoke(core.clj:2047)
	at clojure.lang.AFn.call(AFn.java:18)
	at java.base/java.util.concurrent.FutureTask.run(FutureTask.java:317)
	at java.base/java.util.concurrent.ThreadPoolExecutor.runWorker(ThreadPoolExecutor.java:1144)
	at java.base/java.util.concurrent.ThreadPoolExecutor$Worker.run(ThreadPoolExecutor.java:642)
	at java.base/java.lang.Thread.run(Thread.java:1583)
2026-03-12 16:05:25,441{GMT}	INFO	[jepsen worker 0] jepsen.util: 18	:invoke	:read	nil
2026-03-12 16:05:25,453{GMT}	WARN	[jepsen worker 0] jepsen.generator.interpreter: Process 18 crashed
clojure.lang.ExceptionInfo: Malformed RPC response. Maelstrom sent node n0 the following request:

{:type "read", :msg_id 1}

And expected a response of the form:

{:type (eq "read_ok"),
 :messages [Any],
 {:k :msg_id} Int,
 :in_reply_to Int}

... but instead received

{:type "read_ok", :messages 0, :in_reply_to 1, :msg_id 180}

This is malformed because:

{:messages (not (sequential? 0))}

See doc/protocol.md for more guidance.
	at slingshot.support$stack_trace.invoke(support.clj:201)
	at maelstrom.client$check_body.invokeStatic(client.clj:188)
	at maelstrom.client$check_body.invoke(client.clj:181)
	at maelstrom.workload.broadcast$fn__16576$read__16577.invoke(broadcast.clj:34)
	at maelstrom.workload.broadcast$fn__16576$read__16577.invoke(broadcast.clj:34)
	at maelstrom.workload.broadcast$client$reify__16644.invoke_BANG_(broadcast.clj:207)
	at jepsen.client.Validate.invoke_BANG_(client.clj:83)
	at jepsen.generator.interpreter.ClientWorker.invoke_BANG_(interpreter.clj:65)
	at jepsen.generator.interpreter$spawn_worker$fn__12908$fn__12909.invoke(interpreter.clj:140)
	at jepsen.generator.interpreter$spawn_worker$fn__12908.invoke(interpreter.clj:123)
	at clojure.core$binding_conveyor_fn$fn__5823.invoke(core.clj:2047)
	at clojure.lang.AFn.call(AFn.java:18)
	at java.base/java.util.concurrent.FutureTask.run(FutureTask.java:317)
	at java.base/java.util.concurrent.ThreadPoolExecutor.runWorker(ThreadPoolExecutor.java:1144)
	at java.base/java.util.concurrent.ThreadPoolExecutor$Worker.run(ThreadPoolExecutor.java:642)
	at java.base/java.lang.Thread.run(Thread.java:1583)
2026-03-12 16:05:25,485{GMT}	INFO	[jepsen worker 0] jepsen.util: 19	:invoke	:broadcast	23
2026-03-12 16:05:25,488{GMT}	INFO	[jepsen worker 0] jepsen.util: 19	:ok	:broadcast	23
2026-03-12 16:05:25,653{GMT}	INFO	[jepsen worker 0] jepsen.util: 19	:invoke	:read	nil
2026-03-12 16:05:25,669{GMT}	WARN	[jepsen worker 0] jepsen.generator.interpreter: Process 19 crashed
clojure.lang.ExceptionInfo: Malformed RPC response. Maelstrom sent node n0 the following request:

{:type "read", :msg_id 2}

And expected a response of the form:

{:type (eq "read_ok"),
 :messages [Any],
 {:k :msg_id} Int,
 :in_reply_to Int}

... but instead received

{:type "read_ok", :messages 0, :in_reply_to 2, :msg_id 204}

This is malformed because:

{:messages (not (sequential? 0))}

See doc/protocol.md for more guidance.
	at slingshot.support$stack_trace.invoke(support.clj:201)
	at maelstrom.client$check_body.invokeStatic(client.clj:188)
	at maelstrom.client$check_body.invoke(client.clj:181)
	at maelstrom.workload.broadcast$fn__16576$read__16577.invoke(broadcast.clj:34)
	at maelstrom.workload.broadcast$fn__16576$read__16577.invoke(broadcast.clj:34)
	at maelstrom.workload.broadcast$client$reify__16644.invoke_BANG_(broadcast.clj:207)
	at jepsen.client.Validate.invoke_BANG_(client.clj:83)
	at jepsen.generator.interpreter.ClientWorker.invoke_BANG_(interpreter.clj:65)
	at jepsen.generator.interpreter$spawn_worker$fn__12908$fn__12909.invoke(interpreter.clj:140)
	at jepsen.generator.interpreter$spawn_worker$fn__12908.invoke(interpreter.clj:123)
	at clojure.core$binding_conveyor_fn$fn__5823.invoke(core.clj:2047)
	at clojure.lang.AFn.call(AFn.java:18)
	at java.base/java.util.concurrent.FutureTask.run(FutureTask.java:317)
	at java.base/java.util.concurrent.ThreadPoolExecutor.runWorker(ThreadPoolExecutor.java:1144)
	at java.base/java.util.concurrent.ThreadPoolExecutor$Worker.run(ThreadPoolExecutor.java:642)
	at java.base/java.lang.Thread.run(Thread.java:1583)
2026-03-12 16:05:25,728{GMT}	INFO	[jepsen worker 0] jepsen.util: 20	:invoke	:broadcast	24
2026-03-12 16:05:25,730{GMT}	INFO	[jepsen worker 0] jepsen.util: 20	:ok	:broadcast	24
2026-03-12 16:05:25,856{GMT}	INFO	[jepsen worker 0] jepsen.util: 20	:invoke	:read	nil
2026-03-12 16:05:25,874{GMT}	WARN	[jepsen worker 0] jepsen.generator.interpreter: Process 20 crashed
clojure.lang.ExceptionInfo: Malformed RPC response. Maelstrom sent node n0 the following request:

{:type "read", :msg_id 2}

And expected a response of the form:

{:type (eq "read_ok"),
 :messages [Any],
 {:k :msg_id} Int,
 :in_reply_to Int}

... but instead received

{:type "read_ok", :messages 0, :in_reply_to 2, :msg_id 229}

This is malformed because:

{:messages (not (sequential? 0))}

See doc/protocol.md for more guidance.
	at slingshot.support$stack_trace.invoke(support.clj:201)
	at maelstrom.client$check_body.invokeStatic(client.clj:188)
	at maelstrom.client$check_body.invoke(client.clj:181)
	at maelstrom.workload.broadcast$fn__16576$read__16577.invoke(broadcast.clj:34)
	at maelstrom.workload.broadcast$fn__16576$read__16577.invoke(broadcast.clj:34)
	at maelstrom.workload.broadcast$client$reify__16644.invoke_BANG_(broadcast.clj:207)
	at jepsen.client.Validate.invoke_BANG_(client.clj:83)
	at jepsen.generator.interpreter.ClientWorker.invoke_BANG_(interpreter.clj:65)
	at jepsen.generator.interpreter$spawn_worker$fn__12908$fn__12909.invoke(interpreter.clj:140)
	at jepsen.generator.interpreter$spawn_worker$fn__12908.invoke(interpreter.clj:123)
	at clojure.core$binding_conveyor_fn$fn__5823.invoke(core.clj:2047)
	at clojure.lang.AFn.call(AFn.java:18)
	at java.base/java.util.concurrent.FutureTask.run(FutureTask.java:317)
	at java.base/java.util.concurrent.ThreadPoolExecutor.runWorker(ThreadPoolExecutor.java:1144)
	at java.base/java.util.concurrent.ThreadPoolExecutor$Worker.run(ThreadPoolExecutor.java:642)
	at java.base/java.lang.Thread.run(Thread.java:1583)
2026-03-12 16:05:26,038{GMT}	INFO	[jepsen worker 0] jepsen.util: 21	:invoke	:read	nil
2026-03-12 16:05:26,052{GMT}	WARN	[jepsen worker 0] jepsen.generator.interpreter: Process 21 crashed
clojure.lang.ExceptionInfo: Malformed RPC response. Maelstrom sent node n0 the following request:

{:type "read", :msg_id 1}

And expected a response of the form:

{:type (eq "read_ok"),
 :messages [Any],
 {:k :msg_id} Int,
 :in_reply_to Int}

... but instead received

{:type "read_ok", :messages 0, :in_reply_to 1, :msg_id 254}

This is malformed because:

{:messages (not (sequential? 0))}

See doc/protocol.md for more guidance.
	at slingshot.support$stack_trace.invoke(support.clj:201)
	at maelstrom.client$check_body.invokeStatic(client.clj:188)
	at maelstrom.client$check_body.invoke(client.clj:181)
	at maelstrom.workload.broadcast$fn__16576$read__16577.invoke(broadcast.clj:34)
	at maelstrom.workload.broadcast$fn__16576$read__16577.invoke(broadcast.clj:34)
	at maelstrom.workload.broadcast$client$reify__16644.invoke_BANG_(broadcast.clj:207)
	at jepsen.client.Validate.invoke_BANG_(client.clj:83)
	at jepsen.generator.interpreter.ClientWorker.invoke_BANG_(interpreter.clj:65)
	at jepsen.generator.interpreter$spawn_worker$fn__12908$fn__12909.invoke(interpreter.clj:140)
	at jepsen.generator.interpreter$spawn_worker$fn__12908.invoke(interpreter.clj:123)
	at clojure.core$binding_conveyor_fn$fn__5823.invoke(core.clj:2047)
	at clojure.lang.AFn.call(AFn.java:18)
	at java.base/java.util.concurrent.FutureTask.run(FutureTask.java:317)
	at java.base/java.util.concurrent.ThreadPoolExecutor.runWorker(ThreadPoolExecutor.java:1144)
	at java.base/java.util.concurrent.ThreadPoolExecutor$Worker.run(ThreadPoolExecutor.java:642)
	at java.base/java.lang.Thread.run(Thread.java:1583)
2026-03-12 16:05:26,099{GMT}	INFO	[jepsen worker 0] jepsen.util: 22	:invoke	:read	nil
2026-03-12 16:05:26,110{GMT}	WARN	[jepsen worker 0] jepsen.generator.interpreter: Process 22 crashed
clojure.lang.ExceptionInfo: Malformed RPC response. Maelstrom sent node n0 the following request:

{:type "read", :msg_id 1}

And expected a response of the form:

{:type (eq "read_ok"),
 :messages [Any],
 {:k :msg_id} Int,
 :in_reply_to Int}

... but instead received

{:type "read_ok", :messages 0, :in_reply_to 1, :msg_id 279}

This is malformed because:

{:messages (not (sequential? 0))}

See doc/protocol.md for more guidance.
	at slingshot.support$stack_trace.invoke(support.clj:201)
	at maelstrom.client$check_body.invokeStatic(client.clj:188)
	at maelstrom.client$check_body.invoke(client.clj:181)
	at maelstrom.workload.broadcast$fn__16576$read__16577.invoke(broadcast.clj:34)
	at maelstrom.workload.broadcast$fn__16576$read__16577.invoke(broadcast.clj:34)
	at maelstrom.workload.broadcast$client$reify__16644.invoke_BANG_(broadcast.clj:207)
	at jepsen.client.Validate.invoke_BANG_(client.clj:83)
	at jepsen.generator.interpreter.ClientWorker.invoke_BANG_(interpreter.clj:65)
	at jepsen.generator.interpreter$spawn_worker$fn__12908$fn__12909.invoke(interpreter.clj:140)
	at jepsen.generator.interpreter$spawn_worker$fn__12908.invoke(interpreter.clj:123)
	at clojure.core$binding_conveyor_fn$fn__5823.invoke(core.clj:2047)
	at clojure.lang.AFn.call(AFn.java:18)
	at java.base/java.util.concurrent.FutureTask.run(FutureTask.java:317)
	at java.base/java.util.concurrent.ThreadPoolExecutor.runWorker(ThreadPoolExecutor.java:1144)
	at java.base/java.util.concurrent.ThreadPoolExecutor$Worker.run(ThreadPoolExecutor.java:642)
	at java.base/java.lang.Thread.run(Thread.java:1583)
2026-03-12 16:05:26,184{GMT}	INFO	[jepsen worker 0] jepsen.util: 23	:invoke	:read	nil
2026-03-12 16:05:26,191{GMT}	WARN	[jepsen worker 0] jepsen.generator.interpreter: Process 23 crashed
clojure.lang.ExceptionInfo: Malformed RPC response. Maelstrom sent node n0 the following request:

{:type "read", :msg_id 1}

And expected a response of the form:

{:type (eq "read_ok"),
 :messages [Any],
 {:k :msg_id} Int,
 :in_reply_to Int}

... but instead received

{:type "read_ok", :messages 0, :in_reply_to 1, :msg_id 304}

This is malformed because:

{:messages (not (sequential? 0))}

See doc/protocol.md for more guidance.
	at slingshot.support$stack_trace.invoke(support.clj:201)
	at maelstrom.client$check_body.invokeStatic(client.clj:188)
	at maelstrom.client$check_body.invoke(client.clj:181)
	at maelstrom.workload.broadcast$fn__16576$read__16577.invoke(broadcast.clj:34)
	at maelstrom.workload.broadcast$fn__16576$read__16577.invoke(broadcast.clj:34)
	at maelstrom.workload.broadcast$client$reify__16644.invoke_BANG_(broadcast.clj:207)
	at jepsen.client.Validate.invoke_BANG_(client.clj:83)
	at jepsen.generator.interpreter.ClientWorker.invoke_BANG_(interpreter.clj:65)
	at jepsen.generator.interpreter$spawn_worker$fn__12908$fn__12909.invoke(interpreter.clj:140)
	at jepsen.generator.interpreter$spawn_worker$fn__12908.invoke(interpreter.clj:123)
	at clojure.core$binding_conveyor_fn$fn__5823.invoke(core.clj:2047)
	at clojure.lang.AFn.call(AFn.java:18)
	at java.base/java.util.concurrent.FutureTask.run(FutureTask.java:317)
	at java.base/java.util.concurrent.ThreadPoolExecutor.runWorker(ThreadPoolExecutor.java:1144)
	at java.base/java.util.concurrent.ThreadPoolExecutor$Worker.run(ThreadPoolExecutor.java:642)
	at java.base/java.lang.Thread.run(Thread.java:1583)
2026-03-12 16:05:26,247{GMT}	INFO	[jepsen worker 0] jepsen.util: 24	:invoke	:broadcast	25
2026-03-12 16:05:26,249{GMT}	INFO	[jepsen worker 0] jepsen.util: 24	:ok	:broadcast	25
2026-03-12 16:05:26,339{GMT}	INFO	[jepsen worker 0] jepsen.util: 24	:invoke	:broadcast	26
2026-03-12 16:05:26,341{GMT}	INFO	[jepsen worker 0] jepsen.util: 24	:ok	:broadcast	26
2026-03-12 16:05:26,539{GMT}	INFO	[jepsen worker 0] jepsen.util: 24	:invoke	:broadcast	27
2026-03-12 16:05:26,541{GMT}	INFO	[jepsen worker 0] jepsen.util: 24	:ok	:broadcast	27
2026-03-12 16:05:26,553{GMT}	INFO	[jepsen worker 0] jepsen.util: 24	:invoke	:broadcast	28
2026-03-12 16:05:26,554{GMT}	INFO	[jepsen worker 0] jepsen.util: 24	:ok	:broadcast	28
2026-03-12 16:05:26,566{GMT}	INFO	[jepsen worker 0] jepsen.util: 24	:invoke	:broadcast	29
2026-03-12 16:05:26,568{GMT}	INFO	[jepsen worker 0] jepsen.util: 24	:ok	:broadcast	29
2026-03-12 16:05:26,727{GMT}	INFO	[jepsen worker 0] jepsen.util: 24	:invoke	:read	nil
2026-03-12 16:05:26,736{GMT}	WARN	[jepsen worker 0] jepsen.generator.interpreter: Process 24 crashed
clojure.lang.ExceptionInfo: Malformed RPC response. Maelstrom sent node n0 the following request:

{:type "read", :msg_id 6}

And expected a response of the form:

{:type (eq "read_ok"),
 :messages [Any],
 {:k :msg_id} Int,
 :in_reply_to Int}

... but instead received

{:type "read_ok", :messages 0, :in_reply_to 6, :msg_id 334}

This is malformed because:

{:messages (not (sequential? 0))}

See doc/protocol.md for more guidance.
	at slingshot.support$stack_trace.invoke(support.clj:201)
	at maelstrom.client$check_body.invokeStatic(client.clj:188)
	at maelstrom.client$check_body.invoke(client.clj:181)
	at maelstrom.workload.broadcast$fn__16576$read__16577.invoke(broadcast.clj:34)
	at maelstrom.workload.broadcast$fn__16576$read__16577.invoke(broadcast.clj:34)
	at maelstrom.workload.broadcast$client$reify__16644.invoke_BANG_(broadcast.clj:207)
	at jepsen.client.Validate.invoke_BANG_(client.clj:83)
	at jepsen.generator.interpreter.ClientWorker.invoke_BANG_(interpreter.clj:65)
	at jepsen.generator.interpreter$spawn_worker$fn__12908$fn__12909.invoke(interpreter.clj:140)
	at jepsen.generator.interpreter$spawn_worker$fn__12908.invoke(interpreter.clj:123)
	at clojure.core$binding_conveyor_fn$fn__5823.invoke(core.clj:2047)
	at clojure.lang.AFn.call(AFn.java:18)
	at java.base/java.util.concurrent.FutureTask.run(FutureTask.java:317)
	at java.base/java.util.concurrent.ThreadPoolExecutor.runWorker(ThreadPoolExecutor.java:1144)
	at java.base/java.util.concurrent.ThreadPoolExecutor$Worker.run(ThreadPoolExecutor.java:642)
	at java.base/java.lang.Thread.run(Thread.java:1583)
2026-03-12 16:05:26,742{GMT}	INFO	[jepsen worker 0] jepsen.util: 25	:invoke	:broadcast	30
2026-03-12 16:05:26,744{GMT}	INFO	[jepsen worker 0] jepsen.util: 25	:ok	:broadcast	30
2026-03-12 16:05:26,905{GMT}	INFO	[jepsen worker 0] jepsen.util: 25	:invoke	:broadcast	31
2026-03-12 16:05:26,907{GMT}	INFO	[jepsen worker 0] jepsen.util: 25	:ok	:broadcast	31
2026-03-12 16:05:26,994{GMT}	INFO	[jepsen worker 0] jepsen.util: 25	:invoke	:read	nil
2026-03-12 16:05:27,001{GMT}	WARN	[jepsen worker 0] jepsen.generator.interpreter: Process 25 crashed
clojure.lang.ExceptionInfo: Malformed RPC response. Maelstrom sent node n0 the following request:

{:type "read", :msg_id 3}

And expected a response of the form:

{:type (eq "read_ok"),
 :messages [Any],
 {:k :msg_id} Int,
 :in_reply_to Int}

... but instead received

{:type "read_ok", :messages 0, :in_reply_to 3, :msg_id 366}

This is malformed because:

{:messages (not (sequential? 0))}

See doc/protocol.md for more guidance.
	at slingshot.support$stack_trace.invoke(support.clj:201)
	at maelstrom.client$check_body.invokeStatic(client.clj:188)
	at maelstrom.client$check_body.invoke(client.clj:181)
	at maelstrom.workload.broadcast$fn__16576$read__16577.invoke(broadcast.clj:34)
	at maelstrom.workload.broadcast$fn__16576$read__16577.invoke(broadcast.clj:34)
	at maelstrom.workload.broadcast$client$reify__16644.invoke_BANG_(broadcast.clj:207)
	at jepsen.client.Validate.invoke_BANG_(client.clj:83)
	at jepsen.generator.interpreter.ClientWorker.invoke_BANG_(interpreter.clj:65)
	at jepsen.generator.interpreter$spawn_worker$fn__12908$fn__12909.invoke(interpreter.clj:140)
	at jepsen.generator.interpreter$spawn_worker$fn__12908.invoke(interpreter.clj:123)
	at clojure.core$binding_conveyor_fn$fn__5823.invoke(core.clj:2047)
	at clojure.lang.AFn.call(AFn.java:18)
	at java.base/java.util.concurrent.FutureTask.run(FutureTask.java:317)
	at java.base/java.util.concurrent.ThreadPoolExecutor.runWorker(ThreadPoolExecutor.java:1144)
	at java.base/java.util.concurrent.ThreadPoolExecutor$Worker.run(ThreadPoolExecutor.java:642)
	at java.base/java.lang.Thread.run(Thread.java:1583)
2026-03-12 16:05:27,110{GMT}	INFO	[jepsen worker 0] jepsen.util: 26	:invoke	:broadcast	32
2026-03-12 16:05:27,112{GMT}	INFO	[jepsen worker 0] jepsen.util: 26	:ok	:broadcast	32
2026-03-12 16:05:27,236{GMT}	INFO	[jepsen worker 0] jepsen.util: 26	:invoke	:read	nil
2026-03-12 16:05:27,243{GMT}	WARN	[jepsen worker 0] jepsen.generator.interpreter: Process 26 crashed
clojure.lang.ExceptionInfo: Malformed RPC response. Maelstrom sent node n0 the following request:

{:type "read", :msg_id 2}

And expected a response of the form:

{:type (eq "read_ok"),
 :messages [Any],
 {:k :msg_id} Int,
 :in_reply_to Int}

... but instead received

{:type "read_ok", :messages 0, :in_reply_to 2, :msg_id 399}

This is malformed because:

{:messages (not (sequential? 0))}

See doc/protocol.md for more guidance.
	at slingshot.support$stack_trace.invoke(support.clj:201)
	at maelstrom.client$check_body.invokeStatic(client.clj:188)
	at maelstrom.client$check_body.invoke(client.clj:181)
	at maelstrom.workload.broadcast$fn__16576$read__16577.invoke(broadcast.clj:34)
	at maelstrom.workload.broadcast$fn__16576$read__16577.invoke(broadcast.clj:34)
	at maelstrom.workload.broadcast$client$reify__16644.invoke_BANG_(broadcast.clj:207)
	at jepsen.client.Validate.invoke_BANG_(client.clj:83)
	at jepsen.generator.interpreter.ClientWorker.invoke_BANG_(interpreter.clj:65)
	at jepsen.generator.interpreter$spawn_worker$fn__12908$fn__12909.invoke(interpreter.clj:140)
	at jepsen.generator.interpreter$spawn_worker$fn__12908.invoke(interpreter.clj:123)
	at clojure.core$binding_conveyor_fn$fn__5823.invoke(core.clj:2047)
	at clojure.lang.AFn.call(AFn.java:18)
	at java.base/java.util.concurrent.FutureTask.run(FutureTask.java:317)
	at java.base/java.util.concurrent.ThreadPoolExecutor.runWorker(ThreadPoolExecutor.java:1144)
	at java.base/java.util.concurrent.ThreadPoolExecutor$Worker.run(ThreadPoolExecutor.java:642)
	at java.base/java.lang.Thread.run(Thread.java:1583)
2026-03-12 16:05:27,322{GMT}	INFO	[jepsen worker 0] jepsen.util: 27	:invoke	:read	nil
2026-03-12 16:05:27,330{GMT}	WARN	[jepsen worker 0] jepsen.generator.interpreter: Process 27 crashed
clojure.lang.ExceptionInfo: Malformed RPC response. Maelstrom sent node n0 the following request:

{:type "read", :msg_id 1}

And expected a response of the form:

{:type (eq "read_ok"),
 :messages [Any],
 {:k :msg_id} Int,
 :in_reply_to Int}

... but instead received

{:type "read_ok", :messages 0, :in_reply_to 1, :msg_id 432}

This is malformed because:

{:messages (not (sequential? 0))}

See doc/protocol.md for more guidance.
	at slingshot.support$stack_trace.invoke(support.clj:201)
	at maelstrom.client$check_body.invokeStatic(client.clj:188)
	at maelstrom.client$check_body.invoke(client.clj:181)
	at maelstrom.workload.broadcast$fn__16576$read__16577.invoke(broadcast.clj:34)
	at maelstrom.workload.broadcast$fn__16576$read__16577.invoke(broadcast.clj:34)
	at maelstrom.workload.broadcast$client$reify__16644.invoke_BANG_(broadcast.clj:207)
	at jepsen.client.Validate.invoke_BANG_(client.clj:83)
	at jepsen.generator.interpreter.ClientWorker.invoke_BANG_(interpreter.clj:65)
	at jepsen.generator.interpreter$spawn_worker$fn__12908$fn__12909.invoke(interpreter.clj:140)
	at jepsen.generator.interpreter$spawn_worker$fn__12908.invoke(interpreter.clj:123)
	at clojure.core$binding_conveyor_fn$fn__5823.invoke(core.clj:2047)
	at clojure.lang.AFn.call(AFn.java:18)
	at java.base/java.util.concurrent.FutureTask.run(FutureTask.java:317)
	at java.base/java.util.concurrent.ThreadPoolExecutor.runWorker(ThreadPoolExecutor.java:1144)
	at java.base/java.util.concurrent.ThreadPoolExecutor$Worker.run(ThreadPoolExecutor.java:642)
	at java.base/java.lang.Thread.run(Thread.java:1583)
2026-03-12 16:05:27,494{GMT}	INFO	[jepsen worker 0] jepsen.util: 28	:invoke	:read	nil
2026-03-12 16:05:27,500{GMT}	WARN	[jepsen worker 0] jepsen.generator.interpreter: Process 28 crashed
clojure.lang.ExceptionInfo: Malformed RPC response. Maelstrom sent node n0 the following request:

{:type "read", :msg_id 1}

And expected a response of the form:

{:type (eq "read_ok"),
 :messages [Any],
 {:k :msg_id} Int,
 :in_reply_to Int}

... but instead received

{:type "read_ok", :messages 0, :in_reply_to 1, :msg_id 465}

This is malformed because:

{:messages (not (sequential? 0))}

See doc/protocol.md for more guidance.
	at slingshot.support$stack_trace.invoke(support.clj:201)
	at maelstrom.client$check_body.invokeStatic(client.clj:188)
	at maelstrom.client$check_body.invoke(client.clj:181)
	at maelstrom.workload.broadcast$fn__16576$read__16577.invoke(broadcast.clj:34)
	at maelstrom.workload.broadcast$fn__16576$read__16577.invoke(broadcast.clj:34)
	at maelstrom.workload.broadcast$client$reify__16644.invoke_BANG_(broadcast.clj:207)
	at jepsen.client.Validate.invoke_BANG_(client.clj:83)
	at jepsen.generator.interpreter.ClientWorker.invoke_BANG_(interpreter.clj:65)
	at jepsen.generator.interpreter$spawn_worker$fn__12908$fn__12909.invoke(interpreter.clj:140)
	at jepsen.generator.interpreter$spawn_worker$fn__12908.invoke(interpreter.clj:123)
	at clojure.core$binding_conveyor_fn$fn__5823.invoke(core.clj:2047)
	at clojure.lang.AFn.call(AFn.java:18)
	at java.base/java.util.concurrent.FutureTask.run(FutureTask.java:317)
	at java.base/java.util.concurrent.ThreadPoolExecutor.runWorker(ThreadPoolExecutor.java:1144)
	at java.base/java.util.concurrent.ThreadPoolExecutor$Worker.run(ThreadPoolExecutor.java:642)
	at java.base/java.lang.Thread.run(Thread.java:1583)
2026-03-12 16:05:27,690{GMT}	INFO	[jepsen worker 0] jepsen.util: 29	:invoke	:read	nil
2026-03-12 16:05:27,698{GMT}	WARN	[jepsen worker 0] jepsen.generator.interpreter: Process 29 crashed
clojure.lang.ExceptionInfo: Malformed RPC response. Maelstrom sent node n0 the following request:

{:type "read", :msg_id 1}

And expected a response of the form:

{:type (eq "read_ok"),
 :messages [Any],
 {:k :msg_id} Int,
 :in_reply_to Int}

... but instead received

{:type "read_ok", :messages 0, :in_reply_to 1, :msg_id 498}

This is malformed because:

{:messages (not (sequential? 0))}

See doc/protocol.md for more guidance.
	at slingshot.support$stack_trace.invoke(support.clj:201)
	at maelstrom.client$check_body.invokeStatic(client.clj:188)
	at maelstrom.client$check_body.invoke(client.clj:181)
	at maelstrom.workload.broadcast$fn__16576$read__16577.invoke(broadcast.clj:34)
	at maelstrom.workload.broadcast$fn__16576$read__16577.invoke(broadcast.clj:34)
	at maelstrom.workload.broadcast$client$reify__16644.invoke_BANG_(broadcast.clj:207)
	at jepsen.client.Validate.invoke_BANG_(client.clj:83)
	at jepsen.generator.interpreter.ClientWorker.invoke_BANG_(interpreter.clj:65)
	at jepsen.generator.interpreter$spawn_worker$fn__12908$fn__12909.invoke(interpreter.clj:140)
	at jepsen.generator.interpreter$spawn_worker$fn__12908.invoke(interpreter.clj:123)
	at clojure.core$binding_conveyor_fn$fn__5823.invoke(core.clj:2047)
	at clojure.lang.AFn.call(AFn.java:18)
	at java.base/java.util.concurrent.FutureTask.run(FutureTask.java:317)
	at java.base/java.util.concurrent.ThreadPoolExecutor.runWorker(ThreadPoolExecutor.java:1144)
	at java.base/java.util.concurrent.ThreadPoolExecutor$Worker.run(ThreadPoolExecutor.java:642)
	at java.base/java.lang.Thread.run(Thread.java:1583)
2026-03-12 16:05:27,830{GMT}	INFO	[jepsen worker 0] jepsen.util: 30	:invoke	:broadcast	33
2026-03-12 16:05:27,832{GMT}	INFO	[jepsen worker 0] jepsen.util: 30	:ok	:broadcast	33
2026-03-12 16:05:27,962{GMT}	INFO	[jepsen worker 0] jepsen.util: 30	:invoke	:read	nil
2026-03-12 16:05:27,970{GMT}	WARN	[jepsen worker 0] jepsen.generator.interpreter: Process 30 crashed
clojure.lang.ExceptionInfo: Malformed RPC response. Maelstrom sent node n0 the following request:

{:type "read", :msg_id 2}

And expected a response of the form:

{:type (eq "read_ok"),
 :messages [Any],
 {:k :msg_id} Int,
 :in_reply_to Int}

... but instead received

{:type "read_ok", :messages 0, :in_reply_to 2, :msg_id 532}

This is malformed because:

{:messages (not (sequential? 0))}

See doc/protocol.md for more guidance.
	at slingshot.support$stack_trace.invoke(support.clj:201)
	at maelstrom.client$check_body.invokeStatic(client.clj:188)
	at maelstrom.client$check_body.invoke(client.clj:181)
	at maelstrom.workload.broadcast$fn__16576$read__16577.invoke(broadcast.clj:34)
	at maelstrom.workload.broadcast$fn__16576$read__16577.invoke(broadcast.clj:34)
	at maelstrom.workload.broadcast$client$reify__16644.invoke_BANG_(broadcast.clj:207)
	at jepsen.client.Validate.invoke_BANG_(client.clj:83)
	at jepsen.generator.interpreter.ClientWorker.invoke_BANG_(interpreter.clj:65)
	at jepsen.generator.interpreter$spawn_worker$fn__12908$fn__12909.invoke(interpreter.clj:140)
	at jepsen.generator.interpreter$spawn_worker$fn__12908.invoke(interpreter.clj:123)
	at clojure.core$binding_conveyor_fn$fn__5823.invoke(core.clj:2047)
	at clojure.lang.AFn.call(AFn.java:18)
	at java.base/java.util.concurrent.FutureTask.run(FutureTask.java:317)
	at java.base/java.util.concurrent.ThreadPoolExecutor.runWorker(ThreadPoolExecutor.java:1144)
	at java.base/java.util.concurrent.ThreadPoolExecutor$Worker.run(ThreadPoolExecutor.java:642)
	at java.base/java.lang.Thread.run(Thread.java:1583)
2026-03-12 16:05:27,974{GMT}	INFO	[jepsen worker 0] jepsen.util: 31	:invoke	:broadcast	34
2026-03-12 16:05:27,976{GMT}	INFO	[jepsen worker 0] jepsen.util: 31	:ok	:broadcast	34
2026-03-12 16:05:28,078{GMT}	INFO	[jepsen worker 0] jepsen.util: 31	:invoke	:read	nil
2026-03-12 16:05:28,086{GMT}	WARN	[jepsen worker 0] jepsen.generator.interpreter: Process 31 crashed
clojure.lang.ExceptionInfo: Malformed RPC response. Maelstrom sent node n0 the following request:

{:type "read", :msg_id 2}

And expected a response of the form:

{:type (eq "read_ok"),
 :messages [Any],
 {:k :msg_id} Int,
 :in_reply_to Int}

... but instead received

{:type "read_ok", :messages 0, :in_reply_to 2, :msg_id 567}

This is malformed because:

{:messages (not (sequential? 0))}

See doc/protocol.md for more guidance.
	at slingshot.support$stack_trace.invoke(support.clj:201)
	at maelstrom.client$check_body.invokeStatic(client.clj:188)
	at maelstrom.client$check_body.invoke(client.clj:181)
	at maelstrom.workload.broadcast$fn__16576$read__16577.invoke(broadcast.clj:34)
	at maelstrom.workload.broadcast$fn__16576$read__16577.invoke(broadcast.clj:34)
	at maelstrom.workload.broadcast$client$reify__16644.invoke_BANG_(broadcast.clj:207)
	at jepsen.client.Validate.invoke_BANG_(client.clj:83)
	at jepsen.generator.interpreter.ClientWorker.invoke_BANG_(interpreter.clj:65)
	at jepsen.generator.interpreter$spawn_worker$fn__12908$fn__12909.invoke(interpreter.clj:140)
	at jepsen.generator.interpreter$spawn_worker$fn__12908.invoke(interpreter.clj:123)
	at clojure.core$binding_conveyor_fn$fn__5823.invoke(core.clj:2047)
	at clojure.lang.AFn.call(AFn.java:18)
	at java.base/java.util.concurrent.FutureTask.run(FutureTask.java:317)
	at java.base/java.util.concurrent.ThreadPoolExecutor.runWorker(ThreadPoolExecutor.java:1144)
	at java.base/java.util.concurrent.ThreadPoolExecutor$Worker.run(ThreadPoolExecutor.java:642)
	at java.base/java.lang.Thread.run(Thread.java:1583)
2026-03-12 16:05:28,091{GMT}	INFO	[jepsen worker 0] jepsen.util: 32	:invoke	:read	nil
2026-03-12 16:05:28,099{GMT}	WARN	[jepsen worker 0] jepsen.generator.interpreter: Process 32 crashed
clojure.lang.ExceptionInfo: Malformed RPC response. Maelstrom sent node n0 the following request:

{:type "read", :msg_id 1}

And expected a response of the form:

{:type (eq "read_ok"),
 :messages [Any],
 {:k :msg_id} Int,
 :in_reply_to Int}

... but instead received

{:type "read_ok", :messages 0, :in_reply_to 1, :msg_id 602}

This is malformed because:

{:messages (not (sequential? 0))}

See doc/protocol.md for more guidance.
	at slingshot.support$stack_trace.invoke(support.clj:201)
	at maelstrom.client$check_body.invokeStatic(client.clj:188)
	at maelstrom.client$check_body.invoke(client.clj:181)
	at maelstrom.workload.broadcast$fn__16576$read__16577.invoke(broadcast.clj:34)
	at maelstrom.workload.broadcast$fn__16576$read__16577.invoke(broadcast.clj:34)
	at maelstrom.workload.broadcast$client$reify__16644.invoke_BANG_(broadcast.clj:207)
	at jepsen.client.Validate.invoke_BANG_(client.clj:83)
	at jepsen.generator.interpreter.ClientWorker.invoke_BANG_(interpreter.clj:65)
	at jepsen.generator.interpreter$spawn_worker$fn__12908$fn__12909.invoke(interpreter.clj:140)
	at jepsen.generator.interpreter$spawn_worker$fn__12908.invoke(interpreter.clj:123)
	at clojure.core$binding_conveyor_fn$fn__5823.invoke(core.clj:2047)
	at clojure.lang.AFn.call(AFn.java:18)
	at java.base/java.util.concurrent.FutureTask.run(FutureTask.java:317)
	at java.base/java.util.concurrent.ThreadPoolExecutor.runWorker(ThreadPoolExecutor.java:1144)
	at java.base/java.util.concurrent.ThreadPoolExecutor$Worker.run(ThreadPoolExecutor.java:642)
	at java.base/java.lang.Thread.run(Thread.java:1583)
2026-03-12 16:05:28,189{GMT}	INFO	[jepsen worker 0] jepsen.util: 33	:invoke	:read	nil
2026-03-12 16:05:28,197{GMT}	WARN	[jepsen worker 0] jepsen.generator.interpreter: Process 33 crashed
clojure.lang.ExceptionInfo: Malformed RPC response. Maelstrom sent node n0 the following request:

{:type "read", :msg_id 1}

And expected a response of the form:

{:type (eq "read_ok"),
 :messages [Any],
 {:k :msg_id} Int,
 :in_reply_to Int}

... but instead received

{:type "read_ok", :messages 0, :in_reply_to 1, :msg_id 637}

This is malformed because:

{:messages (not (sequential? 0))}

See doc/protocol.md for more guidance.
	at slingshot.support$stack_trace.invoke(support.clj:201)
	at maelstrom.client$check_body.invokeStatic(client.clj:188)
	at maelstrom.client$check_body.invoke(client.clj:181)
	at maelstrom.workload.broadcast$fn__16576$read__16577.invoke(broadcast.clj:34)
	at maelstrom.workload.broadcast$fn__16576$read__16577.invoke(broadcast.clj:34)
	at maelstrom.workload.broadcast$client$reify__16644.invoke_BANG_(broadcast.clj:207)
	at jepsen.client.Validate.invoke_BANG_(client.clj:83)
	at jepsen.generator.interpreter.ClientWorker.invoke_BANG_(interpreter.clj:65)
	at jepsen.generator.interpreter$spawn_worker$fn__12908$fn__12909.invoke(interpreter.clj:140)
	at jepsen.generator.interpreter$spawn_worker$fn__12908.invoke(interpreter.clj:123)
	at clojure.core$binding_conveyor_fn$fn__5823.invoke(core.clj:2047)
	at clojure.lang.AFn.call(AFn.java:18)
	at java.base/java.util.concurrent.FutureTask.run(FutureTask.java:317)
	at java.base/java.util.concurrent.ThreadPoolExecutor.runWorker(ThreadPoolExecutor.java:1144)
	at java.base/java.util.concurrent.ThreadPoolExecutor$Worker.run(ThreadPoolExecutor.java:642)
	at java.base/java.lang.Thread.run(Thread.java:1583)
2026-03-12 16:05:28,217{GMT}	INFO	[jepsen worker 0] jepsen.util: 34	:invoke	:read	nil
2026-03-12 16:05:28,224{GMT}	WARN	[jepsen worker 0] jepsen.generator.interpreter: Process 34 crashed
clojure.lang.ExceptionInfo: Malformed RPC response. Maelstrom sent node n0 the following request:

{:type "read", :msg_id 1}

And expected a response of the form:

{:type (eq "read_ok"),
 :messages [Any],
 {:k :msg_id} Int,
 :in_reply_to Int}

... but instead received

{:type "read_ok", :messages 0, :in_reply_to 1, :msg_id 672}

This is malformed because:

{:messages (not (sequential? 0))}

See doc/protocol.md for more guidance.
	at slingshot.support$stack_trace.invoke(support.clj:201)
	at maelstrom.client$check_body.invokeStatic(client.clj:188)
	at maelstrom.client$check_body.invoke(client.clj:181)
	at maelstrom.workload.broadcast$fn__16576$read__16577.invoke(broadcast.clj:34)
	at maelstrom.workload.broadcast$fn__16576$read__16577.invoke(broadcast.clj:34)
	at maelstrom.workload.broadcast$client$reify__16644.invoke_BANG_(broadcast.clj:207)
	at jepsen.client.Validate.invoke_BANG_(client.clj:83)
	at jepsen.generator.interpreter.ClientWorker.invoke_BANG_(interpreter.clj:65)
	at jepsen.generator.interpreter$spawn_worker$fn__12908$fn__12909.invoke(interpreter.clj:140)
	at jepsen.generator.interpreter$spawn_worker$fn__12908.invoke(interpreter.clj:123)
	at clojure.core$binding_conveyor_fn$fn__5823.invoke(core.clj:2047)
	at clojure.lang.AFn.call(AFn.java:18)
	at java.base/java.util.concurrent.FutureTask.run(FutureTask.java:317)
	at java.base/java.util.concurrent.ThreadPoolExecutor.runWorker(ThreadPoolExecutor.java:1144)
	at java.base/java.util.concurrent.ThreadPoolExecutor$Worker.run(ThreadPoolExecutor.java:642)
	at java.base/java.lang.Thread.run(Thread.java:1583)
2026-03-12 16:05:28,372{GMT}	INFO	[jepsen worker 0] jepsen.util: 35	:invoke	:broadcast	35
2026-03-12 16:05:28,375{GMT}	INFO	[jepsen worker 0] jepsen.util: 35	:ok	:broadcast	35
2026-03-12 16:05:28,520{GMT}	INFO	[jepsen worker 0] jepsen.util: 35	:invoke	:broadcast	36
2026-03-12 16:05:28,522{GMT}	INFO	[jepsen worker 0] jepsen.util: 35	:ok	:broadcast	36
2026-03-12 16:05:28,617{GMT}	INFO	[jepsen worker 0] jepsen.util: 35	:invoke	:read	nil
2026-03-12 16:05:28,628{GMT}	WARN	[jepsen worker 0] jepsen.generator.interpreter: Process 35 crashed
clojure.lang.ExceptionInfo: Malformed RPC response. Maelstrom sent node n0 the following request:

{:type "read", :msg_id 3}

And expected a response of the form:

{:type (eq "read_ok"),
 :messages [Any],
 {:k :msg_id} Int,
 :in_reply_to Int}

... but instead received

{:type "read_ok", :messages 0, :in_reply_to 3, :msg_id 709}

This is malformed because:

{:messages (not (sequential? 0))}

See doc/protocol.md for more guidance.
	at slingshot.support$stack_trace.invoke(support.clj:201)
	at maelstrom.client$check_body.invokeStatic(client.clj:188)
	at maelstrom.client$check_body.invoke(client.clj:181)
	at maelstrom.workload.broadcast$fn__16576$read__16577.invoke(broadcast.clj:34)
	at maelstrom.workload.broadcast$fn__16576$read__16577.invoke(broadcast.clj:34)
	at maelstrom.workload.broadcast$client$reify__16644.invoke_BANG_(broadcast.clj:207)
	at jepsen.client.Validate.invoke_BANG_(client.clj:83)
	at jepsen.generator.interpreter.ClientWorker.invoke_BANG_(interpreter.clj:65)
	at jepsen.generator.interpreter$spawn_worker$fn__12908$fn__12909.invoke(interpreter.clj:140)
	at jepsen.generator.interpreter$spawn_worker$fn__12908.invoke(interpreter.clj:123)
	at clojure.core$binding_conveyor_fn$fn__5823.invoke(core.clj:2047)
	at clojure.lang.AFn.call(AFn.java:18)
	at java.base/java.util.concurrent.FutureTask.run(FutureTask.java:317)
	at java.base/java.util.concurrent.ThreadPoolExecutor.runWorker(ThreadPoolExecutor.java:1144)
	at java.base/java.util.concurrent.ThreadPoolExecutor$Worker.run(ThreadPoolExecutor.java:642)
	at java.base/java.lang.Thread.run(Thread.java:1583)
2026-03-12 16:05:28,629{GMT}	INFO	[jepsen worker 0] jepsen.util: 36	:invoke	:read	nil
2026-03-12 16:05:28,646{GMT}	WARN	[jepsen worker 0] jepsen.generator.interpreter: Process 36 crashed
clojure.lang.ExceptionInfo: Malformed RPC response. Maelstrom sent node n0 the following request:

{:type "read", :msg_id 1}

And expected a response of the form:

{:type (eq "read_ok"),
 :messages [Any],
 {:k :msg_id} Int,
 :in_reply_to Int}

... but instead received

{:type "read_ok", :messages 0, :in_reply_to 1, :msg_id 746}

This is malformed because:

{:messages (not (sequential? 0))}

See doc/protocol.md for more guidance.
	at slingshot.support$stack_trace.invoke(support.clj:201)
	at maelstrom.client$check_body.invokeStatic(client.clj:188)
	at maelstrom.client$check_body.invoke(client.clj:181)
	at maelstrom.workload.broadcast$fn__16576$read__16577.invoke(broadcast.clj:34)
	at maelstrom.workload.broadcast$fn__16576$read__16577.invoke(broadcast.clj:34)
	at maelstrom.workload.broadcast$client$reify__16644.invoke_BANG_(broadcast.clj:207)
	at jepsen.client.Validate.invoke_BANG_(client.clj:83)
	at jepsen.generator.interpreter.ClientWorker.invoke_BANG_(interpreter.clj:65)
	at jepsen.generator.interpreter$spawn_worker$fn__12908$fn__12909.invoke(interpreter.clj:140)
	at jepsen.generator.interpreter$spawn_worker$fn__12908.invoke(interpreter.clj:123)
	at clojure.core$binding_conveyor_fn$fn__5823.invoke(core.clj:2047)
	at clojure.lang.AFn.call(AFn.java:18)
	at java.base/java.util.concurrent.FutureTask.run(FutureTask.java:317)
	at java.base/java.util.concurrent.ThreadPoolExecutor.runWorker(ThreadPoolExecutor.java:1144)
	at java.base/java.util.concurrent.ThreadPoolExecutor$Worker.run(ThreadPoolExecutor.java:642)
	at java.base/java.lang.Thread.run(Thread.java:1583)
2026-03-12 16:05:28,704{GMT}	INFO	[jepsen worker 0] jepsen.util: 37	:invoke	:broadcast	37
2026-03-12 16:05:28,706{GMT}	INFO	[jepsen worker 0] jepsen.util: 37	:ok	:broadcast	37
2026-03-12 16:05:28,902{GMT}	INFO	[jepsen worker 0] jepsen.util: 37	:invoke	:broadcast	38
2026-03-12 16:05:28,904{GMT}	INFO	[jepsen worker 0] jepsen.util: 37	:ok	:broadcast	38
2026-03-12 16:05:28,939{GMT}	INFO	[jepsen worker 0] jepsen.util: 37	:invoke	:broadcast	39
2026-03-12 16:05:28,941{GMT}	INFO	[jepsen worker 0] jepsen.util: 37	:ok	:broadcast	39
2026-03-12 16:05:29,024{GMT}	INFO	[jepsen worker 0] jepsen.util: 37	:invoke	:read	nil
2026-03-12 16:05:29,032{GMT}	WARN	[jepsen worker 0] jepsen.generator.interpreter: Process 37 crashed
clojure.lang.ExceptionInfo: Malformed RPC response. Maelstrom sent node n0 the following request:

{:type "read", :msg_id 4}

And expected a response of the form:

{:type (eq "read_ok"),
 :messages [Any],
 {:k :msg_id} Int,
 :in_reply_to Int}

... but instead received

{:type "read_ok", :messages 0, :in_reply_to 4, :msg_id 786}

This is malformed because:

{:messages (not (sequential? 0))}

See doc/protocol.md for more guidance.
	at slingshot.support$stack_trace.invoke(support.clj:201)
	at maelstrom.client$check_body.invokeStatic(client.clj:188)
	at maelstrom.client$check_body.invoke(client.clj:181)
	at maelstrom.workload.broadcast$fn__16576$read__16577.invoke(broadcast.clj:34)
	at maelstrom.workload.broadcast$fn__16576$read__16577.invoke(broadcast.clj:34)
	at maelstrom.workload.broadcast$client$reify__16644.invoke_BANG_(broadcast.clj:207)
	at jepsen.client.Validate.invoke_BANG_(client.clj:83)
	at jepsen.generator.interpreter.ClientWorker.invoke_BANG_(interpreter.clj:65)
	at jepsen.generator.interpreter$spawn_worker$fn__12908$fn__12909.invoke(interpreter.clj:140)
	at jepsen.generator.interpreter$spawn_worker$fn__12908.invoke(interpreter.clj:123)
	at clojure.core$binding_conveyor_fn$fn__5823.invoke(core.clj:2047)
	at clojure.lang.AFn.call(AFn.java:18)
	at java.base/java.util.concurrent.FutureTask.run(FutureTask.java:317)
	at java.base/java.util.concurrent.ThreadPoolExecutor.runWorker(ThreadPoolExecutor.java:1144)
	at java.base/java.util.concurrent.ThreadPoolExecutor$Worker.run(ThreadPoolExecutor.java:642)
	at java.base/java.lang.Thread.run(Thread.java:1583)
2026-03-12 16:05:29,149{GMT}	INFO	[jepsen worker 0] jepsen.util: 38	:invoke	:broadcast	40
2026-03-12 16:05:29,150{GMT}	INFO	[jepsen worker 0] jepsen.util: 38	:ok	:broadcast	40
2026-03-12 16:05:29,215{GMT}	INFO	[jepsen worker 0] jepsen.util: 38	:invoke	:read	nil
2026-03-12 16:05:29,221{GMT}	WARN	[jepsen worker 0] jepsen.generator.interpreter: Process 38 crashed
clojure.lang.ExceptionInfo: Malformed RPC response. Maelstrom sent node n0 the following request:

{:type "read", :msg_id 2}

And expected a response of the form:

{:type (eq "read_ok"),
 :messages [Any],
 {:k :msg_id} Int,
 :in_reply_to Int}

... but instead received

{:type "read_ok", :messages 0, :in_reply_to 2, :msg_id 827}

This is malformed because:

{:messages (not (sequential? 0))}

See doc/protocol.md for more guidance.
	at slingshot.support$stack_trace.invoke(support.clj:201)
	at maelstrom.client$check_body.invokeStatic(client.clj:188)
	at maelstrom.client$check_body.invoke(client.clj:181)
	at maelstrom.workload.broadcast$fn__16576$read__16577.invoke(broadcast.clj:34)
	at maelstrom.workload.broadcast$fn__16576$read__16577.invoke(broadcast.clj:34)
	at maelstrom.workload.broadcast$client$reify__16644.invoke_BANG_(broadcast.clj:207)
	at jepsen.client.Validate.invoke_BANG_(client.clj:83)
	at jepsen.generator.interpreter.ClientWorker.invoke_BANG_(interpreter.clj:65)
	at jepsen.generator.interpreter$spawn_worker$fn__12908$fn__12909.invoke(interpreter.clj:140)
	at jepsen.generator.interpreter$spawn_worker$fn__12908.invoke(interpreter.clj:123)
	at clojure.core$binding_conveyor_fn$fn__5823.invoke(core.clj:2047)
	at clojure.lang.AFn.call(AFn.java:18)
	at java.base/java.util.concurrent.FutureTask.run(FutureTask.java:317)
	at java.base/java.util.concurrent.ThreadPoolExecutor.runWorker(ThreadPoolExecutor.java:1144)
	at java.base/java.util.concurrent.ThreadPoolExecutor$Worker.run(ThreadPoolExecutor.java:642)
	at java.base/java.lang.Thread.run(Thread.java:1583)
2026-03-12 16:05:29,329{GMT}	INFO	[jepsen worker 0] jepsen.util: 39	:invoke	:read	nil
2026-03-12 16:05:29,334{GMT}	WARN	[jepsen worker 0] jepsen.generator.interpreter: Process 39 crashed
clojure.lang.ExceptionInfo: Malformed RPC response. Maelstrom sent node n0 the following request:

{:type "read", :msg_id 1}

And expected a response of the form:

{:type (eq "read_ok"),
 :messages [Any],
 {:k :msg_id} Int,
 :in_reply_to Int}

... but instead received

{:type "read_ok", :messages 0, :in_reply_to 1, :msg_id 868}

This is malformed because:

{:messages (not (sequential? 0))}

See doc/protocol.md for more guidance.
	at slingshot.support$stack_trace.invoke(support.clj:201)
	at maelstrom.client$check_body.invokeStatic(client.clj:188)
	at maelstrom.client$check_body.invoke(client.clj:181)
	at maelstrom.workload.broadcast$fn__16576$read__16577.invoke(broadcast.clj:34)
	at maelstrom.workload.broadcast$fn__16576$read__16577.invoke(broadcast.clj:34)
	at maelstrom.workload.broadcast$client$reify__16644.invoke_BANG_(broadcast.clj:207)
	at jepsen.client.Validate.invoke_BANG_(client.clj:83)
	at jepsen.generator.interpreter.ClientWorker.invoke_BANG_(interpreter.clj:65)
	at jepsen.generator.interpreter$spawn_worker$fn__12908$fn__12909.invoke(interpreter.clj:140)
	at jepsen.generator.interpreter$spawn_worker$fn__12908.invoke(interpreter.clj:123)
	at clojure.core$binding_conveyor_fn$fn__5823.invoke(core.clj:2047)
	at clojure.lang.AFn.call(AFn.java:18)
	at java.base/java.util.concurrent.FutureTask.run(FutureTask.java:317)
	at java.base/java.util.concurrent.ThreadPoolExecutor.runWorker(ThreadPoolExecutor.java:1144)
	at java.base/java.util.concurrent.ThreadPoolExecutor$Worker.run(ThreadPoolExecutor.java:642)
	at java.base/java.lang.Thread.run(Thread.java:1583)
2026-03-12 16:05:29,455{GMT}	INFO	[jepsen worker 0] jepsen.util: 40	:invoke	:read	nil
2026-03-12 16:05:29,462{GMT}	WARN	[jepsen worker 0] jepsen.generator.interpreter: Process 40 crashed
clojure.lang.ExceptionInfo: Malformed RPC response. Maelstrom sent node n0 the following request:

{:type "read", :msg_id 1}

And expected a response of the form:

{:type (eq "read_ok"),
 :messages [Any],
 {:k :msg_id} Int,
 :in_reply_to Int}

... but instead received

{:type "read_ok", :messages 0, :in_reply_to 1, :msg_id 909}

This is malformed because:

{:messages (not (sequential? 0))}

See doc/protocol.md for more guidance.
	at slingshot.support$stack_trace.invoke(support.clj:201)
	at maelstrom.client$check_body.invokeStatic(client.clj:188)
	at maelstrom.client$check_body.invoke(client.clj:181)
	at maelstrom.workload.broadcast$fn__16576$read__16577.invoke(broadcast.clj:34)
	at maelstrom.workload.broadcast$fn__16576$read__16577.invoke(broadcast.clj:34)
	at maelstrom.workload.broadcast$client$reify__16644.invoke_BANG_(broadcast.clj:207)
	at jepsen.client.Validate.invoke_BANG_(client.clj:83)
	at jepsen.generator.interpreter.ClientWorker.invoke_BANG_(interpreter.clj:65)
	at jepsen.generator.interpreter$spawn_worker$fn__12908$fn__12909.invoke(interpreter.clj:140)
	at jepsen.generator.interpreter$spawn_worker$fn__12908.invoke(interpreter.clj:123)
	at clojure.core$binding_conveyor_fn$fn__5823.invoke(core.clj:2047)
	at clojure.lang.AFn.call(AFn.java:18)
	at java.base/java.util.concurrent.FutureTask.run(FutureTask.java:317)
	at java.base/java.util.concurrent.ThreadPoolExecutor.runWorker(ThreadPoolExecutor.java:1144)
	at java.base/java.util.concurrent.ThreadPoolExecutor$Worker.run(ThreadPoolExecutor.java:642)
	at java.base/java.lang.Thread.run(Thread.java:1583)
2026-03-12 16:05:29,486{GMT}	INFO	[jepsen worker 0] jepsen.util: 41	:invoke	:broadcast	41
2026-03-12 16:05:29,487{GMT}	INFO	[jepsen worker 0] jepsen.util: 41	:ok	:broadcast	41
2026-03-12 16:05:29,604{GMT}	INFO	[jepsen worker 0] jepsen.util: 41	:invoke	:broadcast	42
2026-03-12 16:05:29,605{GMT}	INFO	[jepsen worker 0] jepsen.util: 41	:ok	:broadcast	42
2026-03-12 16:05:29,636{GMT}	INFO	[jepsen worker 0] jepsen.util: 41	:invoke	:read	nil
2026-03-12 16:05:29,643{GMT}	WARN	[jepsen worker 0] jepsen.generator.interpreter: Process 41 crashed
clojure.lang.ExceptionInfo: Malformed RPC response. Maelstrom sent node n0 the following request:

{:type "read", :msg_id 3}

And expected a response of the form:

{:type (eq "read_ok"),
 :messages [Any],
 {:k :msg_id} Int,
 :in_reply_to Int}

... but instead received

{:type "read_ok", :messages 0, :in_reply_to 3, :msg_id 952}

This is malformed because:

{:messages (not (sequential? 0))}

See doc/protocol.md for more guidance.
	at slingshot.support$stack_trace.invoke(support.clj:201)
	at maelstrom.client$check_body.invokeStatic(client.clj:188)
	at maelstrom.client$check_body.invoke(client.clj:181)
	at maelstrom.workload.broadcast$fn__16576$read__16577.invoke(broadcast.clj:34)
	at maelstrom.workload.broadcast$fn__16576$read__16577.invoke(broadcast.clj:34)
	at maelstrom.workload.broadcast$client$reify__16644.invoke_BANG_(broadcast.clj:207)
	at jepsen.client.Validate.invoke_BANG_(client.clj:83)
	at jepsen.generator.interpreter.ClientWorker.invoke_BANG_(interpreter.clj:65)
	at jepsen.generator.interpreter$spawn_worker$fn__12908$fn__12909.invoke(interpreter.clj:140)
	at jepsen.generator.interpreter$spawn_worker$fn__12908.invoke(interpreter.clj:123)
	at clojure.core$binding_conveyor_fn$fn__5823.invoke(core.clj:2047)
	at clojure.lang.AFn.call(AFn.java:18)
	at java.base/java.util.concurrent.FutureTask.run(FutureTask.java:317)
	at java.base/java.util.concurrent.ThreadPoolExecutor.runWorker(ThreadPoolExecutor.java:1144)
	at java.base/java.util.concurrent.ThreadPoolExecutor$Worker.run(ThreadPoolExecutor.java:642)
	at java.base/java.lang.Thread.run(Thread.java:1583)
2026-03-12 16:05:29,786{GMT}	INFO	[jepsen worker 0] jepsen.util: 42	:invoke	:read	nil
2026-03-12 16:05:29,793{GMT}	WARN	[jepsen worker 0] jepsen.generator.interpreter: Process 42 crashed
clojure.lang.ExceptionInfo: Malformed RPC response. Maelstrom sent node n0 the following request:

{:type "read", :msg_id 1}

And expected a response of the form:

{:type (eq "read_ok"),
 :messages [Any],
 {:k :msg_id} Int,
 :in_reply_to Int}

... but instead received

{:type "read_ok", :messages 0, :in_reply_to 1, :msg_id 995}

This is malformed because:

{:messages (not (sequential? 0))}

See doc/protocol.md for more guidance.
	at slingshot.support$stack_trace.invoke(support.clj:201)
	at maelstrom.client$check_body.invokeStatic(client.clj:188)
	at maelstrom.client$check_body.invoke(client.clj:181)
	at maelstrom.workload.broadcast$fn__16576$read__16577.invoke(broadcast.clj:34)
	at maelstrom.workload.broadcast$fn__16576$read__16577.invoke(broadcast.clj:34)
	at maelstrom.workload.broadcast$client$reify__16644.invoke_BANG_(broadcast.clj:207)
	at jepsen.client.Validate.invoke_BANG_(client.clj:83)
	at jepsen.generator.interpreter.ClientWorker.invoke_BANG_(interpreter.clj:65)
	at jepsen.generator.interpreter$spawn_worker$fn__12908$fn__12909.invoke(interpreter.clj:140)
	at jepsen.generator.interpreter$spawn_worker$fn__12908.invoke(interpreter.clj:123)
	at clojure.core$binding_conveyor_fn$fn__5823.invoke(core.clj:2047)
	at clojure.lang.AFn.call(AFn.java:18)
	at java.base/java.util.concurrent.FutureTask.run(FutureTask.java:317)
	at java.base/java.util.concurrent.ThreadPoolExecutor.runWorker(ThreadPoolExecutor.java:1144)
	at java.base/java.util.concurrent.ThreadPoolExecutor$Worker.run(ThreadPoolExecutor.java:642)
	at java.base/java.lang.Thread.run(Thread.java:1583)
2026-03-12 16:05:29,884{GMT}	INFO	[jepsen worker 0] jepsen.util: 43	:invoke	:read	nil
2026-03-12 16:05:29,897{GMT}	WARN	[jepsen worker 0] jepsen.generator.interpreter: Process 43 crashed
clojure.lang.ExceptionInfo: Malformed RPC response. Maelstrom sent node n0 the following request:

{:type "read", :msg_id 1}

And expected a response of the form:

{:type (eq "read_ok"),
 :messages [Any],
 {:k :msg_id} Int,
 :in_reply_to Int}

... but instead received

{:type "read_ok", :messages 0, :in_reply_to 1, :msg_id 1038}

This is malformed because:

{:messages (not (sequential? 0))}

See doc/protocol.md for more guidance.
	at slingshot.support$stack_trace.invoke(support.clj:201)
	at maelstrom.client$check_body.invokeStatic(client.clj:188)
	at maelstrom.client$check_body.invoke(client.clj:181)
	at maelstrom.workload.broadcast$fn__16576$read__16577.invoke(broadcast.clj:34)
	at maelstrom.workload.broadcast$fn__16576$read__16577.invoke(broadcast.clj:34)
	at maelstrom.workload.broadcast$client$reify__16644.invoke_BANG_(broadcast.clj:207)
	at jepsen.client.Validate.invoke_BANG_(client.clj:83)
	at jepsen.generator.interpreter.ClientWorker.invoke_BANG_(interpreter.clj:65)
	at jepsen.generator.interpreter$spawn_worker$fn__12908$fn__12909.invoke(interpreter.clj:140)
	at jepsen.generator.interpreter$spawn_worker$fn__12908.invoke(interpreter.clj:123)
	at clojure.core$binding_conveyor_fn$fn__5823.invoke(core.clj:2047)
	at clojure.lang.AFn.call(AFn.java:18)
	at java.base/java.util.concurrent.FutureTask.run(FutureTask.java:317)
	at java.base/java.util.concurrent.ThreadPoolExecutor.runWorker(ThreadPoolExecutor.java:1144)
	at java.base/java.util.concurrent.ThreadPoolExecutor$Worker.run(ThreadPoolExecutor.java:642)
	at java.base/java.lang.Thread.run(Thread.java:1583)
2026-03-12 16:05:30,012{GMT}	INFO	[jepsen worker 0] jepsen.util: 44	:invoke	:read	nil
2026-03-12 16:05:30,024{GMT}	WARN	[jepsen worker 0] jepsen.generator.interpreter: Process 44 crashed
clojure.lang.ExceptionInfo: Malformed RPC response. Maelstrom sent node n0 the following request:

{:type "read", :msg_id 1}

And expected a response of the form:

{:type (eq "read_ok"),
 :messages [Any],
 {:k :msg_id} Int,
 :in_reply_to Int}

... but instead received

{:type "read_ok", :messages 0, :in_reply_to 1, :msg_id 1081}

This is malformed because:

{:messages (not (sequential? 0))}

See doc/protocol.md for more guidance.
	at slingshot.support$stack_trace.invoke(support.clj:201)
	at maelstrom.client$check_body.invokeStatic(client.clj:188)
	at maelstrom.client$check_body.invoke(client.clj:181)
	at maelstrom.workload.broadcast$fn__16576$read__16577.invoke(broadcast.clj:34)
	at maelstrom.workload.broadcast$fn__16576$read__16577.invoke(broadcast.clj:34)
	at maelstrom.workload.broadcast$client$reify__16644.invoke_BANG_(broadcast.clj:207)
	at jepsen.client.Validate.invoke_BANG_(client.clj:83)
	at jepsen.generator.interpreter.ClientWorker.invoke_BANG_(interpreter.clj:65)
	at jepsen.generator.interpreter$spawn_worker$fn__12908$fn__12909.invoke(interpreter.clj:140)
	at jepsen.generator.interpreter$spawn_worker$fn__12908.invoke(interpreter.clj:123)
	at clojure.core$binding_conveyor_fn$fn__5823.invoke(core.clj:2047)
	at clojure.lang.AFn.call(AFn.java:18)
	at java.base/java.util.concurrent.FutureTask.run(FutureTask.java:317)
	at java.base/java.util.concurrent.ThreadPoolExecutor.runWorker(ThreadPoolExecutor.java:1144)
	at java.base/java.util.concurrent.ThreadPoolExecutor$Worker.run(ThreadPoolExecutor.java:642)
	at java.base/java.lang.Thread.run(Thread.java:1583)
2026-03-12 16:05:30,167{GMT}	INFO	[jepsen worker 0] jepsen.util: 45	:invoke	:broadcast	43
2026-03-12 16:05:30,169{GMT}	INFO	[jepsen worker 0] jepsen.util: 45	:ok	:broadcast	43
2026-03-12 16:05:30,333{GMT}	INFO	[jepsen worker 0] jepsen.util: 45	:invoke	:read	nil
2026-03-12 16:05:30,341{GMT}	WARN	[jepsen worker 0] jepsen.generator.interpreter: Process 45 crashed
clojure.lang.ExceptionInfo: Malformed RPC response. Maelstrom sent node n0 the following request:

{:type "read", :msg_id 2}

And expected a response of the form:

{:type (eq "read_ok"),
 :messages [Any],
 {:k :msg_id} Int,
 :in_reply_to Int}

... but instead received

{:type "read_ok", :messages 0, :in_reply_to 2, :msg_id 1125}

This is malformed because:

{:messages (not (sequential? 0))}

See doc/protocol.md for more guidance.
	at slingshot.support$stack_trace.invoke(support.clj:201)
	at maelstrom.client$check_body.invokeStatic(client.clj:188)
	at maelstrom.client$check_body.invoke(client.clj:181)
	at maelstrom.workload.broadcast$fn__16576$read__16577.invoke(broadcast.clj:34)
	at maelstrom.workload.broadcast$fn__16576$read__16577.invoke(broadcast.clj:34)
	at maelstrom.workload.broadcast$client$reify__16644.invoke_BANG_(broadcast.clj:207)
	at jepsen.client.Validate.invoke_BANG_(client.clj:83)
	at jepsen.generator.interpreter.ClientWorker.invoke_BANG_(interpreter.clj:65)
	at jepsen.generator.interpreter$spawn_worker$fn__12908$fn__12909.invoke(interpreter.clj:140)
	at jepsen.generator.interpreter$spawn_worker$fn__12908.invoke(interpreter.clj:123)
	at clojure.core$binding_conveyor_fn$fn__5823.invoke(core.clj:2047)
	at clojure.lang.AFn.call(AFn.java:18)
	at java.base/java.util.concurrent.FutureTask.run(FutureTask.java:317)
	at java.base/java.util.concurrent.ThreadPoolExecutor.runWorker(ThreadPoolExecutor.java:1144)
	at java.base/java.util.concurrent.ThreadPoolExecutor$Worker.run(ThreadPoolExecutor.java:642)
	at java.base/java.lang.Thread.run(Thread.java:1583)
2026-03-12 16:05:30,421{GMT}	INFO	[jepsen worker 0] jepsen.util: 46	:invoke	:read	nil
2026-03-12 16:05:30,430{GMT}	WARN	[jepsen worker 0] jepsen.generator.interpreter: Process 46 crashed
clojure.lang.ExceptionInfo: Malformed RPC response. Maelstrom sent node n0 the following request:

{:type "read", :msg_id 1}

And expected a response of the form:

{:type (eq "read_ok"),
 :messages [Any],
 {:k :msg_id} Int,
 :in_reply_to Int}

... but instead received

{:type "read_ok", :messages 0, :in_reply_to 1, :msg_id 1169}

This is malformed because:

{:messages (not (sequential? 0))}

See doc/protocol.md for more guidance.
	at slingshot.support$stack_trace.invoke(support.clj:201)
	at maelstrom.client$check_body.invokeStatic(client.clj:188)
	at maelstrom.client$check_body.invoke(client.clj:181)
	at maelstrom.workload.broadcast$fn__16576$read__16577.invoke(broadcast.clj:34)
	at maelstrom.workload.broadcast$fn__16576$read__16577.invoke(broadcast.clj:34)
	at maelstrom.workload.broadcast$client$reify__16644.invoke_BANG_(broadcast.clj:207)
	at jepsen.client.Validate.invoke_BANG_(client.clj:83)
	at jepsen.generator.interpreter.ClientWorker.invoke_BANG_(interpreter.clj:65)
	at jepsen.generator.interpreter$spawn_worker$fn__12908$fn__12909.invoke(interpreter.clj:140)
	at jepsen.generator.interpreter$spawn_worker$fn__12908.invoke(interpreter.clj:123)
	at clojure.core$binding_conveyor_fn$fn__5823.invoke(core.clj:2047)
	at clojure.lang.AFn.call(AFn.java:18)
	at java.base/java.util.concurrent.FutureTask.run(FutureTask.java:317)
	at java.base/java.util.concurrent.ThreadPoolExecutor.runWorker(ThreadPoolExecutor.java:1144)
	at java.base/java.util.concurrent.ThreadPoolExecutor$Worker.run(ThreadPoolExecutor.java:642)
	at java.base/java.lang.Thread.run(Thread.java:1583)
2026-03-12 16:05:30,525{GMT}	INFO	[jepsen worker 0] jepsen.util: 47	:invoke	:read	nil
2026-03-12 16:05:30,529{GMT}	WARN	[jepsen worker 0] jepsen.generator.interpreter: Process 47 crashed
clojure.lang.ExceptionInfo: Malformed RPC response. Maelstrom sent node n0 the following request:

{:type "read", :msg_id 1}

And expected a response of the form:

{:type (eq "read_ok"),
 :messages [Any],
 {:k :msg_id} Int,
 :in_reply_to Int}

... but instead received

{:type "read_ok", :messages 0, :in_reply_to 1, :msg_id 1213}

This is malformed because:

{:messages (not (sequential? 0))}

See doc/protocol.md for more guidance.
	at slingshot.support$stack_trace.invoke(support.clj:201)
	at maelstrom.client$check_body.invokeStatic(client.clj:188)
	at maelstrom.client$check_body.invoke(client.clj:181)
	at maelstrom.workload.broadcast$fn__16576$read__16577.invoke(broadcast.clj:34)
	at maelstrom.workload.broadcast$fn__16576$read__16577.invoke(broadcast.clj:34)
	at maelstrom.workload.broadcast$client$reify__16644.invoke_BANG_(broadcast.clj:207)
	at jepsen.client.Validate.invoke_BANG_(client.clj:83)
	at jepsen.generator.interpreter.ClientWorker.invoke_BANG_(interpreter.clj:65)
	at jepsen.generator.interpreter$spawn_worker$fn__12908$fn__12909.invoke(interpreter.clj:140)
	at jepsen.generator.interpreter$spawn_worker$fn__12908.invoke(interpreter.clj:123)
	at clojure.core$binding_conveyor_fn$fn__5823.invoke(core.clj:2047)
	at clojure.lang.AFn.call(AFn.java:18)
	at java.base/java.util.concurrent.FutureTask.run(FutureTask.java:317)
	at java.base/java.util.concurrent.ThreadPoolExecutor.runWorker(ThreadPoolExecutor.java:1144)
	at java.base/java.util.concurrent.ThreadPoolExecutor$Worker.run(ThreadPoolExecutor.java:642)
	at java.base/java.lang.Thread.run(Thread.java:1583)
2026-03-12 16:05:30,724{GMT}	INFO	[jepsen worker 0] jepsen.util: 48	:invoke	:read	nil
2026-03-12 16:05:30,733{GMT}	WARN	[jepsen worker 0] jepsen.generator.interpreter: Process 48 crashed
clojure.lang.ExceptionInfo: Malformed RPC response. Maelstrom sent node n0 the following request:

{:type "read", :msg_id 1}

And expected a response of the form:

{:type (eq "read_ok"),
 :messages [Any],
 {:k :msg_id} Int,
 :in_reply_to Int}

... but instead received

{:type "read_ok", :messages 0, :in_reply_to 1, :msg_id 1257}

This is malformed because:

{:messages (not (sequential? 0))}

See doc/protocol.md for more guidance.
	at slingshot.support$stack_trace.invoke(support.clj:201)
	at maelstrom.client$check_body.invokeStatic(client.clj:188)
	at maelstrom.client$check_body.invoke(client.clj:181)
	at maelstrom.workload.broadcast$fn__16576$read__16577.invoke(broadcast.clj:34)
	at maelstrom.workload.broadcast$fn__16576$read__16577.invoke(broadcast.clj:34)
	at maelstrom.workload.broadcast$client$reify__16644.invoke_BANG_(broadcast.clj:207)
	at jepsen.client.Validate.invoke_BANG_(client.clj:83)
	at jepsen.generator.interpreter.ClientWorker.invoke_BANG_(interpreter.clj:65)
	at jepsen.generator.interpreter$spawn_worker$fn__12908$fn__12909.invoke(interpreter.clj:140)
	at jepsen.generator.interpreter$spawn_worker$fn__12908.invoke(interpreter.clj:123)
	at clojure.core$binding_conveyor_fn$fn__5823.invoke(core.clj:2047)
	at clojure.lang.AFn.call(AFn.java:18)
	at java.base/java.util.concurrent.FutureTask.run(FutureTask.java:317)
	at java.base/java.util.concurrent.ThreadPoolExecutor.runWorker(ThreadPoolExecutor.java:1144)
	at java.base/java.util.concurrent.ThreadPoolExecutor$Worker.run(ThreadPoolExecutor.java:642)
	at java.base/java.lang.Thread.run(Thread.java:1583)
2026-03-12 16:05:30,887{GMT}	INFO	[jepsen worker 0] jepsen.util: 49	:invoke	:read	nil
2026-03-12 16:05:30,896{GMT}	WARN	[jepsen worker 0] jepsen.generator.interpreter: Process 49 crashed
clojure.lang.ExceptionInfo: Malformed RPC response. Maelstrom sent node n0 the following request:

{:type "read", :msg_id 1}

And expected a response of the form:

{:type (eq "read_ok"),
 :messages [Any],
 {:k :msg_id} Int,
 :in_reply_to Int}

... but instead received

{:type "read_ok", :messages 0, :in_reply_to 1, :msg_id 1301}

This is malformed because:

{:messages (not (sequential? 0))}

See doc/protocol.md for more guidance.
	at slingshot.support$stack_trace.invoke(support.clj:201)
	at maelstrom.client$check_body.invokeStatic(client.clj:188)
	at maelstrom.client$check_body.invoke(client.clj:181)
	at maelstrom.workload.broadcast$fn__16576$read__16577.invoke(broadcast.clj:34)
	at maelstrom.workload.broadcast$fn__16576$read__16577.invoke(broadcast.clj:34)
	at maelstrom.workload.broadcast$client$reify__16644.invoke_BANG_(broadcast.clj:207)
	at jepsen.client.Validate.invoke_BANG_(client.clj:83)
	at jepsen.generator.interpreter.ClientWorker.invoke_BANG_(interpreter.clj:65)
	at jepsen.generator.interpreter$spawn_worker$fn__12908$fn__12909.invoke(interpreter.clj:140)
	at jepsen.generator.interpreter$spawn_worker$fn__12908.invoke(interpreter.clj:123)
	at clojure.core$binding_conveyor_fn$fn__5823.invoke(core.clj:2047)
	at clojure.lang.AFn.call(AFn.java:18)
	at java.base/java.util.concurrent.FutureTask.run(FutureTask.java:317)
	at java.base/java.util.concurrent.ThreadPoolExecutor.runWorker(ThreadPoolExecutor.java:1144)
	at java.base/java.util.concurrent.ThreadPoolExecutor$Worker.run(ThreadPoolExecutor.java:642)
	at java.base/java.lang.Thread.run(Thread.java:1583)
2026-03-12 16:05:31,072{GMT}	INFO	[jepsen worker 0] jepsen.util: 50	:invoke	:broadcast	44
2026-03-12 16:05:31,075{GMT}	INFO	[jepsen worker 0] jepsen.util: 50	:ok	:broadcast	44
2026-03-12 16:05:31,230{GMT}	INFO	[jepsen worker 0] jepsen.util: 50	:invoke	:broadcast	45
2026-03-12 16:05:31,232{GMT}	INFO	[jepsen worker 0] jepsen.util: 50	:ok	:broadcast	45
2026-03-12 16:05:31,304{GMT}	INFO	[jepsen worker 0] jepsen.util: 50	:invoke	:broadcast	46
2026-03-12 16:05:31,306{GMT}	INFO	[jepsen worker 0] jepsen.util: 50	:ok	:broadcast	46
2026-03-12 16:05:31,430{GMT}	INFO	[jepsen worker 0] jepsen.util: 50	:invoke	:read	nil
2026-03-12 16:05:31,437{GMT}	WARN	[jepsen worker 0] jepsen.generator.interpreter: Process 50 crashed
clojure.lang.ExceptionInfo: Malformed RPC response. Maelstrom sent node n0 the following request:

{:type "read", :msg_id 4}

And expected a response of the form:

{:type (eq "read_ok"),
 :messages [Any],
 {:k :msg_id} Int,
 :in_reply_to Int}

... but instead received

{:type "read_ok", :messages 0, :in_reply_to 4, :msg_id 1348}

This is malformed because:

{:messages (not (sequential? 0))}

See doc/protocol.md for more guidance.
	at slingshot.support$stack_trace.invoke(support.clj:201)
	at maelstrom.client$check_body.invokeStatic(client.clj:188)
	at maelstrom.client$check_body.invoke(client.clj:181)
	at maelstrom.workload.broadcast$fn__16576$read__16577.invoke(broadcast.clj:34)
	at maelstrom.workload.broadcast$fn__16576$read__16577.invoke(broadcast.clj:34)
	at maelstrom.workload.broadcast$client$reify__16644.invoke_BANG_(broadcast.clj:207)
	at jepsen.client.Validate.invoke_BANG_(client.clj:83)
	at jepsen.generator.interpreter.ClientWorker.invoke_BANG_(interpreter.clj:65)
	at jepsen.generator.interpreter$spawn_worker$fn__12908$fn__12909.invoke(interpreter.clj:140)
	at jepsen.generator.interpreter$spawn_worker$fn__12908.invoke(interpreter.clj:123)
	at clojure.core$binding_conveyor_fn$fn__5823.invoke(core.clj:2047)
	at clojure.lang.AFn.call(AFn.java:18)
	at java.base/java.util.concurrent.FutureTask.run(FutureTask.java:317)
	at java.base/java.util.concurrent.ThreadPoolExecutor.runWorker(ThreadPoolExecutor.java:1144)
	at java.base/java.util.concurrent.ThreadPoolExecutor$Worker.run(ThreadPoolExecutor.java:642)
	at java.base/java.lang.Thread.run(Thread.java:1583)
2026-03-12 16:05:31,569{GMT}	INFO	[jepsen worker 0] jepsen.util: 51	:invoke	:read	nil
2026-03-12 16:05:31,579{GMT}	WARN	[jepsen worker 0] jepsen.generator.interpreter: Process 51 crashed
clojure.lang.ExceptionInfo: Malformed RPC response. Maelstrom sent node n0 the following request:

{:type "read", :msg_id 1}

And expected a response of the form:

{:type (eq "read_ok"),
 :messages [Any],
 {:k :msg_id} Int,
 :in_reply_to Int}

... but instead received

{:type "read_ok", :messages 0, :in_reply_to 1, :msg_id 1395}

This is malformed because:

{:messages (not (sequential? 0))}

See doc/protocol.md for more guidance.
	at slingshot.support$stack_trace.invoke(support.clj:201)
	at maelstrom.client$check_body.invokeStatic(client.clj:188)
	at maelstrom.client$check_body.invoke(client.clj:181)
	at maelstrom.workload.broadcast$fn__16576$read__16577.invoke(broadcast.clj:34)
	at maelstrom.workload.broadcast$fn__16576$read__16577.invoke(broadcast.clj:34)
	at maelstrom.workload.broadcast$client$reify__16644.invoke_BANG_(broadcast.clj:207)
	at jepsen.client.Validate.invoke_BANG_(client.clj:83)
	at jepsen.generator.interpreter.ClientWorker.invoke_BANG_(interpreter.clj:65)
	at jepsen.generator.interpreter$spawn_worker$fn__12908$fn__12909.invoke(interpreter.clj:140)
	at jepsen.generator.interpreter$spawn_worker$fn__12908.invoke(interpreter.clj:123)
	at clojure.core$binding_conveyor_fn$fn__5823.invoke(core.clj:2047)
	at clojure.lang.AFn.call(AFn.java:18)
	at java.base/java.util.concurrent.FutureTask.run(FutureTask.java:317)
	at java.base/java.util.concurrent.ThreadPoolExecutor.runWorker(ThreadPoolExecutor.java:1144)
	at java.base/java.util.concurrent.ThreadPoolExecutor$Worker.run(ThreadPoolExecutor.java:642)
	at java.base/java.lang.Thread.run(Thread.java:1583)
2026-03-12 16:05:31,664{GMT}	INFO	[jepsen worker 0] jepsen.util: 52	:invoke	:broadcast	47
2026-03-12 16:05:31,666{GMT}	INFO	[jepsen worker 0] jepsen.util: 52	:ok	:broadcast	47
2026-03-12 16:05:31,763{GMT}	INFO	[jepsen worker 0] jepsen.util: 52	:invoke	:read	nil
2026-03-12 16:05:31,771{GMT}	WARN	[jepsen worker 0] jepsen.generator.interpreter: Process 52 crashed
clojure.lang.ExceptionInfo: Malformed RPC response. Maelstrom sent node n0 the following request:

{:type "read", :msg_id 2}

And expected a response of the form:

{:type (eq "read_ok"),
 :messages [Any],
 {:k :msg_id} Int,
 :in_reply_to Int}

... but instead received

{:type "read_ok", :messages 0, :in_reply_to 2, :msg_id 1443}

This is malformed because:

{:messages (not (sequential? 0))}

See doc/protocol.md for more guidance.
	at slingshot.support$stack_trace.invoke(support.clj:201)
	at maelstrom.client$check_body.invokeStatic(client.clj:188)
	at maelstrom.client$check_body.invoke(client.clj:181)
	at maelstrom.workload.broadcast$fn__16576$read__16577.invoke(broadcast.clj:34)
	at maelstrom.workload.broadcast$fn__16576$read__16577.invoke(broadcast.clj:34)
	at maelstrom.workload.broadcast$client$reify__16644.invoke_BANG_(broadcast.clj:207)
	at jepsen.client.Validate.invoke_BANG_(client.clj:83)
	at jepsen.generator.interpreter.ClientWorker.invoke_BANG_(interpreter.clj:65)
	at jepsen.generator.interpreter$spawn_worker$fn__12908$fn__12909.invoke(interpreter.clj:140)
	at jepsen.generator.interpreter$spawn_worker$fn__12908.invoke(interpreter.clj:123)
	at clojure.core$binding_conveyor_fn$fn__5823.invoke(core.clj:2047)
	at clojure.lang.AFn.call(AFn.java:18)
	at java.base/java.util.concurrent.FutureTask.run(FutureTask.java:317)
	at java.base/java.util.concurrent.ThreadPoolExecutor.runWorker(ThreadPoolExecutor.java:1144)
	at java.base/java.util.concurrent.ThreadPoolExecutor$Worker.run(ThreadPoolExecutor.java:642)
	at java.base/java.lang.Thread.run(Thread.java:1583)
2026-03-12 16:05:31,935{GMT}	INFO	[jepsen worker 0] jepsen.util: 53	:invoke	:broadcast	48
2026-03-12 16:05:31,937{GMT}	INFO	[jepsen worker 0] jepsen.util: 53	:ok	:broadcast	48
2026-03-12 16:05:31,969{GMT}	INFO	[jepsen worker 0] jepsen.util: 53	:invoke	:broadcast	49
2026-03-12 16:05:31,972{GMT}	INFO	[jepsen worker 0] jepsen.util: 53	:ok	:broadcast	49
2026-03-12 16:05:32,049{GMT}	INFO	[jepsen worker 0] jepsen.util: 53	:invoke	:broadcast	50
2026-03-12 16:05:32,051{GMT}	INFO	[jepsen worker 0] jepsen.util: 53	:ok	:broadcast	50
2026-03-12 16:05:32,232{GMT}	INFO	[jepsen worker 0] jepsen.util: 53	:invoke	:broadcast	51
2026-03-12 16:05:32,234{GMT}	INFO	[jepsen worker 0] jepsen.util: 53	:ok	:broadcast	51
2026-03-12 16:05:32,256{GMT}	INFO	[jepsen worker 0] jepsen.util: 53	:invoke	:broadcast	52
2026-03-12 16:05:32,258{GMT}	INFO	[jepsen worker 0] jepsen.util: 53	:ok	:broadcast	52
2026-03-12 16:05:32,364{GMT}	INFO	[jepsen worker 0] jepsen.util: 53	:invoke	:read	nil
2026-03-12 16:05:32,374{GMT}	WARN	[jepsen worker 0] jepsen.generator.interpreter: Process 53 crashed
clojure.lang.ExceptionInfo: Malformed RPC response. Maelstrom sent node n0 the following request:

{:type "read", :msg_id 6}

And expected a response of the form:

{:type (eq "read_ok"),
 :messages [Any],
 {:k :msg_id} Int,
 :in_reply_to Int}

... but instead received

{:type "read_ok", :messages 0, :in_reply_to 6, :msg_id 1496}

This is malformed because:

{:messages (not (sequential? 0))}

See doc/protocol.md for more guidance.
	at slingshot.support$stack_trace.invoke(support.clj:201)
	at maelstrom.client$check_body.invokeStatic(client.clj:188)
	at maelstrom.client$check_body.invoke(client.clj:181)
	at maelstrom.workload.broadcast$fn__16576$read__16577.invoke(broadcast.clj:34)
	at maelstrom.workload.broadcast$fn__16576$read__16577.invoke(broadcast.clj:34)
	at maelstrom.workload.broadcast$client$reify__16644.invoke_BANG_(broadcast.clj:207)
	at jepsen.client.Validate.invoke_BANG_(client.clj:83)
	at jepsen.generator.interpreter.ClientWorker.invoke_BANG_(interpreter.clj:65)
	at jepsen.generator.interpreter$spawn_worker$fn__12908$fn__12909.invoke(interpreter.clj:140)
	at jepsen.generator.interpreter$spawn_worker$fn__12908.invoke(interpreter.clj:123)
	at clojure.core$binding_conveyor_fn$fn__5823.invoke(core.clj:2047)
	at clojure.lang.AFn.call(AFn.java:18)
	at java.base/java.util.concurrent.FutureTask.run(FutureTask.java:317)
	at java.base/java.util.concurrent.ThreadPoolExecutor.runWorker(ThreadPoolExecutor.java:1144)
	at java.base/java.util.concurrent.ThreadPoolExecutor$Worker.run(ThreadPoolExecutor.java:642)
	at java.base/java.lang.Thread.run(Thread.java:1583)
2026-03-12 16:05:32,450{GMT}	INFO	[jepsen worker 0] jepsen.util: 54	:invoke	:read	nil
2026-03-12 16:05:32,455{GMT}	WARN	[jepsen worker 0] jepsen.generator.interpreter: Process 54 crashed
clojure.lang.ExceptionInfo: Malformed RPC response. Maelstrom sent node n0 the following request:

{:type "read", :msg_id 1}

And expected a response of the form:

{:type (eq "read_ok"),
 :messages [Any],
 {:k :msg_id} Int,
 :in_reply_to Int}

... but instead received

{:type "read_ok", :messages 0, :in_reply_to 1, :msg_id 1549}

This is malformed because:

{:messages (not (sequential? 0))}

See doc/protocol.md for more guidance.
	at slingshot.support$stack_trace.invoke(support.clj:201)
	at maelstrom.client$check_body.invokeStatic(client.clj:188)
	at maelstrom.client$check_body.invoke(client.clj:181)
	at maelstrom.workload.broadcast$fn__16576$read__16577.invoke(broadcast.clj:34)
	at maelstrom.workload.broadcast$fn__16576$read__16577.invoke(broadcast.clj:34)
	at maelstrom.workload.broadcast$client$reify__16644.invoke_BANG_(broadcast.clj:207)
	at jepsen.client.Validate.invoke_BANG_(client.clj:83)
	at jepsen.generator.interpreter.ClientWorker.invoke_BANG_(interpreter.clj:65)
	at jepsen.generator.interpreter$spawn_worker$fn__12908$fn__12909.invoke(interpreter.clj:140)
	at jepsen.generator.interpreter$spawn_worker$fn__12908.invoke(interpreter.clj:123)
	at clojure.core$binding_conveyor_fn$fn__5823.invoke(core.clj:2047)
	at clojure.lang.AFn.call(AFn.java:18)
	at java.base/java.util.concurrent.FutureTask.run(FutureTask.java:317)
	at java.base/java.util.concurrent.ThreadPoolExecutor.runWorker(ThreadPoolExecutor.java:1144)
	at java.base/java.util.concurrent.ThreadPoolExecutor$Worker.run(ThreadPoolExecutor.java:642)
	at java.base/java.lang.Thread.run(Thread.java:1583)
2026-03-12 16:05:32,591{GMT}	INFO	[jepsen worker 0] jepsen.util: 55	:invoke	:broadcast	53
2026-03-12 16:05:32,593{GMT}	INFO	[jepsen worker 0] jepsen.util: 55	:ok	:broadcast	53
2026-03-12 16:05:32,655{GMT}	INFO	[jepsen worker 0] jepsen.util: 55	:invoke	:read	nil
2026-03-12 16:05:32,666{GMT}	WARN	[jepsen worker 0] jepsen.generator.interpreter: Process 55 crashed
clojure.lang.ExceptionInfo: Malformed RPC response. Maelstrom sent node n0 the following request:

{:type "read", :msg_id 2}

And expected a response of the form:

{:type (eq "read_ok"),
 :messages [Any],
 {:k :msg_id} Int,
 :in_reply_to Int}

... but instead received

{:type "read_ok", :messages 0, :in_reply_to 2, :msg_id 1603}

This is malformed because:

{:messages (not (sequential? 0))}

See doc/protocol.md for more guidance.
	at slingshot.support$stack_trace.invoke(support.clj:201)
	at maelstrom.client$check_body.invokeStatic(client.clj:188)
	at maelstrom.client$check_body.invoke(client.clj:181)
	at maelstrom.workload.broadcast$fn__16576$read__16577.invoke(broadcast.clj:34)
	at maelstrom.workload.broadcast$fn__16576$read__16577.invoke(broadcast.clj:34)
	at maelstrom.workload.broadcast$client$reify__16644.invoke_BANG_(broadcast.clj:207)
	at jepsen.client.Validate.invoke_BANG_(client.clj:83)
	at jepsen.generator.interpreter.ClientWorker.invoke_BANG_(interpreter.clj:65)
	at jepsen.generator.interpreter$spawn_worker$fn__12908$fn__12909.invoke(interpreter.clj:140)
	at jepsen.generator.interpreter$spawn_worker$fn__12908.invoke(interpreter.clj:123)
	at clojure.core$binding_conveyor_fn$fn__5823.invoke(core.clj:2047)
	at clojure.lang.AFn.call(AFn.java:18)
	at java.base/java.util.concurrent.FutureTask.run(FutureTask.java:317)
	at java.base/java.util.concurrent.ThreadPoolExecutor.runWorker(ThreadPoolExecutor.java:1144)
	at java.base/java.util.concurrent.ThreadPoolExecutor$Worker.run(ThreadPoolExecutor.java:642)
	at java.base/java.lang.Thread.run(Thread.java:1583)
2026-03-12 16:05:32,718{GMT}	INFO	[jepsen worker 0] jepsen.util: 56	:invoke	:read	nil
2026-03-12 16:05:32,725{GMT}	WARN	[jepsen worker 0] jepsen.generator.interpreter: Process 56 crashed
clojure.lang.ExceptionInfo: Malformed RPC response. Maelstrom sent node n0 the following request:

{:type "read", :msg_id 1}

And expected a response of the form:

{:type (eq "read_ok"),
 :messages [Any],
 {:k :msg_id} Int,
 :in_reply_to Int}

... but instead received

{:type "read_ok", :messages 0, :in_reply_to 1, :msg_id 1657}

This is malformed because:

{:messages (not (sequential? 0))}

See doc/protocol.md for more guidance.
	at slingshot.support$stack_trace.invoke(support.clj:201)
	at maelstrom.client$check_body.invokeStatic(client.clj:188)
	at maelstrom.client$check_body.invoke(client.clj:181)
	at maelstrom.workload.broadcast$fn__16576$read__16577.invoke(broadcast.clj:34)
	at maelstrom.workload.broadcast$fn__16576$read__16577.invoke(broadcast.clj:34)
	at maelstrom.workload.broadcast$client$reify__16644.invoke_BANG_(broadcast.clj:207)
	at jepsen.client.Validate.invoke_BANG_(client.clj:83)
	at jepsen.generator.interpreter.ClientWorker.invoke_BANG_(interpreter.clj:65)
	at jepsen.generator.interpreter$spawn_worker$fn__12908$fn__12909.invoke(interpreter.clj:140)
	at jepsen.generator.interpreter$spawn_worker$fn__12908.invoke(interpreter.clj:123)
	at clojure.core$binding_conveyor_fn$fn__5823.invoke(core.clj:2047)
	at clojure.lang.AFn.call(AFn.java:18)
	at java.base/java.util.concurrent.FutureTask.run(FutureTask.java:317)
	at java.base/java.util.concurrent.ThreadPoolExecutor.runWorker(ThreadPoolExecutor.java:1144)
	at java.base/java.util.concurrent.ThreadPoolExecutor$Worker.run(ThreadPoolExecutor.java:642)
	at java.base/java.lang.Thread.run(Thread.java:1583)
2026-03-12 16:05:32,764{GMT}	INFO	[jepsen worker 0] jepsen.util: 57	:invoke	:read	nil
2026-03-12 16:05:32,775{GMT}	WARN	[jepsen worker 0] jepsen.generator.interpreter: Process 57 crashed
clojure.lang.ExceptionInfo: Malformed RPC response. Maelstrom sent node n0 the following request:

{:type "read", :msg_id 1}

And expected a response of the form:

{:type (eq "read_ok"),
 :messages [Any],
 {:k :msg_id} Int,
 :in_reply_to Int}

... but instead received

{:type "read_ok", :messages 0, :in_reply_to 1, :msg_id 1711}

This is malformed because:

{:messages (not (sequential? 0))}

See doc/protocol.md for more guidance.
	at slingshot.support$stack_trace.invoke(support.clj:201)
	at maelstrom.client$check_body.invokeStatic(client.clj:188)
	at maelstrom.client$check_body.invoke(client.clj:181)
	at maelstrom.workload.broadcast$fn__16576$read__16577.invoke(broadcast.clj:34)
	at maelstrom.workload.broadcast$fn__16576$read__16577.invoke(broadcast.clj:34)
	at maelstrom.workload.broadcast$client$reify__16644.invoke_BANG_(broadcast.clj:207)
	at jepsen.client.Validate.invoke_BANG_(client.clj:83)
	at jepsen.generator.interpreter.ClientWorker.invoke_BANG_(interpreter.clj:65)
	at jepsen.generator.interpreter$spawn_worker$fn__12908$fn__12909.invoke(interpreter.clj:140)
	at jepsen.generator.interpreter$spawn_worker$fn__12908.invoke(interpreter.clj:123)
	at clojure.core$binding_conveyor_fn$fn__5823.invoke(core.clj:2047)
	at clojure.lang.AFn.call(AFn.java:18)
	at java.base/java.util.concurrent.FutureTask.run(FutureTask.java:317)
	at java.base/java.util.concurrent.ThreadPoolExecutor.runWorker(ThreadPoolExecutor.java:1144)
	at java.base/java.util.concurrent.ThreadPoolExecutor$Worker.run(ThreadPoolExecutor.java:642)
	at java.base/java.lang.Thread.run(Thread.java:1583)
2026-03-12 16:05:32,903{GMT}	INFO	[jepsen worker 0] jepsen.util: 58	:invoke	:read	nil
2026-03-12 16:05:32,915{GMT}	WARN	[jepsen worker 0] jepsen.generator.interpreter: Process 58 crashed
clojure.lang.ExceptionInfo: Malformed RPC response. Maelstrom sent node n0 the following request:

{:type "read", :msg_id 1}

And expected a response of the form:

{:type (eq "read_ok"),
 :messages [Any],
 {:k :msg_id} Int,
 :in_reply_to Int}

... but instead received

{:type "read_ok", :messages 0, :in_reply_to 1, :msg_id 1765}

This is malformed because:

{:messages (not (sequential? 0))}

See doc/protocol.md for more guidance.
	at slingshot.support$stack_trace.invoke(support.clj:201)
	at maelstrom.client$check_body.invokeStatic(client.clj:188)
	at maelstrom.client$check_body.invoke(client.clj:181)
	at maelstrom.workload.broadcast$fn__16576$read__16577.invoke(broadcast.clj:34)
	at maelstrom.workload.broadcast$fn__16576$read__16577.invoke(broadcast.clj:34)
	at maelstrom.workload.broadcast$client$reify__16644.invoke_BANG_(broadcast.clj:207)
	at jepsen.client.Validate.invoke_BANG_(client.clj:83)
	at jepsen.generator.interpreter.ClientWorker.invoke_BANG_(interpreter.clj:65)
	at jepsen.generator.interpreter$spawn_worker$fn__12908$fn__12909.invoke(interpreter.clj:140)
	at jepsen.generator.interpreter$spawn_worker$fn__12908.invoke(interpreter.clj:123)
	at clojure.core$binding_conveyor_fn$fn__5823.invoke(core.clj:2047)
	at clojure.lang.AFn.call(AFn.java:18)
	at java.base/java.util.concurrent.FutureTask.run(FutureTask.java:317)
	at java.base/java.util.concurrent.ThreadPoolExecutor.runWorker(ThreadPoolExecutor.java:1144)
	at java.base/java.util.concurrent.ThreadPoolExecutor$Worker.run(ThreadPoolExecutor.java:642)
	at java.base/java.lang.Thread.run(Thread.java:1583)
2026-03-12 16:05:32,983{GMT}	INFO	[jepsen worker 0] jepsen.util: 59	:invoke	:read	nil
2026-03-12 16:05:32,993{GMT}	WARN	[jepsen worker 0] jepsen.generator.interpreter: Process 59 crashed
clojure.lang.ExceptionInfo: Malformed RPC response. Maelstrom sent node n0 the following request:

{:type "read", :msg_id 1}

And expected a response of the form:

{:type (eq "read_ok"),
 :messages [Any],
 {:k :msg_id} Int,
 :in_reply_to Int}

... but instead received

{:type "read_ok", :messages 0, :in_reply_to 1, :msg_id 1819}

This is malformed because:

{:messages (not (sequential? 0))}

See doc/protocol.md for more guidance.
	at slingshot.support$stack_trace.invoke(support.clj:201)
	at maelstrom.client$check_body.invokeStatic(client.clj:188)
	at maelstrom.client$check_body.invoke(client.clj:181)
	at maelstrom.workload.broadcast$fn__16576$read__16577.invoke(broadcast.clj:34)
	at maelstrom.workload.broadcast$fn__16576$read__16577.invoke(broadcast.clj:34)
	at maelstrom.workload.broadcast$client$reify__16644.invoke_BANG_(broadcast.clj:207)
	at jepsen.client.Validate.invoke_BANG_(client.clj:83)
	at jepsen.generator.interpreter.ClientWorker.invoke_BANG_(interpreter.clj:65)
	at jepsen.generator.interpreter$spawn_worker$fn__12908$fn__12909.invoke(interpreter.clj:140)
	at jepsen.generator.interpreter$spawn_worker$fn__12908.invoke(interpreter.clj:123)
	at clojure.core$binding_conveyor_fn$fn__5823.invoke(core.clj:2047)
	at clojure.lang.AFn.call(AFn.java:18)
	at java.base/java.util.concurrent.FutureTask.run(FutureTask.java:317)
	at java.base/java.util.concurrent.ThreadPoolExecutor.runWorker(ThreadPoolExecutor.java:1144)
	at java.base/java.util.concurrent.ThreadPoolExecutor$Worker.run(ThreadPoolExecutor.java:642)
	at java.base/java.lang.Thread.run(Thread.java:1583)
2026-03-12 16:05:33,061{GMT}	INFO	[jepsen worker 0] jepsen.util: 60	:invoke	:broadcast	54
2026-03-12 16:05:33,063{GMT}	INFO	[jepsen worker 0] jepsen.util: 60	:ok	:broadcast	54
2026-03-12 16:05:33,246{GMT}	INFO	[jepsen worker 0] jepsen.util: 60	:invoke	:broadcast	55
2026-03-12 16:05:33,248{GMT}	INFO	[jepsen worker 0] jepsen.util: 60	:ok	:broadcast	55
2026-03-12 16:05:33,381{GMT}	INFO	[jepsen worker 0] jepsen.util: 60	:invoke	:broadcast	56
2026-03-12 16:05:33,383{GMT}	INFO	[jepsen worker 0] jepsen.util: 60	:ok	:broadcast	56
2026-03-12 16:05:33,443{GMT}	INFO	[jepsen worker 0] jepsen.util: 60	:invoke	:read	nil
2026-03-12 16:05:33,453{GMT}	WARN	[jepsen worker 0] jepsen.generator.interpreter: Process 60 crashed
clojure.lang.ExceptionInfo: Malformed RPC response. Maelstrom sent node n0 the following request:

{:type "read", :msg_id 4}

And expected a response of the form:

{:type (eq "read_ok"),
 :messages [Any],
 {:k :msg_id} Int,
 :in_reply_to Int}

... but instead received

{:type "read_ok", :messages 0, :in_reply_to 4, :msg_id 1876}

This is malformed because:

{:messages (not (sequential? 0))}

See doc/protocol.md for more guidance.
	at slingshot.support$stack_trace.invoke(support.clj:201)
	at maelstrom.client$check_body.invokeStatic(client.clj:188)
	at maelstrom.client$check_body.invoke(client.clj:181)
	at maelstrom.workload.broadcast$fn__16576$read__16577.invoke(broadcast.clj:34)
	at maelstrom.workload.broadcast$fn__16576$read__16577.invoke(broadcast.clj:34)
	at maelstrom.workload.broadcast$client$reify__16644.invoke_BANG_(broadcast.clj:207)
	at jepsen.client.Validate.invoke_BANG_(client.clj:83)
	at jepsen.generator.interpreter.ClientWorker.invoke_BANG_(interpreter.clj:65)
	at jepsen.generator.interpreter$spawn_worker$fn__12908$fn__12909.invoke(interpreter.clj:140)
	at jepsen.generator.interpreter$spawn_worker$fn__12908.invoke(interpreter.clj:123)
	at clojure.core$binding_conveyor_fn$fn__5823.invoke(core.clj:2047)
	at clojure.lang.AFn.call(AFn.java:18)
	at java.base/java.util.concurrent.FutureTask.run(FutureTask.java:317)
	at java.base/java.util.concurrent.ThreadPoolExecutor.runWorker(ThreadPoolExecutor.java:1144)
	at java.base/java.util.concurrent.ThreadPoolExecutor$Worker.run(ThreadPoolExecutor.java:642)
	at java.base/java.lang.Thread.run(Thread.java:1583)
2026-03-12 16:05:33,561{GMT}	INFO	[jepsen worker 0] jepsen.util: 61	:invoke	:broadcast	57
2026-03-12 16:05:33,564{GMT}	INFO	[jepsen worker 0] jepsen.util: 61	:ok	:broadcast	57
2026-03-12 16:05:33,652{GMT}	INFO	[jepsen worker 0] jepsen.util: 61	:invoke	:read	nil
2026-03-12 16:05:33,665{GMT}	WARN	[jepsen worker 0] jepsen.generator.interpreter: Process 61 crashed
clojure.lang.ExceptionInfo: Malformed RPC response. Maelstrom sent node n0 the following request:

{:type "read", :msg_id 2}

And expected a response of the form:

{:type (eq "read_ok"),
 :messages [Any],
 {:k :msg_id} Int,
 :in_reply_to Int}

... but instead received

{:type "read_ok", :messages 0, :in_reply_to 2, :msg_id 1934}

This is malformed because:

{:messages (not (sequential? 0))}

See doc/protocol.md for more guidance.
	at slingshot.support$stack_trace.invoke(support.clj:201)
	at maelstrom.client$check_body.invokeStatic(client.clj:188)
	at maelstrom.client$check_body.invoke(client.clj:181)
	at maelstrom.workload.broadcast$fn__16576$read__16577.invoke(broadcast.clj:34)
	at maelstrom.workload.broadcast$fn__16576$read__16577.invoke(broadcast.clj:34)
	at maelstrom.workload.broadcast$client$reify__16644.invoke_BANG_(broadcast.clj:207)
	at jepsen.client.Validate.invoke_BANG_(client.clj:83)
	at jepsen.generator.interpreter.ClientWorker.invoke_BANG_(interpreter.clj:65)
	at jepsen.generator.interpreter$spawn_worker$fn__12908$fn__12909.invoke(interpreter.clj:140)
	at jepsen.generator.interpreter$spawn_worker$fn__12908.invoke(interpreter.clj:123)
	at clojure.core$binding_conveyor_fn$fn__5823.invoke(core.clj:2047)
	at clojure.lang.AFn.call(AFn.java:18)
	at java.base/java.util.concurrent.FutureTask.run(FutureTask.java:317)
	at java.base/java.util.concurrent.ThreadPoolExecutor.runWorker(ThreadPoolExecutor.java:1144)
	at java.base/java.util.concurrent.ThreadPoolExecutor$Worker.run(ThreadPoolExecutor.java:642)
	at java.base/java.lang.Thread.run(Thread.java:1583)
2026-03-12 16:05:33,727{GMT}	INFO	[jepsen worker 0] jepsen.util: 62	:invoke	:read	nil
2026-03-12 16:05:33,736{GMT}	WARN	[jepsen worker 0] jepsen.generator.interpreter: Process 62 crashed
clojure.lang.ExceptionInfo: Malformed RPC response. Maelstrom sent node n0 the following request:

{:type "read", :msg_id 1}

And expected a response of the form:

{:type (eq "read_ok"),
 :messages [Any],
 {:k :msg_id} Int,
 :in_reply_to Int}

... but instead received

{:type "read_ok", :messages 0, :in_reply_to 1, :msg_id 1992}

This is malformed because:

{:messages (not (sequential? 0))}

See doc/protocol.md for more guidance.
	at slingshot.support$stack_trace.invoke(support.clj:201)
	at maelstrom.client$check_body.invokeStatic(client.clj:188)
	at maelstrom.client$check_body.invoke(client.clj:181)
	at maelstrom.workload.broadcast$fn__16576$read__16577.invoke(broadcast.clj:34)
	at maelstrom.workload.broadcast$fn__16576$read__16577.invoke(broadcast.clj:34)
	at maelstrom.workload.broadcast$client$reify__16644.invoke_BANG_(broadcast.clj:207)
	at jepsen.client.Validate.invoke_BANG_(client.clj:83)
	at jepsen.generator.interpreter.ClientWorker.invoke_BANG_(interpreter.clj:65)
	at jepsen.generator.interpreter$spawn_worker$fn__12908$fn__12909.invoke(interpreter.clj:140)
	at jepsen.generator.interpreter$spawn_worker$fn__12908.invoke(interpreter.clj:123)
	at clojure.core$binding_conveyor_fn$fn__5823.invoke(core.clj:2047)
	at clojure.lang.AFn.call(AFn.java:18)
	at java.base/java.util.concurrent.FutureTask.run(FutureTask.java:317)
	at java.base/java.util.concurrent.ThreadPoolExecutor.runWorker(ThreadPoolExecutor.java:1144)
	at java.base/java.util.concurrent.ThreadPoolExecutor$Worker.run(ThreadPoolExecutor.java:642)
	at java.base/java.lang.Thread.run(Thread.java:1583)
2026-03-12 16:05:33,839{GMT}	INFO	[jepsen worker 0] jepsen.util: 63	:invoke	:broadcast	58
2026-03-12 16:05:33,842{GMT}	INFO	[jepsen worker 0] jepsen.util: 63	:ok	:broadcast	58
2026-03-12 16:05:33,910{GMT}	INFO	[jepsen worker 0] jepsen.util: 63	:invoke	:broadcast	59
2026-03-12 16:05:33,913{GMT}	INFO	[jepsen worker 0] jepsen.util: 63	:ok	:broadcast	59
2026-03-12 16:05:34,001{GMT}	INFO	[jepsen worker 0] jepsen.util: 63	:invoke	:read	nil
2026-03-12 16:05:34,015{GMT}	WARN	[jepsen worker 0] jepsen.generator.interpreter: Process 63 crashed
clojure.lang.ExceptionInfo: Malformed RPC response. Maelstrom sent node n0 the following request:

{:type "read", :msg_id 3}

And expected a response of the form:

{:type (eq "read_ok"),
 :messages [Any],
 {:k :msg_id} Int,
 :in_reply_to Int}

... but instead received

{:type "read_ok", :messages 0, :in_reply_to 3, :msg_id 2052}

This is malformed because:

{:messages (not (sequential? 0))}

See doc/protocol.md for more guidance.
	at slingshot.support$stack_trace.invoke(support.clj:201)
	at maelstrom.client$check_body.invokeStatic(client.clj:188)
	at maelstrom.client$check_body.invoke(client.clj:181)
	at maelstrom.workload.broadcast$fn__16576$read__16577.invoke(broadcast.clj:34)
	at maelstrom.workload.broadcast$fn__16576$read__16577.invoke(broadcast.clj:34)
	at maelstrom.workload.broadcast$client$reify__16644.invoke_BANG_(broadcast.clj:207)
	at jepsen.client.Validate.invoke_BANG_(client.clj:83)
	at jepsen.generator.interpreter.ClientWorker.invoke_BANG_(interpreter.clj:65)
	at jepsen.generator.interpreter$spawn_worker$fn__12908$fn__12909.invoke(interpreter.clj:140)
	at jepsen.generator.interpreter$spawn_worker$fn__12908.invoke(interpreter.clj:123)
	at clojure.core$binding_conveyor_fn$fn__5823.invoke(core.clj:2047)
	at clojure.lang.AFn.call(AFn.java:18)
	at java.base/java.util.concurrent.FutureTask.run(FutureTask.java:317)
	at java.base/java.util.concurrent.ThreadPoolExecutor.runWorker(ThreadPoolExecutor.java:1144)
	at java.base/java.util.concurrent.ThreadPoolExecutor$Worker.run(ThreadPoolExecutor.java:642)
	at java.base/java.lang.Thread.run(Thread.java:1583)
2026-03-12 16:05:34,093{GMT}	INFO	[jepsen worker 0] jepsen.util: 64	:invoke	:read	nil
2026-03-12 16:05:34,103{GMT}	WARN	[jepsen worker 0] jepsen.generator.interpreter: Process 64 crashed
clojure.lang.ExceptionInfo: Malformed RPC response. Maelstrom sent node n0 the following request:

{:type "read", :msg_id 1}

And expected a response of the form:

{:type (eq "read_ok"),
 :messages [Any],
 {:k :msg_id} Int,
 :in_reply_to Int}

... but instead received

{:type "read_ok", :messages 0, :in_reply_to 1, :msg_id 2112}

This is malformed because:

{:messages (not (sequential? 0))}

See doc/protocol.md for more guidance.
	at slingshot.support$stack_trace.invoke(support.clj:201)
	at maelstrom.client$check_body.invokeStatic(client.clj:188)
	at maelstrom.client$check_body.invoke(client.clj:181)
	at maelstrom.workload.broadcast$fn__16576$read__16577.invoke(broadcast.clj:34)
	at maelstrom.workload.broadcast$fn__16576$read__16577.invoke(broadcast.clj:34)
	at maelstrom.workload.broadcast$client$reify__16644.invoke_BANG_(broadcast.clj:207)
	at jepsen.client.Validate.invoke_BANG_(client.clj:83)
	at jepsen.generator.interpreter.ClientWorker.invoke_BANG_(interpreter.clj:65)
	at jepsen.generator.interpreter$spawn_worker$fn__12908$fn__12909.invoke(interpreter.clj:140)
	at jepsen.generator.interpreter$spawn_worker$fn__12908.invoke(interpreter.clj:123)
	at clojure.core$binding_conveyor_fn$fn__5823.invoke(core.clj:2047)
	at clojure.lang.AFn.call(AFn.java:18)
	at java.base/java.util.concurrent.FutureTask.run(FutureTask.java:317)
	at java.base/java.util.concurrent.ThreadPoolExecutor.runWorker(ThreadPoolExecutor.java:1144)
	at java.base/java.util.concurrent.ThreadPoolExecutor$Worker.run(ThreadPoolExecutor.java:642)
	at java.base/java.lang.Thread.run(Thread.java:1583)
2026-03-12 16:05:34,124{GMT}	INFO	[jepsen worker 0] jepsen.util: 65	:invoke	:read	nil
2026-03-12 16:05:34,135{GMT}	WARN	[jepsen worker 0] jepsen.generator.interpreter: Process 65 crashed
clojure.lang.ExceptionInfo: Malformed RPC response. Maelstrom sent node n0 the following request:

{:type "read", :msg_id 1}

And expected a response of the form:

{:type (eq "read_ok"),
 :messages [Any],
 {:k :msg_id} Int,
 :in_reply_to Int}

... but instead received

{:type "read_ok", :messages 0, :in_reply_to 1, :msg_id 2172}

This is malformed because:

{:messages (not (sequential? 0))}

See doc/protocol.md for more guidance.
	at slingshot.support$stack_trace.invoke(support.clj:201)
	at maelstrom.client$check_body.invokeStatic(client.clj:188)
	at maelstrom.client$check_body.invoke(client.clj:181)
	at maelstrom.workload.broadcast$fn__16576$read__16577.invoke(broadcast.clj:34)
	at maelstrom.workload.broadcast$fn__16576$read__16577.invoke(broadcast.clj:34)
	at maelstrom.workload.broadcast$client$reify__16644.invoke_BANG_(broadcast.clj:207)
	at jepsen.client.Validate.invoke_BANG_(client.clj:83)
	at jepsen.generator.interpreter.ClientWorker.invoke_BANG_(interpreter.clj:65)
	at jepsen.generator.interpreter$spawn_worker$fn__12908$fn__12909.invoke(interpreter.clj:140)
	at jepsen.generator.interpreter$spawn_worker$fn__12908.invoke(interpreter.clj:123)
	at clojure.core$binding_conveyor_fn$fn__5823.invoke(core.clj:2047)
	at clojure.lang.AFn.call(AFn.java:18)
	at java.base/java.util.concurrent.FutureTask.run(FutureTask.java:317)
	at java.base/java.util.concurrent.ThreadPoolExecutor.runWorker(ThreadPoolExecutor.java:1144)
	at java.base/java.util.concurrent.ThreadPoolExecutor$Worker.run(ThreadPoolExecutor.java:642)
	at java.base/java.lang.Thread.run(Thread.java:1583)
2026-03-12 16:05:34,308{GMT}	INFO	[jepsen worker 0] jepsen.util: 66	:invoke	:read	nil
2026-03-12 16:05:34,320{GMT}	WARN	[jepsen worker 0] jepsen.generator.interpreter: Process 66 crashed
clojure.lang.ExceptionInfo: Malformed RPC response. Maelstrom sent node n0 the following request:

{:type "read", :msg_id 1}

And expected a response of the form:

{:type (eq "read_ok"),
 :messages [Any],
 {:k :msg_id} Int,
 :in_reply_to Int}

... but instead received

{:type "read_ok", :messages 0, :in_reply_to 1, :msg_id 2232}

This is malformed because:

{:messages (not (sequential? 0))}

See doc/protocol.md for more guidance.
	at slingshot.support$stack_trace.invoke(support.clj:201)
	at maelstrom.client$check_body.invokeStatic(client.clj:188)
	at maelstrom.client$check_body.invoke(client.clj:181)
	at maelstrom.workload.broadcast$fn__16576$read__16577.invoke(broadcast.clj:34)
	at maelstrom.workload.broadcast$fn__16576$read__16577.invoke(broadcast.clj:34)
	at maelstrom.workload.broadcast$client$reify__16644.invoke_BANG_(broadcast.clj:207)
	at jepsen.client.Validate.invoke_BANG_(client.clj:83)
	at jepsen.generator.interpreter.ClientWorker.invoke_BANG_(interpreter.clj:65)
	at jepsen.generator.interpreter$spawn_worker$fn__12908$fn__12909.invoke(interpreter.clj:140)
	at jepsen.generator.interpreter$spawn_worker$fn__12908.invoke(interpreter.clj:123)
	at clojure.core$binding_conveyor_fn$fn__5823.invoke(core.clj:2047)
	at clojure.lang.AFn.call(AFn.java:18)
	at java.base/java.util.concurrent.FutureTask.run(FutureTask.java:317)
	at java.base/java.util.concurrent.ThreadPoolExecutor.runWorker(ThreadPoolExecutor.java:1144)
	at java.base/java.util.concurrent.ThreadPoolExecutor$Worker.run(ThreadPoolExecutor.java:642)
	at java.base/java.lang.Thread.run(Thread.java:1583)
2026-03-12 16:05:34,426{GMT}	INFO	[jepsen worker 0] jepsen.util: 67	:invoke	:read	nil
2026-03-12 16:05:34,431{GMT}	WARN	[jepsen worker 0] jepsen.generator.interpreter: Process 67 crashed
clojure.lang.ExceptionInfo: Malformed RPC response. Maelstrom sent node n0 the following request:

{:type "read", :msg_id 1}

And expected a response of the form:

{:type (eq "read_ok"),
 :messages [Any],
 {:k :msg_id} Int,
 :in_reply_to Int}

... but instead received

{:type "read_ok", :messages 0, :in_reply_to 1, :msg_id 2292}

This is malformed because:

{:messages (not (sequential? 0))}

See doc/protocol.md for more guidance.
	at slingshot.support$stack_trace.invoke(support.clj:201)
	at maelstrom.client$check_body.invokeStatic(client.clj:188)
	at maelstrom.client$check_body.invoke(client.clj:181)
	at maelstrom.workload.broadcast$fn__16576$read__16577.invoke(broadcast.clj:34)
	at maelstrom.workload.broadcast$fn__16576$read__16577.invoke(broadcast.clj:34)
	at maelstrom.workload.broadcast$client$reify__16644.invoke_BANG_(broadcast.clj:207)
	at jepsen.client.Validate.invoke_BANG_(client.clj:83)
	at jepsen.generator.interpreter.ClientWorker.invoke_BANG_(interpreter.clj:65)
	at jepsen.generator.interpreter$spawn_worker$fn__12908$fn__12909.invoke(interpreter.clj:140)
	at jepsen.generator.interpreter$spawn_worker$fn__12908.invoke(interpreter.clj:123)
	at clojure.core$binding_conveyor_fn$fn__5823.invoke(core.clj:2047)
	at clojure.lang.AFn.call(AFn.java:18)
	at java.base/java.util.concurrent.FutureTask.run(FutureTask.java:317)
	at java.base/java.util.concurrent.ThreadPoolExecutor.runWorker(ThreadPoolExecutor.java:1144)
	at java.base/java.util.concurrent.ThreadPoolExecutor$Worker.run(ThreadPoolExecutor.java:642)
	at java.base/java.lang.Thread.run(Thread.java:1583)
2026-03-12 16:05:34,470{GMT}	INFO	[jepsen worker 0] jepsen.util: 68	:invoke	:broadcast	60
2026-03-12 16:05:34,471{GMT}	INFO	[jepsen worker 0] jepsen.util: 68	:ok	:broadcast	60
2026-03-12 16:05:34,623{GMT}	INFO	[jepsen worker 0] jepsen.util: 68	:invoke	:read	nil
2026-03-12 16:05:34,633{GMT}	WARN	[jepsen worker 0] jepsen.generator.interpreter: Process 68 crashed
clojure.lang.ExceptionInfo: Malformed RPC response. Maelstrom sent node n0 the following request:

{:type "read", :msg_id 2}

And expected a response of the form:

{:type (eq "read_ok"),
 :messages [Any],
 {:k :msg_id} Int,
 :in_reply_to Int}

... but instead received

{:type "read_ok", :messages 0, :in_reply_to 2, :msg_id 2353}

This is malformed because:

{:messages (not (sequential? 0))}

See doc/protocol.md for more guidance.
	at slingshot.support$stack_trace.invoke(support.clj:201)
	at maelstrom.client$check_body.invokeStatic(client.clj:188)
	at maelstrom.client$check_body.invoke(client.clj:181)
	at maelstrom.workload.broadcast$fn__16576$read__16577.invoke(broadcast.clj:34)
	at maelstrom.workload.broadcast$fn__16576$read__16577.invoke(broadcast.clj:34)
	at maelstrom.workload.broadcast$client$reify__16644.invoke_BANG_(broadcast.clj:207)
	at jepsen.client.Validate.invoke_BANG_(client.clj:83)
	at jepsen.generator.interpreter.ClientWorker.invoke_BANG_(interpreter.clj:65)
	at jepsen.generator.interpreter$spawn_worker$fn__12908$fn__12909.invoke(interpreter.clj:140)
	at jepsen.generator.interpreter$spawn_worker$fn__12908.invoke(interpreter.clj:123)
	at clojure.core$binding_conveyor_fn$fn__5823.invoke(core.clj:2047)
	at clojure.lang.AFn.call(AFn.java:18)
	at java.base/java.util.concurrent.FutureTask.run(FutureTask.java:317)
	at java.base/java.util.concurrent.ThreadPoolExecutor.runWorker(ThreadPoolExecutor.java:1144)
	at java.base/java.util.concurrent.ThreadPoolExecutor$Worker.run(ThreadPoolExecutor.java:642)
	at java.base/java.lang.Thread.run(Thread.java:1583)
2026-03-12 16:05:34,780{GMT}	INFO	[jepsen worker 0] jepsen.util: 69	:invoke	:read	nil
2026-03-12 16:05:34,789{GMT}	WARN	[jepsen worker 0] jepsen.generator.interpreter: Process 69 crashed
clojure.lang.ExceptionInfo: Malformed RPC response. Maelstrom sent node n0 the following request:

{:type "read", :msg_id 1}

And expected a response of the form:

{:type (eq "read_ok"),
 :messages [Any],
 {:k :msg_id} Int,
 :in_reply_to Int}

... but instead received

{:type "read_ok", :messages 0, :in_reply_to 1, :msg_id 2414}

This is malformed because:

{:messages (not (sequential? 0))}

See doc/protocol.md for more guidance.
	at slingshot.support$stack_trace.invoke(support.clj:201)
	at maelstrom.client$check_body.invokeStatic(client.clj:188)
	at maelstrom.client$check_body.invoke(client.clj:181)
	at maelstrom.workload.broadcast$fn__16576$read__16577.invoke(broadcast.clj:34)
	at maelstrom.workload.broadcast$fn__16576$read__16577.invoke(broadcast.clj:34)
	at maelstrom.workload.broadcast$client$reify__16644.invoke_BANG_(broadcast.clj:207)
	at jepsen.client.Validate.invoke_BANG_(client.clj:83)
	at jepsen.generator.interpreter.ClientWorker.invoke_BANG_(interpreter.clj:65)
	at jepsen.generator.interpreter$spawn_worker$fn__12908$fn__12909.invoke(interpreter.clj:140)
	at jepsen.generator.interpreter$spawn_worker$fn__12908.invoke(interpreter.clj:123)
	at clojure.core$binding_conveyor_fn$fn__5823.invoke(core.clj:2047)
	at clojure.lang.AFn.call(AFn.java:18)
	at java.base/java.util.concurrent.FutureTask.run(FutureTask.java:317)
	at java.base/java.util.concurrent.ThreadPoolExecutor.runWorker(ThreadPoolExecutor.java:1144)
	at java.base/java.util.concurrent.ThreadPoolExecutor$Worker.run(ThreadPoolExecutor.java:642)
	at java.base/java.lang.Thread.run(Thread.java:1583)
2026-03-12 16:05:34,795{GMT}	INFO	[jepsen worker 0] jepsen.util: 70	:invoke	:read	nil
2026-03-12 16:05:34,804{GMT}	WARN	[jepsen worker 0] jepsen.generator.interpreter: Process 70 crashed
clojure.lang.ExceptionInfo: Malformed RPC response. Maelstrom sent node n0 the following request:

{:type "read", :msg_id 1}

And expected a response of the form:

{:type (eq "read_ok"),
 :messages [Any],
 {:k :msg_id} Int,
 :in_reply_to Int}

... but instead received

{:type "read_ok", :messages 0, :in_reply_to 1, :msg_id 2475}

This is malformed because:

{:messages (not (sequential? 0))}

See doc/protocol.md for more guidance.
	at slingshot.support$stack_trace.invoke(support.clj:201)
	at maelstrom.client$check_body.invokeStatic(client.clj:188)
	at maelstrom.client$check_body.invoke(client.clj:181)
	at maelstrom.workload.broadcast$fn__16576$read__16577.invoke(broadcast.clj:34)
	at maelstrom.workload.broadcast$fn__16576$read__16577.invoke(broadcast.clj:34)
	at maelstrom.workload.broadcast$client$reify__16644.invoke_BANG_(broadcast.clj:207)
	at jepsen.client.Validate.invoke_BANG_(client.clj:83)
	at jepsen.generator.interpreter.ClientWorker.invoke_BANG_(interpreter.clj:65)
	at jepsen.generator.interpreter$spawn_worker$fn__12908$fn__12909.invoke(interpreter.clj:140)
	at jepsen.generator.interpreter$spawn_worker$fn__12908.invoke(interpreter.clj:123)
	at clojure.core$binding_conveyor_fn$fn__5823.invoke(core.clj:2047)
	at clojure.lang.AFn.call(AFn.java:18)
	at java.base/java.util.concurrent.FutureTask.run(FutureTask.java:317)
	at java.base/java.util.concurrent.ThreadPoolExecutor.runWorker(ThreadPoolExecutor.java:1144)
	at java.base/java.util.concurrent.ThreadPoolExecutor$Worker.run(ThreadPoolExecutor.java:642)
	at java.base/java.lang.Thread.run(Thread.java:1583)
2026-03-12 16:05:34,906{GMT}	INFO	[jepsen worker 0] jepsen.util: 71	:invoke	:read	nil
2026-03-12 16:05:34,912{GMT}	WARN	[jepsen worker 0] jepsen.generator.interpreter: Process 71 crashed
clojure.lang.ExceptionInfo: Malformed RPC response. Maelstrom sent node n0 the following request:

{:type "read", :msg_id 1}

And expected a response of the form:

{:type (eq "read_ok"),
 :messages [Any],
 {:k :msg_id} Int,
 :in_reply_to Int}

... but instead received

{:type "read_ok", :messages 0, :in_reply_to 1, :msg_id 2536}

This is malformed because:

{:messages (not (sequential? 0))}

See doc/protocol.md for more guidance.
	at slingshot.support$stack_trace.invoke(support.clj:201)
	at maelstrom.client$check_body.invokeStatic(client.clj:188)
	at maelstrom.client$check_body.invoke(client.clj:181)
	at maelstrom.workload.broadcast$fn__16576$read__16577.invoke(broadcast.clj:34)
	at maelstrom.workload.broadcast$fn__16576$read__16577.invoke(broadcast.clj:34)
	at maelstrom.workload.broadcast$client$reify__16644.invoke_BANG_(broadcast.clj:207)
	at jepsen.client.Validate.invoke_BANG_(client.clj:83)
	at jepsen.generator.interpreter.ClientWorker.invoke_BANG_(interpreter.clj:65)
	at jepsen.generator.interpreter$spawn_worker$fn__12908$fn__12909.invoke(interpreter.clj:140)
	at jepsen.generator.interpreter$spawn_worker$fn__12908.invoke(interpreter.clj:123)
	at clojure.core$binding_conveyor_fn$fn__5823.invoke(core.clj:2047)
	at clojure.lang.AFn.call(AFn.java:18)
	at java.base/java.util.concurrent.FutureTask.run(FutureTask.java:317)
	at java.base/java.util.concurrent.ThreadPoolExecutor.runWorker(ThreadPoolExecutor.java:1144)
	at java.base/java.util.concurrent.ThreadPoolExecutor$Worker.run(ThreadPoolExecutor.java:642)
	at java.base/java.lang.Thread.run(Thread.java:1583)
2026-03-12 16:05:35,011{GMT}	INFO	[jepsen worker 0] jepsen.util: 72	:invoke	:read	nil
2026-03-12 16:05:35,021{GMT}	WARN	[jepsen worker 0] jepsen.generator.interpreter: Process 72 crashed
clojure.lang.ExceptionInfo: Malformed RPC response. Maelstrom sent node n0 the following request:

{:type "read", :msg_id 1}

And expected a response of the form:

{:type (eq "read_ok"),
 :messages [Any],
 {:k :msg_id} Int,
 :in_reply_to Int}

... but instead received

{:type "read_ok", :messages 0, :in_reply_to 1, :msg_id 2597}

This is malformed because:

{:messages (not (sequential? 0))}

See doc/protocol.md for more guidance.
	at slingshot.support$stack_trace.invoke(support.clj:201)
	at maelstrom.client$check_body.invokeStatic(client.clj:188)
	at maelstrom.client$check_body.invoke(client.clj:181)
	at maelstrom.workload.broadcast$fn__16576$read__16577.invoke(broadcast.clj:34)
	at maelstrom.workload.broadcast$fn__16576$read__16577.invoke(broadcast.clj:34)
	at maelstrom.workload.broadcast$client$reify__16644.invoke_BANG_(broadcast.clj:207)
	at jepsen.client.Validate.invoke_BANG_(client.clj:83)
	at jepsen.generator.interpreter.ClientWorker.invoke_BANG_(interpreter.clj:65)
	at jepsen.generator.interpreter$spawn_worker$fn__12908$fn__12909.invoke(interpreter.clj:140)
	at jepsen.generator.interpreter$spawn_worker$fn__12908.invoke(interpreter.clj:123)
	at clojure.core$binding_conveyor_fn$fn__5823.invoke(core.clj:2047)
	at clojure.lang.AFn.call(AFn.java:18)
	at java.base/java.util.concurrent.FutureTask.run(FutureTask.java:317)
	at java.base/java.util.concurrent.ThreadPoolExecutor.runWorker(ThreadPoolExecutor.java:1144)
	at java.base/java.util.concurrent.ThreadPoolExecutor$Worker.run(ThreadPoolExecutor.java:642)
	at java.base/java.lang.Thread.run(Thread.java:1583)
2026-03-12 16:05:35,023{GMT}	INFO	[jepsen worker 0] jepsen.util: 73	:invoke	:read	nil
2026-03-12 16:05:35,036{GMT}	WARN	[jepsen worker 0] jepsen.generator.interpreter: Process 73 crashed
clojure.lang.ExceptionInfo: Malformed RPC response. Maelstrom sent node n0 the following request:

{:type "read", :msg_id 1}

And expected a response of the form:

{:type (eq "read_ok"),
 :messages [Any],
 {:k :msg_id} Int,
 :in_reply_to Int}

... but instead received

{:type "read_ok", :messages 0, :in_reply_to 1, :msg_id 2658}

This is malformed because:

{:messages (not (sequential? 0))}

See doc/protocol.md for more guidance.
	at slingshot.support$stack_trace.invoke(support.clj:201)
	at maelstrom.client$check_body.invokeStatic(client.clj:188)
	at maelstrom.client$check_body.invoke(client.clj:181)
	at maelstrom.workload.broadcast$fn__16576$read__16577.invoke(broadcast.clj:34)
	at maelstrom.workload.broadcast$fn__16576$read__16577.invoke(broadcast.clj:34)
	at maelstrom.workload.broadcast$client$reify__16644.invoke_BANG_(broadcast.clj:207)
	at jepsen.client.Validate.invoke_BANG_(client.clj:83)
	at jepsen.generator.interpreter.ClientWorker.invoke_BANG_(interpreter.clj:65)
	at jepsen.generator.interpreter$spawn_worker$fn__12908$fn__12909.invoke(interpreter.clj:140)
	at jepsen.generator.interpreter$spawn_worker$fn__12908.invoke(interpreter.clj:123)
	at clojure.core$binding_conveyor_fn$fn__5823.invoke(core.clj:2047)
	at clojure.lang.AFn.call(AFn.java:18)
	at java.base/java.util.concurrent.FutureTask.run(FutureTask.java:317)
	at java.base/java.util.concurrent.ThreadPoolExecutor.runWorker(ThreadPoolExecutor.java:1144)
	at java.base/java.util.concurrent.ThreadPoolExecutor$Worker.run(ThreadPoolExecutor.java:642)
	at java.base/java.lang.Thread.run(Thread.java:1583)
2026-03-12 16:05:35,128{GMT}	INFO	[jepsen worker 0] jepsen.util: 74	:invoke	:read	nil
2026-03-12 16:05:35,137{GMT}	WARN	[jepsen worker 0] jepsen.generator.interpreter: Process 74 crashed
clojure.lang.ExceptionInfo: Malformed RPC response. Maelstrom sent node n0 the following request:

{:type "read", :msg_id 1}

And expected a response of the form:

{:type (eq "read_ok"),
 :messages [Any],
 {:k :msg_id} Int,
 :in_reply_to Int}

... but instead received

{:type "read_ok", :messages 0, :in_reply_to 1, :msg_id 2719}

This is malformed because:

{:messages (not (sequential? 0))}

See doc/protocol.md for more guidance.
	at slingshot.support$stack_trace.invoke(support.clj:201)
	at maelstrom.client$check_body.invokeStatic(client.clj:188)
	at maelstrom.client$check_body.invoke(client.clj:181)
	at maelstrom.workload.broadcast$fn__16576$read__16577.invoke(broadcast.clj:34)
	at maelstrom.workload.broadcast$fn__16576$read__16577.invoke(broadcast.clj:34)
	at maelstrom.workload.broadcast$client$reify__16644.invoke_BANG_(broadcast.clj:207)
	at jepsen.client.Validate.invoke_BANG_(client.clj:83)
	at jepsen.generator.interpreter.ClientWorker.invoke_BANG_(interpreter.clj:65)
	at jepsen.generator.interpreter$spawn_worker$fn__12908$fn__12909.invoke(interpreter.clj:140)
	at jepsen.generator.interpreter$spawn_worker$fn__12908.invoke(interpreter.clj:123)
	at clojure.core$binding_conveyor_fn$fn__5823.invoke(core.clj:2047)
	at clojure.lang.AFn.call(AFn.java:18)
	at java.base/java.util.concurrent.FutureTask.run(FutureTask.java:317)
	at java.base/java.util.concurrent.ThreadPoolExecutor.runWorker(ThreadPoolExecutor.java:1144)
	at java.base/java.util.concurrent.ThreadPoolExecutor$Worker.run(ThreadPoolExecutor.java:642)
	at java.base/java.lang.Thread.run(Thread.java:1583)
2026-03-12 16:05:35,235{GMT}	INFO	[jepsen worker 0] jepsen.util: 75	:invoke	:broadcast	61
2026-03-12 16:05:35,237{GMT}	INFO	[jepsen worker 0] jepsen.util: 75	:ok	:broadcast	61
2026-03-12 16:05:35,390{GMT}	INFO	[jepsen worker 0] jepsen.util: 75	:invoke	:broadcast	62
2026-03-12 16:05:35,392{GMT}	INFO	[jepsen worker 0] jepsen.util: 75	:ok	:broadcast	62
2026-03-12 16:05:35,542{GMT}	INFO	[jepsen worker 0] jepsen.util: 75	:invoke	:broadcast	63
2026-03-12 16:05:35,544{GMT}	INFO	[jepsen worker 0] jepsen.util: 75	:ok	:broadcast	63
2026-03-12 16:05:35,612{GMT}	INFO	[jepsen worker 0] jepsen.util: 75	:invoke	:broadcast	64
2026-03-12 16:05:35,614{GMT}	INFO	[jepsen worker 0] jepsen.util: 75	:ok	:broadcast	64
2026-03-12 16:05:35,799{GMT}	INFO	[jepsen worker 0] jepsen.util: 75	:invoke	:broadcast	65
2026-03-12 16:05:35,801{GMT}	INFO	[jepsen worker 0] jepsen.util: 75	:ok	:broadcast	65
2026-03-12 16:05:35,844{GMT}	INFO	[jepsen worker 0] jepsen.util: 75	:invoke	:broadcast	66
2026-03-12 16:05:35,846{GMT}	INFO	[jepsen worker 0] jepsen.util: 75	:ok	:broadcast	66
2026-03-12 16:05:36,014{GMT}	INFO	[jepsen worker 0] jepsen.util: 75	:invoke	:broadcast	67
2026-03-12 16:05:36,016{GMT}	INFO	[jepsen worker 0] jepsen.util: 75	:ok	:broadcast	67
2026-03-12 16:05:36,078{GMT}	INFO	[jepsen worker 0] jepsen.util: 75	:invoke	:broadcast	68
2026-03-12 16:05:36,080{GMT}	INFO	[jepsen worker 0] jepsen.util: 75	:ok	:broadcast	68
2026-03-12 16:05:36,122{GMT}	INFO	[jepsen worker 0] jepsen.util: 75	:invoke	:broadcast	69
2026-03-12 16:05:36,124{GMT}	INFO	[jepsen worker 0] jepsen.util: 75	:ok	:broadcast	69
2026-03-12 16:05:36,199{GMT}	INFO	[jepsen worker 0] jepsen.util: 75	:invoke	:read	nil
2026-03-12 16:05:36,211{GMT}	WARN	[jepsen worker 0] jepsen.generator.interpreter: Process 75 crashed
clojure.lang.ExceptionInfo: Malformed RPC response. Maelstrom sent node n0 the following request:

{:type "read", :msg_id 10}

And expected a response of the form:

{:type (eq "read_ok"),
 :messages [Any],
 {:k :msg_id} Int,
 :in_reply_to Int}

... but instead received

{:type "read_ok", :messages 0, :in_reply_to 10, :msg_id 2789}

This is malformed because:

{:messages (not (sequential? 0))}

See doc/protocol.md for more guidance.
	at slingshot.support$stack_trace.invoke(support.clj:201)
	at maelstrom.client$check_body.invokeStatic(client.clj:188)
	at maelstrom.client$check_body.invoke(client.clj:181)
	at maelstrom.workload.broadcast$fn__16576$read__16577.invoke(broadcast.clj:34)
	at maelstrom.workload.broadcast$fn__16576$read__16577.invoke(broadcast.clj:34)
	at maelstrom.workload.broadcast$client$reify__16644.invoke_BANG_(broadcast.clj:207)
	at jepsen.client.Validate.invoke_BANG_(client.clj:83)
	at jepsen.generator.interpreter.ClientWorker.invoke_BANG_(interpreter.clj:65)
	at jepsen.generator.interpreter$spawn_worker$fn__12908$fn__12909.invoke(interpreter.clj:140)
	at jepsen.generator.interpreter$spawn_worker$fn__12908.invoke(interpreter.clj:123)
	at clojure.core$binding_conveyor_fn$fn__5823.invoke(core.clj:2047)
	at clojure.lang.AFn.call(AFn.java:18)
	at java.base/java.util.concurrent.FutureTask.run(FutureTask.java:317)
	at java.base/java.util.concurrent.ThreadPoolExecutor.runWorker(ThreadPoolExecutor.java:1144)
	at java.base/java.util.concurrent.ThreadPoolExecutor$Worker.run(ThreadPoolExecutor.java:642)
	at java.base/java.lang.Thread.run(Thread.java:1583)
2026-03-12 16:05:36,309{GMT}	INFO	[jepsen worker 0] jepsen.util: 76	:invoke	:read	nil
2026-03-12 16:05:36,320{GMT}	WARN	[jepsen worker 0] jepsen.generator.interpreter: Process 76 crashed
clojure.lang.ExceptionInfo: Malformed RPC response. Maelstrom sent node n0 the following request:

{:type "read", :msg_id 1}

And expected a response of the form:

{:type (eq "read_ok"),
 :messages [Any],
 {:k :msg_id} Int,
 :in_reply_to Int}

... but instead received

{:type "read_ok", :messages 0, :in_reply_to 1, :msg_id 2859}

This is malformed because:

{:messages (not (sequential? 0))}

See doc/protocol.md for more guidance.
	at slingshot.support$stack_trace.invoke(support.clj:201)
	at maelstrom.client$check_body.invokeStatic(client.clj:188)
	at maelstrom.client$check_body.invoke(client.clj:181)
	at maelstrom.workload.broadcast$fn__16576$read__16577.invoke(broadcast.clj:34)
	at maelstrom.workload.broadcast$fn__16576$read__16577.invoke(broadcast.clj:34)
	at maelstrom.workload.broadcast$client$reify__16644.invoke_BANG_(broadcast.clj:207)
	at jepsen.client.Validate.invoke_BANG_(client.clj:83)
	at jepsen.generator.interpreter.ClientWorker.invoke_BANG_(interpreter.clj:65)
	at jepsen.generator.interpreter$spawn_worker$fn__12908$fn__12909.invoke(interpreter.clj:140)
	at jepsen.generator.interpreter$spawn_worker$fn__12908.invoke(interpreter.clj:123)
	at clojure.core$binding_conveyor_fn$fn__5823.invoke(core.clj:2047)
	at clojure.lang.AFn.call(AFn.java:18)
	at java.base/java.util.concurrent.FutureTask.run(FutureTask.java:317)
	at java.base/java.util.concurrent.ThreadPoolExecutor.runWorker(ThreadPoolExecutor.java:1144)
	at java.base/java.util.concurrent.ThreadPoolExecutor$Worker.run(ThreadPoolExecutor.java:642)
	at java.base/java.lang.Thread.run(Thread.java:1583)
2026-03-12 16:05:36,434{GMT}	INFO	[jepsen worker 0] jepsen.util: 77	:invoke	:read	nil
2026-03-12 16:05:36,443{GMT}	WARN	[jepsen worker 0] jepsen.generator.interpreter: Process 77 crashed
clojure.lang.ExceptionInfo: Malformed RPC response. Maelstrom sent node n0 the following request:

{:type "read", :msg_id 1}

And expected a response of the form:

{:type (eq "read_ok"),
 :messages [Any],
 {:k :msg_id} Int,
 :in_reply_to Int}

... but instead received

{:type "read_ok", :messages 0, :in_reply_to 1, :msg_id 2929}

This is malformed because:

{:messages (not (sequential? 0))}

See doc/protocol.md for more guidance.
	at slingshot.support$stack_trace.invoke(support.clj:201)
	at maelstrom.client$check_body.invokeStatic(client.clj:188)
	at maelstrom.client$check_body.invoke(client.clj:181)
	at maelstrom.workload.broadcast$fn__16576$read__16577.invoke(broadcast.clj:34)
	at maelstrom.workload.broadcast$fn__16576$read__16577.invoke(broadcast.clj:34)
	at maelstrom.workload.broadcast$client$reify__16644.invoke_BANG_(broadcast.clj:207)
	at jepsen.client.Validate.invoke_BANG_(client.clj:83)
	at jepsen.generator.interpreter.ClientWorker.invoke_BANG_(interpreter.clj:65)
	at jepsen.generator.interpreter$spawn_worker$fn__12908$fn__12909.invoke(interpreter.clj:140)
	at jepsen.generator.interpreter$spawn_worker$fn__12908.invoke(interpreter.clj:123)
	at clojure.core$binding_conveyor_fn$fn__5823.invoke(core.clj:2047)
	at clojure.lang.AFn.call(AFn.java:18)
	at java.base/java.util.concurrent.FutureTask.run(FutureTask.java:317)
	at java.base/java.util.concurrent.ThreadPoolExecutor.runWorker(ThreadPoolExecutor.java:1144)
	at java.base/java.util.concurrent.ThreadPoolExecutor$Worker.run(ThreadPoolExecutor.java:642)
	at java.base/java.lang.Thread.run(Thread.java:1583)
2026-03-12 16:05:36,464{GMT}	INFO	[jepsen worker 0] jepsen.util: 78	:invoke	:broadcast	70
2026-03-12 16:05:36,466{GMT}	INFO	[jepsen worker 0] jepsen.util: 78	:ok	:broadcast	70
2026-03-12 16:05:36,497{GMT}	INFO	[jepsen worker 0] jepsen.util: 78	:invoke	:read	nil
2026-03-12 16:05:36,505{GMT}	WARN	[jepsen worker 0] jepsen.generator.interpreter: Process 78 crashed
clojure.lang.ExceptionInfo: Malformed RPC response. Maelstrom sent node n0 the following request:

{:type "read", :msg_id 2}

And expected a response of the form:

{:type (eq "read_ok"),
 :messages [Any],
 {:k :msg_id} Int,
 :in_reply_to Int}

... but instead received

{:type "read_ok", :messages 0, :in_reply_to 2, :msg_id 3000}

This is malformed because:

{:messages (not (sequential? 0))}

See doc/protocol.md for more guidance.
	at slingshot.support$stack_trace.invoke(support.clj:201)
	at maelstrom.client$check_body.invokeStatic(client.clj:188)
	at maelstrom.client$check_body.invoke(client.clj:181)
	at maelstrom.workload.broadcast$fn__16576$read__16577.invoke(broadcast.clj:34)
	at maelstrom.workload.broadcast$fn__16576$read__16577.invoke(broadcast.clj:34)
	at maelstrom.workload.broadcast$client$reify__16644.invoke_BANG_(broadcast.clj:207)
	at jepsen.client.Validate.invoke_BANG_(client.clj:83)
	at jepsen.generator.interpreter.ClientWorker.invoke_BANG_(interpreter.clj:65)
	at jepsen.generator.interpreter$spawn_worker$fn__12908$fn__12909.invoke(interpreter.clj:140)
	at jepsen.generator.interpreter$spawn_worker$fn__12908.invoke(interpreter.clj:123)
	at clojure.core$binding_conveyor_fn$fn__5823.invoke(core.clj:2047)
	at clojure.lang.AFn.call(AFn.java:18)
	at java.base/java.util.concurrent.FutureTask.run(FutureTask.java:317)
	at java.base/java.util.concurrent.ThreadPoolExecutor.runWorker(ThreadPoolExecutor.java:1144)
	at java.base/java.util.concurrent.ThreadPoolExecutor$Worker.run(ThreadPoolExecutor.java:642)
	at java.base/java.lang.Thread.run(Thread.java:1583)
2026-03-12 16:05:36,506{GMT}	INFO	[jepsen worker 0] jepsen.util: 79	:invoke	:broadcast	71
2026-03-12 16:05:36,508{GMT}	INFO	[jepsen worker 0] jepsen.util: 79	:ok	:broadcast	71
2026-03-12 16:05:36,579{GMT}	INFO	[jepsen worker 0] jepsen.util: 79	:invoke	:broadcast	72
2026-03-12 16:05:36,581{GMT}	INFO	[jepsen worker 0] jepsen.util: 79	:ok	:broadcast	72
2026-03-12 16:05:36,602{GMT}	INFO	[jepsen worker 0] jepsen.util: 79	:invoke	:read	nil
2026-03-12 16:05:36,610{GMT}	WARN	[jepsen worker 0] jepsen.generator.interpreter: Process 79 crashed
clojure.lang.ExceptionInfo: Malformed RPC response. Maelstrom sent node n0 the following request:

{:type "read", :msg_id 3}

And expected a response of the form:

{:type (eq "read_ok"),
 :messages [Any],
 {:k :msg_id} Int,
 :in_reply_to Int}

... but instead received

{:type "read_ok", :messages 0, :in_reply_to 3, :msg_id 3073}

This is malformed because:

{:messages (not (sequential? 0))}

See doc/protocol.md for more guidance.
	at slingshot.support$stack_trace.invoke(support.clj:201)
	at maelstrom.client$check_body.invokeStatic(client.clj:188)
	at maelstrom.client$check_body.invoke(client.clj:181)
	at maelstrom.workload.broadcast$fn__16576$read__16577.invoke(broadcast.clj:34)
	at maelstrom.workload.broadcast$fn__16576$read__16577.invoke(broadcast.clj:34)
	at maelstrom.workload.broadcast$client$reify__16644.invoke_BANG_(broadcast.clj:207)
	at jepsen.client.Validate.invoke_BANG_(client.clj:83)
	at jepsen.generator.interpreter.ClientWorker.invoke_BANG_(interpreter.clj:65)
	at jepsen.generator.interpreter$spawn_worker$fn__12908$fn__12909.invoke(interpreter.clj:140)
	at jepsen.generator.interpreter$spawn_worker$fn__12908.invoke(interpreter.clj:123)
	at clojure.core$binding_conveyor_fn$fn__5823.invoke(core.clj:2047)
	at clojure.lang.AFn.call(AFn.java:18)
	at java.base/java.util.concurrent.FutureTask.run(FutureTask.java:317)
	at java.base/java.util.concurrent.ThreadPoolExecutor.runWorker(ThreadPoolExecutor.java:1144)
	at java.base/java.util.concurrent.ThreadPoolExecutor$Worker.run(ThreadPoolExecutor.java:642)
	at java.base/java.lang.Thread.run(Thread.java:1583)
2026-03-12 16:05:36,727{GMT}	INFO	[jepsen worker 0] jepsen.util: 80	:invoke	:broadcast	73
2026-03-12 16:05:36,729{GMT}	INFO	[jepsen worker 0] jepsen.util: 80	:ok	:broadcast	73
2026-03-12 16:05:36,730{GMT}	INFO	[jepsen worker nemesis] jepsen.generator.interpreter: Waiting for recovery...
2026-03-12 16:05:46,743{GMT}	INFO	[jepsen worker 0] jepsen.util: 80	:invoke	:read	nil
2026-03-12 16:05:46,753{GMT}	WARN	[jepsen worker 0] jepsen.generator.interpreter: Process 80 crashed
clojure.lang.ExceptionInfo: Malformed RPC response. Maelstrom sent node n0 the following request:

{:type "read", :msg_id 2}

And expected a response of the form:

{:type (eq "read_ok"),
 :messages [Any],
 {:k :msg_id} Int,
 :in_reply_to Int}

... but instead received

{:type "read_ok", :messages 0, :in_reply_to 2, :msg_id 3147}

This is malformed because:

{:messages (not (sequential? 0))}

See doc/protocol.md for more guidance.
	at slingshot.support$stack_trace.invoke(support.clj:201)
	at maelstrom.client$check_body.invokeStatic(client.clj:188)
	at maelstrom.client$check_body.invoke(client.clj:181)
	at maelstrom.workload.broadcast$fn__16576$read__16577.invoke(broadcast.clj:34)
	at maelstrom.workload.broadcast$fn__16576$read__16577.invoke(broadcast.clj:34)
	at maelstrom.workload.broadcast$client$reify__16644.invoke_BANG_(broadcast.clj:207)
	at jepsen.client.Validate.invoke_BANG_(client.clj:83)
	at jepsen.generator.interpreter.ClientWorker.invoke_BANG_(interpreter.clj:65)
	at jepsen.generator.interpreter$spawn_worker$fn__12908$fn__12909.invoke(interpreter.clj:140)
	at jepsen.generator.interpreter$spawn_worker$fn__12908.invoke(interpreter.clj:123)
	at clojure.core$binding_conveyor_fn$fn__5823.invoke(core.clj:2047)
	at clojure.lang.AFn.call(AFn.java:18)
	at java.base/java.util.concurrent.FutureTask.run(FutureTask.java:317)
	at java.base/java.util.concurrent.ThreadPoolExecutor.runWorker(ThreadPoolExecutor.java:1144)
	at java.base/java.util.concurrent.ThreadPoolExecutor$Worker.run(ThreadPoolExecutor.java:642)
	at java.base/java.lang.Thread.run(Thread.java:1583)
2026-03-12 16:05:46,776{GMT}	INFO	[jepsen test runner] jepsen.core: Run complete, writing
2026-03-12 16:05:46,941{GMT}	INFO	[jepsen node n0] maelstrom.db: Tearing down n0
2026-03-12 16:05:48,632{GMT}	INFO	[jepsen node n0] maelstrom.net: Shutting down Maelstrom network
2026-03-12 16:05:48,633{GMT}	INFO	[jepsen test runner] jepsen.core: Analyzing...
2026-03-12 16:05:49,024{GMT}	INFO	[jepsen test runner] jepsen.core: Analysis complete
2026-03-12 16:05:49,045{GMT}	INFO	[jepsen results] jepsen.store: Wrote /home/banna/Documents/maelstrom-java/store/broadcast/20260312T160515.083Z/results.edn
2026-03-12 16:05:49,063{GMT}	INFO	[jepsen test runner] jepsen.core: {:perf {:latency-graph {:valid? true},
        :rate-graph {:valid? true},
        :valid? true},
 :timeline {:valid? true},
 :exceptions {:valid? true,
              :exceptions ({:count 81,
                            :class clojure.lang.ExceptionInfo,
                            :example #jepsen.history.Op{:index 5,
                                                        :time 5164576414,
                                                        :type :info,
                                                        :process 0,
                                                        :f :read,
                                                        :value nil,
                                                        :exception {:via [{:type clojure.lang.ExceptionInfo,
                                                                           :message "Malformed RPC response. Maelstrom sent node n0 the following request:\n\n{:type \"read\", :msg_id 3}\n\nAnd expected a response of the form:\n\n{:type (eq \"read_ok\"),\n :messages [Any],\n {:k :msg_id} Int,\n :in_reply_to Int}\n\n... but instead received\n\n{:type \"read_ok\", :messages 0, :in_reply_to 3, :msg_id 3}\n\nThis is malformed because:\n\n{:messages (not (sequential? 0))}\n\nSee doc/protocol.md for more guidance.",
                                                                           :data {:type :malformed-rpc-response,
                                                                                  :body {:type "read_ok",
                                                                                         :messages 0,
                                                                                         :in_reply_to 3,
                                                                                         :msg_id 3}},
                                                                           :at [slingshot.support$stack_trace
                                                                                invoke
                                                                                "support.clj"
                                                                                201]}],
                                                                    :trace [[slingshot.support$stack_trace
                                                                             invoke
                                                                             "support.clj"
                                                                             201]
                                                                            [maelstrom.client$check_body
                                                                             invokeStatic
                                                                             "client.clj"
                                                                             188]
                                                                            [maelstrom.client$check_body
                                                                             invoke
                                                                             "client.clj"
                                                                             181]
                                                                            [maelstrom.workload.broadcast$fn__16576$read__16577
                                                                             invoke
                                                                             "broadcast.clj"
                                                                             34]
                                                                            [maelstrom.workload.broadcast$fn__16576$read__16577
                                                                             invoke
                                                                             "broadcast.clj"
                                                                             34]
                                                                            [maelstrom.workload.broadcast$client$reify__16644
                                                                             invoke_BANG_
                                                                             "broadcast.clj"
                                                                             207]
                                                                            [jepsen.client.Validate
                                                                             invoke_BANG_
                                                                             "client.clj"
                                                                             83]
                                                                            [jepsen.generator.interpreter.ClientWorker
                                                                             invoke_BANG_
                                                                             "interpreter.clj"
                                                                             65]
                                                                            [jepsen.generator.interpreter$spawn_worker$fn__12908$fn__12909
                                                                             invoke
                                                                             "interpreter.clj"
                                                                             140]
                                                                            [jepsen.generator.interpreter$spawn_worker$fn__12908
                                                                             invoke
                                                                             "interpreter.clj"
                                                                             123]
                                                                            [clojure.core$binding_conveyor_fn$fn__5823
                                                                             invoke
                                                                             "core.clj"
                                                                             2047]
                                                                            [clojure.lang.AFn
                                                                             call
                                                                             "AFn.java"
                                                                             18]
                                                                            [java.util.concurrent.FutureTask
                                                                             run
                                                                             "FutureTask.java"
                                                                             317]
                                                                            [java.util.concurrent.ThreadPoolExecutor
                                                                             runWorker
                                                                             "ThreadPoolExecutor.java"
                                                                             1144]
                                                                            [java.util.concurrent.ThreadPoolExecutor$Worker
                                                                             run
                                                                             "ThreadPoolExecutor.java"
                                                                             642]
                                                                            [java.lang.Thread
                                                                             run
                                                                             "Thread.java"
                                                                             1583]],
                                                                    :cause "Malformed RPC response. Maelstrom sent node n0 the following request:\n\n{:type \"read\", :msg_id 3}\n\nAnd expected a response of the form:\n\n{:type (eq \"read_ok\"),\n :messages [Any],\n {:k :msg_id} Int,\n :in_reply_to Int}\n\n... but instead received\n\n{:type \"read_ok\", :messages 0, :in_reply_to 3, :msg_id 3}\n\nThis is malformed because:\n\n{:messages (not (sequential? 0))}\n\nSee doc/protocol.md for more guidance.",
                                                                    :data {:type :malformed-rpc-response,
                                                                           :body {:type "read_ok",
                                                                                  :messages 0,
                                                                                  :in_reply_to 3,
                                                                                  :msg_id 3}}},
                                                        :error "indeterminate: Malformed RPC response. Maelstrom sent node n0 the following request:\n\n{:type \"read\", :msg_id 3}\n\nAnd expected a response of the form:\n\n{:type (eq \"read_ok\"),\n :messages [Any],\n {:k :msg_id} Int,\n :in_reply_to Int}\n\n... but instead received\n\n{:type \"read_ok\", :messages 0, :in_reply_to 3, :msg_id 3}\n\nThis is malformed because:\n\n{:messages (not (sequential? 0))}\n\nSee doc/protocol.md for more guidance."}})},
 :stats {:valid? false,
         :count 156,
         :ok-count 74,
         :fail-count 1,
         :info-count 81,
         :by-f {:broadcast {:valid? true,
                            :count 74,
                            :ok-count 74,
                            :fail-count 0,
                            :info-count 0},
                :read {:valid? false,
                       :count 82,
                       :ok-count 0,
                       :fail-count 1,
                       :info-count 81}}},
 :availability {:valid? true, :ok-fraction 0.47435898},
 :net {:all {:send-count 3379,
             :recv-count 315,
             :msg-count 3379,
             :msgs-per-op 21.660257},
       :clients {:send-count 3379, :recv-count 315, :msg-count 3379},
       :servers {:send-count 0,
                 :recv-count 0,
                 :msg-count 0,
                 :msgs-per-op 0.0},
       :valid? true},
 :workload {:worst-stale (),
            :duplicated-count 0,
            :valid? :unknown,
            :lost-count 0,
            :lost (),
            :stable-count 0,
            :stale-count 0,
            :stale (),
            :never-read-count 74,
            :attempt-count 74,
            :never-read (0
                         1
                         2
                         3
                         4
                         5
                         6
                         7
                         8
                         9
                         10
                         11
                         12
                         13
                         14
                         15
                         16
                         17
                         18
                         19
                         20
                         21
                         22
                         23
                         24
                         25
                         26
                         27
                         28
                         29
                         30
                         31
                         32
                         33
                         34
                         35
                         36
                         37
                         38
                         39
                         40
                         41
                         42
                         43
                         44
                         45
                         46
                         47
                         48
                         49
                         50
                         51
                         52
                         53
                         54
                         55
                         56
                         57
                         58
                         59
                         60
                         61
                         62
                         63
                         64
                         65
                         66
                         67
                         68
                         69
                         70
                         71
                         72
                         73),
            :duplicated {}},
 :valid? false}


Analysis invalid! (ﾉಥ益ಥ）ﾉ ┻━┻
